player_id,player_name,spotrac_id,deal_date,deal_year,team,years,total_value_m,deal_type,verified,raw
abrinal01,Álex Abrines,13345,"Jul 23, 2016",2016,OKC,3,17.2,standard,1,Signed a 3 year $17.2 million contract with Oklahoma City (OKC)
achiupr01,Precious Achiuwa,70662,"Jul 07, 2026",2026,SAC,2,11.23,standard,1,Signed a 2 year $11.23 million a contract with Sacramento (SAC)
achiupr01,Precious Achiuwa,70662,"Nov 04, 2025",2025,SAC,1,2.45,standard,1,Signed a 1 year $2.45 million Rest-of-Season contract with Sacramento (SAC)
achiupr01,Precious Achiuwa,70662,"Jul 30, 2024",2024,NYK,1,6.0,standard,1,Signed a 1 year $6 million contract with New York (NYK)
achiupr01,Precious Achiuwa,70662,"Nov 25, 2020",2020,MIA,4,12.51,rookie-scale,1,Signed a 4 year $12.51 million rookie scale contract with Miami (MIA)
acyqu01,Quincy Acy,10862,"Jan 30, 2017",2017,BKN,2,3.5,standard,1,Signed a 2 year $3.5 million contract with Brooklyn (BKN)
acyqu01,Quincy Acy,10862,"Jul 20, 2016",2016,DAL,2,2.23,standard,1,Signed a 2 year $2.23 million contract with Dallas (DAL)
acyqu01,Quincy Acy,10862,"Jul 22, 2015",2015,SAC,2,2.03,standard,1,Signed a 2 year $2.03 million contract with Sacramento (SAC)
acyqu01,Quincy Acy,10862,"Jul 16, 2012",2012,TOR,3,2.37,standard,1,Signed a 3 year $2.37 million entry-level contract with Toronto (TOR)
adamsst01,Steven Adams,13325,"Jun 14, 2025",2025,HOU,3,39.0,extension,1,Signed a 3 year $39 million veteran contract extension with Houston (HOU)
adamsst01,Steven Adams,13325,"Oct 01, 2022",2022,MEM,2,25.2,extension,1,Signed a 2 year $25.2 million veteran contract extension with Memphis (MEM)
adamsst01,Steven Adams,13325,"Nov 24, 2020",2020,OKC,2,35.0,extension,1,Signed a 2 year $35 million contract extension with Oklahoma City (OKC) as part of an Extend-and-Trade with New Orleans (NOP)
adamsst01,Steven Adams,13325,"Oct 31, 2016",2016,OKC,4,100.0,extension,1,Signed a 4 year $100 million contract extension with Oklahoma City (OKC)
adamsst01,Steven Adams,13325,"Jul 12, 2013",2013,OKC,2,4.28,standard,1,Signed a 2 year $4.28 million contract with Oklahoma City (OKC)
adebaba01,Bam Adebayo,23609,"Jul 06, 2024",2024,MIA,3,160.34,maximum,1,Signed a 3 year $160.34 million maximum contract extension with Miami (MIA) - includes 2028-29 Player Option
adebaba01,Bam Adebayo,23609,"Nov 28, 2020",2020,MIA,5,163.0,extension,1,Signed a 5 year $163 million contract extension with Miami (MIA) - includes language for 30% rookie super max
adebaba01,Bam Adebayo,23609,"Jul 01, 2017",2017,MIA,4,14.02,rookie-scale,1,Signed a 4 year $14.02 million rookie scale contract with Miami (MIA)
afflaar01,Arron Afflalo,2297,"Jul 09, 2016",2016,SAC,2,25.0,standard,1,Signed a 2 year $25 million contract with Sacramento (SAC)
afflaar01,Arron Afflalo,2297,"Jul 09, 2015",2015,NYK,2,16.0,standard,1,Signed a 2 year $16 million contract with New York (NYK)
afflaar01,Arron Afflalo,2297,"Dec 20, 2011",2011,DEN,5,36.7,standard,1,Signed a 5 year $36.7 million contract with Denver (DEN)
afflaar01,Arron Afflalo,2297,"Jul 04, 2007",2007,DET,4,5.0,standard,1,Signed a 4 year $5 million contract with Detroit (DET)
agbajoc01,Ochai Agbaji,78124,"Jul 02, 2022",2022,CLE,4,18.73,rookie-scale,1,Signed a 4 year $18.73 million Rookie Scale contract with Cleveland (CLE)
ajincal01,Alexis Ajinça,6087,"Jul 09, 2015",2015,NOP,4,19.2,standard,1,Signed a 4 year $19.2 million contract with New Orleans (NOP)
ajincal01,Alexis Ajinça,6087,"Dec 20, 2013",2013,NOP,2,1.62,standard,1,Signed a 2 year $1.62 million contract with New Orleans (NOP)
ajincal01,Alexis Ajinça,6087,"Jul 03, 2008",2008,CHA,2,2.65,standard,1,Signed a 2 year $2.65 million contract with Charlotte (CHA)
aldamsa01,Santi Aldama,74137,"Jul 15, 2025",2025,MEM,3,52.5,standard,1,Signed a 3 year $52.5 million contract with Memphis (MEM) - includes 2027-28 Club Option
aldamsa01,Santi Aldama,74137,"Aug 08, 2021",2021,MEM,4,10.24,rookie-scale,1,Signed a 4 year $10.24 million rookie scale contract with Memphis (MEM)
aldrico01,Cole Aldrich,6893,"Jul 13, 2016",2016,MIN,3,21.9,standard,1,Signed a 3 year $21.9 million contract with Minnesota (MIN)
aldrico01,Cole Aldrich,6893,"Jul 13, 2015",2015,LAC,2,2.33,standard,1,Signed a 2 year $2.33 million contract with Los Angeles (LAC)
aldrico01,Cole Aldrich,6893,"Jul 11, 2014",2014,NYK,1,0.981,standard,1,Signed a 1 year $981k contract with New York (NYK)
aldrico01,Cole Aldrich,6893,"Sep 24, 2013",2013,NYK,1,0.916099,standard,1,"Signed a 1 year $916,099 contract with New York (NYK)"
aldrico01,Cole Aldrich,6893,"Aug 09, 2010",2010,OKC,2,4.41,standard,1,Signed a 2 year $4.41 million contract with Oklahoma City (OKC)
aldrila01,LaMarcus Aldridge,2672,"Oct 16, 2017",2017,SAS,2,50.0,extension,1,Signed a 2 year $50 million contract extension with San Antonio (SAS) - in addition to exercising $22.3 million 2018-19 Player Option
aldrila01,LaMarcus Aldridge,2672,"Jul 09, 2015",2015,SAS,4,84.1,maximum,1,Signed a 4 year $84.1 million maximum contract with San Antonio (SAS)
aldrila01,LaMarcus Aldridge,2672,"Oct 21, 2009",2009,POR,5,67.5,rookie-scale,1,Signed a 5 year $67.5 million rookie scale extension with Portland (POR)
aldrila01,LaMarcus Aldridge,2672,"Jul 04, 2006",2006,POR,2,8.36,standard,1,Signed a 2 year $8.36 million contract with Portland (POR)
alexani01,Nickeil Alexander-Walker,31574,"Jul 06, 2025",2025,ATL,4,62.0,standard,1,Signed a 4 year $62 million contract with Atlanta (ATL) via Sign-and-Trade with Minnesota (MIN) - includes 2028-29 Player Option
alexani01,Nickeil Alexander-Walker,31574,"Jul 09, 2023",2023,MIN,2,9.0,standard,1,Signed a 2 year $9 million contract with Minnesota (MIN)
alexani01,Nickeil Alexander-Walker,31574,"Jul 07, 2019",2019,NOP,4,14.35,rookie-scale,1,Signed a 4 year $14.35 million rookie scale contract with New Orleans (NOP)
allengr01,Grayson Allen,26987,"Apr 16, 2024",2024,PHX,4,70.0,extension,1,Signed a 4 year $70 million veteran contract extension with Phoenix (PHX) - includes 2028-29 Player Option
allengr01,Grayson Allen,26987,"Oct 18, 2021",2021,MIL,2,20.0,rookie-scale,1,Signed a 2 year $20 million rookie scale contract extension with Milwaukee (MIL)
allengr01,Grayson Allen,26987,"Jul 02, 2018",2018,UTH,4,7.05,rookie-scale,1,Signed a 4 year $7.05 million rookie scale contract with Utah (UTH)
allenja01,Jarrett Allen,23617,"Aug 02, 2024",2024,CLE,3,90.72,extension,1,Signed a 3 year $90.72 million veteran contract extension with Cleveland (CLE)
allenja01,Jarrett Allen,23617,"Aug 06, 2021",2021,CLE,5,100.0,standard,1,Signed a 5 year $100 million contract with Cleveland (CLE)
allenja01,Jarrett Allen,23617,"Jul 20, 2017",2017,BKN,4,10.03,rookie-scale,1,Signed a 4 year $10.03 million rookie scale contract with Brooklyn (BKN)
allenla01,Lavoy Allen,8102,"Jul 27, 2015",2015,IND,2,8.05,standard,1,Signed 2 year $8.05 million contract with Indiana (IND)
allenla01,Lavoy Allen,8102,"Jul 11, 2014",2014,IND,1,0.948163,standard,1,"Signed a 1 year $948,163 contract with Indiana (IND)"
allenla01,Lavoy Allen,8102,"Jul 11, 2012",2012,PHI,2,6.06,standard,1,Signed a 2 year $6.06 million contract with Philadelphia (PHI)
allenla01,Lavoy Allen,8102,"Dec 09, 2011",2011,PHI,1,0.473604,standard,1,"Signed a 1 year $473,604 contract with Philadelphia (PHI)"
allento01,Tony Allen,2210,"Jul 15, 2013",2013,MEM,4,20.0,standard,1,Signed a 4 year $20 million contract with Memphis (MEM)
allento01,Tony Allen,2210,"Jul 12, 2010",2010,MEM,3,9.45,standard,1,Signed a 3 year $9.45 million contract with Memphis (MEM)
allento01,Tony Allen,2210,"Jul 19, 2008",2008,BOS,2,5.0,standard,1,Signed a 2 year $5 million contact with Boston (BOS)
allento01,Tony Allen,2210,"Jul 02, 2004",2004,BOS,3,2.91,standard,1,Signed a 3 year $2.91 million contract with Boston (BOS)
alvarjo01,Jose Alvarado,74331,"Jul 06, 2026",2026,NYK,3,14.38,standard,1,Signed a 3 year $14.38 million contract with New York (NYK)
alvarjo01,Jose Alvarado,74331,"Sep 30, 2024",2024,NOP,2,9.0,extension,1,Signed a 2 year $9 million contract extension with New Orleans (NOP)
aminual01,Al-Farouq Aminu,6890,"Jul 06, 2019",2019,ORL,3,29.2,standard,1,Signed a 3 year $29.2 million contract with Orlando (ORL)
aminual01,Al-Farouq Aminu,6890,"Jul 09, 2015",2015,POR,4,30.0,standard,1,Signed a 4 year $30 million with Portland (POR)
aminual01,Al-Farouq Aminu,6890,"Jul 28, 2014",2014,DAL,2,2.08,standard,1,Signed a 2 year $2.08 million contract with Dallas (DAL)
aminual01,Al-Farouq Aminu,6890,"Jul 08, 2010",2010,LAC,2,5.31,standard,1,Signed a 2 year $5.31 million contract with Los Angeles (LAC)
anderal01,Alan Anderson,9261,"Aug 02, 2016",2016,LAC,1,1.3,standard,1,Signed a 1 year $1.3 million contract with Los Angeles (LAC)
anderal01,Alan Anderson,9261,"Jul 12, 2015",2015,WAS,1,4.0,standard,1,Signed a 1 year $4 million contract with Washington (WAS)
anderal01,Alan Anderson,9261,"Jul 15, 2014",2014,BKN,2,2.6,standard,1,Signed a 2 year $2.6 million contract with Brooklyn (BKN) - includes Player Option
anderal01,Alan Anderson,9261,"Jul 30, 2013",2013,BKN,2,2.0,standard,1,Signed a 2 year $2 million contract with Brooklyn (BKN)
anderal01,Alan Anderson,9261,"Jul 27, 2012",2012,TOR,1,0.88512,standard,1,"Signed a 1 year $885,120 contract with Toronto (TOR)"
anderal01,Alan Anderson,9261,"Aug 05, 2005",2005,CHA,1,0.398762,standard,1,"Signed a 1 year $398,762 contract with Charlotte (CHA)"
anderch01,Chris Andersen,6102,"Jul 22, 2016",2016,CLE,1,1.55,standard,1,Signed a 1 year $1.55 million contract with Cleveland (CLE)
anderch01,Chris Andersen,6102,"Jul 19, 2014",2014,MIA,2,10.375,standard,1,Signed a 2 year $10.375 million contract with Miami (MIA)
anderch01,Chris Andersen,6102,"Jul 10, 2013",2013,MIA,2,2.85,standard,1,Signed a 2 year $2.85 million contract with Miami (MIA)
anderch01,Chris Andersen,6102,"Jul 08, 2009",2009,DEN,5,21.17,standard,1,Signed a 5 year $21.17 million contract with Denver (DEN)
anderch01,Chris Andersen,6102,"Jul 24, 2008",2008,DEN,1,0.998,standard,1,Signed a 1 year $998k contract with Denver (DEN)
anderch01,Chris Andersen,6102,"Nov 29, 2003",2003,DEN,1,0.638,standard,1,Signed a 1 year $638k contract with Denver (DEN)
anderch01,Chris Andersen,6102,"Nov 21, 2001",2001,DEN,2,0.8,standard,1,Signed a 2 year $800k contract with Denver (DEN)
anderja01,James Anderson,1197,"Mar 24, 2013",2013,CHI,1,1.25,standard,1,Signed a 1 year $1.25 million contract with Chicago (CHI)
anderja01,James Anderson,1197,"Jul 29, 2011",2011,CAR,5,22.0,standard,1,Signed a 5 year $22 million contact with Carolina (CAR)
anderja01,James Anderson,1197,"Apr 20, 2010",2010,CAR,1,1.176,standard,1,Signed a 1 year $1.176 million contract with Carolina (CAR)
anderja01,James Anderson,1197,"Apr 21, 2009",2009,CAR,1,1.01,standard,1,Signed a 1 year $1.01 million contract with Carolina (CAR)
anderja01,James Anderson,1197,"Jul 13, 2006",2006,CAR,3,1.567,standard,1,Signed a 3 year $1.567 million contract with Carolina (CAR)
anderju01,Justin Anderson,17849,"Nov 27, 2020",2020,PHI,2,4.01,standard,1,Signed a 2 year $4.01 million contract with Philadelphia (PHI) - $125k guaranteed
anderju01,Justin Anderson,17849,"Aug 01, 2015",2015,DAL,2,2.96,standard,1,Signed a 2 year $2.96 million contract with Dallas (DAL)
anderky01,Kyle Anderson,15382,"Jul 06, 2026",2026,TOR,1,3.88,standard,1,Signed a 1 year $3.88 million contract with Toronto (TOR)
anderky01,Kyle Anderson,15382,"Jul 06, 2024",2024,MIN,3,27.66,standard,1,Signed a 3 year $27.66 million contract with Minnesota (MIN) as part of a Sign-and-Trade with Golden State (GSW)
anderky01,Kyle Anderson,15382,"Jul 07, 2022",2022,MIN,2,18.0,standard,1,Signed a 2 year $18 million contract with Minnesota (MIN)
anderky01,Kyle Anderson,15382,"Jul 08, 2018",2018,MEM,4,37.2,standard,1,Signed a 4 year $37.2 million offer sheet contract with Memphis (MEM)
anderky01,Kyle Anderson,15382,"Jul 12, 2014",2014,SAS,2,2.24,standard,1,Signed a 2 year $2.24 million contract with San Antonio (SAS)
anderry01,Ryan Anderson,6133,"Sep 26, 2019",2019,HOU,1,2.56,standard,1,Signed a 1 year $2.56 million contract with Houston (HOU) - $250k guaranteed
anderry01,Ryan Anderson,6133,"Jul 09, 2016",2016,HOU,4,80.0,standard,1,Signed a 4 year $80 million contract with Houston (HOU)
anderry01,Ryan Anderson,6133,"Jul 11, 2012",2012,ORL,4,34.0,standard,1,Signed a 4 year $34 million contract with Orlando (ORL) as part of a sign-and-trade with New Orleans (NOH)
antetgi01,Giannis Antetokounmpo,13328,"Oct 23, 2023",2023,MIL,3,175.37,extension,1,Signed a 3 year $175.37 million veteran contract extension with Milwaukee (MIL)
antetgi01,Giannis Antetokounmpo,13328,"Dec 15, 2020",2020,MIL,5,228.2,maximum,1,Signed a 5 year $228.2 million designated maximum contract extension with Milwaukee (MIL) - includes 2025 Player Option
antetgi01,Giannis Antetokounmpo,13328,"Sep 19, 2016",2016,MIL,4,100.0,extension,1,Signed a 4 year $100 million rookie extension with Milwaukee (MIL)
antetgi01,Giannis Antetokounmpo,13328,"Jul 30, 2013",2013,MIL,4,8.62,standard,1,Signed a 4 year $8.62 million contract with Milwaukee (MIL)
antetth01,Thanasis Antetokounmpo,15403,"Aug 31, 2025",2025,MIL,1,2.87,standard,1,Signed a 1 year $2.87 million contract with Milwaukee (MIL)
antetth01,Thanasis Antetokounmpo,15403,"Jul 28, 2023",2023,MIL,1,2.35,standard,1,Signed a 1 year $2.35 million contract with Milwaukee (MIL)
antetth01,Thanasis Antetokounmpo,15403,"Aug 13, 2021",2021,MIL,2,3.61,standard,1,Signed a 2 year $3.61 million contract with Milwaukee (MIL) - includes 2022-23 Player Option
antetth01,Thanasis Antetokounmpo,15403,"Jul 16, 2019",2019,MIL,2,3.15,standard,1,Signed a 2 year $3.15 million contract with Milwaukee (MIL)
antetth01,Thanasis Antetokounmpo,15403,"Aug 07, 2015",2015,NYK,2,1.4,standard,1,Signed a 2 year $1.4 million contract with New York (NYK)
anthoca01,Carmelo Anthony,2283,"Aug 06, 2021",2021,LAL,1,2.64,standard,1,Signed a 1 year $2.64 million contract with Los Angeles (LAL)
anthoca01,Carmelo Anthony,2283,"Nov 21, 2020",2020,POR,1,2.56,standard,1,Signed a 1 year $2.56 million contract with Portland (POR)
anthoca01,Carmelo Anthony,2283,"Nov 19, 2019",2019,POR,1,2.16,standard,1,Signed a 1 year $2.16 million contract with Portland (POR) - non-guaranteed
anthoca01,Carmelo Anthony,2283,"Aug 13, 2018",2018,HOU,1,2.4,standard,1,Signed a 1 year $2.4 million contract with Houston (HOU)
anthoca01,Carmelo Anthony,2283,"Jul 15, 2014",2014,NYK,5,124.1,standard,1,Signed a 5 year $124.1 million contract with New York (NYK)
anthoca01,Carmelo Anthony,2283,"Feb 22, 2011",2011,DEN,3,64.2,extension,1,Signed a 3 year $64.2 million extension with Denver (DEN)
anthoca01,Carmelo Anthony,2283,"Jul 12, 2006",2006,DEN,5,80.0,extension,1,Signed a 5 year $80 million extension with Denver (DEN)
anthoca01,Carmelo Anthony,2283,"Jul 17, 2003",2003,DEN,3,10.4,standard,1,Signed a 3 year $10.4 million contract with Denver (DEN)
anthoco01,Cole Anthony,70657,"Jul 16, 2025",2025,MIL,1,2.67,standard,1,Signed a 1 year $2.67 million contract with Milwaukee (MIL)
anthoco01,Cole Anthony,70657,"Oct 23, 2023",2023,ORL,3,39.1,extension,1,Signed a 3 year $39.1 million rookie contract extension with Orlando (ORL) - includes 2026-27 Club Option
anunoog01,OG Anunoby,23618,"Jul 06, 2024",2024,NYK,5,212.5,standard,1,Signed a 5 year $212.5 million contract with New York (NYK) - includes 2028-29 Player Option and 15% Trade Bonus
anunoog01,OG Anunoby,23618,"Dec 21, 2020",2020,TOR,4,72.0,extension,1,Signed a 4 year $72 million rookie contract extension with Toronto (TOR) - includes 2024 Player Option
anunoog01,OG Anunoby,23618,"Jul 09, 2017",2017,TOR,4,9.75,rookie-scale,1,Signed a 4 year $9.75 million rookie scale contract with Toronto (TOR)
arcidry01,Ryan Arcidiacono,20275,"Jul 11, 2019",2019,CHI,2,6.0,standard,1,Signed a 2 year $6 million contract with Chicago (CHI) - includes 2021 Club Option
arcidry01,Ryan Arcidiacono,20275,"Jul 14, 2016",2016,SAS,2,1.44,standard,1,Signed a 2 year $1.44 million with San Antonio (SAS)
arizatr01,Trevor Ariza,2513,"Aug 06, 2021",2021,LAL,1,2.64,standard,1,Signed a 1 year $2.64 million contract with Los Angeles (LAL)
arizatr01,Trevor Ariza,2513,"Jul 07, 2019",2019,SAC,2,25.0,standard,1,Signed a 2 year $25 million contract with Sacramento (SAC) - includes 2020 $1.8 million guaranteed
arizatr01,Trevor Ariza,2513,"Jul 06, 2018",2018,PHX,1,15.0,standard,1,Signed a 1 year $15 million contract with Phoenix (PHX)
arizatr01,Trevor Ariza,2513,"Jul 13, 2014",2014,WAS,4,32.0,standard,1,Signed a 4 year $32 million contract with Washington (WAS) as part of a sign-and-trade with Houston (HOU)
arizatr01,Trevor Ariza,2513,"Jul 08, 2009",2009,HOU,5,33.95,standard,1,Signed a 5 year $33.95 million contract with Houston (HOU)
arizatr01,Trevor Ariza,2513,"Jul 27, 2006",2006,ORL,3,9.3,standard,1,Signed a 3 year $9.3 million contract with Orlando (ORL)
arizatr01,Trevor Ariza,2513,"Aug 03, 2004",2004,NYK,2,1.06,standard,1,Signed a 2 year $1.06 million contract with New York (NYK)
artesro01,Metta World Peace,2687,"Sep 22, 2016",2016,LAL,1,1.55,standard,1,Signed a 1 year $1.55 million contract with Los Angeles (LAL)
artesro01,Metta World Peace,2687,"Sep 24, 2015",2015,LAL,1,1.5,standard,1,Signed a 1 year $1.5 million contract with Los Angeles (LAL)
artesro01,Metta World Peace,2687,"Jul 16, 2013",2013,NYK,2,3.25,standard,1,Signed a 2 year $3.25 million contract with New York (NYK)
artesro01,Metta World Peace,2687,"Jul 08, 2009",2009,LAL,5,33.95,standard,1,Signed a 5 year $33.95 million contract with Los Angeles (LAL)
artesro01,Metta World Peace,2687,"Oct 31, 2002",2002,IND,6,40.8,rookie-scale,1,Signed a 6 year $40.8 million rookie scale extension with Indiana (IND)
artesro01,Metta World Peace,2687,"Jul 15, 1999",1999,CHI,3,3.48,standard,1,Signed a 3 year $3.48 million contract with Chicago (CHI)
arthuda01,Darrell Arthur,6121,"Aug 07, 2015",2015,DEN,2,5.75,standard,1,Signed a 2 year $5.75 million contract with Denver (DEN)
arthuda01,Darrell Arthur,6121,"Jul 13, 2012",2012,MEM,2,9.675,standard,1,Signed a 2 year $9.675 million contract with Memphis (MEM)
arthuda01,Darrell Arthur,6121,"Jul 08, 2008",2008,MEM,2,2.03,standard,1,Signed a 2 year $2.03 million contract with Memphis (MEM)
asikom01,Ömer Aşık,7110,"Jul 09, 2015",2015,NOP,5,58.0,standard,1,Signed a 5 year $58 million contract with New Orleans (NOP)
asikom01,Ömer Aşık,7110,"Jul 24, 2012",2012,HOU,3,25.1,standard,1,Signed a 3 year $25.1 million contract with Houston (HOU)
asikom01,Ömer Aşık,7110,"Jul 13, 2010",2010,CHI,2,3.58,standard,1,Signed a 2 year $3.58 million contract with Chicago (CHI)
augusdj01,D.J. Augustin,6088,"Nov 25, 2020",2020,MIL,3,21.0,standard,1,Signed a 3 year $21 million contract with Milwaukee (MIL)
augusdj01,D.J. Augustin,6088,"Jul 07, 2016",2016,ORL,4,29.0,standard,1,Signed a 4 year $29 million deal with Orlando (ORL)
augusdj01,D.J. Augustin,6088,"Jul 15, 2014",2014,DET,2,6.0,standard,1,Signed a 2 year $6 million contract with Detroit (DET)
augusdj01,D.J. Augustin,6088,"Dec 13, 2013",2013,CHI,1,0.755459,standard,1,"Signed a 1 year $755,459 contract with Chicago (CHI)"
augusdj01,D.J. Augustin,6088,"Jul 22, 2013",2013,TOR,1,1.267,standard,1,Signed 1 year $1.267 million contract with Toronto (TOR)
augusdj01,D.J. Augustin,6088,"Jul 13, 2012",2012,IND,1,3.5,standard,1,Signed a 1 year $3.5 million contract with Indiana (IND)
augusdj01,D.J. Augustin,6088,"Jul 03, 2008",2008,CHA,2,4.59,standard,1,Signed 2 year $4.59 million contract with Charlotte (CHA)
avdijde01,Deni Avdija,70651,"Oct 22, 2023",2023,WAS,4,55.0,extension,1,Signed a 4 year $55 million rookie contract extension with Washington (WAS)
avdijde01,Deni Avdija,70651,"Dec 01, 2020",2020,WAS,4,20.34,rookie-scale,1,Signed a 4 year $20.34 million rookie scale contract with Washington (WAS)
aytonde01,Deandre Ayton,26967,"Jul 06, 2025",2025,LAL,2,16.21,standard,1,Signed 2 year $16.21 million contract with Los Angeles (LAL) - includes 2026-27 Player Option
aytonde01,Deandre Ayton,26967,"Jul 18, 2022",2022,PHX,4,132.93,standard,1,Signed a 4 year $132.93 million contract with Phoenix (PHX) - having matched Offer Sheet signed with Indiana (IND)
aytonde01,Deandre Ayton,26967,"Jul 03, 2018",2018,PHX,4,40.38,rookie-scale,1,Signed a 4 year $40.38 million rookie scale contract with Phoenix (PHX)
azubuud01,Udoka Azubuike,70669,"Nov 24, 2020",2020,UTH,4,10.15,rookie-scale,1,Signed a 4 year $10.15 million rookie scale contract with Utah (UTH)
babbilu01,Luke Babbitt,6898,"Aug 09, 2017",2017,ATL,1,1.97,standard,1,Signed a 1 year $1.97 million contract with Atlanta (ATL)
babbilu01,Luke Babbitt,6898,"Jul 20, 2015",2015,NOP,2,2.33,standard,1,Signed a 2 year $2.33 million contract with New Orleans (NOP)
babbilu01,Luke Babbitt,6898,"Jul 07, 2010",2010,POR,2,3.41,standard,1,Signed a 2 year $3.41 million contract with Portland (POR)
bacondw01,Dwayne Bacon,23640,"Nov 24, 2020",2020,ORL,2,3.5,standard,1,Signed a 2 year $3.5 million contract with Orlando (ORL)
bacondw01,Dwayne Bacon,23640,"Jul 06, 2017",2017,CHA,3,3.81,standard,1,Signed a 3 year $3.81 million contract with Charlotte (CHA)
baglema01,Marvin Bagley III,26968,"Jul 15, 2026",2026,DEN,1,3.5,standard,1,Signed a 1 year $3.5 million contract with Denver (DEN)
baglema01,Marvin Bagley III,26968,"Jul 10, 2025",2025,WAS,1,3.08,standard,1,Signed a 1 year $3.08 million contract with Washington (WAS)
baglema01,Marvin Bagley III,26968,"Jul 06, 2022",2022,DET,3,37.5,standard,1,Signed a 3 year $37.5 million contract with Detroit (DET)
baglema01,Marvin Bagley III,26968,"Jul 01, 2018",2018,SAC,4,36.14,rookie-scale,1,Signed a 4 year $36.14 million rookie scale contract with Sacramento (SAC)
baileac01,Ace Bailey,98599,"Jul 02, 2025",2025,UTA,4,41.21,rookie-scale,1,Signed a 4 year $41.21 million Rookie Scale contract with Utah (UTA)
bakerro01,Ron Baker,20278,"Dec 21, 2018",2018,WAS,1,0.949,standard,1,Signed a 1 year $949k contract with Washington (WAS)
bakerro01,Ron Baker,20278,"Aug 07, 2017",2017,NYK,2,8.87,standard,1,Signed a 2 year $8.87 million contract with New York (NYK)
bakerro01,Ron Baker,20278,"Jul 28, 2016",2016,NYK,1,0.543,standard,1,Signed 1 year $543k contract with New York (NYK)
baldwpa01,Patrick Baldwin Jr.,78139,"Jul 06, 2022",2022,GSW,4,11.43,rookie-scale,1,Signed a 4 year $11.43 million Rookie Scale contract with Golden State (GSW)
baldwwa01,Wade Baldwin,20222,"Jul 16, 2016",2016,MEM,4,8.62,rookie-scale,1,Signed a 4 year $8.62 million rookie scale contract with Memphis (MEM)
ballla01,LaMelo Ball,70645,"Jul 06, 2023",2023,CHA,5,203.85,extension,1,Signed a 5 year $203.85 million Designated Rookie contract extension with Charlotte (CHA)
ballla01,LaMelo Ball,70645,"Nov 30, 2020",2020,CHA,4,35.6,rookie-scale,1,Signed a 4 year $35.60 million rookie scale contract with Charlotte (CHA)
balllo01,Lonzo Ball,23597,"Feb 14, 2025",2025,CHI,2,20.0,extension,1,Signed a 2 year $20 million contract extension with Chicago (CHI) - includes 2026-27 Club Option
balllo01,Lonzo Ball,23597,"Aug 08, 2021",2021,NOP,4,80.0,standard,1,Signed a 4 year $80 million contract with New Orleans (NOP) as part of a Sign-and-Trade with Chicago (CHI)
balllo01,Lonzo Ball,23597,"Jul 03, 2017",2017,LAL,4,33.47,rookie-scale,1,Signed a 4 year $33.47 million rookie scale contract with Los Angeles (LAL)
bambamo01,Mo Bamba,26972,"Jul 08, 2026",2026,UTA,2,7.21,standard,1,Signed a 2 year $7.21 million contract with Utah (UTA)
bambamo01,Mo Bamba,26972,"Jul 01, 2024",2024,LAC,1,2.61,standard,1,Signed a 1 year $2.61 million contract with LA Clippers (LAC)
bambamo01,Mo Bamba,26972,"Jul 09, 2023",2023,PHI,1,2.35,standard,1,Signed a 1 year $2.35 million contract with Philadelphia (PHI)
bambamo01,Mo Bamba,26972,"Jul 07, 2022",2022,ORL,2,20.6,standard,1,Signed a 2 year $20.6 million contract with Orlando (ORL)
bambamo01,Mo Bamba,26972,"Jul 03, 2018",2018,ORL,4,24.1,rookie-scale,1,Signed a 4 year $24.10 million rookie scale contract with Orlando (ORL)
banchpa01,Paolo Banchero,78110,"Jul 07, 2025",2025,ORL,5,239.19,rookie-scale,1,Signed a 5 year $239.19 million Rookie Scale contract extension with Orlando (ORL) - includes 2029-30 Player Option. The deal includes Designated Rookie language with would make the contract worth 30% of cap.
banchpa01,Paolo Banchero,78110,"Jul 01, 2022",2022,ORL,4,50.16,rookie-scale,1,Signed a 4 year $50.16 million Rookie Scale contract with Orlando (ORL)
banede01,Desmond Bane,70672,"Jul 08, 2023",2023,MEM,5,197.23,rookie-scale,1,Signed a 5 year $197.23 million Rookie Scale contract extension with Memphis (MEM)
banede01,Desmond Bane,70672,"Nov 25, 2020",2020,MEM,4,9.94,rookie-scale,1,Signed a 4 year $9.94 million rookie scale contract with Memphis (MEM)
bantoda01,Dalano Banton,74153,"Apr 11, 2026",2026,BOS,2,2.83,standard,1,Signed a 2 year $2.83 million Rest-of-Season contract with Boston (BOS) - includes 2026-27 Club Option
bantoda01,Dalano Banton,74153,"Jul 17, 2023",2023,BOS,2,4.22,standard,1,Signed a 2 year $4.22 million contract with Boston (BOS)
bantoda01,Dalano Banton,74153,"Aug 13, 2021",2021,TOR,2,2.49,standard,1,Signed a 2 year $2.49 million contract with Toronto (TOR)
barbole01,Leandro Barbosa,2659,"Jul 19, 2016",2016,PHX,2,8.0,standard,1,Signed a 2 year $8 million contract with Phoenix (PHX)
barbole01,Leandro Barbosa,2659,"Jul 13, 2015",2015,GSW,1,2.5,standard,1,Signed a 1 year $2.5 million contract with Golden State (GSW)
barbole01,Leandro Barbosa,2659,"Sep 10, 2014",2014,GSW,1,1.45,standard,1,Signed a 1 year $1.45 million contract with Golden State (GSW)
barbole01,Leandro Barbosa,2659,"Oct 17, 2012",2012,BOS,1,1.229255,standard,1,"Signed a 1 year $1,229,255 contract with Boston (BOS)"
barbole01,Leandro Barbosa,2659,"Aug 04, 2006",2006,PHX,5,33.0,rookie-scale,1,Signed a 5 year $33 million rookie scale extension with Phoenix (PHX)
barbole01,Leandro Barbosa,2659,"Jul 16, 2003",2003,PHX,3,2.6,standard,1,Signed a 3 year $2.6 million contract with Phoenix (PHX)
bareajo01,J.J. Barea,2269,"Dec 01, 2020",2020,DAL,1,2.56,standard,1,Signed a 1 year $2.56 million contract with Dallas (DAL)
bareajo01,J.J. Barea,2269,"Aug 19, 2019",2019,DAL,1,2.56,standard,1,Signed a 1 year $2.56 million contract with Dallas (DAL)
bareajo01,J.J. Barea,2269,"Jul 16, 2015",2015,DAL,4,16.0,standard,1,Signed a 4 year $16 million contract with Dallas (DAL)
bareajo01,J.J. Barea,2269,"Oct 29, 2014",2014,DAL,1,1.3,standard,1,Signed a 1 year $1.3 million contract with Dallas (DAL)
bareajo01,J.J. Barea,2269,"Dec 12, 2011",2011,MIN,4,18.0,standard,1,Signed a 4 year $18 million contract with Minnesota (MIN)
bareajo01,J.J. Barea,2269,"Jul 09, 2008",2008,DAL,3,5.0,standard,1,Signed a 3 year $5 million contract with Dallas (DAL)
bareajo01,J.J. Barea,2269,"Aug 16, 2006",2006,DAL,2,1.1,standard,1,Signed a 2 year $1.1 million contract with Dallas (DAL)
bargnan01,Andrea Bargnani,2730,"Jul 12, 2015",2015,BKN,2,2.91,standard,1,Signed a 2 year $2.91 million contract with Brooklyn (BKN)
bargnan01,Andrea Bargnani,2730,"Jul 01, 2006",2006,TOR,2,9.34,standard,1,Signed a 2 year $9.34 million contract with Toronto (TOR)
barlodo01,Dominick Barlow,78565,"Mar 04, 2025",2025,ATL,2,2.76,two-way,1,Signed a 2 year $2.76 million Rest-of-Season contract with Atlanta (ATL) via converted Two-Way contract
barneha02,Harrison Barnes,10815,"Jul 08, 2026",2026,SAS,1,8.0,standard,1,Signed a 1 year $8 million contract with San Antonio (SAS)
barneha02,Harrison Barnes,10815,"Jun 29, 2023",2023,SAC,3,54.0,extension,1,Signed a 3 year $54 million veteran contract extension with Sacramento (SAC)
barneha02,Harrison Barnes,10815,"Jul 08, 2019",2019,SAC,4,85.0,standard,1,Signed a 4 year $85 million contract with Sacramento (SAC)
barneha02,Harrison Barnes,10815,"Jul 07, 2016",2016,DAL,4,94.4,maximum,1,Signed a 4 year $94.4 million maximum Offer Sheet with Dallas (DAL)
barneha02,Harrison Barnes,10815,"Jul 03, 2012",2012,GSW,2,5.72,standard,1,Signed 2 year $5.72 million entry-level contract with Golden State (GSW)
barnema02,Matt Barnes,2313,"Mar 02, 2017",2017,GSW,1,0.383,standard,1,Signed a 1 year $383k contract with Golden State (GSW)
barnema02,Matt Barnes,2313,"Jul 09, 2016",2016,SAC,2,12.25,standard,1,Signed a 2 year $12.25 million contract with Sacramento (SAC)
barnema02,Matt Barnes,2313,"Jul 10, 2013",2013,LAC,3,10.2,standard,1,Signed a 3 year $10.2 million contract with Los Angeles (LAC)
barnema02,Matt Barnes,2313,"Sep 14, 2012",2012,LAC,1,1.229255,standard,1,"Signed a 1 year $1,229,255 contract with Los Angeles (LAC)"
barnema02,Matt Barnes,2313,"Jul 22, 2010",2010,LAL,2,3.6,standard,1,Signed a 2 year $3.6 million contract with Los Angeles (LAL)
barnema02,Matt Barnes,2313,"Jul 21, 2009",2009,ORL,1,1.6,standard,1,Signed a 1 year $1.6 million contract with Orlando (ORL)
barnema02,Matt Barnes,2313,"Jul 22, 2008",2008,PHX,1,0.926678,standard,1,"Signed a 1 year $926,678 contract with Phoenix (PHX)"
barnema02,Matt Barnes,2313,"Oct 03, 2007",2007,GSW,1,3.0,standard,1,Signed a 1 year $3million contract with Golden State (GSW)
barnema02,Matt Barnes,2313,"Oct 02, 2006",2006,GSW,1,0.771331,standard,1,"Signed a 1 year $771,331 contract with Golden State (GSW)"
barnema02,Matt Barnes,2313,"Oct 01, 2004",2004,SAC,1,0.695,standard,1,Signed a 1 year $695k contract with Sacramento (SAC)
barnesc01,Scottie Barnes,74111,"Jul 08, 2024",2024,TOR,5,224.23,rookie-scale,1,Signed a 5 year $224.23 million rookie scale contract extension with Toronto (TOR). The deal includes Designated Rookie language with would make the contract worth 30% of cap.
barnesc01,Scottie Barnes,74111,"Aug 08, 2021",2021,TOR,4,33.06,rookie-scale,1,Signed a 4 year $33.06 million rookie scale contract with Toronto (TOR)
barrerj01,RJ Barrett,31560,"Sep 01, 2022",2022,NYK,4,120.0,rookie-scale,1,Signed a 4 year $120 million Rookie Scale extension with New York (NYK)
barrerj01,RJ Barrett,31560,"Jul 02, 2019",2019,NYK,4,35.6,rookie-scale,1,Signed a 4 year $35.60 million rookie scale contract with New York (NYK)
bartowi01,Will Barton,10865,"Aug 11, 2021",2021,DEN,2,30.0,standard,1,Signed a 2 year $30 million contract with Denver (DEN)
bartowi01,Will Barton,10865,"Jul 09, 2018",2018,DEN,4,53.0,standard,1,Signed a 4 year $53 million contract with Denver (DEN)
bartowi01,Will Barton,10865,"Jul 24, 2015",2015,DEN,3,10.6,standard,1,Signed a 3 year $10.6 million contract with Denver (DEN)
bartowi01,Will Barton,10865,"Jul 14, 2012",2012,POR,3,2.25,standard,1,Signed a 3 year $2.25 million entry-level contract with Portland (POR)
bassbr01,Brandon Bass,2270,"Jul 19, 2016",2016,LAC,1,1.55,standard,1,Signed a 1 year $1.55 million contract with Los Angeles (LAC)
bassbr01,Brandon Bass,2270,"Jul 09, 2015",2015,LAL,2,6.135,standard,1,Signed a 2 year $6.135 million contract with Los Angeles (LAL)
bassbr01,Brandon Bass,2270,"Jul 14, 2012",2012,BOS,3,19.35,standard,1,Signed a 3 year $19.35 million contract with Boston (BOS)
bassbr01,Brandon Bass,2270,"Jul 10, 2009",2009,ORL,4,18.0,standard,1,Signed a 4 year $18 million contract with Orlando (ORL)
bassbr01,Brandon Bass,2270,"Jul 26, 2007",2007,DAL,2,1.6,standard,1,Signed a 2 year $1.6 million contract with Dallas (DAL)
bassbr01,Brandon Bass,2270,"Aug 24, 2005",2005,NOH,2,1.06,standard,1,Signed a 2 year $1.06 million contract with New Orleans (NOH)
bassech01,Charles Bassey,74160,"Jul 09, 2026",2026,GSW,1,2.85,standard,1,Signed a 1 year $2.85 million contract with Golden State (GSW)
bassech01,Charles Bassey,74160,"Jul 17, 2024",2024,SAS,1,2.16,standard,1,Signed a 1 year $2.16 million contract with San Antonio (SAS)
bassech01,Charles Bassey,74160,"Feb 14, 2023",2023,SAS,4,10.2,two-way,1,Signed a 4 year $10.2 million Rest-of-Season contract with San Antonio (SAS) via converted Two-Way contract
bassech01,Charles Bassey,74160,"Sep 24, 2021",2021,PHI,3,4.32,standard,1,Signed a 3 year $4.32 million contract with Philadelphia (PHI)
bateske01,Keita Bates-Diop,27014,"Jul 02, 2023",2023,PHX,2,5.0,standard,1,Signed a 2 year $5 million contract with Phoenix (PHX) - includes 2024-25 Player Option
bateske01,Keita Bates-Diop,27014,"Sep 07, 2021",2021,SAS,2,3.61,standard,1,Signed a 2 year $3.61 million contract with San Antonio (SAS)
bateske01,Keita Bates-Diop,27014,"Jul 06, 2018",2018,MIN,3,3.9,standard,1,Signed a 3 year $3.9 million contract with Minnesota (MIN) - includes 2020 non-guaranteed
battlja01,Jamison Battle,95121,"Feb 07, 2025",2025,TOR,3,5.25,standard,1,Signed a 3 year $5.25 million Rest-of-Season contract with Toronto (TOR)
batumni01,Nicolas Batum,6149,"Jul 06, 2025",2025,LAC,2,11.48,standard,1,Signed a 2 year $11.48 million contract with LA Clippers (LAC) - includes 2026-27 Club Option
batumni01,Nicolas Batum,6149,"Jul 09, 2024",2024,LAC,2,9.6,standard,1,Signed a 2 year $9.6 million contract with LA Clippers (LAC) - includes 2025-26 Player Option and 15% Trade Bonus
batumni01,Nicolas Batum,6149,"Jul 06, 2022",2022,LAC,2,22.55,standard,1,Signed a 2 year $22.55 million contract with Los Angeles (LAC)
batumni01,Nicolas Batum,6149,"Aug 13, 2021",2021,LAC,2,6.5,standard,1,Signed a 2 year $6.50 million contract with Los Angeles (LAC)
batumni01,Nicolas Batum,6149,"Dec 02, 2020",2020,LAC,1,2.56,standard,1,Signed a 1 year $2.56 million contract with Los Angeles (LAC)
batumni01,Nicolas Batum,6149,"Jul 07, 2016",2016,CHA,5,120.0,standard,1,Signed a 5 year $120M contract with Charlotte (CHA)
batumni01,Nicolas Batum,6149,"Jul 20, 2012",2012,POR,4,46.0,standard,1,Signed a 4 year $46 million contract with Portland (POR); matched Offer Sheet from Minnesota
batumni01,Nicolas Batum,6149,"Jul 21, 2008",2008,POR,2,2.16,standard,1,Signed a 2 year $2.16 million contract with Portland (POR)
bayleje01,Jerryd Bayless,6150,"Jul 13, 2016",2016,PHI,,3.0,standard,1,Signed a $3 year $27 million with Philadelphia (PHI)
bayleje01,Jerryd Bayless,6150,"Jul 31, 2014",2014,MIL,2,6.0,standard,1,Signed a 2 year $6 million contract with Milwaukee (MIL)
bayleje01,Jerryd Bayless,6150,"Jul 11, 2012",2012,MEM,2,6.135,standard,1,Signed a 2 year $6.135 million contract with Memphis (MEM)
bayleje01,Jerryd Bayless,6150,"Jul 09, 2008",2008,POR,2,4.13,standard,1,Signed a 2 year $4.13 million contract with Portland (POR)
baynear01,Aron Baynes,11850,"Nov 24, 2020",2020,TOR,2,14.35,standard,1,Signed a 2 year $14.35 million contract with Toronto (TOR) - includes 2021 non-guaranteed
baynear01,Aron Baynes,11850,"Jul 06, 2018",2018,BOS,2,10.6,standard,1,Signed a 2 year $10.6 million contract with Boston (BOS)
baynear01,Aron Baynes,11850,"Jul 19, 2017",2017,BOS,1,4.3,standard,1,Signed a 1 year $4.3 million contract with Boston (BOS)
baynear01,Aron Baynes,11850,"Jul 12, 2015",2015,DET,3,19.5,standard,1,Signed a 3 year $19.5 million contract with Detroit (DET)
baynear01,Aron Baynes,11850,"Sep 26, 2014",2014,SAS,1,2.077,standard,1,Signed a 1 year $2.077 million contract with San Antonio (SAS)
baynear01,Aron Baynes,11850,"Jan 22, 2013",2013,SAS,2,1.02,standard,1,Signed a 2 year $1.02 million contract with San Antonio (SAS)
bazemke01,Kent Bazemore,11079,"Sep 20, 2022",2022,SAC,1,2.91,standard,1,Signed a 1 year $2.91 million contract with Sacramento (SAC)
bazemke01,Kent Bazemore,11079,"Aug 06, 2021",2021,LAL,1,2.4,standard,1,Signed a 1 year $2.4 million contract with Los Angeles (LAL)
bazemke01,Kent Bazemore,11079,"Jul 07, 2016",2016,ATL,4,70.0,standard,1,Signed a 4 year $70 million contract with Atlanta (ATL)
bazemke01,Kent Bazemore,11079,"Sep 10, 2014",2014,ATL,2,4.0,standard,1,Signed a 2 year $4 million contract with Atlanta (ATL)
bazemke01,Kent Bazemore,11079,"Jul 26, 2012",2012,GSW,2,1.26,standard,1,Signed a 2 year $1.26 million contract with Golden State (GSW)
bazleda01,Darius Bazley,31581,"Mar 12, 2024",2024,UTA,3,5.74,standard,1,Signed a 3 year $5.74 million Rest-of-Season contract with Utah (UTA)
bazleda01,Darius Bazley,31581,"Jul 16, 2023",2023,BKN,1,2.17,standard,1,Signed a 1 year $2.17 million contract with Brooklyn (BKN)
bazleda01,Darius Bazley,31581,"Jul 07, 2019",2019,OKC,4,11.46,rookie-scale,1,Signed a 4 year $11.46 million rookie scale contract with Oklahoma City (OKC)
bealbr01,Bradley Beal,10811,"Jul 18, 2025",2025,LAC,2,10.98,standard,1,Signed a 2 year $10.98 million contract with LA Clippers (LAC) - includes 2026-27 Player Option and 15% Trade Bonus
bealbr01,Bradley Beal,10811,"Jul 06, 2022",2022,WAS,5,251.02,maximum,1,Signed a 5 year $251.02 million maximum contract with Washington (WAS)
bealbr01,Bradley Beal,10811,"Oct 17, 2019",2019,WAS,2,70.14,extension,1,Signed a 2 year $70.14 million veteran contract extension with Washington (WAS) - includes 2022-23 Player Option
bealbr01,Bradley Beal,10811,"Jul 26, 2016",2016,WAS,5,127.2,maximum,1,Signed a 5 year $127.2M maximum contract with Washington (WAS)
bealbr01,Bradley Beal,10811,"Jul 06, 2012",2012,WAS,2,8.45,standard,1,Signed a 2 year $8.45 million contract with Washington (WAS)
beaslma01,Malik Beasley,20224,"Jul 11, 2024",2024,DET,1,6.0,standard,1,Signed a 1 year $6 million contract with Detroit (DET)
beaslma01,Malik Beasley,20224,"Jul 06, 2023",2023,MIL,1,2.71,standard,1,Signed a 1 year $2.71 million contract with Milwaukee (MIL)
beaslma01,Malik Beasley,20224,"Nov 27, 2020",2020,MIN,4,60.0,standard,1,Signed a 4 year $60 million contract with Minnesota (MIN)
beaslma01,Malik Beasley,20224,"Aug 09, 2016",2016,DEN,4,7.83,rookie-scale,1,Signed a 4 year $7.83 million rookie scale contract with Denver (DEN)
beaslmi01,Michael Beasley,6127,"Jul 23, 2018",2018,LAL,1,3.5,standard,1,Signed a 1 year $3.5 million contract with Los Angeles (LAL)
beaslmi01,Michael Beasley,6127,"Mar 04, 2016",2016,HOU,1,0.307,standard,1,Signed a 1 year $307k contract with Houston (HOU)
beaslmi01,Michael Beasley,6127,"Mar 18, 2015",2015,MIA,1,0.195,standard,1,Signed a 1 year $195k contract with Miami (MIA); includes Team Option for 2015-2016
beaslmi01,Michael Beasley,6127,"Sep 24, 2014",2014,MEM,1,1.15,standard,1,Signed a 1 year $1.15 million contract with Memphis (MEM)
beaslmi01,Michael Beasley,6127,"Sep 11, 2013",2013,MIA,1,1.03,standard,1,Signed a 1 year $1.03 million contract with Miami (MIA)
beaslmi01,Michael Beasley,6127,"Jul 01, 2008",2008,MIA,2,8.95,standard,1,Signed a 2year $8.95 million contract with Miami (MIA)
beaucma01,MarJon Beauchamp,78134,"Jul 07, 2022",2022,MIL,4,12.61,rookie-scale,1,Signed a 4 year $12.61 million Rookie Scale contract with Milwaukee (MIL)
belinma01,Marco Belinelli,2314,"Jul 20, 2018",2018,SAS,2,12.0,standard,1,Signed a 2 year $12 million contract with San Antonio (SAS)
belinma01,Marco Belinelli,2314,"Feb 12, 2018",2018,PHI,1,0.776,standard,1,Signed a 1 year $776k contract with Philadelphia (PHI)
belinma01,Marco Belinelli,2314,"Jul 11, 2013",2013,SAS,2,5.6,standard,1,Signed a 2 year $5.6 million contract with San Antonio (SAS)
belinma01,Marco Belinelli,2314,"Jul 24, 2012",2012,CHI,1,1.957,standard,1,Signed a 1 year $1.957 million contract with Chicago (CHI)
belinma01,Marco Belinelli,2314,"Dec 13, 2011",2011,NOH,,3.4,standard,1,Signed a $3.4 million Qualifying Offer with New Orleans (NOH)
belinma01,Marco Belinelli,2314,"Jul 13, 2007",2007,GSW,2,2.79,standard,1,Signed a 2 year $2.79 million contract with Golden State (GSW)
belljo01,Jordan Bell,23633,"Jul 08, 2017",2017,GSW,2,2.19,standard,1,Signed a 2 year $2.19 million contract with Golden State (GSW)
bembrde01,DeAndre' Bembry,20226,"Aug 08, 2021",2021,BKN,1,1.94,standard,1,Signed a 1 year $1.94 million contract with Brooklyn (BKN)
bembrde01,DeAndre' Bembry,20226,"Nov 25, 2020",2020,TOR,2,3.7,standard,1,Signed a 2 year $3.7 million contract with Toronto (TOR)
bembrde01,DeAndre' Bembry,20226,"Jul 15, 2016",2016,ATL,4,7.31,rookie-scale,1,Signed a 4 year $7.31 million rookie scale contract with Atlanta (ATL)
bendedr01,Dragan Bender,20209,"Jul 30, 2019",2019,MIL,2,3.5,standard,1,Signed a 2 year $3.5 million contract with Milwaukee (MIL)
bendedr01,Dragan Bender,20209,"Jul 07, 2016",2016,PHX,4,19.3,rookie-scale,1,Signed a 4 year $19.3 million rookie scale contract with Phoenix (PHX)
bertada01,Dāvis Bertāns,8094,"Nov 22, 2020",2020,WAS,5,80.0,standard,1,Signed a 5 year $80 million contract with Washington (WAS) - includes 2024 Early Termination Option and 2024 $5 million guaranteed
bertada01,Dāvis Bertāns,8094,"Jul 11, 2018",2018,SAS,2,14.5,standard,1,Signed a 2 year $14.5 million contract with San Antonio (SAS)
bertada01,Dāvis Bertāns,8094,"Jul 14, 2016",2016,SAS,,1.44,standard,1,Signed to a 2 year $1.44 million contract with San Antonio (SAS)
beverpa01,Patrick Beverley,6297,"Jul 09, 2023",2023,PHI,1,3.2,standard,1,Signed a 1 year $3.20 million contract with Philadelphia (PHI)
beverpa01,Patrick Beverley,6297,"Feb 15, 2022",2022,MIN,1,13.0,extension,1,Signed a 1 year $13 million contract extension with Minnesota (MIN)
beverpa01,Patrick Beverley,6297,"Jul 12, 2019",2019,LAC,3,40.0,standard,1,Signed a 3 year $40 million contract with Los Angeles (LAC)
beverpa01,Patrick Beverley,6297,"Jul 09, 2015",2015,HOU,4,23.0,standard,1,Signed a 4 year $23 million contract with Houston (HOU)
beverpa01,Patrick Beverley,6297,"Jan 07, 2013",2013,HOU,3,1.99,standard,1,Signed a 3 year $1.99 million contract with Houston (HOU)
beverpa01,Patrick Beverley,6297,"Aug 02, 2010",2010,MIA,2,1.26,standard,1,Signed a 2 year $1.26 million contract with Miami (MIA)
beysa01,Saddiq Bey,70661,"Jul 11, 2024",2024,WAS,3,19.0,standard,1,Signed a 3 year $19 million contract with Washington (WAS)
beysa01,Saddiq Bey,70661,"Nov 30, 2020",2020,DET,4,13.03,rookie-scale,1,Signed a 4 year $13.03 million rookie scale contract with Detroit (DET)
birchkh01,Khem Birch,15786,"Aug 06, 2021",2021,TOR,3,20.0,standard,1,Signed a 3 year $20 million contract with Toronto (TOR)
birchkh01,Khem Birch,15786,"Jul 10, 2019",2019,ORL,2,6.0,standard,1,Signed a 2 year $6 million contract with Orlando (ORL)
birchkh01,Khem Birch,15786,"Sep 02, 2014",2014,MIA,2,1.35,standard,1,Signed a 2 year $1.35 million contract with Miami (MIA)
bitadgo01,Goga Bitadze,31575,"Jul 06, 2024",2024,ORL,3,25.0,standard,1,Signed a 3 year $25 million contract with Orlando (ORL)
bitadgo01,Goga Bitadze,31575,"Jul 15, 2019",2019,IND,4,13.64,rookie-scale,1,Signed a 4 year $13.64 million rookie scale contract with Indiana (IND)
biyombi01,Bismack Biyombo,8057,"Nov 02, 2023",2023,MEM,1,5.0,standard,1,Signed a 1 year $5 million contract with Memphis (MEM)
biyombi01,Bismack Biyombo,8057,"Jul 02, 2022",2022,PHX,1,2.91,standard,1,Signed a 1 year $2.91 million a contract with Phoenix (PHX)
biyombi01,Bismack Biyombo,8057,"Nov 30, 2020",2020,CHA,1,3.5,standard,1,Signed a 1 year $3.5 million contract with Charlotte (CHA)
biyombi01,Bismack Biyombo,8057,"Jul 07, 2016",2016,ORL,4,72.0,standard,1,Signed 4 year $72 million contract with Orlando (ORL)
biyombi01,Bismack Biyombo,8057,"Jul 17, 2015",2015,TOR,2,5.75,standard,1,Signed a 2 year $5.75 million contract with Toronto (TOR)
biyombi01,Bismack Biyombo,8057,"Dec 19, 2011",2011,CHA,2,5.72,standard,1,Signed a 2 year $5.72 million contract with Charlotte (CHA)
bjeline01,Nemanja Bjelica,6917,"Aug 06, 2021",2021,GSW,1,2.09,standard,1,Signed a 1 year $2.09 million contract with Golden State (GSW)
bjeline01,Nemanja Bjelica,6917,"Jul 21, 2018",2018,SAC,3,20.5,standard,1,Signed a 3 year $20.5 million contract with Sacramento (SAC)
blackan01,Anthony Black,82203,"Jul 01, 2023",2023,ORL,4,32.92,rookie-scale,1,Signed a 4 year $32.92 million rookie scale contract with Orlando (ORL)
blackta01,Tarik Black,15767,"Jul 17, 2017",2017,HOU,1,3.29,standard,1,Signed a 1 year $3.29 million a contract with Houston (HOU)
blackta01,Tarik Black,15767,"Aug 24, 2016",2016,LAL,2,12.85,standard,1,Signed a 2 year $12.85 million contract with Los Angeles (LAL)
blackta01,Tarik Black,15767,"Aug 28, 2014",2014,HOU,2,1.35,standard,1,Signed a 2 year $1.35 million contract with Houston (HOU) - partially guaranteed
blakean01,Antonio Blakeney,24223,"Jul 19, 2018",2018,CHI,2,2.9,standard,1,Signed a 2 year $2.9 million contract with Chicago (CHI)
blakest01,Steve Blake,2673,"Jul 10, 2014",2014,POR,2,4.25,standard,1,Signed a 2 year $4.25 million contract with Portland (POR)
blakest01,Steve Blake,2673,"Jul 03, 2010",2010,LAL,4,16.0,standard,1,SIgned a 4 year $16 million contract with Los Angeles (LAL)
blakest01,Steve Blake,2673,"Jul 13, 2007",2007,POR,3,13.43,standard,1,Signed a 3 year $13.43 million contract with Portland (POR)
blakest01,Steve Blake,2673,"Sep 29, 2005",2005,POR,2,2.33,standard,1,Signed a 2 year $2.33 million contract with Portland (POR)
blakest01,Steve Blake,2673,"Aug 21, 2005",2005,WAS,2,0.987,standard,1,Signed a 2 year $987k contract with Washington (WAS)
bledser01,Eric Bledsoe,6900,"Mar 04, 2019",2019,MIL,4,70.0,extension,1,Signed a 4 year $70 million contract extension with Milwaukee (MIL)
bledser01,Eric Bledsoe,6900,"Sep 24, 2014",2014,PHX,5,70.0,extension,1,Signed a 5 year $70 million rookie extension with Phoenix (PHX)
bledser01,Eric Bledsoe,6900,"Jul 10, 2010",2010,LAC,2,3.0,standard,1,Signed a 2 year $3 million contract with Los Angeles (LAC)
bogdabo01,Bogdan Bogdanović,15379,"Jul 08, 2026",2026,HOU,1,3.52,standard,1,Signed a 1 year $3.52 million contract with Houston (HOU)
bogdabo01,Bogdan Bogdanović,15379,"Mar 16, 2023",2023,ATL,4,68.0,extension,1,Signed a 4 year $68 million contract extension with Atlanta (ATL) - includes 2026-27 Club Option
bogdabo01,Bogdan Bogdanović,15379,"Nov 25, 2020",2020,ATL,4,72.0,standard,1,Signed a 4 year $72 million Offer Sheet contract with Atlanta (ATL) - includes 2023 Player Option and 15% Trade Kicker; Sacramento (SAC) has right to match (48 hours)
bogdabo01,Bogdan Bogdanović,15379,"Jul 13, 2017",2017,SAC,3,27.0,standard,1,Signed a 3 year $27 million contract with Sacramento (SAC)
bogdabo02,Bojan Bogdanović,8083,"Oct 30, 2022",2022,DET,2,39.03,extension,1,Signed a 2 year $39.03 million veteran contract extension with Detroit (DET)
bogdabo02,Bojan Bogdanović,8083,"Jul 07, 2019",2019,UTH,4,73.1,standard,1,Signed a 4 year $73.1 million contract with Utah (UTH)
bogdabo02,Bojan Bogdanović,8083,"Jul 10, 2017",2017,IND,2,21.0,standard,1,Signed a 2 year $21 million contract with Indiana (IND)
bogdabo02,Bojan Bogdanović,8083,"Jul 22, 2014",2014,BKN,3,10.3,standard,1,Signed a 3 year $10.3 million contract with Brooklyn (BKN)
bogutan01,Andrew Bogut,2560,"Mar 06, 2019",2019,GSW,1,0.487,standard,1,Signed a 1 year $487k contract with Golden State (GSW)
bogutan01,Andrew Bogut,2560,"Sep 19, 2017",2017,LAL,1,2.3,standard,1,Signed a 1 year $2.3 million contract with Los Angeles (LAL)
bogutan01,Andrew Bogut,2560,"Mar 02, 2017",2017,CLE,1,0.383,standard,1,Signed a 1 year $383k contract with Cleveland (CLE)
bogutan01,Andrew Bogut,2560,"Oct 25, 2013",2013,GSW,3,36.0,extension,1,Signed a 3 year $36 million (includes incentives) contract extension with Golden State (GSW)
bogutan01,Andrew Bogut,2560,"Jun 11, 2008",2008,MIL,5,60.0,rookie-scale,1,Signed a 5 year $60 million rookie scale extension with Milwaukee (MIL)
bogutan01,Andrew Bogut,2560,"Jul 01, 2005",2005,MIL,2,9.0,standard,1,Signed a 2 year $9 million contract with Milwaukee (MIL)
bolbo01,Bol Bol,31603,"Jul 07, 2024",2024,PHX,1,2.43,standard,1,Signed a 1 year $2.43 million contract with Phoenix (PHX)
bolbo01,Bol Bol,31603,"Jul 18, 2023",2023,PHX,1,2.17,standard,1,Signed a 1 year $2.17 million contract with Phoenix (PHX)
bolbo01,Bol Bol,31603,"Jul 07, 2022",2022,ORL,2,4.4,standard,1,Signed a 2 year $4.4 million contract with Orlando (ORL)
boldejo01,Jonah Bolden,23631,"Jul 25, 2018",2018,PHI,4,7.0,standard,1,Signed a 4 year $7 million contract with Philadelphia (PHI)
bonaad01,Adem Bona,91790,"Jul 21, 2024",2024,PHI,4,7.9,standard,1,Signed 4 year $7.9 million contract with Philadelphia (PHI) via 2nd-round exception
bongais01,Isaac Bonga,27005,"Jul 06, 2018",2018,LAL,3,4.08,standard,1,Signed a 3 year $4.08 million contract with Los Angeles (LAL)
bookede01,Devin Booker,17841,"Jul 10, 2025",2025,PHX,2,132.43,maximum,1,Signed a 2 year $132.43 maximum contract extension with Phoenix (PHX) - includes 2029-30 Player Option
bookede01,Devin Booker,17841,"Jul 06, 2022",2022,PHX,4,220.44,extension,1,Signed a 4 year $220.44 million Designated Veteran Player extension with Phoenix (PHX)
bookede01,Devin Booker,17841,"Jul 08, 2018",2018,PHX,5,158.25,maximum,1,Signed a 5 year $158.25 million maximum contract extension with Phoenix (PHX)
bookede01,Devin Booker,17841,"Jul 13, 2015",2015,PHX,2,4.35,standard,1,Signed a 2 year $4.35 million contract with Phoenix (PHX)
booketr01,Trevor Booker,6905,"Mar 03, 2018",2018,IND,1,0.446,standard,1,Signed a 1 year $446k contract with Indiana (IND)
booketr01,Trevor Booker,6905,"Jul 08, 2016",2016,BKN,2,18.5,standard,1,Signed a 2 year $18.5 million contract with Brooklyn (BKN)
booketr01,Trevor Booker,6905,"Jul 21, 2014",2014,UTH,2,9.78,standard,1,Signed a 2 year $9.78 million contract with Utah (UTH)
booketr01,Trevor Booker,6905,"Jul 13, 2010",2010,WAS,2,2.54,standard,1,Signed a 2 year $2.54 million contract with Washington (WAS)
boshch01,Chris Bosh,2732,"Jul 09, 2010",2010,TOR,6,110.0,standard,1,Signed a 6 year $110 million contract with Toronto (TOR)
boshch01,Chris Bosh,2732,"Jul 14, 2006",2006,TOR,3,42.6,rookie-scale,1,Signed a 3 year $42.6 million rookie scale extension with Toronto (TOR)
boshch01,Chris Bosh,2732,"Jul 07, 2003",2003,TOR,3,9.3,standard,1,Signed a 3 year $9.3 million contract with Toronto (TOR)
bouchch01,Chris Boucher,23671,"Aug 10, 2025",2025,BOS,1,3.29,standard,1,Signed a 1 year $3.29 million contract with Boston (BOS)
bouchch01,Chris Boucher,23671,"Jul 07, 2022",2022,TOR,3,35.25,standard,1,Signed a 3 year $35.25 million contract with Toronto (TOR)
bouchch01,Chris Boucher,23671,"Nov 25, 2020",2020,TOR,2,13.5,standard,1,Signed a 2 year $13.5 million contract with Toronto (TOR) - includes 2021 non-guaranteed
bouchch01,Chris Boucher,23671,"Feb 10, 2019",2019,TOR,2,2.05,two-way,1,Signed a 2 year $2.05 million contract with Toronto (TOR) - converted two-way contract
bouknja01,James Bouknight,74118,"Aug 03, 2021",2021,CHA,4,19.15,rookie-scale,1,Signed a 4 year $19.15 million rookie scale contract with Charlotte (CHA)
bouyeja01,Jamaree Bouyea,78578,"Mar 02, 2026",2026,PHX,2,3.16,two-way,1,Signed a 2 year $3.16 million Rest-of-Season contract with Phoenix (PHX) via converted Two-Way contract
bradlav01,Avery Bradley,6901,"Nov 23, 2020",2020,MIA,1,5.63,standard,1,Signed a 1 year $5.63 million contract with Miami (MIA) - includes 2021 Club Option
bradlav01,Avery Bradley,6901,"Jul 08, 2019",2019,LAL,2,9.77,standard,1,Signed a 2 year $9.77 million contract with Los Angeles (LAL) - includes 2020 Player Option
bradlav01,Avery Bradley,6901,"Jul 09, 2018",2018,LAC,2,24.96,standard,1,Signed a 2 year $24.96 million contract with Los Angeles (LAC)
bradlav01,Avery Bradley,6901,"Jul 15, 2014",2014,BOS,4,32.0,standard,1,Signed a 4 year $32 million contract with Boston (BOS)
bradlav01,Avery Bradley,6901,"Jul 02, 2010",2010,BOS,2,2.9,standard,1,Signed a 2 year $2.9 million contract with Boston (BOS)
bradlto01,Tony Bradley,23623,"Mar 23, 2025",2025,IND,2,3.27,standard,1,Signed a 2 year $3.27 million Rest-of-Season contract with Indiana (IND) - includes 2025-26 Club Option
bradlto01,Tony Bradley,23623,"Aug 11, 2021",2021,CHI,2,3.83,standard,1,Signed a 2 year $3.83 million contract with Chicago (CHI) - includes 2022-23 Player Option
bradlto01,Tony Bradley,23623,"Jul 05, 2017",2017,UTH,4,8.6,rookie-scale,1,Signed a 4 year $8.60 million rookie scale contract with Utah (UTH)
branhma01,Malaki Branham,78120,"Jul 08, 2022",2022,SAS,4,14.18,rookie-scale,1,Signed a 4 year $14.18 million Rookie Scale contract with San Antonio (SAS)
braunch01,Christian Braun,78148,"Oct 20, 2025",2025,DEN,5,125.0,rookie-scale,1,Signed a 5 year $125 million Rookie Scale contract extension with Denver (DEN)
braunch01,Christian Braun,78148,"Jul 03, 2022",2022,DEN,4,13.77,rookie-scale,1,Signed a 4 year $13.77 million Rookie Scale contract with Denver (DEN)
brazdig01,Ignas Brazdeikis,31606,"Jul 06, 2019",2019,NYK,2,2.41,standard,1,Signed a 2 year $2.41 million contract with New York (NYK) - includes 2021 Club Option
breweco01,Corey Brewer,2573,"Mar 02, 2018",2018,OKC,1,0.539,standard,1,Signed a 1 year $539k contract with Oklahoma City (OKC)
breweco01,Corey Brewer,2573,"Jul 09, 2015",2015,HOU,3,23.4,standard,1,Signed a 3 year $23.4 million contract with Houston (HOU)
breweco01,Corey Brewer,2573,"Jul 12, 2013",2013,MIN,3,14.1,standard,1,Signed a 3 year $14.1 million contract with Minnesota (MIN)
breweco01,Corey Brewer,2573,"Mar 04, 2011",2011,DAL,3,9.177,standard,1,Signed a 3 year $9.177 million contract with Dallas (DAL)
breweco01,Corey Brewer,2573,"Jul 05, 2007",2007,MIN,2,5.26,standard,1,Signed a 2 year $5.26 million contract with Minnesota (MIN)
bridgmi01,Mikal Bridges,26976,"Aug 01, 2025",2025,NYK,4,150.0,extension,1,Signed a 4 year $150 million contract extension with New York (NYK) - includes 2029-30 Player Option and 5.69% Trade Bonus
bridgmi01,Mikal Bridges,26976,"Oct 17, 2021",2021,PHX,4,90.9,rookie-scale,1,Signed a 4 year $90.9 million rookie scale contract extension with Phoenix (PHX)
bridgmi01,Mikal Bridges,26976,"Jul 03, 2018",2018,PHX,4,17.63,rookie-scale,1,Signed a 4 year $17.63 million rookie scale contract with Phoenix (PHX)
bridgmi02,Miles Bridges,26978,"Jul 14, 2024",2024,CHA,3,75.0,standard,1,Signed a 3 year $75 million contract with Charlotte (CHA)
bridgmi02,Miles Bridges,26978,"Jul 02, 2023",2023,CHA,1,7.92,standard,1,Signed a 1 year $7.92 million Qualifying Offer contract with Charlotte (CHA)
bridgmi02,Miles Bridges,26978,"Jul 02, 2018",2018,CHA,4,16.32,rookie-scale,1,Signed a 4 year $16.32 million rookie scale contract with Charlotte (CHA)
briscis01,Isaiah Briscoe,24479,"Jul 06, 2018",2018,ORL,4,5.99,standard,1,Signed a 4 year $5.99 million contract with Orlando (ORL)
brissos01,Oshae Brissett,32418,"Jul 06, 2023",2023,BOS,2,4.63,standard,1,Signed a 2 year $4.63 million contract with Boston (BOS) - includes 2024-25 Player Option
brissos01,Oshae Brissett,32418,"Apr 21, 2021",2021,IND,3,4.31,standard,1,Signed a 3 year $4.31 million Rest-of-Season contract with Indiana (IND)
broekry01,Ryan Broekhoff,27626,"Aug 06, 2018",2018,DAL,2,2.26,standard,1,Signed a 2 year $2.26 million contract with Dallas (DAL)
brogdma01,Malcolm Brogdon,20242,"Oct 18, 2021",2021,IND,2,45.0,extension,1,Signed a 2 year $45 million contract extension with Indiana (IND)
brogdma01,Malcolm Brogdon,20242,"Jul 06, 2019",2019,MIL,4,85.0,standard,1,Signed a 4 year $85 million contract with Milwaukee (MIL) as part of a Sign-and-Trade with Indiana (IND)
brookaa01,Aaron Brooks,2390,"Jul 14, 2015",2015,CHI,1,2.25,standard,1,Signed a 1 year $2.25 million contract with Chicago (CHI)
brookaa01,Aaron Brooks,2390,"Jul 22, 2014",2014,CHI,1,1.46,standard,1,Signed a 1 year $1.46 million contract with Chicago (CHI)
brookaa01,Aaron Brooks,2390,"Jul 19, 2013",2013,HOU,1,0.947907,standard,1,"Signed a 1 year $947,907 contract with Houston (HOU)"
brookaa01,Aaron Brooks,2390,"Mar 05, 2013",2013,HOU,2,5.0,standard,1,Signed a 2 year $5 million contract with Houston (HOU)
brookaa01,Aaron Brooks,2390,"Jul 16, 2012",2012,SAC,2,6.6,standard,1,Signed a 2 year $6.6 million contract with Sacramento (SAC)
brookaa01,Aaron Brooks,2390,"Jul 07, 2007",2007,HOU,2,2.01,standard,1,Signed a 2 year $2.01 million contract with Houston (HOU)
brookar01,Armoni Brooks,32812,"Oct 14, 2021",2021,HOU,4,7.2,standard,1,Signed a 4 year $7.20 million contract with Houston (HOU) - includes 2024-25 Club Option
brookdi01,Dillon Brooks,23646,"Jul 08, 2023",2023,MEM,4,86.0,standard,1,Signed a 4 year $86 million contract with Memphis (MEM) as part of a Sign-and-Trade withe Houston (HOU)
brookdi01,Dillon Brooks,23646,"Feb 05, 2020",2020,MEM,3,35.0,extension,1,Signed a 3 year $35 million contract extension with Memphis (MEM)
brownan02,Anthony Brown,17862,"Nov 21, 2016",2016,NOP,2,1.75,standard,1,Signed a 2 year $1.75 million contract with New Orleans (NOP)
brownan02,Anthony Brown,17862,"Jul 09, 2015",2015,LAL,3,2.59,standard,1,Signed a 3 year $2.59 million contract with Los Angeles (LAL)
brownbr01,Bruce Brown,27008,"Jul 09, 2025",2025,DEN,1,3.08,standard,1,Signed a 1 year $3.08 million contract with Denver (DEN)
brownbr01,Bruce Brown,27008,"Jul 06, 2023",2023,IND,2,45.0,standard,1,Signed a 2 year $45 million contract with Indiana (IND) - includes 2024-25 Club Option
brownbr01,Bruce Brown,27008,"Jul 07, 2022",2022,DEN,2,13.28,standard,1,Signed a 2 year $13.28 million contract with Denver (DEN) - includes 2023-24 Player Option
brownbr01,Bruce Brown,27008,"Aug 08, 2021",2021,BKN,1,4.74,standard,1,Signed a 1 year $4.74 million Qualifying Offer with Brooklyn (BKN)
brownbr01,Bruce Brown,27008,"Jul 06, 2018",2018,DET,3,3.95,standard,1,Signed a 3 year $3.95 million contract with Detroit (DET)
browngr01,Greg Brown III,74150,"Aug 12, 2021",2021,POR,3,4.32,standard,1,Signed a 3 year $4.32 million contract with Portland (POR)
brownja02,Jaylen Brown,20208,"Jul 25, 2023",2023,BOS,5,285.39,extension,1,Signed a 5 year $285.39 million Designated Veteran Player extension with Boston (BOS)
brownja02,Jaylen Brown,20208,"Oct 21, 2019",2019,BOS,4,106.3,extension,1,Signed a 4 year $106.3 million rookie contract extension with Boston (BOS) - includes $12 million in incentives
brownja02,Jaylen Brown,20208,"Jul 27, 2016",2016,BOS,4,21.4,rookie-scale,1,Signed a 4 year $21.40 million rookie scale contract with Boston (BOS)
brownko01,Kobe Brown,84464,"Jul 03, 2023",2023,LAC,4,12.39,rookie-scale,1,Signed a 4 year $12.39 million rookie scale contract with LA (LAC)
brownma02,Markel Brown,15396,"Jul 23, 2014",2014,BKN,2,1.35,standard,1,Signed a 2 year $1.35 million contract with Brooklyn (BKN)
brownmo01,Moses Brown,32830,"Nov 20, 2024",2024,IND,2,4.76,standard,1,Signed a 2 year $4.76 million Rest-of-Season contract with Indiana (IND) - includes 2025-26 Club Option
brownmo01,Moses Brown,32830,"Aug 22, 2023",2023,POR,1,2.165,standard,1,Signed a 1 year $2.165 million contract with Portland (POR) - includes 2023-24 $250k guaranteed
brownmo01,Moses Brown,32830,"Mar 28, 2021",2021,OKC,4,6.79,two-way,1,Signed a 4 year $6.79 million contract with Oklahoma City (OKC) - converted Two-Way contract
brownst02,Sterling Brown,23647,"Aug 09, 2021",2021,DAL,2,6.0,standard,1,Signed a 2 year $6 million contract with Dallas (DAL)
brownst02,Sterling Brown,23647,"Nov 26, 2020",2020,HOU,1,1.68,standard,1,Signed a 1 year $1.68 million contract with Houston (HOU)
brownst02,Sterling Brown,23647,"Jul 07, 2017",2017,MIL,3,3.8,standard,1,Signed a 3 year $3.8 million contract with Milwaukee (MIL)
browntr01,Troy Brown Jr.,26981,"Jul 08, 2023",2023,MIN,2,8.0,standard,1,Signed a 2 year $8 million contract with Minnesota (MIN) - includes 2024-25 non-guaranteed
browntr01,Troy Brown Jr.,26981,"Jul 01, 2022",2022,LAL,1,1.97,standard,1,Signed a 1 year $1.97 million contract with Los Angeles (LAL)
browntr01,Troy Brown Jr.,26981,"Jul 04, 2018",2018,WAS,4,14.51,rookie-scale,1,Signed a 4 year $14.51 million rookie scale contract with Washington (WAS)
brunsja01,Jalen Brunson,26999,"Jul 12, 2024",2024,NYK,4,156.5,extension,1,Signed a 4 year $156.5 million veteran contract extension with New York (NYK) - includes 2028-29 Player Option and 15% Trade Bonus
brunsja01,Jalen Brunson,26999,"Jul 12, 2022",2022,NYK,4,104.0,standard,1,Signed a 4 year $104 million contract with New York (NYK) - includes 2025-26 Player Option
brunsja01,Jalen Brunson,26999,"Jul 16, 2018",2018,DAL,4,6.14,standard,1,Signed a 4 year $6.14 million contract with Dallas (DAL)
brussni01,Nicolás Brussino,20754,"Jul 15, 2016",2016,DAL,3,2.5,standard,1,Signed a 3 year $2.5 million contract with Dallas (DAL)
bryanca01,Carter Bryant,98614,"Jul 03, 2025",2025,SAS,4,23.42,rookie-scale,1,Signed a 4 year $23.42 million Rookie Scale contract with San Antonio (SAS)
bryanko01,Kobe Bryant,2514,"Nov 25, 2013",2013,LAL,2,48.0,extension,1,Signed a 2 year $48 million contract extension with Los Angeles (LAL)
bryanko01,Kobe Bryant,2514,"Apr 02, 2010",2010,LAL,3,83.5,extension,1,Signed a 3 year $83.5 million veteran extension with Los Angeles (LAL)
bryanko01,Kobe Bryant,2514,"Jul 15, 2004",2004,LAL,7,136.4,standard,1,Signed a 7 year $136.4 million contract with Los Angeles (LAL)
bryanko01,Kobe Bryant,2514,"Jan 29, 1999",1999,LAL,6,70.88,rookie-scale,1,Signed a 6 year $70.88 million rookie scale extension with Los Angeles (LAL)
bryanko01,Kobe Bryant,2514,"Aug 25, 1996",1996,LAL,3,3.5,standard,1,Signed a 3 year $3.5 million contract with Los Angeles (LAL)
bryanth01,Thomas Bryant,23643,"Jul 07, 2026",2026,CLE,1,3.52,standard,1,Signed a 1 year $3.52 million contract with Cleveland (CLE)
bryanth01,Thomas Bryant,23643,"Sep 25, 2025",2025,CLE,1,3.29,standard,1,Signed a 1 year $3.29 million contract with Cleveland (CLE)
bryanth01,Thomas Bryant,23643,"Jul 03, 2024",2024,MIA,1,2.8,standard,1,Signed a 1 year $2.8 million contract with Miami (MIA)
bryanth01,Thomas Bryant,23643,"Jul 02, 2023",2023,MIA,2,5.37,standard,1,Signed a 2 year $5.37 million contract with Miami (MIA) - includes 2024-25 Player Option
bryanth01,Thomas Bryant,23643,"Jul 06, 2019",2019,WAS,3,25.0,standard,1,Signed a 3 year $25 million contract with Washington (WAS)
bryanth01,Thomas Bryant,23643,"Jul 30, 2017",2017,LAL,2,2.19,standard,1,Signed a 2 year $2.19 million contract with Los Angeles (LAL)
budinch01,Chase Budinger,6288,"Mar 08, 2016",2016,PHX,1,0.258,standard,1,Signed a 1 year $258k contract with Phoenix (PHX)
budinch01,Chase Budinger,6288,"Jul 12, 2013",2013,MIN,3,15.0,standard,1,Signed a 3 year $15 million contract with Minnesota (MIN)
budinch01,Chase Budinger,6288,"Aug 13, 2009",2009,HOU,2,1.508,standard,1,Signed a 2 year $1.508 million contract with Houston (HOU)
bullore01,Reggie Bullock,13338,"Oct 04, 2023",2023,HOU,1,3.2,standard,1,Signed a 1 year $3.20 million contract with Houston (HOU)
bullore01,Reggie Bullock,13338,"Aug 06, 2021",2021,DAL,3,30.04,standard,1,Signed a 3 year $30.04 million contract with Dallas (DAL)
bullore01,Reggie Bullock,13338,"Jul 16, 2019",2019,NYK,2,8.2,standard,1,Signed a 2 year $8.2 million contract with New York (NYK) - includes 2020 $1 million guaranteed
bullore01,Reggie Bullock,13338,"Jul 14, 2017",2017,DET,2,5.0,standard,1,Signed a 2 year $5 million contract with Detroit (DET)
bullore01,Reggie Bullock,13338,"Jul 08, 2013",2013,LAC,2,2.35,standard,1,Signed a 2 year $2.35 million contract with Los Angeles (LAC)
burketr01,Trey Burke,13322,"Dec 01, 2020",2020,DAL,3,9.45,standard,1,Signed a 3 year $9.45 million contract with Dallas (DAL) - includes 7.5% Trade Kicker and 2022 Player Option
burketr01,Trey Burke,13322,"Jul 30, 2019",2019,PHI,1,2.03,standard,1,Signed a 1 year $2.03 million contract with Philadelphia (PHI)
burketr01,Trey Burke,13322,"Jan 14, 2018",2018,NYK,2,2.6,standard,1,Signed a 2 year $2.6 million contract with New York (NYK)
burketr01,Trey Burke,13322,"Jul 06, 2013",2013,UTH,2,4.987,standard,1,Signed a 2 year $4.987 million contract with Utah (UTH)
burksal01,Alec Burks,8063,"Jul 03, 2024",2024,MIA,1,3.3,standard,1,Signed a 1 year $3.3 million contract with Miami (MIA)
burksal01,Alec Burks,8063,"Aug 17, 2021",2021,NYK,3,30.0,standard,1,Signed a 3 year $30 million contract with New York (NYK) - includes 2023 Club Option
burksal01,Alec Burks,8063,"Nov 22, 2020",2020,NYK,1,6.0,standard,1,Signed a 1 year $6 million contract with New York (NYK)
burksal01,Alec Burks,8063,"Jul 11, 2019",2019,GSW,1,2.32,standard,1,Signed a 1 year $2.32 million contract with Golden State (GSW)
burksal01,Alec Burks,8063,"Oct 31, 2014",2014,UTH,4,42.0,extension,1,Signed a 4 year $42 million rookie extension with Utah (UTH)
burksal01,Alec Burks,8063,"Dec 10, 2011",2011,UTH,2,4.32,standard,1,Signed a 2 year $4.32 million contract with Utah (UTH)
butleja02,Jared Butler,74147,"Apr 06, 2024",2024,WAS,3,5.83,two-way,1,Signed a 3 year $5.83 million Rest-of-Season contract with Washington (WAS) - converted Two-Way contract
butleja02,Jared Butler,74147,"Aug 11, 2021",2021,UTH,2,2.49,standard,1,Signed a 2 year $2.49 million contract with Utah (UTH)
butleji01,Jimmy Butler,8081,"Feb 06, 2025",2025,GSW,2,110.96,maximum,1,Signed a 2 year $110.96 million maximum contract extension with Golden State (GSW)
butleji01,Jimmy Butler,8081,"Aug 07, 2021",2021,MIA,3,146.4,extension,1,Signed a 3 year $146.4 million veteran contract extension with Miami (MIA) - includes 2025 Player Option
butleji01,Jimmy Butler,8081,"Jul 06, 2019",2019,PHI,4,140.79,maximum,1,Signed a 4 year $140.79 maximum contract with Philadelphia (PHI) as part of a Sign-and-Trade with Miami (MIA)
butleji01,Jimmy Butler,8081,"Jul 09, 2015",2015,CHI,5,92.33,extension,1,Signed 5 year $92.33 million extension with Chicago (CHI) - includes 2019-20 Player Option
butleji01,Jimmy Butler,8081,"Dec 09, 2011",2011,CHI,4,5.21,standard,1,Signed a 4 year $5.21 million contract with Chicago (CHI)
buzelma01,Matas Buzelis,91738,"Jul 03, 2024",2024,CHI,4,23.95,rookie-scale,1,Signed a 4 year $23.95 million rookie scale contract with Chicago (CHI)
cabocbr01,Bruno Caboclo,15372,"Nov 26, 2020",2020,HOU,1,2.03,standard,1,Signed a 1 year $2.03 million contract with Houston (HOU) - includes 2021 Club Option
cabocbr01,Bruno Caboclo,15372,"Feb 13, 2019",2019,MEM,2,2.37,standard,1,Signed a 2 year $2.37 million contract with Memphis (MEM)
cabocbr01,Bruno Caboclo,15372,"Jul 09, 2014",2014,TOR,2,2.98,standard,1,Signed a 2 year $2.98 million contract with Toronto (TOR)
cainja01,Jamal Cain,78584,"Mar 20, 2026",2026,ORL,2,2.91,two-way,1,Signed a 2 year $2.91 million Rest-of-Season contract with Orlando (ORL) via converted Two-Way contract - includes 2026-27 Club Option
caldejo01,José Calderón,2734,"Jul 02, 2018",2018,DET,1,2.39,standard,1,Signed a 1 year $2.39 million contract with Detroit (DET)
caldejo01,José Calderón,2734,"Jul 10, 2017",2017,CLE,1,2.3,standard,1,Signed a 1 year $2.3 million contract with Cleveland (CLE)
caldejo01,José Calderón,2734,"Jul 11, 2013",2013,DAL,4,29.0,standard,1,Signed a 4 year $29 million contract with Dallas (DAL)
caldejo01,José Calderón,2734,"Jul 09, 2008",2008,TOR,5,45.0,standard,1,Signed a 5 year $45 million contract with Toronto (TOR)
caldejo01,José Calderón,2734,"Aug 03, 2005",2005,TOR,3,6.99,standard,1,Signed a 3 year $6.99 million contract with Toronto (TOR)
caldwke01,Kentavious Caldwell-Pope,13321,"Aug 05, 2026",2026,PHI,1,3.88,standard,1,Signed a 1 year $3.88 million contract with Philadelphia (PHI)
caldwke01,Kentavious Caldwell-Pope,13321,"Jul 06, 2024",2024,ORL,3,66.0,standard,1,Signed a 3 year $66 million contract with Orlando (ORL) - includes 2026-27 Player Option
caldwke01,Kentavious Caldwell-Pope,13321,"Jul 16, 2022",2022,DEN,2,30.15,extension,1,Signed a 2 year $30.15 million veteran contract extension with Denver (DEN) - includes 2024-25 Player Option
caldwke01,Kentavious Caldwell-Pope,13321,"Nov 22, 2020",2020,LAL,3,39.1,standard,1,Signed a 3 year $39.1 million contract with Los Angeles (LAL) - includes 2022 $4.88 million guaranteed
caldwke01,Kentavious Caldwell-Pope,13321,"Jul 06, 2019",2019,LAL,2,16.58,standard,1,Signed a 2 year $16.58 million contract with Los Angeles (LAL) - includes 2020 Player Option
caldwke01,Kentavious Caldwell-Pope,13321,"Jul 06, 2018",2018,LAL,1,12.0,standard,1,Signed a 1 year $12 million contract with Los Angeles (LAL)
caldwke01,Kentavious Caldwell-Pope,13321,"Jul 13, 2017",2017,LAL,1,17.75,standard,1,Signed a 1 year $17.75 million contract with Los Angeles (LAL)
caldwke01,Kentavious Caldwell-Pope,13321,"Jul 19, 2013",2013,DET,2,5.43,standard,1,Signed a 2 year $5.43 million contract with Detroit (DET)
camarto01,Toumani Camara,84478,"Oct 19, 2025",2025,POR,4,81.0,extension,1,Signed a 4 year $81 million contract extension with Portland (POR)
camarto01,Toumani Camara,84478,"Jul 03, 2023",2023,PHX,4,7.64,standard,1,Signed a 4 year $7.64 million contract with Phoenix (PHX) - includes 2026-27 Club Option
campafa01,Facundo Campazzo,70736,"Oct 18, 2022",2022,DAL,1,1.83,standard,1,Signed a 1 year $1.83 million contract with Dallas (DAL)
campafa01,Facundo Campazzo,70736,"Nov 30, 2020",2020,DEN,2,7.43,standard,1,Signed a 2 year $7.43 million contract with Denver (DEN)
canaais01,Isaiah Canaan,13347,"Aug 03, 2018",2018,PHX,1,1.75,standard,1,Signed a 1 year $1.75 million contract with Phoenix (PHX)
canaais01,Isaiah Canaan,13347,"Oct 24, 2017",2017,HOU,1,1.51,standard,1,Signed a 1 year $1.51 million contract with Houston (HOU)
canaais01,Isaiah Canaan,13347,"Jul 20, 2016",2016,CHI,2,2.1,standard,1,Signed a 2 year $2.1 million contract with Chicago (CHI)
canaais01,Isaiah Canaan,13347,"Jul 11, 2013",2013,HOU,3,2.33,standard,1,Signed a 3 year $2.33 million contract with Houston (HOU)
cancavl01,Vlatko Čančar,23650,"Jul 06, 2024",2024,DEN,1,2.42,standard,1,Signed a 1 year $2.42 million contract with Denver (DEN)
cancavl01,Vlatko Čančar,23650,"Jul 07, 2022",2022,DEN,3,6.82,standard,1,Signed a 3 year $6.82 million contract with Denver (DEN) - includes 2024-25 Club Option
cancavl01,Vlatko Čančar,23650,"Aug 01, 2019",2019,DEN,3,4.2,standard,1,Signed a 3 year $4.2 million contract with Denver (DEN) - includes 2021 non-guaranteed
capelca01,Clint Capela,15377,"Jul 06, 2025",2025,ATL,3,21.11,standard,1,Signed a 3 year $21.11 million contract with Atlanta (ATL) as part of a Sign-and-Trade with Houston (HOU)
capelca01,Clint Capela,15377,"Sep 01, 2021",2021,ATL,2,45.44,extension,1,Signed a 2 year $45.44 million contract extension with Atlanta (ATL)
capelca01,Clint Capela,15377,"Jul 23, 2014",2014,HOU,2,2.43,standard,1,Signed a 2 year $2.43 million contract with Houston (HOU)
cardwdy01,Dylan Cardwell,99643,"Feb 05, 2026",2026,SAC,4,8.28,two-way,1,Signed a 4 year $8.28 million contract with Sacramento (SAC) via converted Two-Way contract - includes 2028-29 Club Option
carlsbr01,Branden Carlson,94490,"Jul 01, 2026",2026,POR,1,2.45,standard,1,Signed a 1 year $2.45 million contract with Portland (POR)
carlsbr01,Branden Carlson,94490,"Nov 16, 2024",2024,OKC,1,0.99,standard,1,Signed a 1 year $990k Rest-of-Season contract with Oklahoma City (OKC)
carrica01,Bub Carrington,91766,"Jul 07, 2024",2024,WAS,4,21.29,rookie-scale,1,Signed a 4 year $21.29 million rookie scale contract with Washington (WAS)
carrode01,DeMarre Carroll,6294,"Jul 06, 2019",2019,BKN,2,21.0,standard,1,Signed a 2 year $21 million contract with Brooklyn (BKN) as part of a Sign-and-Trade with San Antonio (SAS)
carrode01,DeMarre Carroll,6294,"Jul 09, 2015",2015,TOR,4,58.0,standard,1,Signed a 4 year $58 million contract with Toronto (TOR)
carrode01,DeMarre Carroll,6294,"Aug 03, 2013",2013,ATL,2,5.0,standard,1,Signed a 2 year $5 million contract with Atlanta (ATL)
carrode01,DeMarre Carroll,6294,"Feb 09, 2012",2012,UTH,1,0.88512,standard,1,"Signed a 1 year $885,120 contract with Utah (UTH)"
carrode01,DeMarre Carroll,6294,"Dec 13, 2011",2011,DEN,1,0.537438,standard,1,"Signed a 1 year $537,438 contract with Denver (DEN)"
carrode01,DeMarre Carroll,6294,"Jul 23, 2009",2009,MEM,2,2.1,standard,1,Signed a 2 year $2.1 million contract with Memphis (MEM)
cartede02,Devin Carter,91758,"Jul 09, 2024",2024,SAC,4,22.14,rookie-scale,1,Signed a 4 year $22.14 million rookie scale contract with Sacramento (SAC)
carteje01,Jevon Carter,26998,"Jul 01, 2026",2026,ORL,1,3.51,standard,1,Signed a 1 year $3.51 million contract with Orlando (ORL)
carteje01,Jevon Carter,26998,"Jul 10, 2023",2023,CHI,3,19.5,standard,1,Signed a 3 year $19.5 million contract with Chicago (CHI) - includes 2025-26 Player Option
carteje01,Jevon Carter,26998,"Jul 22, 2022",2022,MIL,2,4.34,standard,1,Signed a 2 year $4.34 contract with Milwaukee (MIL) - includes 2023-24 Player Option
carteje01,Jevon Carter,26998,"Jul 06, 2022",2022,MIL,2,4.34,standard,1,Signed a 2 year $4.34 contract with Milwaukee (MIL) - includes 2023-24 Player Option
carteje01,Jevon Carter,26998,"Nov 23, 2020",2020,PHX,3,11.5,standard,1,Signed a 3 year $11.5 million contract with Phoenix (PHX)
cartemi01,Michael Carter-Williams,13324,"Feb 26, 2023",2023,ORL,2,3.7,standard,1,Signed a 2 year $3.7 million Rest-of-Season contract with Orlando (ORL) - includes 2023-24 Club Option
cartemi01,Michael Carter-Williams,13324,"Nov 24, 2020",2020,ORL,2,6.6,standard,1,Signed a 2 year $6.6 million contract with Orlando (ORL)
cartemi01,Michael Carter-Williams,13324,"Jul 06, 2018",2018,HOU,1,1.76,standard,1,Signed a 1 year $1.76 million contract with Houston (HOU)
cartemi01,Michael Carter-Williams,13324,"Jul 07, 2017",2017,CHA,1,2.7,standard,1,Signed a 1 year $2.7 million contract with Charlotte (CHA)
cartemi01,Michael Carter-Williams,13324,"Sep 24, 2013",2013,PHI,2,4.5,standard,1,Signed a 2 year $4.5 million contract with Philadelphia (PHI)
cartevi01,Vince Carter,2590,"Sep 20, 2019",2019,ATL,1,2.56,standard,1,Signed a 1 year $2.56 million contract with Atlanta (ATL)
cartevi01,Vince Carter,2590,"Aug 24, 2018",2018,ATL,1,2.39,standard,1,Signed a 1 year $2.39 million contract with Atlanta (ATL)
cartevi01,Vince Carter,2590,"Jul 10, 2017",2017,SAC,1,8.0,standard,1,Signed a 1 year $8 million contract with Sacramento (SAC)
cartevi01,Vince Carter,2590,"Jul 11, 2014",2014,MEM,3,12.0,standard,1,Signed a 3 year $12 million contract with Memphis (MEM)
cartevi01,Vince Carter,2590,"Dec 12, 2011",2011,DAL,3,9.27,standard,1,Signed a 3 year $9.27 million contract with Dallas (DAL)
cartevi01,Vince Carter,2590,"Jul 14, 2007",2007,NJN,4,61.6,standard,1,Signed a 4 year $61.6 million contract with New Jersey (NJN)
cartevi01,Vince Carter,2590,"Aug 01, 2001",2001,TOR,6,85.0,rookie-scale,1,Signed a 6 year $85 million rookie scale extension with Toronto (TOR)
cartevi01,Vince Carter,2590,"Jan 22, 1999",1999,TOR,3,6.45,standard,1,Signed a 3 year $6.45 million contract with Toronto (TOR)
cartewe01,Wendell Carter Jr.,26973,"Oct 07, 2024",2024,ORL,3,58.65,extension,1,Signed a 3 year $58.65 million contract extension with Orlando (ORL) - includes 2026-27 Club Option
cartewe01,Wendell Carter Jr.,26973,"Oct 16, 2021",2021,ORL,4,50.0,extension,1,Signed a 4 year $50 million contract extension with Orlando (ORL)
cartewe01,Wendell Carter Jr.,26973,"Jul 03, 2018",2018,CHI,4,22.01,rookie-scale,1,Signed a 4 year $22.01 million rookie scale contract with Chicago (CHI)
carusal01,Alex Caruso,21076,"Dec 22, 2024",2024,OKC,4,81.1,extension,1,Signed a 4 year $81.1 million veteran contract extension with Oklahoma City (OKC)
carusal01,Alex Caruso,21076,"Aug 10, 2021",2021,CHI,4,37.0,standard,1,Signed a 4 year $37 million contract with Chicago (CHI)
carusal01,Alex Caruso,21076,"Jul 07, 2019",2019,LAL,2,5.5,standard,1,Signed a 2 year $5.5 million contract with Los Angeles (LAL)
casspom01,Omri Casspi,6325,"Jul 11, 2018",2018,MEM,1,2.18,standard,1,Signed a 1 year $2.18 million contract with Memphis (MEM)
casspom01,Omri Casspi,6325,"Jul 12, 2017",2017,GSW,1,2.1,standard,1,Signed a 1 year $2.1 million contract with Golden State (GSW)
casspom01,Omri Casspi,6325,"Mar 20, 2017",2017,MIN,1,0.186,standard,1,Signed a 1 year $186k contract with Minnesota (MIN)
casspom01,Omri Casspi,6325,"Jul 14, 2015",2015,SAC,2,6.0,standard,1,Signed a 2 year $6 million contract with Sacramento (SAC)
casspom01,Omri Casspi,6325,"Sep 18, 2014",2014,SAC,1,1.06,standard,1,Signed a 1 year $1.06 million contract with Sacramento (SAC)
casspom01,Omri Casspi,6325,"Jul 16, 2013",2013,HOU,2,2.01,standard,1,Signed a 2 year $2.01 million contract with Houston (HOU)
casspom01,Omri Casspi,6325,"Jul 10, 2009",2009,SAC,2,2.42,standard,1,Signed a 2 year $2.42 million contract with Sacramento (SAC)
castlco01,Colin Castleton,84736,,2026,ORL,1,0.678882,standard,1,current contract
castlst01,Stephon Castle,91750,"Jul 02, 2024",2024,SAS,4,41.35,rookie-scale,1,Signed a 4 year $41.35 million rookie scale contract with San Antonio (SAS)
caulewi01,Willie Cauley-Stein,17834,"Dec 01, 2020",2020,DAL,2,8.2,standard,1,Signed a 2 year $8.2 million contract with Dallas (DAL)
caulewi01,Willie Cauley-Stein,17834,"Jul 08, 2019",2019,GSW,2,4.46,standard,1,Signed a 2 year $4.46 million contract with Golden State (GSW) - includes 2020 Player Option
caulewi01,Willie Cauley-Stein,17834,"Jul 16, 2015",2015,SAC,2,6.95,standard,1,Signed a 2 year $6.95 million contract with Sacramento (SAC)
cavanty01,Tyler Cavanaugh,24294,"Dec 18, 2017",2017,ATL,2,2.06,standard,1,Signed a 2 year $2.06 million contract with Atlanta (ATL)
chalmma01,Mario Chalmers,6128,"Jul 14, 2014",2014,MIA,2,8.3,standard,1,Signed a 2 year $8.3 million contract with Miami (MIA)
chalmma01,Mario Chalmers,6128,"Dec 09, 2011",2011,MIA,2,8.0,standard,1,Signed a 2 year $8 million contract with Miami (MIA)
chalmma01,Mario Chalmers,6128,"Jul 09, 2008",2008,MIA,2,1.47,standard,1,Signed a 2 year $1.47 million contract with Miami (MIA)
champju01,Justin Champagnie,74240,"Mar 03, 2025",2025,WAS,4,9.8,standard,1,Signed a 4 year $9.8 million Rest-of-Season contract with Washington (WAS) - includes 2027-28 Club Option
champju02,Julian Champagnie,78268,"Jun 29, 2026",2026,SAS,3,45.0,extension,1,Signed a 3 year $45 million contract extension with San Antonio (SAS)
champju02,Julian Champagnie,78268,"Jul 06, 2023",2023,SAS,4,12.0,standard,1,Signed a 4 year $12 million contract with San Antonio (SAS) - includes 2026-27 Club Option
chandke01,Kennedy Chandler,78127,"Jul 06, 2022",2022,MEM,4,7.13,standard,1,Signed a 4 year $7.13 million contract with Memphis (MEM) - includes 2025-26 Club Option
chandty01,Tyson Chandler,2605,"Jul 19, 2019",2019,HOU,1,2.56,standard,1,Signed a 1 year $2.56 million contract with Houston (HOU)
chandty01,Tyson Chandler,2605,"Nov 06, 2018",2018,LAL,1,2.1,standard,1,Signed a 1 year $2.1 million contract with Los Angeles (LAL)
chandty01,Tyson Chandler,2605,"Jul 09, 2015",2015,PHX,4,52.0,standard,1,Signed a 4 year $52 million contract with Phoenix (PHX)
chandty01,Tyson Chandler,2605,"Dec 10, 2011",2011,DAL,4,55.4,standard,1,Signed a 4 year $55.4 million contract with Dallas (DAL)
chandty01,Tyson Chandler,2605,"Sep 20, 2005",2005,CHI,6,64.35,standard,1,Signed a 6 year $64.35 million contract with Chicago (CHI)
chandty01,Tyson Chandler,2605,"Oct 01, 2001",2001,CHI,3,10.7,standard,1,Signed a 3 year $10.7 million contract with Chicago (CHI)
chandwi01,Wilson Chandler,2616,"Jul 08, 2019",2019,BKN,1,2.56,standard,1,Signed a 1 year $2.56 million contract with Brooklyn (BKN)
chandwi01,Wilson Chandler,2616,"Jul 13, 2015",2015,DEN,4,46.5,extension,1,Signed a 4 year $46.5 million extension with Denver (DEN)
chandwi01,Wilson Chandler,2616,"Mar 18, 2012",2012,DEN,5,31.7,standard,1,Signed a 5 year $31.7 million contract with Denver (DEN)
chandwi01,Wilson Chandler,2616,"Jul 27, 2007",2007,NYK,2,2.27,standard,1,Signed a 2 year $2.27 million contract with New York (NYK)
chrisca02,Cam Christie,91777,"Jul 05, 2024",2024,LAC,4,7.9,standard,1,Signed a 4 year $7.9 million contract with LA Clippers (LAC) via 2nd-round exception - includes 2027-28 Club Option
chrisjo01,Josh Christopher,74131,"Aug 07, 2021",2021,HOU,4,11.46,rookie-scale,1,Signed a 4 year $11.46 million rookie scale contract with Houston (HOU)
chrisma01,Marquese Chriss,20213,"Jul 07, 2016",2016,PHX,4,13.3,rookie-scale,1,Signed a 4 year $13.30 million rookie scale contract with Phoenix (PHX)
chrisma02,Max Christie,78136,"Jul 06, 2024",2024,LAL,4,32.0,standard,1,Signed a 4 year $32 million contract with Los Angeles (LAL)
chrisma02,Max Christie,78136,"Jul 08, 2022",2022,LAL,2,2.74,standard,1,Signed a 2 year $2.74 million contract with Los Angeles (LAL)
chrisse01,Semaj Christon,15407,"Aug 20, 2016",2016,OKC,3,2.5,standard,1,Signed a 3 year $2.5 million contract with Oklahoma City (OKC)
cissemo01,Moussa Cisse,99882,"Jul 22, 2026",2026,DAL,2,4.76,standard,1,Signed a 2 year $4.76 million contract with Dallas (DAL) via matched Offer Sheet from New York (NYK)
cissosi01,Sidy Cissoko,84471,"Feb 20, 2026",2026,POR,2,3.18,two-way,1,Signed a 2 year $3.18 million Rest-of-Season contract with Portland (POR) via converted Two-Way contract
cissosi01,Sidy Cissoko,84471,"Jul 27, 2023",2023,SAS,3,5.23,standard,1,Signed a 3 year $5.23 million contract with San Antonio (SAS) - includes 2025-26 non-guaranteed
clarkbr01,Brandon Clarke,31578,"Oct 16, 2022",2022,MEM,4,50.0,extension,1,Signed a 4 year $50 million rookie contract extension with Memphis (MEM)
clarkbr01,Brandon Clarke,31578,"Jul 06, 2019",2019,MEM,4,12.15,rookie-scale,1,Signed a 4 year $12.15 million rookie scale contract with Memphis (MEM)
clarkga01,Gary Clark,27627,"Nov 23, 2020",2020,ORL,2,4.1,standard,1,Signed a 2 year $4.1 million contract with Orlando (ORL)
clarkga01,Gary Clark,27627,"Dec 06, 2018",2018,HOU,3,3.7,two-way,1,Signed a 3 year $3.7 million contract with Houston (HOU) - converted Two-Way contract
clarkia01,Ian Clark,13442,"Aug 03, 2017",2017,NOP,1,1.57,standard,1,Signed a 1 year $1.57 million contract with New Orleans (NOP)
clarkia01,Ian Clark,13442,"Jul 24, 2013",2013,UTH,2,1.3,standard,1,Signed a 2 year $1.3 million contract with Utah (UTH)
clarkja02,Jaylen Clark,84479,"Jul 10, 2026",2026,MIN,3,10.0,standard,1,Signed a 3 year $10 million contract with Minnesota (MIN)
clarkja02,Jaylen Clark,84479,"Feb 27, 2025",2025,MIN,2,2.68,two-way,1,Signed a 2 year $2.68 million Rest-of-Season contract with Minnesota (MIN) via converted Two-Way contract - includes 2025-26 Club Option
clarkjo01,Jordan Clarkson,15398,"Jul 10, 2026",2026,NYK,1,3.88,standard,1,Signed a 1 year $3.88 million contract with New York (NYK)
clarkjo01,Jordan Clarkson,15398,"Jul 07, 2025",2025,NYK,1,3.63,standard,1,Signed a 1 year $3.63 million contract with New York (NYK) - once clears waivers
clarkjo01,Jordan Clarkson,15398,"Jul 07, 2023",2023,UTA,2,28.37,extension,1,Signed a 2 year $28.37 million contract extension with Utah (UTA) as part of a renegotiation-and-extend.
clarkjo01,Jordan Clarkson,15398,"Nov 23, 2020",2020,UTH,4,51.52,standard,1,Signed a 4 year $51.52 million contract with Utah (UTH)
clarkjo01,Jordan Clarkson,15398,"Jul 07, 2016",2016,LAL,4,50.0,standard,1,Signed a 4 year $50M contract with Los Angeles (LAL)
clarkjo01,Jordan Clarkson,15398,"Aug 25, 2014",2014,LAL,2,1.35,standard,1,Signed a 2 year $1.35 million contract with Los Angeles (LAL)
claxtni01,Nic Claxton,31590,"Jul 06, 2024",2024,BKN,4,97.0,standard,1,Signed a 4 year $97 million contract with Brooklyn (BKN)
claxtni01,Nic Claxton,31590,"Jul 07, 2022",2022,BKN,2,17.25,standard,1,Signed a 2 year $17.25 million contract with Brooklyn (BKN)
claxtni01,Nic Claxton,31590,"Jul 07, 2019",2019,BKN,3,4.2,standard,1,Signed a 3 year $4.2 million contract with Brooklyn (BKN)
claytwa01,Walter Clayton,98613,"Jul 02, 2025",2025,UTA,4,19.32,rookie-scale,1,Signed a 4 year $19.32 million Rookie Scale contract with Utah (UTA)
cliffni01,Nique Clifford,98612,"Jul 03, 2025",2025,SAC,4,15.77,rookie-scale,1,Signed a 4 year $15.77 million Rookie Scale contract with Sacramento (SAC)
clingdo01,Donovan Clingan,91735,"Jul 04, 2024",2024,POR,4,3.11,rookie-scale,1,Signed a 4 year $3.11 million rookie scale contract with Portland (POR)
clownno01,Noah Clowney,82214,"Jul 11, 2023",2023,BKN,4,15.15,rookie-scale,1,Signed a 4 year $15.15 million rookie scale contract with Brooklyn (BKN)
coffeam01,Amir Coffey,32198,,2025,MIL,1,2.874436,standard,1,current contract
coleno01,Norris Cole,8079,"Sep 16, 2015",2015,NOP,1,3.03,standard,1,Signed 1 year $3.03 million Qualifying Offer with New Orleans (NOP)
coleno01,Norris Cole,8079,"Dec 10, 2011",2011,MIA,2,2.12,standard,1,Signed a 2 year $2.12 million contract with Miami (MIA)
collida01,Darren Collison,6307,"Jul 07, 2017",2017,IND,2,20.0,standard,1,Signed a 2 year $20 million contract with Indiana (IND)
collida01,Darren Collison,6307,"Jul 10, 2013",2013,LAC,2,3.89,standard,1,Signed a 2 year $3.89 million contract with Los Angeles (LAC)
collida01,Darren Collison,6307,"Jul 07, 2009",2009,NOH,2,2.6,standard,1,Signed a 2 year $2.6 million contract with New Orleans (NOH)
colliis01,Isaiah Collier,91753,"Jul 02, 2024",2024,UTA,4,12.9,standard,1,Signed a 4 year $12.9 million contract with Utah (UTA)
collijo01,John Collins,23614,"Jul 07, 2026",2026,LAC,3,51.0,standard,1,Signed a 3 year $51 million contract with LA Clippers (LAC) as part of a sign-and-trade with Detroit (DET)
collijo01,John Collins,23614,"Aug 06, 2021",2021,ATL,5,125.0,standard,1,Signed a 5 year $125 million contract with Atlanta (ATL) - includes 2025 Player Option
collijo01,John Collins,23614,"Jul 01, 2017",2017,ATL,4,11.06,rookie-scale,1,Signed a 4 year $11.06 million rookie scale contract with Atlanta (ATL)
collini01,Nick Collison,2715,"Jul 21, 2017",2017,OKC,1,2.3,standard,1,Signed a 1 year $2.3 million contract with Oklahoma City (OKC)
collini01,Nick Collison,2715,"Feb 03, 2015",2015,OKC,2,7.5,extension,1,Signed a 2 year $7.5 million veteran extension with Oklahoma City (OKC)
collini01,Nick Collison,2715,"Nov 23, 2010",2010,OKC,4,11.0,extension,1,Signed a 4 year $11 million veteran extension with Oklahoma City (OKC)
collini01,Nick Collison,2715,"Oct 31, 2006",2006,SEA,5,33.0,rookie-scale,1,Signed a 5 year $33 million rookie scale extension with Seattle (SEA)
collini01,Nick Collison,2715,"Jul 07, 2003",2003,SEA,3,5.36,standard,1,Signed a 3 year $5.36 million contract with Seattle (SEA)
colliza01,Zach Collins,23605,"Jun 30, 2026",2026,CHI,2,17.0,extension,1,Signed a 2 year $17 million contract extension with Chicago (CHI) - includes 2027-28 Team Option
colliza01,Zach Collins,23605,"Oct 22, 2023",2023,SAS,2,34.82,extension,1,Signed a 2 year $34.82 million veteran contract extension with San Antonio (SAS)
colliza01,Zach Collins,23605,"Aug 11, 2021",2021,SAS,3,22.05,standard,1,Signed a 3 year $22.05 million contract with San Antonio (SAS)
colliza01,Zach Collins,23605,"Jul 03, 2017",2017,POR,4,16.33,rookie-scale,1,Signed a 4 year $16.33 million rookie scale contract with Portland (POR)
conlemi01,Mike Conley,2532,"Jul 06, 2026",2026,BOS,1,3.88,standard,1,Signed a 1 year $3.88 million contract with Boston (BOS)
conlemi01,Mike Conley,2532,"Feb 22, 2024",2024,MIN,2,20.75,extension,1,Signed a 2 year $20.75 million contract extension with Minnesota (MIN)
conlemi01,Mike Conley,2532,"Aug 06, 2021",2021,UTH,3,68.04,standard,1,Signed a 3 year $68.04 million contract with Utah (UTH)
conlemi01,Mike Conley,2532,"Jul 14, 2016",2016,MEM,5,152.6,maximum,1,Signed a 5 year $152.6 million maximum contract with Memphis (MEM)
conlemi01,Mike Conley,2532,"Nov 02, 2010",2010,MEM,5,40.0,rookie-scale,1,Signed a 5 year $40 million rookie scale extension with Memphis (MEM)
conlemi01,Mike Conley,2532,"Jul 29, 2007",2007,MEM,2,7.0,standard,1,Signed a 2 year $7 million contract with Memphis (MEM)
connapa01,Pat Connaughton,17869,"Jul 18, 2022",2022,MIL,3,28.27,extension,1,Signed a 3 year $28.27 million veteran contract extension with Milwaukee (MIL) - includes 2025-26 Player Option
connapa01,Pat Connaughton,17869,"Nov 23, 2020",2020,MIL,3,16.0,standard,1,Signed a 3 year $16 million contract with Milwaukee (MIL)
connapa01,Pat Connaughton,17869,"Jul 09, 2015",2015,POR,3,2.5,standard,1,Signed a 3 year $2.5 million contract with Portland (POR)
cookqu01,Quinn Cook,18264,"Jul 06, 2019",2019,LAL,2,6.0,standard,1,Signed a 2 year $6 million contract with Los Angeles (LAL) - 2020 non-guaranteed
cookqu01,Quinn Cook,18264,"Apr 08, 2017",2017,NOP,2,1.32,standard,1,Signed a 2 year $1.32 million contract with New Orleans (NOP)
cookqu01,Quinn Cook,18264,"Sep 28, 2015",2015,CLE,1,0.525,standard,1,Signed a 1 year $525k contract with Cleveland (CLE) - camp invite
cookty01,Tyler Cook,32778,"Apr 07, 2021",2021,DET,2,2.1,standard,1,Signed a 2 year $2.1 million Rest-of-Season contract with Detroit (DET)
coulibi01,Bilal Coulibaly,82317,"Jul 02, 2023",2023,WAS,4,30.08,rookie-scale,1,Signed a 4 year $30.08 million rookie scale contract with Washington (WAS)
councri01,Ricky Council IV,84718,"Apr 13, 2024",2024,PHI,4,7.38,standard,1,Signed a 4 year $7.38 million Rest-of-Season contract with Philadelphia (PHI) - includes 2026-27 Club Option
couside01,DeMarcus Cousins,6886,"Jul 06, 2019",2019,LAL,1,3.5,standard,1,Signed a 1 year $3.5 million contract with Los Angeles (LAL)
couside01,DeMarcus Cousins,6886,"Jul 06, 2018",2018,GSW,1,5.34,standard,1,Signed a 1 year $5.34 million contract with Golden State (GSW)
couside01,DeMarcus Cousins,6886,"Sep 30, 2013",2013,SAC,4,65.6,maximum,1,Signed a 4 year $65.6 million maximum rookie scale extension with Sacramento (SAC)
couside01,DeMarcus Cousins,6886,"Jul 07, 2010",2010,SAC,2,7.0,standard,1,Signed a 2 year $7 million contract with Sacramento (SAC)
covinro01,Robert Covington,13379,"May 05, 2022",2022,LAC,2,24.0,extension,1,Signed a 2 year $24 million contract extension with Los Angeles (LAC)
covinro01,Robert Covington,13379,"Nov 17, 2017",2017,PHI,4,62.0,extension,1,Signed a 4 year $62 million contract extension with Philadelphia (PHI)
covinro01,Robert Covington,13379,"Nov 15, 2014",2014,PHI,3,3.02,standard,1,Signed a 3 year $3.02 million contract with Philadelphia (PHI)
covinro01,Robert Covington,13379,"Jul 14, 2013",2013,HOU,3,2.25,standard,1,Signed a 3 year $2.25 million contract with Houston (HOU)
cowarce01,Cedric Coward,98639,"Jul 07, 2025",2025,MEM,4,26.35,rookie-scale,1,Signed a 4 year $26.35 million Rookie Scale contract with Memphis (MEM)
crabbal01,Allen Crabbe,13344,"Jul 13, 2016",2016,POR,4,74.8,standard,1,Signed a 4 year $74.8 million contract with Portland (POR) having matched Brooklyn's Offer Sheet
crabbal01,Allen Crabbe,13344,"Jul 10, 2013",2013,POR,3,2.63,standard,1,Signed a 3 year $2.63 million contract with Portland (POR)
craigto01,Torrey Craig,24230,"Jul 15, 2023",2023,CHI,2,5.37,standard,1,Signed a 2 year $5.37 million contract with Chicago (CHI) - includes 2024-25 Player Option
craigto01,Torrey Craig,24230,"Aug 20, 2021",2021,IND,2,10.0,standard,1,Signed a 2 year $10 million contract with Indiana (IND)
craigto01,Torrey Craig,24230,"Nov 22, 2020",2020,MIL,1,1.68,standard,1,Signed a 1 year $1.68 million contract with Milwaukee (MIL)
craigto01,Torrey Craig,24230,"Jul 09, 2018",2018,DEN,2,4.0,standard,1,Signed a 2 year $4 million contract with Denver (DEN)
crawfja01,Jamal Crawford,2618,"Oct 17, 2018",2018,PHX,1,2.3,standard,1,Signed a 1 year $2.3 million contract with Phoenix (PHX)
crawfja01,Jamal Crawford,2618,"Jul 19, 2017",2017,MIN,2,8.9,standard,1,Signed a 2 year $8.9 million contract with Minnesota (MIN)
crawfja01,Jamal Crawford,2618,"Jul 08, 2016",2016,LAC,3,42.0,standard,1,Signed a 3 year $42 million contract with Los Angeles (LAC)
crawfja01,Jamal Crawford,2618,"Jul 11, 2012",2012,LAC,4,21.35,standard,1,Signed a 4 year $21.35 million contract with Los Angeles (LAC)
crawfja01,Jamal Crawford,2618,"Dec 15, 2011",2011,POR,2,10.225,standard,1,Signed a 2 year $10.225 million contract with Portland (POR)
crawfja01,Jamal Crawford,2618,"Aug 05, 2004",2004,CHI,7,55.44,standard,1,Signed a 7 year $55.44 million contract with Chicago (CHI)
crawfja01,Jamal Crawford,2618,"Sep 25, 2000",2000,CHI,3,5.6,standard,1,Signed a 3 year $5.6 million contract with Chicago (CHI)
crowdja01,Jae Crowder,10859,"Nov 27, 2024",2024,SAC,1,2.262,standard,1,Signed a 1 year $2.262 million Rest-of-Season contract with Sacramento (SAC)
crowdja01,Jae Crowder,10859,"Jul 08, 2023",2023,MIL,1,3.2,standard,1,Signed a 1 year $3.2 million contract with Milwaukee (MIL)
crowdja01,Jae Crowder,10859,"Nov 28, 2020",2020,PHX,3,29.16,standard,1,Signed a 3 year $29.16 million contract with Phoenix (PHX)
crowdja01,Jae Crowder,10859,"Jul 27, 2015",2015,BOS,5,35.0,standard,1,Signed 5 year $35 million contract with Boston (BOS)
crowdja01,Jae Crowder,10859,"Jul 20, 2012",2012,DAL,2,1.39,standard,1,Signed a 2 year $1.39 million entry-level contract with Dallas (DAL)
culveja01,Jarrett Culver,31563,"Jul 08, 2019",2019,MIN,4,26.42,rookie-scale,1,Signed a 4 year $26.42 million rookie scale contract with Minnesota (MIN)
cunnica01,Cade Cunningham,74108,"Jul 10, 2024",2024,DET,5,269.09,rookie-scale,1,Signed a 5 year $269.09 million Rookie Scale contract extension with Detroit (DET). The deal includes Designated Rookie language with would make the contract worth 30% of cap.
cunnica01,Cade Cunningham,74108,"Aug 08, 2021",2021,DET,4,44.6,rookie-scale,1,Signed a 4 year $44.60 million rookie scale contract with Detroit (DET)
cunnida01,Dante Cunningham,6321,"Jul 20, 2018",2018,SAS,1,2.49,standard,1,Signed a 1 year $2.49 million contract with San Antonio (SAS)
cunnida01,Dante Cunningham,6321,"Sep 25, 2017",2017,NOP,1,2.3,standard,1,Signed a 1 year $2.3 million contract with New Orleans (NOP)
cunnida01,Dante Cunningham,6321,"Jul 09, 2015",2015,NOP,3,9.0,standard,1,Signed a 3 year $9 million contract with New Orleans (NOP)
cunnida01,Dante Cunningham,6321,"Dec 23, 2011",2011,MEM,2,4.09,standard,1,Signed a 2 year $4.09 million contract with Memphis (MEM)
cunnida01,Dante Cunningham,6321,"Aug 21, 2009",2009,POR,2,1.21,standard,1,Signed a 2 year $1.21 million contract with Portland (POR)
curryse01,Seth Curry,13512,"Jul 15, 2024",2024,CHA,1,3.3,standard,1,Signed a 1 year $3.3 million contract with Charlotte (CHA)
curryse01,Seth Curry,13512,"Jul 14, 2023",2023,DAL,2,8.0,standard,1,Signed a 2 year $8 million contract with Dallas (DAL) - includes 2024-25 non-guaranteed
curryse01,Seth Curry,13512,"Jul 10, 2019",2019,DAL,4,32.0,standard,1,Signed a 4 year $32 million contract with Dallas (DAL)
curryse01,Seth Curry,13512,"Jul 06, 2018",2018,POR,1,2.8,standard,1,Signed a 1 year $2.8 million contract with Portland (POR)
curryse01,Seth Curry,13512,"Jul 15, 2016",2016,DAL,2,5.9,standard,1,Signed a 2 year $5.9 million contract with Dallas (DAL)
curryse01,Seth Curry,13512,"Jul 22, 2015",2015,SAC,2,1.96,standard,1,Signed a 2 year $1.96 million contract with Sacramento (SAC)
curryse01,Seth Curry,13512,"Sep 29, 2014",2014,ORL,1,0.816,standard,1,Signed a 1 year $816k contract with Orlando (ORL)
curryse01,Seth Curry,13512,"Dec 24, 2013",2013,MEM,1,0.328709,standard,1,"Signed a 1 year $328,709 contract with Memphis (MEM)"
curryst01,Stephen Curry,6287,"Aug 29, 2024",2024,GSW,1,62.59,extension,1,Signed a 1 year $62.59 million veteran contract extension with Golden State (GSW)
curryst01,Stephen Curry,6287,"Aug 06, 2021",2021,GSW,4,215.35,maximum,1,Signed a 4 year $215.35 million maximum contract extension with Golden State (GSW)
curryst01,Stephen Curry,6287,"Jul 06, 2017",2017,GSW,5,201.2,standard,1,Signed a 5 year $201.2 million contract with Golden State (GSW) - Designated Veteran Player
curryst01,Stephen Curry,6287,"Oct 31, 2012",2012,GSW,4,44.0,extension,1,Signed a 4 year $44 million rookie contract extension with Golden State (GSW)
curryst01,Stephen Curry,6287,"Jul 08, 2009",2009,GSW,4,12.7,standard,1,Signed a 4 year $12.7 million contract with Golden State (GSW)
daniedy01,Dyson Daniels,78114,"Oct 20, 2025",2025,ATL,4,100.0,rookie-scale,1,Signed a 4 year $100 million Rookie Scale contract extension with Atlanta (ATL)
daniedy01,Dyson Daniels,78114,"Jul 08, 2022",2022,NOP,4,25.06,rookie-scale,1,Signed a 4 year $25.06 million Rookie Scale contract with New Orleans (NOP)
danietr01,Troy Daniels,13383,"Jul 07, 2019",2019,LAL,1,2.03,standard,1,Signed a 1 year $2.03 million contract with Los Angeles (LAL)
danietr01,Troy Daniels,13383,"Jul 09, 2016",2016,CHA,3,10.0,standard,1,Signed a 3 year $10 million contract with Charlotte (CHA) as part of a Sign-and-Trade with Memphis (MEM)
danietr01,Troy Daniels,13383,"Jul 14, 2014",2014,HOU,2,1.76,standard,1,Signed a 2 year $1.76 million contract with Houston (HOU)
danietr01,Troy Daniels,13383,"Feb 21, 2014",2014,HOU,2,1.59,standard,1,Signed a 2 year $1.59 million contract with Houston (HOU)
danietr01,Troy Daniels,13383,"Oct 17, 2013",2013,HOU,1,0.49018,standard,1,"Signed a 1 year $490,180 contract with Houston (HOU)"
danietr01,Troy Daniels,13383,"Sep 23, 2013",2013,CHA,1,0.49018,standard,1,"Signed a 1 year $490,180 contract with Charlotte (CHA)"
dasiltr01,Tristan Da Silva,91759,"Jul 06, 2024",2024,ORL,4,17.57,rookie-scale,1,Signed a 4 year $17.57 million rookie scale contract with Orlando (ORL)
davisan02,Anthony Davis,10809,"Aug 06, 2023",2023,LAL,3,175.37,maximum,1,Signed a 3 year $175.37 million maximum contract extension with Los Angeles (LAL)
davisan02,Anthony Davis,10809,"Dec 03, 2020",2020,LAL,5,189.9,standard,1,Signed a 5 year $189.9 million contract with Los Angeles (LAL) - includes 2024 Early Termination Option
davisan02,Anthony Davis,10809,"Jul 09, 2015",2015,NOP,5,127.2,maximum,1,Signed a 5 year $127.2 million maximum rookie extension with New Orleans (NOP)
davisan02,Anthony Davis,10809,"Jul 24, 2012",2012,NOH,4,23.2,standard,1,Signed a 4 year $23.2 million contract with New Orleans (NOH)
davisde01,Deyonta Davis,20237,"Jul 10, 2016",2016,MEM,3,4.0,standard,1,Signed a 3 year $4 million contract with Memphis (MEM)
davised01,Ed Davis,6895,"Jul 20, 2019",2019,UTH,2,9.77,standard,1,Signed a 2 year $9.77 million contract with Utah (UTH)
davised01,Ed Davis,6895,"Jul 23, 2018",2018,BKN,1,4.4,standard,1,Signed a 1 year $4.4 million contract with Brooklyn (BKN)
davised01,Ed Davis,6895,"Jul 09, 2015",2015,POR,3,20.0,standard,1,Signed a 3 year $20 million contract with Portland (POR)
davised01,Ed Davis,6895,"Jul 23, 2014",2014,LAL,2,2.08,standard,1,Signed a 2 year $2.08 million contract with Los Angeles (LAL) - includes Player Option
davised01,Ed Davis,6895,"Jul 06, 2010",2010,TOR,2,3.98,standard,1,Signed a 2 year $3.98 million contract with Toronto (TOR)
davisjo06,Johnny Davis,78117,"Jul 01, 2022",2022,WAS,4,21.9,rookie-scale,1,Signed a 4 year $21.90 million Rookie Scale contract with Washington (WAS)
daviste02,Terence Davis,32059,"Aug 06, 2021",2021,SAC,2,8.0,standard,1,Signed a 2 year $8 million contract with Sacramento (SAC)
daviste02,Terence Davis,32059,"Jul 11, 2019",2019,TOR,2,2.41,standard,1,Signed a 2 year $2.41 million contract with Toronto (TOR) - 2020 non-guaranteed
dedmode01,Dewayne Dedmon,13536,"Jul 06, 2022",2022,MIA,2,9.02,standard,1,Signed a 2 year $9.02 million contract with Miami (MIA)
dedmode01,Dewayne Dedmon,13536,"Aug 06, 2021",2021,MIA,1,2.39,standard,1,Signed a 1 year $2.39 million contract with Miami (MIA)
dedmode01,Dewayne Dedmon,13536,"Jul 08, 2019",2019,SAC,3,40.0,standard,1,Signed a 3 year $40 million a contract with Sacramento (SAC) - 2021 non-guaranteed
dedmode01,Dewayne Dedmon,13536,"Jul 14, 2016",2016,SAS,2,5.9,standard,1,Signed a 2 year $5.9 million contract with San Antonio (SAS)
dedmode01,Dewayne Dedmon,13536,"Nov 18, 2013",2013,GSW,1,0.432512,standard,1,"Signed a 1 year $432,512 contract with Golden State (GSW)"
dedmode01,Dewayne Dedmon,13536,"Sep 09, 2013",2013,GSW,1,0.49018,standard,1,"Signed a 1 year $490,180 contract with Golden State (GSW)"
dekkesa01,Sam Dekker,17846,"Aug 09, 2021",2021,TOR,1,1.79,standard,1,Signed a 1 year $1.79 million contract with Toronto (TOR)
dekkesa01,Sam Dekker,17846,"Jul 20, 2015",2015,HOU,2,3.37,standard,1,Signed a 2 year $3.37 million contract with Houston (HOU)
delanma01,Malcolm Delaney,20666,"Jul 15, 2016",2016,ATL,2,5.0,standard,1,Signed a 2 year $5 million contract with Atlanta (ATL)
dellama01,Matthew Dellavedova,13478,"Jul 29, 2022",2022,SAC,1,2.63,standard,1,Signed a 1 year $2.63 million contract with Sacramento (SAC)
dellama01,Matthew Dellavedova,13478,"Nov 24, 2020",2020,CLE,1,2.17,standard,1,Signed a 1 year $2.17 million contract with Cleveland (CLE)
dellama01,Matthew Dellavedova,13478,"Jul 01, 2016",2016,CLE,4,38.4,standard,1,Signed a 4 year $38.4 million contract with Cleveland (CLE) as part of a Sign-and-Trade with Milwaukee (MIL)
dellama01,Matthew Dellavedova,13478,"Jul 27, 2015",2015,CLE,1,1.14,standard,1,Signed a 1 year $1.14 million Qualifying Offer with Cleveland (CLE)
dellama01,Matthew Dellavedova,13478,"Aug 07, 2013",2013,CLE,2,1.3,standard,1,Signed a 2 year $1.3 million contract with Cleveland (CLE)
demineg01,Egor Dёmin,98610,"Jul 03, 2025",2025,BKN,4,6.89,rookie-scale,1,Signed a 4 year $6.89 million Rookie Scale contract with Brooklyn (BKN)
denglu01,Luol Deng,2240,"Sep 10, 2018",2018,MIN,1,2.4,standard,1,Signed a 1 year $2.4 million contract with Minnesota (MIN)
denglu01,Luol Deng,2240,"Jul 07, 2016",2016,LAL,4,72.0,standard,1,Signed a 4 year $72 million contract with Los Angeles (LAL)
denglu01,Luol Deng,2240,"Jul 15, 2014",2014,MIA,2,19.87,standard,1,Signed a 2 year $19.87 million contract with Miami (MIA) - includes Player Option
denglu01,Luol Deng,2240,"Jul 01, 2008",2008,CHI,6,71.0,standard,1,Signed a 6 year $71 million contract with Chicago (CHI)
denglu01,Luol Deng,2240,"Jul 16, 2004",2004,CHI,3,7.33,standard,1,Signed a 3 year $7.33 million contract with Chicago (CHI)
derozde01,DeMar DeRozan,6327,"Jul 08, 2024",2024,CHI,3,73.71,standard,1,Signed a 3 year $73.71 million contract with Chicago (CHI) as part of a Sign-and-Trade with Sacramento (SAC)
derozde01,DeMar DeRozan,6327,"Aug 11, 2021",2021,SAS,3,85.0,standard,1,Signed a 3 year $85 million contract with San Antonio (SAS) as part of a Sign-and-Trade with Chicago (CHI)
derozde01,DeMar DeRozan,6327,"Jul 14, 2016",2016,TOR,5,139.0,standard,1,Signed a 5 year $139M contract with Toronto (TOR)
derozde01,DeMar DeRozan,6327,"Oct 31, 2012",2012,TOR,4,40.0,rookie-scale,1,Signed a 4 year $40 million rookie scale extension with Toronto (TOR)
derozde01,DeMar DeRozan,6327,"Jul 09, 2009",2009,TOR,2,4.73,standard,1,Signed a 2 year $4.73 million contract with Toronto (TOR)
diabamo01,Moussa Diabaté,78154,,2024,CHA,3,5.68996,standard,1,current contract
diakima01,Mamadi Diakite,70766,"Apr 21, 2021",2021,MIL,3,3.46,standard,1,Signed a 3 year $3.46 million Rest-of-Season contract with Milwaukee (MIL)
diallch01,Cheick Diallo,20239,"Jul 17, 2019",2019,PHX,1,1.68,standard,1,Signed a 1 year $1.68 million contract with Phoenix (PHX) - includes 2020 Club Option
diallch01,Cheick Diallo,20239,"Jul 22, 2016",2016,NOP,3,2.5,standard,1,Signed a 3 year $2.5 million contract with New Orleans (NOP)
diallha01,Hamidou Diallo,27011,"Aug 20, 2021",2021,DET,2,10.4,standard,1,Signed a 2 year $10.4 million contract with Detroit (DET) - includes 2022-23 Club Option
diallha01,Hamidou Diallo,27011,"Jul 28, 2018",2018,OKC,2,2.28,standard,1,Signed a 2 year $2.28 million contract with Oklahoma City (OKC)
diawamo01,Mohamed Diawara,99263,"Jul 06, 2026",2026,NYK,4,11.28,standard,1,Signed a 4 year $11.28 million contract with New York (NYK) - includes 2029-30 Team Option
diawbo01,Boris Diaw,6089,"Jul 16, 2014",2014,SAS,4,28.0,standard,1,Signed a 4 year $28 million contract with San Antonio (SAS)
diawbo01,Boris Diaw,6089,"Oct 19, 2006",2006,PHX,5,45.0,rookie-scale,1,Signed a 5 year $45 million rookie scale extension with Phoenix (PHX)
diawbo01,Boris Diaw,6089,"Jul 10, 2003",2003,ATL,3,3.29,standard,1,Signed 3 year $3.29 million contract with Atlanta (ATL)
dickgr01,Gradey Dick,82204,"Jul 02, 2023",2023,TOR,4,21.42,standard,1,Signed a 4 year $21.42 million contract with Toronto (TOR)
dienggo01,Gorgui Dieng,13334,"Aug 09, 2022",2022,SAS,1,2.64,standard,1,Signed a 1 year $2.64 million contract with San Antonio (SAS)
dienggo01,Gorgui Dieng,13334,"Aug 09, 2021",2021,ATL,1,4.0,standard,1,Signed a 1 year $4 million contract with Atlanta (ATL)
dienggo01,Gorgui Dieng,13334,"Oct 31, 2016",2016,MIN,4,62.8,standard,1,Signed a 4 year $62.8 million contract with Minnesota (MIN)
dienggo01,Gorgui Dieng,13334,"Jul 13, 2013",2013,MIN,2,2.77,standard,1,Signed a 2 year $2.77 million contract with Minnesota (MIN)
diengou01,Ousmane Dieng,78118,"Jul 09, 2026",2026,MIL,3,17.5,standard,1,Signed a 3 year $17.5 million contract with Milwaukee (MIL) - includes 2028-29 Team Option
diengou01,Ousmane Dieng,78118,"Jul 05, 2022",2022,OKC,4,21.07,rookie-scale,1,Signed a 4 year $21.07 million Rookie Scale contract with Oklahoma City (OKC)
dilliro01,Rob Dillingham,91736,"Jul 08, 2024",2024,MIN,4,28.49,rookie-scale,1,Signed a 4 year $28.49 million rookie scale contract with Minnesota (MIN)
dinwisp01,Spencer Dinwiddie,15390,"Jul 13, 2025",2025,CHA,1,3.63,standard,1,Signed a 1 year $3.63 million contract with Charlotte (CHA)
dinwisp01,Spencer Dinwiddie,15390,"Aug 03, 2024",2024,DAL,1,3.3,standard,1,Signed a 1 year $3.3 million contract with Dallas (DAL)
dinwisp01,Spencer Dinwiddie,15390,"Aug 06, 2021",2021,BKN,3,54.0,standard,1,Signed a 3 year $54 million contract with Brooklyn (BKN) as part of a Sign-and-Trade with Washington (WAS)
dinwisp01,Spencer Dinwiddie,15390,"Dec 13, 2018",2018,BKN,3,34.4,extension,1,Signed a 3 year $34.4 million contract extension with Brooklyn (BKN) - includes 3rd-Year Player Option
dinwisp01,Spencer Dinwiddie,15390,"Dec 08, 2016",2016,BKN,3,2.9,standard,1,Signed a 3 year $2.9 million contract with Brooklyn (BKN)
dinwisp01,Spencer Dinwiddie,15390,"Jul 28, 2016",2016,CHI,2,2.03,standard,1,Signed a 2 year $2.03 million contract with Chicago (CHI)
dinwisp01,Spencer Dinwiddie,15390,"Jul 28, 2014",2014,DET,3,2.53,standard,1,Signed a 3 year $2.53 million contract with Detroit (DET)
divindo01,Donte DiVincenzo,26983,"Jul 08, 2023",2023,NYK,4,46.87,standard,1,Signed a 4 year $46.87 million contract with New York (NYK)
divindo01,Donte DiVincenzo,26983,"Jul 08, 2022",2022,GSW,2,9.23,standard,1,Signed a 2 year $9.23 million contract with Golden State (GSW) - includes 2023-24 Player Option
divindo01,Donte DiVincenzo,26983,"Jul 10, 2018",2018,MIL,4,13.11,rookie-scale,1,Signed a 4 year $13.11 million rookie scale contract with Milwaukee (MIL)
doncilu01,Luka Dončić,26969,"Aug 02, 2025",2025,LAL,3,160.34,extension,1,Signed a 3 year $160.34 million maxmum contract extension with Los Angeles (LAL) - include 2028-29 Player Option
doncilu01,Luka Dončić,26969,"Aug 10, 2021",2021,DAL,5,215.16,extension,1,Signed a 5 year $215.16 million Designated Rookie contract extension with Dallas (DAL) - includes 2026-27 Player Option
doncilu01,Luka Dončić,26969,"Jul 09, 2018",2018,DAL,4,32.46,rookie-scale,1,Signed a 4 year $32.46 million rookie scale contract with Dallas (DAL)
dorsety01,Tyler Dorsey,23642,"Jul 14, 2017",2017,ATL,2,2.19,standard,1,Signed a 2 year $2.19 million contract with Atlanta (ATL)
dortlu01,Luguentz Dort,33033,"Jul 06, 2022",2022,OKC,5,82.5,standard,1,Signed a 5 year $82.5 million contract with Oklahoma City (OKC) - includes 2026-27 Club Option
dortlu01,Luguentz Dort,33033,"Jun 24, 2020",2020,OKC,4,5.4,standard,1,Signed a 4 year $5.4 million Rest-of-Season contract with Oklahoma City (OKC)
dosunay01,Ayo Dosunmu,74145,"Jul 10, 2026",2026,MIN,5,112.0,standard,1,Signed a 5 year $112 million contract with Minnesota (MIN) - includes 2030-31 Player Option
dosunay01,Ayo Dosunmu,74145,"Jul 21, 2023",2023,CHI,3,21.0,standard,1,Signed a 3 year $21 million contract with Chicago (CHI)
dosunay01,Ayo Dosunmu,74145,"Aug 13, 2021",2021,CHI,2,2.49,standard,1,Signed a 2 year $2.49 million contract with Chicago (CHI)
dotsoda01,Damyean Dotson,23645,"Aug 07, 2017",2017,NYK,3,4.1,standard,1,Signed a 3 year $4.1 million contract with New York (NYK)
douglto01,Toney Douglas,6309,"Feb 23, 2017",2017,MEM,1,0.379,standard,1,Signed a 1 year $379k million contract with Memphis (MEM)
douglto01,Toney Douglas,6309,"Dec 05, 2016",2016,MEM,1,0.998,standard,1,Signed a 1 year $998k contract with Memphis (MEM)
douglto01,Toney Douglas,6309,"Oct 30, 2015",2015,NOP,2,2.48,standard,1,Signed a 2 year $2.48 million contract with New Orleans (NOP)
douglto01,Toney Douglas,6309,"Aug 11, 2015",2015,IND,1,1.19,standard,1,Signed a 1 year $1.19 million contract with Indiana (IND)
douglto01,Toney Douglas,6309,"Mar 24, 2015",2015,NOP,,1.33,standard,1,Signed a 2 yr $1.33 million contract with New Orleans (NOP) for the remainder of the 2014-2015 season
douglto01,Toney Douglas,6309,"Jul 18, 2013",2013,GSW,1,1.6,standard,1,Signed a 1 year $1.6 million contract with Golden State (GSW)
douglto01,Toney Douglas,6309,"Jul 02, 2009",2009,NYK,2,2.08,standard,1,Signed a 2 year $2.08 million contract with New York (NYK)
doumbse01,Sekou Doumbouya,31572,"Jul 04, 2019",2019,DET,4,15.89,rookie-scale,1,Signed a 4 year $15.89 million rookie scale contract with Detroit (DET)
dowtije01,Jeff Dowtin Jr.,70872,"Jul 22, 2023",2023,TOR,1,2.02,standard,1,Signed a 1 year $2.02 million contract with Toronto (TOR)
doziepj01,PJ Dozier,23668,"Jul 16, 2024",2024,MIN,1,2.6,standard,1,Signed a 1 year $2.6 million contract with Minnesota (MIN)
doziepj01,PJ Dozier,23668,"Feb 25, 2023",2023,SAC,2,2.95,standard,1,Signed a 2 year $2.95 million Rest-of-Season contract with Sacramento (SAC) - includes 2023-24 non-guaranteed
dragigo01,Goran Dragić,6146,"Aug 02, 2022",2022,CHI,1,2.9,standard,1,Signed a 1 year $2.9 million contract with Chicago (CHI)
dragigo01,Goran Dragić,6146,"Nov 22, 2020",2020,MIA,1,18.0,standard,1,Signed a 1 year $18 million contract with Miami (MIA) - includes 2021 Club Option
dragigo01,Goran Dragić,6146,"Jul 09, 2015",2015,MIA,5,85.0,extension,1,Signed a 5 year $85 million extension with Miami (MIA)
dragigo01,Goran Dragić,6146,"Jul 19, 2012",2012,PHX,4,30.0,standard,1,Signed a 4 year $30 million contract with Phoenix (PHX)
dragigo01,Goran Dragić,6146,"Sep 22, 2008",2008,PHX,3,5.5,standard,1,Signed a 3 year $5.5 million contract with Phoenix (PHX)
drumman01,Andre Drummond,10817,"Jul 06, 2026",2026,NYK,1,3.88,standard,1,Signed a 1 year $3.88 million contract with New York (NYK)
drumman01,Andre Drummond,10817,"Jul 07, 2024",2024,PHI,2,10.0,standard,1,Signed a 2 year $10 million contract with Philadelphia (PHI)
drumman01,Andre Drummond,10817,"Jul 06, 2022",2022,CHI,2,6.56,standard,1,Signed a 2 year $6.56 million contract with Chicago (CHI) - includes 2023-24 Player Option
drumman01,Andre Drummond,10817,"Aug 04, 2021",2021,PHI,1,2.4,standard,1,Signed a 1 year $2.40 million contract with Philadelphia (PHI)
drumman01,Andre Drummond,10817,"Jul 15, 2016",2016,DET,5,127.0,standard,1,Signed a 5 year $127 million contract with Detroit (DET)
drumman01,Andre Drummond,10817,"Jul 03, 2012",2012,DET,2,4.8,standard,1,Signed a 2 year $4.8 million contract with Detroit (DET)
duartch01,Chris Duarte,74120,"Aug 04, 2021",2021,IND,4,17.7,rookie-scale,1,Signed a 4 year $17.70 million rookie scale contract with Indiana (IND)
dudleja01,Jared Dudley,2228,"Dec 01, 2020",2020,LAL,1,2.56,standard,1,Signed a 1 year $2.56 million contract with Los Angeles (LAL)
dudleja01,Jared Dudley,2228,"Jul 07, 2019",2019,LAL,1,2.56,standard,1,Signed a 1 year $2.56 million contract with Los Angeles (LAL)
dudleja01,Jared Dudley,2228,"Jul 08, 2016",2016,PHX,3,30.0,standard,1,Signed a 3 year $30 million contract with Phoenix (PHX)
dudleja01,Jared Dudley,2228,"Nov 02, 2010",2010,PHX,5,22.5,rookie-scale,1,Signed a 5 year $22.5 million rookie scale extension with Phoenix (PHX)
dudleja01,Jared Dudley,2228,"Jul 03, 2007",2007,CHA,2,2.35,standard,1,Signed a 2 year $2.35 million contract with Charlotte (CHA)
duncati01,Tim Duncan,2703,"Jul 09, 2015",2015,SAS,2,10.85,standard,1,Signed a 2 year $10.85 million contract with San Antonio (SAS) - includes 2016-17 Player Option
duncati01,Tim Duncan,2703,"Jul 11, 2012",2012,SAS,3,30.4,standard,1,Signed a 3 year $30.4 million contract with San Antonio (SAS) - includes 2014-15 Player Option
duncati01,Tim Duncan,2703,"Nov 05, 2007",2007,SAS,2,40.0,extension,1,Signed a 2 year $40 million veteran extension with San Antonio (SAS)
duncati01,Tim Duncan,2703,"Aug 01, 2000",2000,SAS,3,31.9,standard,1,Signed a 3 year $31.9 million contract with San Antonio (SAS)
dunlemi02,Mike Dunleavy,2406,"Jul 01, 2015",2015,CHI,3,14.5,extension,1,Signed a 3 year $14.5 million extension with Chicago (CHI)
dunlemi02,Mike Dunleavy,2406,"Jul 10, 2013",2013,CHI,2,6.5,standard,1,Signed a 2 year $6.5 million contract with Chicago (CHI)
dunlemi02,Mike Dunleavy,2406,"Dec 10, 2011",2011,MIL,2,7.5,standard,1,Signed a 2 year $7.5 million contract with Milwaukee (MIL)
dunlemi02,Mike Dunleavy,2406,"Oct 31, 2005",2005,GSW,5,45.0,rookie-scale,1,Signed a 5 year $45 million rookie scale extension with Golden State (GSW)
dunlemi02,Mike Dunleavy,2406,"Jul 07, 2002",2002,GSW,3,10.0,standard,1,Signed a 3 year $10 million contract with Golden State (GSW)
dunnkr01,Kris Dunn,20210,"Jul 18, 2024",2024,UTA,3,16.28,standard,1,Signed a 3 year $16.28 million contract with Utah (UTA) as part of a Sign-and-Trade with LA Clippers (LAC)
dunnkr01,Kris Dunn,20210,"Mar 14, 2023",2023,UTH,2,3.32,standard,1,Signed a 2 year $3.32 million Rest-of-Season contract with Utah (UTH)
dunnkr01,Kris Dunn,20210,"Nov 28, 2020",2020,ATL,2,10.0,standard,1,Signed a 2 year $10 million contract with Atlanta (ATL) - includes 2021 Player Option
dunnkr01,Kris Dunn,20210,"Jul 05, 2016",2016,MIN,4,17.49,rookie-scale,1,Signed a 4 year $17.49 million rookie scale contract with Minnesota (MIN)
dunnry01,Ryan Dunn,91771,"Jul 02, 2024",2024,PHX,4,13.0,rookie-scale,1,Signed a 4 year $13.0 million rookie scale contract with Phoenix (PHX)
duranke01,Kevin Durant,2717,"Oct 19, 2025",2025,HOU,2,90.0,extension,1,Signed a 2 year $90 million contract extension with Houston (HOU) - includes 2027-28 Player Option
duranke01,Kevin Durant,2717,"Aug 08, 2021",2021,BKN,4,194.22,extension,1,Signed a 4 year $194.22 million contract extension with Brooklyn (BKN)
duranke01,Kevin Durant,2717,"Jul 07, 2019",2019,GSW,4,164.26,standard,1,Signed a 4 year $164.26 million contract with Golden State (GSW) as part of a Sign-and-Trade with Brooklyn (BKN) - includes 2022 Player Option
duranke01,Kevin Durant,2717,"Jul 07, 2018",2018,GSW,2,61.5,standard,1,Signed a 2 year $61.5 million contract with Golden State (GSW)
duranke01,Kevin Durant,2717,"Jul 06, 2017",2017,GSW,2,51.25,standard,1,Signed a 2 year $51.25 million contract with Golden State (GSW) - includes Player Option
duranke01,Kevin Durant,2717,"Jul 04, 2016",2016,GSW,2,54.3,maximum,1,Signed a 2 year $54.3 million maximum contract with Golden State (GSW)
duranke01,Kevin Durant,2717,"Jul 07, 2010",2010,OKC,5,89.0,maximum,1,Signed a 5 year $89 million maximum rookie scale extension with Oklahoma City (OKC)
duranke01,Kevin Durant,2717,"Jul 02, 2007",2007,SEA,4,19.5,standard,1,Signed a 4 year $19.5 million contract with Seattle (SEA)
durenja01,Jalen Duren,78116,,2022,DET,4,19.474944,standard,1,contract block
easonta01,Tari Eason,78123,"Jul 09, 2026",2026,HOU,5,81.45,standard,1,Signed a 5 year $81.45 million contract with Houston (HOU) - includes 2030-31 Player Option
easonta01,Tari Eason,78123,"Jul 01, 2022",2022,HOU,4,16.26,rookie-scale,1,Signed a 4 year $16.26 million Rookie Scale contract with Houston (HOU)
edeyza01,Zach Edey,91755,"Jul 06, 2024",2024,MEM,4,26.2,rookie-scale,1,Signed a 4 year $26.2 million rookie scale contract with Memphis (MEM)
edgecvj01,VJ Edgecombe,98600,"Jul 01, 2025",2025,PHI,4,50.44,rookie-scale,1,Signed a 4 year $50.44 million Rookie Scale contract with Philadelphia (PHI)
edwaran01,Anthony Edwards,70643,"Jul 08, 2023",2023,MIN,5,244.62,extension,1,Signed a 5 year $244.62 million rookie contract extension with Minnesota (MIN)
edwaran01,Anthony Edwards,70643,"Nov 29, 2020",2020,MIN,4,44.27,rookie-scale,1,Signed a 4 year $44.27 million rookie scale contract with Minnesota (MIN)
edwarca01,Carsen Edwards,31592,"Jul 13, 2019",2019,BOS,3,4.5,standard,1,Signed a 3 year $4.5 million contract with Boston (BOS) - includes 2022 Club Option
edwarju01,Justin Edwards,91770,"Jul 06, 2025",2025,PHI,3,7.08,standard,1,Signed a 3 year $7.08 million contract with Philadelphia (PHI) - includes 2027-28 Club Option
edwarke02,Kessler Edwards,74151,"Jul 06, 2022",2022,BKN,2,3.57,standard,1,Signed a 2 year $3.57 million contract with Brooklyn (BKN) - includes 2023-24 Club Option
ellebcj01,CJ Elleby,70688,"Nov 22, 2020",2020,POR,2,2.41,standard,1,Signed a 2 year $2.41 million contract with Portland (POR)
ellenhe01,Henry Ellenson,20223,"Nov 26, 2020",2020,TOR,2,3.7,standard,1,Signed a 2 year $3.7 million contract with Toronto (TOR)
ellenhe01,Henry Ellenson,20223,"Mar 02, 2019",2019,NYK,2,1.99,standard,1,Signed a 2 year $1.99 million contract with New York (NYK)
ellenhe01,Henry Ellenson,20223,"Jul 19, 2016",2016,DET,4,8.2,rookie-scale,1,Signed a 4 year $8.20 million rookie scale contract with Detroit (DET)
ellinwa01,Wayne Ellington,6302,"Aug 06, 2021",2021,LAL,1,2.64,standard,1,Signed a 1 year $2.64 million contract with Los Angeles (LAL)
ellinwa01,Wayne Ellington,6302,"Dec 02, 2020",2020,DET,1,2.56,standard,1,Signed a 1 year $2.56 million contract with Detroit (DET)
ellinwa01,Wayne Ellington,6302,"Jul 08, 2019",2019,NYK,2,16.0,standard,1,Signed a 2 year $16 million contract with New York (NYK) - includes 2020 $1 million guaranteed
ellinwa01,Wayne Ellington,6302,"Feb 09, 2019",2019,DET,1,2.38,standard,1,Signed a 1 year $2.38 million contract with Detroit (DET)
ellinwa01,Wayne Ellington,6302,"Jul 13, 2018",2018,MIA,1,6.27,standard,1,Signed a 1 year $6.27 million contract with Miami (MIA)
ellinwa01,Wayne Ellington,6302,"Jul 10, 2016",2016,MIA,2,12.27,standard,1,Signed a 2 year $12.27 million contract with Miami (MIA)
ellinwa01,Wayne Ellington,6302,"Jul 09, 2015",2015,BKN,2,3.07,standard,1,Signed a 2 year $3.07 million contract with Brooklyn (BKN)
ellinwa01,Wayne Ellington,6302,"Sep 22, 2014",2014,LAL,1,1.06,standard,1,Signed a 1 year $1.06 million contract with Los Angeles (LAL)
ellinwa01,Wayne Ellington,6302,"Jul 26, 2013",2013,DAL,2,5.42,standard,1,Signed a 2 year $5.42 million contract with Dallas (DAL)
ellinwa01,Wayne Ellington,6302,"Jul 09, 2009",2009,MIN,2,2.08,standard,1,Signed a 2 year $2.08 million contract with Minnesota (MIN)
elliske01,Keon Ellis,78267,"Jul 06, 2026",2026,BKN,2,18.0,standard,1,Signed a 2 year $18 million contract with Brooklyn (BKN) - includes 2027-28 Mutual Option
ellismo01,Monta Ellis,2318,"Jul 14, 2015",2015,IND,4,44.0,standard,1,Signed a 4 year $44 million contract with Indiana (IND)
ellismo01,Monta Ellis,2318,"Jul 23, 2013",2013,DAL,3,25.0,standard,1,Signed a 3 year $25 million contract with Dallas (DAL)
ellismo01,Monta Ellis,2318,"Jul 24, 2008",2008,GSW,6,66.0,standard,1,Signed a 6 year $66 million contract with Golden State (GSW)
ellismo01,Monta Ellis,2318,"Aug 05, 2005",2005,GSW,3,1.88,standard,1,Signed a 3 year $1.88 million contract with Golden State (GSW)
embiijo01,Joel Embiid,15355,"Sep 20, 2024",2024,PHI,3,187.87,maximum,1,Signed a 3 year $187.87 million maximum contract extension with Philadelphia (PHI) - includes 2028-29 Player Option
embiijo01,Joel Embiid,15355,"Aug 17, 2021",2021,PHI,4,213.28,maximum,1,Signed a 4 year $213.28 million maximum contract extension with Philadelphia (PHI) - includes 2026-27 Player Option
embiijo01,Joel Embiid,15355,"Oct 10, 2017",2017,PHI,5,147.7,maximum,1,Signed a 5 year $147.7 million maximum contract extension with Philadelphia (PHI)
embiijo01,Joel Embiid,15355,"Aug 26, 2014",2014,PHI,4,19.98,standard,1,Signed a 4 year $19.98 million contract with Philadelphia (PHI)
ennisja01,James Ennis III,13363,"Nov 25, 2020",2020,ORL,1,3.0,standard,1,Signed a 1 year $3 million contract with Orlando (ORL)
ennisja01,James Ennis III,13363,"Jul 12, 2019",2019,PHI,2,4.1,standard,1,Signed a 2 year $4.1 million contract with Philadelphia (PHI) - includes 2020 Player Option
ennisja01,James Ennis III,13363,"Jul 13, 2018",2018,HOU,2,3.47,standard,1,Signed a 2 year $3.47 million contract with Houston (HOU)
ennisja01,James Ennis III,13363,"Jul 13, 2016",2016,MEM,2,5.9,standard,1,Signed a 2 year $5.9 million contract with Memphis (MEM)
ennisja01,James Ennis III,13363,"Apr 09, 2016",2016,NOP,1,0.025,standard,1,Signed a 1 year $25k contract with New Orleans (NOP) for the remainder of the 2015-2016 season
ennisja01,James Ennis III,13363,"Jul 15, 2014",2014,MIA,3,2.33,standard,1,Signed a 3 year $2.33 million contract with Miami (MIA)
ennisty01,Tyler Ennis,6454,"Oct 08, 2021",2021,OTT,1,0.9,standard,1,"Signed a 1 year $900,000 contract with Ottawa (OTT)"
ennisty01,Tyler Ennis,6454,"Oct 09, 2020",2020,EDM,1,1.0,standard,1,Signed a 1 year $1 million contract with Edmonton (EDM)
ennisty01,Tyler Ennis,6454,"Jul 01, 2019",2019,OTT,1,0.8,standard,1,"Signed a 1 year $800,000 contract with Ottawa (OTT)"
ennisty01,Tyler Ennis,6454,"Jul 06, 2018",2018,TOR,1,0.65,standard,1,"Signed a 1 year $650,000 contract with Toronto (TOR)"
ennisty01,Tyler Ennis,6454,"Jul 16, 2014",2014,BUF,5,23.0,standard,1,Signed a 5 year $23 million contract with Buffalo (BUF)
ennisty01,Tyler Ennis,6454,"Sep 15, 2012",2012,BUF,2,5.625,standard,1,Signed a 2 year $5.625 million contract with Buffalo (BUF)
ennisty01,Tyler Ennis,6454,"Sep 16, 2009",2009,BUF,3,2.625,standard,1,Signed a 3 year $2.625 million contract with Buffalo (BUF)
eubandr01,Drew Eubanks,28052,"Jul 08, 2025",2025,SAC,1,3.08,standard,1,Signed a 1 year $3.08 million contract with Sacramento (SAC)
eubandr01,Drew Eubanks,28052,"Aug 10, 2024",2024,UTA,2,9.75,standard,1,Signed a 2 year $9.75 million contract with Utah (UTA)
eubandr01,Drew Eubanks,28052,"Jul 02, 2023",2023,PHX,2,5.0,standard,1,Signed a 2 year $5 million contract with Phoenix (PHX) - includes 2024-25 Player Option
eubandr01,Drew Eubanks,28052,"Jul 07, 2022",2022,POR,1,1.97,standard,1,Signed a 1 year $1.97 million contract with Portland (POR)
eubandr01,Drew Eubanks,28052,"Nov 23, 2020",2020,SAS,3,5.29,standard,1,Signed a 3 year $5.29 million contract with San Antonio (SAS)
evansja01,Jawun Evans,23634,"Jul 11, 2017",2017,LAC,2,2.19,standard,1,Signed a 2 year $2.19 million contract with Los Angeles (LAC) - includes 3rd Year Club Option
evansja02,Jacob Evans,26994,"Jul 02, 2018",2018,GSW,4,9.23,rookie-scale,1,Signed a 4 year $9.23 million rookie scale contract with Golden State (GSW)
evansty01,Tyreke Evans,6326,"Jul 06, 2018",2018,IND,1,12.4,standard,1,Signed a 1 year $12.4 million contract with Indiana (IND)
evansty01,Tyreke Evans,6326,"Jul 10, 2017",2017,MEM,1,3.29,standard,1,Signed a 1 year $3.29 million contract with Memphis (MEM)
evansty01,Tyreke Evans,6326,"Jul 10, 2013",2013,SAC,4,44.0,standard,1,Signed a 4 year $44 million with Sacramento (SAC) as part of a sign-and-trade with New Orleans (NOLA)
evansty01,Tyreke Evans,6326,"Jul 08, 2009",2009,SAC,2,7.49,standard,1,Signed a 2 year $7.49 million contract with Sacramento (SAC)
exumda01,Danté Exum,15357,"Aug 30, 2025",2025,DAL,1,3.3,standard,1,Signed a 1 year $3.30 million contract with Dallas (DAL)
exumda01,Danté Exum,15357,"Jul 14, 2023",2023,DAL,2,6.15,standard,1,Signed a 2 year $6.15 million contract with Dallas (DAL) - includes 2024-25 non-guaranteed
exumda01,Danté Exum,15357,"Sep 17, 2021",2021,HOU,3,8.1,standard,1,Signed a 3 year $8.1 million contract with Houston (HOU)
exumda01,Danté Exum,15357,"Jul 06, 2018",2018,UTH,3,33.0,standard,1,Signed a 3 year $33 million contract with Utah (UTH)
exumda01,Danté Exum,15357,"Jul 11, 2014",2014,UTH,2,7.39,standard,1,Signed a 2 year $7.39 million contract with Utah (UTH)
ezelife01,Festus Ezeli,10855,"Jul 07, 2016",2016,POR,2,15.13,standard,1,Signed a 2 year $15.13 million contract with Portland (POR)
ezelife01,Festus Ezeli,10855,"Jul 06, 2012",2012,GSW,2,2.09,standard,1,Signed a 2 year $2.09 million contract with Golden State (GSW)
farieke01,Kenneth Faried,8073,"Jan 21, 2019",2019,HOU,1,0.917,standard,1,Signed a 1 year $917k contract with Houston (HOU)
farieke01,Kenneth Faried,8073,"Oct 08, 2014",2014,DEN,4,50.0,extension,1,Signed a 4 year $50 million rookie extension with Denver (DEN)
farieke01,Kenneth Faried,8073,"Dec 13, 2011",2011,DEN,2,2.57,standard,1,Signed a 2 year $2.57 million contract with Denver (DEN)
favorde01,Derrick Favors,6884,"Nov 24, 2020",2020,UTH,3,29.16,standard,1,Signed a 3 year $29.16 million contract with Utah (UTH) - includes 2022 Player Option
favorde01,Derrick Favors,6884,"Jul 06, 2018",2018,UTH,2,37.6,standard,1,Signed a 2 year $37.6 million contract with Utah (UTH)
favorde01,Derrick Favors,6884,"Oct 19, 2013",2013,UTH,4,46.95,extension,1,Signed a 4 year $46.95 million contract extension (plus incentives) with Utah (UTH)
favorde01,Derrick Favors,6884,"Jul 15, 2010",2010,NJN,2,8.58,standard,1,Signed a 2 year $8.58 million contract with New Jersey (NJN)
fearsje01,Jeremiah Fears,98603,"Jul 05, 2025",2025,NOP,4,34.29,rookie-scale,1,Signed a 4 year $34.29 million Rookie Scale contract with New Orleans (NOP)
feldeka01,Kay Felder,20260,"Aug 21, 2018",2018,TOR,1,1.52,standard,1,Signed a 1 year $1.52 million contract with Toronto (TOR)
feldeka01,Kay Felder,20260,"Aug 06, 2016",2016,CLE,3,2.5,standard,1,Signed a 3 year $2.5 million contract with Cleveland (CLE)
feliccr01,Cristiano Felício,17990,"Jul 12, 2015",2015,CHI,2,1.4,standard,1,Signed a 2 year $1.4 million contract with Chicago (CHI)
feliccr01,Cristiano Felício,17990,,2017,CHI,4,32.0,standard,1,contract block
feltora01,Raymond Felton,2229,"Jul 11, 2018",2018,OKC,1,2.39,standard,1,Signed a 1 year $2.39 million contract with Oklahoma City (OKC)
feltora01,Raymond Felton,2229,"Jul 10, 2017",2017,OKC,1,2.3,standard,1,Signed a 1 year $2.3 million contract with Oklahoma City (OKC)
feltora01,Raymond Felton,2229,"Jul 25, 2016",2016,LAC,1,1.55,standard,1,Signed a 1 year $1.55 million contract with Los Angeles (LAC)
feltora01,Raymond Felton,2229,"Jul 15, 2012",2012,POR,4,14.86,standard,1,Signed a 4 year $14.86 million contract with Portland (POR)
feltora01,Raymond Felton,2229,"Jul 10, 2010",2010,NYK,2,15.8,standard,1,Signed a 2 year $15.8 million contract with New York (NYK)
feltora01,Raymond Felton,2229,"Sep 22, 2009",2009,CHA,1,5.5,standard,1,Signed a 1 year $5.5 million contract with Charlotte (CHA)
feltora01,Raymond Felton,2229,"Jul 07, 2005",2005,CHA,2,5.9,standard,1,Signed a 2 year $5.9 million contract with Charlotte (CHA)
fergute01,Terrance Ferguson,23616,"Jul 27, 2017",2017,OKC,4,10.32,rookie-scale,1,Signed a 4 year $10.32 million rookie scale contract with Oklahoma City (OKC)
fernabr01,Bruno Fernando,31593,"Oct 02, 2022",2022,HOU,4,10.9,extension,1,Signed a 4 year $10.9 million veteran contract extension with Houston (HOU) - converted Two-Way contract
fernabr01,Bruno Fernando,31593,"Jul 07, 2019",2019,ATL,3,4.7,standard,1,Signed a 3 year $4.7 million contract with Atlanta (ATL)
ferreyo01,Yogi Ferrell,20283,"Feb 07, 2017",2017,DAL,1,0.208,standard,1,Signed a 1 year $208k contract with Dallas (DAL)
ferreyo01,Yogi Ferrell,20283,"Nov 09, 2016",2016,BKN,2,1.4,standard,1,Signed a 2 year $1.4 million contract with Brooklyn (BKN)
ferreyo01,Yogi Ferrell,20283,"Aug 05, 2016",2016,BKN,1,0.543,standard,1,Signed a 1 year $543k contract with Brooklyn (BKN)
filipky01,Kyle Filipowski,91757,"Aug 12, 2024",2024,UTA,4,12.0,standard,1,Signed a 4 year $12 million contract with Utah (UTA)
finnedo01,Dorian Finney-Smith,20757,"Jul 06, 2025",2025,HOU,4,52.71,standard,1,Signed a 4 year $52.71 million contract with Houston (HOU) - includes 2028-29 Player Option
finnedo01,Dorian Finney-Smith,20757,"Feb 10, 2022",2022,DAL,4,52.0,extension,1,Signed a 4 year $52 million contract extension with Dallas (DAL)
finnedo01,Dorian Finney-Smith,20757,"Jul 11, 2019",2019,DAL,3,12.0,standard,1,Signed a 3 year $12 million contract with Dallas (DAL)
finnedo01,Dorian Finney-Smith,20757,"Jul 08, 2016",2016,DAL,3,2.5,standard,1,Signed a 3 year $2.5 million contract with Dallas (DAL)
flaggco01,Cooper Flagg,98597,"Jul 02, 2025",2025,DAL,4,62.73,rookie-scale,1,Signed a 4 year $62.73 million Rookie Scale contract with Dallas (DAL)
flemira01,Rasheer Fleming,98617,"Jul 07, 2025",2025,PHX,4,8.69,standard,1,Signed a 4 year $8.69 million contract with Phoenix (PHX) via 2nd-round exception - includes 2028-29 Club Option
flynnma01,Malachi Flynn,70671,"Nov 26, 2020",2020,TOR,4,10.02,rookie-scale,1,Signed a 4 year $10.02 million rookie scale contract with Toronto (TOR)
fontesi01,Simone Fontecchio,78654,"Jul 02, 2026",2026,MIA,1,2.63,standard,1,Signed a 1 year $2.63 million contract with Miami (MIA)
fontesi01,Simone Fontecchio,78654,"Jul 12, 2024",2024,DET,2,16.0,standard,1,Signed a 2 year $16 million contract with Detroit (DET)
fontesi01,Simone Fontecchio,78654,"Jul 27, 2022",2022,UTH,2,6.25,standard,1,Signed a 2 year $6.25 million contract with Utah (UTH)
forbebr01,Bryn Forbes,20796,"Aug 25, 2021",2021,SAS,1,4.5,standard,1,Signed a 1 year $4.5 million contract with San Antonio (SAS)
forbebr01,Bryn Forbes,20796,"Nov 24, 2020",2020,MIL,2,4.79,standard,1,Signed a 2 year $4.79 million contract with Milwaukee (MIL)
forbebr01,Bryn Forbes,20796,"Jul 20, 2018",2018,SAS,2,6.0,standard,1,Signed a 2 year $6 million contract with San Antonio (SAS)
forbebr01,Bryn Forbes,20796,"Jul 14, 2016",2016,SAS,2,1.45,standard,1,Signed a 2 year $1.45 million contract with San Antonio (SAS)
fournev01,Evan Fournier,10845,"Aug 17, 2021",2021,BOS,4,73.0,standard,1,Signed a 4 year $73 million contract with Boston (BOS) as part of a Sign-and-Trade with New York (NYK) - includes 2024 Club Option
fournev01,Evan Fournier,10845,"Jul 07, 2016",2016,ORL,5,85.0,standard,1,Signed a 5 year $85 million contract with Orlando (ORL)
fournev01,Evan Fournier,10845,"Jul 11, 2012",2012,DEN,2,2.78,standard,1,Signed a 2 year $2.78 million contract with Denver (DEN)
foxde01,De'Aaron Fox,23600,"Aug 04, 2025",2025,SAS,4,221.71,extension,1,Signed a 4 year $221.71 million contract extension with San Antonio (SAS)
foxde01,De'Aaron Fox,23600,"Nov 24, 2020",2020,SAC,5,163.0,maximum,1,Signed a 5 year $163 million maximum rookie scale contract extension with Sacramento (SAC) - includes language for 30% rookie super max
foxde01,De'Aaron Fox,23600,"Jul 07, 2017",2017,SAC,4,24.57,rookie-scale,1,Signed a 4 year $24.57 million rookie scale contract with Sacramento (SAC)
foyera01,Randy Foye,2576,"Jul 15, 2016",2016,BKN,1,2.5,standard,1,Signed a 1 year $2.5 million contract with Brooklyn (BKN)
foyera01,Randy Foye,2576,"Jul 08, 2013",2013,UTH,3,9.135,standard,1,Signed a 3 year $9.135 million contract with Utah (UTH) as part of a sign-and-trade with Denver (DEN)
foyera01,Randy Foye,2576,"Jul 24, 2012",2012,UTH,1,2.5,standard,1,Signed a 1 year $2.5 million contract with Utah (UTH)
foyera01,Randy Foye,2576,"Jul 09, 2010",2010,LAC,2,8.5,standard,1,Signed a 2 year $8.5 million contract with Los Angeles (LAC)
foyera01,Randy Foye,2576,"Jul 01, 2006",2006,MIN,2,5.08,standard,1,Signed a 2 year $5.08 million contract with Minnesota (MIN)
fraziti01,Tim Frazier,15755,"Mar 19, 2019",2019,MIL,1,0.211,standard,1,Signed a 1 year $211k contract with Milwaukee (MIL)
fraziti01,Tim Frazier,15755,"Jul 22, 2016",2016,NOP,2,4.1,standard,1,Signed a 2 year $4.1 million contract with New Orleans (NOP)
fraziti01,Tim Frazier,15755,"Mar 26, 2016",2016,NOP,1,0.094,standard,1,Signed a 1 year $94k contract with New Orleans (NOP) for the remainder of the 2015-2016 season
fraziti01,Tim Frazier,15755,"Mar 30, 2015",2015,POR,2,0.895,standard,1,Signed a 2 year $895k contract with Portland (POR)
fraziti01,Tim Frazier,15755,"Aug 20, 2014",2014,BOS,1,0.507,standard,1,Signed a 1 year $507k contract with Boston (BOS)
fryech01,Channing Frye,2674,"Jul 19, 2018",2018,CLE,1,2.39,standard,1,Signed a 1 year $2.39 million contract with Cleveland (CLE)
fryech01,Channing Frye,2674,"Jul 14, 2014",2014,ORL,4,32.0,standard,1,Signed a 4 year $32 million contract with Orlando (ORL)
fryech01,Channing Frye,2674,"Jul 03, 2010",2010,PHX,5,30.0,standard,1,Signed a 5 year $30 million contract with Phoenix (PHO)
fryech01,Channing Frye,2674,"Jul 14, 2009",2009,PHX,2,4.0,standard,1,Signed a 2 year $4 million contract with Phoenix (PHX)
fryech01,Channing Frye,2674,"Jul 02, 2005",2005,NYK,2,4.49,standard,1,Signed a 2 year $4.49 million contract with New York (NYK)
fultzma01,Markelle Fultz,23596,"Dec 21, 2020",2020,ORL,3,50.0,extension,1,Signed a 3 year $50 million rookie contract extension with Orlando (ORL) - includes 2023 $2 million guaranteed
fultzma01,Markelle Fultz,23596,"Jul 08, 2017",2017,PHI,4,37.4,rookie-scale,1,Signed a 4 year $37.4 million rookie scale contract with Philadelphia (PHI)
furphjo01,Johnny Furphy,91768,"Jul 06, 2024",2024,IND,4,8.59,standard,1,Signed a 4 year $8.59 million contract with Indiana (IND) via 2nd-round exception
gabriwe01,Wenyen Gabriel,27806,"Nov 23, 2020",2020,NOP,2,3.38,standard,1,Signed a 2 year $3.38 million contract with New Orleans (NOP)
gaffoda01,Daniel Gafford,31597,"Jul 12, 2025",2025,DAL,3,54.38,extension,1,Signed a 3 year $54.38 million veteran contract extension with Dallas (DAL)
gaffoda01,Daniel Gafford,31597,"Oct 19, 2021",2021,WAS,3,40.18,extension,1,Signed a 3 year $40.18 million contract extension with Washington (WAS)
gaffoda01,Daniel Gafford,31597,"Jul 07, 2019",2019,CHI,4,6.1,standard,1,Signed a 4 year $6.1 million contract with Chicago (CHI)
gallida01,Danilo Gallinari,6138,"Jul 12, 2022",2022,BOS,2,13.28,standard,1,Signed a 2 year $13.28 million contract with Boston (BOS)
gallida01,Danilo Gallinari,6138,"Nov 24, 2020",2020,ATL,3,61.4,standard,1,Signed a 3 year $61.4 million contract Oklahoma City (OKC) as part of a Sign-and-Trade with Atlanta (ATL)
gallida01,Danilo Gallinari,6138,"Jul 04, 2017",2017,DEN,3,64.76,standard,1,Signed a 3 year $64.76 million contract with Denver (DEN) as a part of a sign-and-trade with Los Angeles (LAC)
gallida01,Danilo Gallinari,6138,"Jul 31, 2015",2015,DEN,3,45.15,extension,1,Signed a 3 year $45.15 million extension with Denver (DEN)
gallida01,Danilo Gallinari,6138,"Jan 25, 2012",2012,DEN,4,42.0,rookie-scale,1,Signed a 4 year $42 million rookie scale extension with Denver (DEN)
gallida01,Danilo Gallinari,6138,"Jul 08, 2008",2008,NYK,2,5.96,standard,1,Signed a 2 year $5.96 million contract with New York (NYK)
gallola01,Langston Galloway,15824,"Jul 21, 2016",2016,NOP,2,10.6,standard,1,Signed a 2 year $10.6 million contract with New Orleans (NOP)
gallola01,Langston Galloway,15824,"Jan 27, 2015",2015,NYK,2,1.08,standard,1,Signed a 2 year $1.08 million contract with New York (NYK)
gallola01,Langston Galloway,15824,"Sep 09, 2014",2014,NYK,1,0.507,standard,1,Signed a 1 year $507k contract with New York (NYK)
garlada01,Darius Garland,31562,"Jul 08, 2022",2022,CLE,5,197.23,extension,1,Signed a 5 year $197.23 million Designated Rookie contract extension with Cleveland (CLE) - includes 30% cap language
garlada01,Darius Garland,31562,"Jul 01, 2019",2019,CLE,4,29.08,rookie-scale,1,Signed a 4 year $29.08 million rookie scale contract with Cleveland (CLE)
garneke01,Kevin Garnett,2214,"Jul 09, 2015",2015,MIN,2,16.5,standard,1,Signed a 2 year $16.5 million contract with Minnesota (MIN)
garneke01,Kevin Garnett,2214,"Jul 14, 2012",2012,BOS,3,36.0,standard,1,Signed a 3 year $36 million contract with Boston (BOS)
garneke01,Kevin Garnett,2214,"Jul 31, 2007",2007,MIN,3,51.3,extension,1,Signed a 3 year $51.3 million veteran extension with Minnesota (MIN)
garneke01,Kevin Garnett,2214,"Oct 01, 2003",2003,MIN,5,100.0,extension,1,Signed a 5 year $100 million veteran extension with Minnesota (MIN)
garneke01,Kevin Garnett,2214,"Oct 01, 1997",1997,MIN,6,126.0163,rookie-scale,1,Signed a 6 year $126.0163 million rookie scale extension with Minnesota (MIN)
garneke01,Kevin Garnett,2214,"Oct 02, 1995",1995,MIN,3,5.39712,standard,1,Signed 3 year $5.39712 million contract with Minnesota (MIN)
garubus01,Usman Garuba,74130,"Aug 15, 2021",2021,HOU,4,11.81,rookie-scale,1,Signed a 4 year $11.81 million rookie scale contract with Houston (HOU)
garzalu01,Luka Garza,74159,"Jul 07, 2025",2025,BOS,2,5.26,standard,1,Signed a 2 year $5.26 contract with Boston (BOS)
garzalu01,Luka Garza,74159,"Jul 05, 2024",2024,MIN,2,4.51,standard,1,Signed a 2 year $4.51 million contract with Minnesota (MIN) - includes 2025-26 Club Option
garzalu01,Luka Garza,74159,"Sep 24, 2021",2021,DET,2,2.49,standard,1,Signed a 2 year $2.49 million contract with Detroit (DET) - includes 2022-23 Club Option
gasolma01,Marc Gasol,6122,"Nov 24, 2020",2020,LAL,2,5.26,standard,1,Signed a 2 year $5.26 million contract with Los Angeles (LAL)
gasolma01,Marc Gasol,6122,"Jul 13, 2015",2015,MEM,5,113.2,standard,1,Signed a 5 year $113.2 million contract with Memphis (MEM)
gasolma01,Marc Gasol,6122,"Dec 12, 2011",2011,MEM,4,57.5,standard,1,Signed a 4 year $57.5 million contract with Memphis (MEM)
gasolma01,Marc Gasol,6122,"Jul 09, 2008",2008,MEM,3,9.8,standard,1,Signed a 3 year $9.8 million contract with Memphis (MEM)
gasolpa01,Pau Gasol,2518,"Jul 24, 2019",2019,POR,1,2.56,standard,1,Signed a 1 year $2.56 million contract with Portland (POR)
gasolpa01,Pau Gasol,2518,"Mar 03, 2019",2019,MIL,1,0.527,standard,1,Signed a 1 year $527k contract with Milwaukee (MIL)
gasolpa01,Pau Gasol,2518,"Jul 21, 2017",2017,SAS,3,48.8,standard,1,Signed a 3 year $48.8 million contract with San Antonio (SAS)
gasolpa01,Pau Gasol,2518,"Jul 14, 2016",2016,SAS,2,31.7,standard,1,Signed a 2 year $31.7 million contract with San Antonio (SAS)
gasolpa01,Pau Gasol,2518,"Jul 18, 2014",2014,CHI,3,22.3,standard,1,Signed a 3 year $22.3 million contract with Chicago (CHI)
gasolpa01,Pau Gasol,2518,"Dec 23, 2009",2009,LAL,3,57.0,extension,1,Signed a 3 year $57 million veteran extension with Los Angeles (LAL)
gasolpa01,Pau Gasol,2518,"Sep 06, 2001",2001,MEM,3,8.78,standard,1,Signed a 3 year $8.78 million contract with Memphis (MEM)
gayru01,Rudy Gay,2534,"Aug 06, 2021",2021,UTH,2,18.55,standard,1,Signed a 2 year $18.55 million contract with Utah (UTH) - includes 2023-24 Player Option
gayru01,Rudy Gay,2534,"Jul 08, 2019",2019,SAS,2,32.0,standard,1,Signed a 2 year $32 million contract with San Antonio (SAS)
gayru01,Rudy Gay,2534,"Jul 11, 2018",2018,SAS,,10.0,standard,1,Signed a 1 yr $10 million contract with San Antonio (SAS)
gayru01,Rudy Gay,2534,"Jul 06, 2017",2017,SAS,2,17.2,standard,1,Signed a 2 year $17.2 million contract with San Antonio (SAS)
gayru01,Rudy Gay,2534,"Nov 18, 2014",2014,SAC,3,40.0,extension,1,Signed a 3 year $40 million veteran extension with Sacramento (SAC)
gayru01,Rudy Gay,2534,"Jul 08, 2010",2010,MEM,5,82.3,standard,1,Signed a 5 year $82.3 million contract with Memphis (MEM)
gayru01,Rudy Gay,2534,"Jul 12, 2006",2006,MEM,2,4.65,standard,1,Signed a 2 year $4.65 million contract with Memphis (MEM)
geeal01,Alonzo Gee,6486,"Nov 16, 2016",2016,DEN,1,1.15,standard,1,Signed a 1 year $1.15 million contract with Denver (DEN)
geeal01,Alonzo Gee,6486,"Jul 21, 2016",2016,NOP,1,1.4,standard,1,Signed a 1 year $1.4 million contract with New Orleans (NOP)
geeal01,Alonzo Gee,6486,"Jul 16, 2015",2015,NOP,2,2.7,standard,1,Signed a 2 year $2.7 million contract with New Orleans (NOP)
geeal01,Alonzo Gee,6486,"Sep 30, 2014",2014,DEN,1,1.06,standard,1,Signed a 1 year $1.06 million contract with Denver (DEN) - camp invite
geeal01,Alonzo Gee,6486,"Dec 28, 2010",2010,CLE,2,1.39,standard,1,Signed a 2 year $1.39 million contract with Cleveland (CLE)
georgke01,Keyonte George,82209,"Jul 02, 2023",2023,UTA,4,18.82,rookie-scale,1,Signed a 4 year $18.82 million rookie scale contract with Utah (UTA)
georgky01,Kyshawn George,91765,"Jul 06, 2024",2024,WAS,4,14.34,rookie-scale,1,Signed a 4 year $14.34 million rookie scale contract with Washington (WAS)
georgpa01,Paul George,6892,"Jul 06, 2024",2024,PHI,4,211.58,maximum,1,Signed a 4 year $211.58 million maximum contract with Philadelphia (PHI) - includes 2027-28 Player Option and 15% Trade Bonus
georgpa01,Paul George,6892,"Dec 10, 2020",2020,LAC,4,176.0,maximum,1,Signed a 4 year $176 million maximum contract extension with Los Angeles (LAC)
georgpa01,Paul George,6892,"Jul 06, 2018",2018,OKC,4,136.9,maximum,1,Signed a 4 year $136.9 million maximum contract with Oklahoma City (OKC); includes 4th Year Player Option
georgpa01,Paul George,6892,"Sep 25, 2013",2013,IND,5,91.57,maximum,1,Signed a 5 year $91.57 million maximum contract extension with Indiana (IND)
georgpa01,Paul George,6892,"Jul 01, 2010",2010,IND,4,10.5,standard,1,Signed a 4 year $10.5 million contract with Indiana (IND)
gibsota01,Taj Gibson,6278,"Feb 26, 2026",2026,MEM,2,4.78,standard,1,Signed a 2 year $4.78 million Rest-of-Season contract with Memphis (MEM)
gibsota01,Taj Gibson,6278,"Jul 13, 2024",2024,CHA,1,3.3,standard,1,Signed a 1 year $3.3 million contract with Charlotte (CHA)
gibsota01,Taj Gibson,6278,"Jul 19, 2022",2022,NYK,1,2.91,standard,1,Signed a 1 year $2.91 million contract with New York (NYK)
gibsota01,Taj Gibson,6278,"Aug 18, 2021",2021,NYK,2,10.1,standard,1,Signed a 2 year $10.1 million contract with New York (NYK)
gibsota01,Taj Gibson,6278,"Jan 07, 2021",2021,NYK,1,2.28,standard,1,Signed a 1 year $2.28 million Rest-of-Season contract with New York (NYK)
gibsota01,Taj Gibson,6278,"Jul 08, 2019",2019,NYK,2,20.0,standard,1,Signed a 2 year $20 million contract with New York (NYK) - includes 2020 Club Option
gibsota01,Taj Gibson,6278,"Jul 10, 2017",2017,MIN,2,28.0,standard,1,Signed a 2 year $28 million contract with Minnesota (MIN)
gibsota01,Taj Gibson,6278,"Oct 31, 2012",2012,CHI,4,33.0,rookie-scale,1,Signed a 4 year $33 million rookie scale extension with Chicago (CHI)
gibsota01,Taj Gibson,6278,"Jul 08, 2009",2009,CHI,2,2.15,standard,1,Signed a 2 year $2.15 million contract with Chicago (CHI)
giddejo01,Josh Giddey,74113,"Sep 24, 2025",2025,CHI,4,100.0,standard,1,Signed a 4 year $100 million contract with Chicago (CHI)
giddejo01,Josh Giddey,74113,"Aug 07, 2021",2021,OKC,4,27.21,rookie-scale,1,Signed a 4 year $27.21 million rookie scale contract with Oklahoma City (OKC)
gilesha01,Harry Giles,23615,"Nov 22, 2020",2020,POR,1,1.68,standard,1,Signed a 1 year $1.68 million contract with Portland (POR)
gilesha01,Harry Giles,23615,"Jul 03, 2017",2017,SAC,4,10.62,rookie-scale,1,Signed a 4 year $10.62 million rookie scale contract with Sacramento (SAC)
gilgesh01,Shai Gilgeous-Alexander,26977,"Jul 07, 2025",2025,OKC,4,271.66,extension,1,"Signed a 4 year $271.66 million Designated Veteran contract extension with Oklahoma City (OKC) - includes 2030-31 Player Option; based on $173,746,000 cap"
gilgesh01,Shai Gilgeous-Alexander,26977,"Aug 06, 2021",2021,OKC,5,179.3,maximum,1,Signed a 5 year $179.3 million rookie maximum contract extension with Oklahoma City (OKC)
gilgesh01,Shai Gilgeous-Alexander,26977,"Jul 04, 2018",2018,LAC,4,16.97,rookie-scale,1,Signed a 4 year $16.97 million rookie scale contract with Los Angeles (LAC)
gillan01,Anthony Gill,70741,"Aug 07, 2025",2025,WAS,1,2.67,standard,1,Signed a 1 year $2.67 million contract with Washington (WAS)
gillan01,Anthony Gill,70741,"Jul 25, 2024",2024,WAS,2,4.78,standard,1,Signed a 2 year $4.78 million contract with Washington (WAS)
gillan01,Anthony Gill,70741,"Jul 01, 2022",2022,WAS,2,3.83,standard,1,Signed a 2 year $3.83 million contract with Washington (WAS)
gillan01,Anthony Gill,70741,"Nov 30, 2020",2020,WAS,2,2.4,standard,1,Signed a 2 year $2.4 million contract with Washington (WAS)
gilleco01,Collin Gillespie,78276,"Jul 07, 2026",2026,PHX,4,48.0,standard,1,Signed a 4 year $48 million contract with Phoenix (PHX)
gilleco01,Collin Gillespie,78276,"Jul 02, 2025",2025,PHX,1,2.38,standard,1,Signed a 1 year $2.38 million contract with Phoenix (PHX)
gillefr01,Freddie Gillespie,70712,"Apr 28, 2021",2021,TOR,2,3.7,standard,1,Signed a 2 year $3.7 million Rest-of-Season contract with Toronto (TOR)
ginobma01,Manu Ginóbili,2705,"Jul 14, 2016",2016,SAS,1,14.0,standard,1,Signed a 1 year $14 million contract with San Antonio (SAS)
ginobma01,Manu Ginóbili,2705,"Jul 20, 2015",2015,SAS,2,5.75,standard,1,Signed a 2 year $5.75 million contract with San Antonio (SAS)
ginobma01,Manu Ginóbili,2705,"Jul 11, 2013",2013,SAS,2,14.5,standard,1,Signed a 2 year $14.5 million contract with San Antonio (SAS)
ginobma01,Manu Ginóbili,2705,"Jul 15, 2004",2004,SAS,6,52.0,standard,1,Signed a 6 year $52 million contract with San Antonio (SAS)
ginobma01,Manu Ginóbili,2705,"Jul 18, 2002",2002,SAS,2,2.782,standard,1,Signed a 2 year $2.782 million contract with San Antonio (SAS)
goberru01,Rudy Gobert,13340,"Oct 24, 2024",2024,MIN,3,109.5,extension,1,Signed a 3 year $109.5 million veteran contract extension with Minnesota (MIN) - includes 2027-28 Player Option
goberru01,Rudy Gobert,13340,"Dec 20, 2020",2020,UTH,5,205.0,extension,1,Signed a 5 year $205 million contract extension with Utah (UTH) - includes 2025 Player Option
goberru01,Rudy Gobert,13340,"Oct 31, 2016",2016,UTH,4,102.0,extension,1,Signed a 4 year $102 million contract extension with Utah (UTH)
goberru01,Rudy Gobert,13340,"Jul 06, 2013",2013,UTH,4,5.5,standard,1,Signed a 4 year $5.5 million contract with Utah (UTH)
gonzahu01,Hugo González,98623,"Jul 01, 2025",2025,BOS,4,14.3,rookie-scale,1,Signed a 4 year $14.30 million Rookie Scale contract with Boston (BOS)
goodwar01,Archie Goodwin,13342,"Apr 04, 2017",2017,BKN,2,1.65,standard,1,Signed a 2 year $1.65 million contract with Brooklyn (BKN)
goodwar01,Archie Goodwin,13342,"Nov 07, 2016",2016,NOP,2,2.03,standard,1,Signed a 2 year $2.03 million contract with New Orleans (NOP)
goodwar01,Archie Goodwin,13342,"Jul 14, 2013",2013,PHX,2,2.18,standard,1,Signed a 2 year $2.18 million contract with Phoenix (PHX)
goodwjo01,Jordan Goodwin,74333,"Jul 07, 2026",2026,PHX,3,19.0,standard,1,Signed a 3 year $19 million contract with Phoenix (PHX)
goodwjo01,Jordan Goodwin,74333,"Feb 24, 2023",2023,WAS,3,4.92,two-way,1,Signed a 3 year $4.92 million Rest-of-Season contract with Washington (WAS) - converted Two-Way contract and includes 2023-24 and 2024-25 partially guaranteed
gordoaa01,Aaron Gordon,15356,"Oct 21, 2024",2024,DEN,3,103.6,extension,1,Signed a 3 year $103.6 million veteran contract extension with Denver (DEN) - includes 2028-29 Player Option and 3% Trade Bonus
gordoaa01,Aaron Gordon,15356,"Sep 27, 2021",2021,DEN,4,86.6,extension,1,Signed a 4 year $86.6 million contract extension with Denver (DEN) - includes 2025-26 Player Option
gordoaa01,Aaron Gordon,15356,"Jul 06, 2018",2018,ORL,4,80.0,standard,1,Signed a 4 year $80 million contract with Orlando (ORL)
gordoaa01,Aaron Gordon,15356,"Jul 02, 2014",2014,ORL,2,8.16,standard,1,Signed a 2 year $8.16 million contract with Orlando (ORL)
gordoer01,Eric Gordon,6116,"Jul 02, 2025",2025,PHI,1,6.36,standard,1,Signed a 1 year $6.36 million contract with Philadelphia (PHI)
gordoer01,Eric Gordon,6116,"Jul 10, 2024",2024,PHI,2,6.77,standard,1,Signed a 2 year $6.77 million a contract with Philadelphia (PHI) - includes 2025-26 Player Option
gordoer01,Eric Gordon,6116,"Jul 06, 2023",2023,PHX,2,6.55,standard,1,Signed a 2 year $6.55 million contract with Phoenix (PHX)
gordoer01,Eric Gordon,6116,"Sep 03, 2019",2019,HOU,4,75.6,extension,1,Signed a 4 year $75.6 million veteran contract extension with Houston (HOU) - includes 2023 non-guaranteed
gordoer01,Eric Gordon,6116,"Jul 09, 2016",2016,HOU,4,53.0,standard,1,Signed a 4 year $53 million contract with Houston (HOU)
gordoer01,Eric Gordon,6116,"Jul 14, 2012",2012,NOH,4,58.4,standard,1,Signed a 4 year $58.4 million contract with New Orleans (NOH)
gordoer01,Eric Gordon,6116,"Jul 02, 2008",2008,LAC,2,5.44,standard,1,Signed a 2 year $5.44 million contract with Los Angeles (LAC)
gortama01,Marcin Gortat,2639,"Jul 10, 2014",2014,WAS,5,60.0,standard,1,Signed a 5 year $60 million contract with Washington (WAS)
gortama01,Marcin Gortat,2639,"Jul 08, 2009",2009,DAL,5,34.0,standard,1,Signed a 5 year $34 million contract with Dallas (DAL)
gortama01,Marcin Gortat,2639,"Aug 02, 2007",2007,ORL,2,1.13,standard,1,Signed a 2 year $1.13 million contract with Orlando (ORL)
grahade01,Devonte' Graham,27000,"Jul 31, 2024",2024,POR,1,2.61,standard,1,Signed a 1 year $2.61 million contract with Portland (POR)
grahade01,Devonte' Graham,27000,"Aug 07, 2021",2021,CHA,4,47.3,standard,1,Signed a 4 year $47.3 million contract with Charlotte (CHA) as part of a Sign-and-Trade with New Orleans (NOP)
grahade01,Devonte' Graham,27000,"Jul 06, 2018",2018,CHA,3,4.07,standard,1,Signed a 3 year $4.07 million contract with Charlotte (CHA)
grahatr01,Treveon Graham,18124,"Jul 30, 2018",2018,BKN,2,3.16,standard,1,Signed a 2 year $3.16 million contract with Brooklyn (BKN)
grahatr01,Treveon Graham,18124,"Jul 26, 2016",2016,CHA,1,0.543,standard,1,Signed a 1 year $543k contract with Charlotte (CHA)
grahatr01,Treveon Graham,18124,"Aug 17, 2015",2015,UTH,1,0.525,standard,1,Signed a 1 year $525k contract with Utah (UTH)
grantje01,Jerami Grant,15391,"Jul 09, 2023",2023,POR,5,160.0,standard,1,Signed a 5 year $160 million contract with Portland (POR) - includes 2027-28 Player Option
grantje01,Jerami Grant,15391,"Nov 22, 2020",2020,DEN,3,60.0,standard,1,Signed a 3 year $60 million contract with Denver (DEN) as part of a Sign-and-Trade with Detroit (DET)
grantje01,Jerami Grant,15391,"Jul 10, 2018",2018,OKC,3,27.0,standard,1,Signed a 3 year $27 million contract with Oklahoma City (OKC); includes 3rd Year Player Option
grantje01,Jerami Grant,15391,"Sep 29, 2014",2014,PHI,3,2.7,standard,1,Signed a 3 year $2.7 million contract with Philadelphia (PHI) - includes 4th Year Club Option
grantje02,Jerian Grant,17847,"Nov 30, 2020",2020,HOU,2,4.0,standard,1,Signed a 2 year $4 million contract with Houston (HOU)
grantje02,Jerian Grant,17847,"Jul 30, 2015",2015,NYK,2,3.22,standard,1,Signed a 2 year $3.22 million contract with New York (NYK)
greenaj01,A.J. Green,78250,"Oct 17, 2025",2025,MIL,4,45.0,extension,1,Signed a 4 year $45 million contract extension with Milwaukee (MIL)
greenaj01,A.J. Green,78250,"Jul 07, 2023",2023,MIL,3,6.32,standard,1,Signed a 3 year $6.32 million contract with Milwaukee (MIL)
greenda02,Danny Green,6277,"Sep 13, 2023",2023,PHI,1,3.2,standard,1,Signed a 1 year $3.20 million contract with Philadelphia (PHI)
greenda02,Danny Green,6277,"Aug 07, 2021",2021,PHI,2,20.0,standard,1,Signed a 2 year $20 million contract with Philadelphia (PHI)
greenda02,Danny Green,6277,"Jul 14, 2015",2015,SAS,4,40.0,extension,1,Signed a 4 year $40 million extension with San Antonio (SAS)
greenda02,Danny Green,6277,"Jul 16, 2012",2012,SAS,3,11.2875,standard,1,Signed a 3 year $11.2875 million contract with San Antonio (SAS)
greenda02,Danny Green,6277,"Mar 16, 2011",2011,SAS,2,0.948,standard,1,Signed a 2 year $948k contract with San Antonio (SAS)
greenda02,Danny Green,6277,"Nov 17, 2010",2010,SAS,2,1.62,standard,1,Signed a 2 year $1.62 million contract with San Antonio (SAS)
greenda02,Danny Green,6277,"Aug 25, 2009",2009,CLE,2,1.21,standard,1,Signed a 2 year $1.21 million contract with Cleveland (CLE)
greendr01,Draymond Green,10860,"Jul 29, 2026",2026,GSW,1,27.7,standard,1,Signed a 1 year $27.7 million contract with Golden State (GSW)
greendr01,Draymond Green,10860,"Jul 08, 2023",2023,GSW,4,100.0,standard,1,Signed a 4 year $100 million contract with Golden State (GSW) - includes 2026-27 Player Option
greendr01,Draymond Green,10860,"Aug 03, 2019",2019,GSW,4,99.67,extension,1,Signed a 4 year $99.67 million contract extension with Golden State (GSW)
greendr01,Draymond Green,10860,"Jul 30, 2012",2012,GSW,3,2.64,standard,1,Signed a 3 year $2.64 million contract with Golden State (GSW)
greenge01,Gerald Green,6100,"Nov 30, 2020",2020,HOU,1,2.56,standard,1,Signed a 1 year $2.56 million contract with Houston (HOU) - non-guaranteed
greenge01,Gerald Green,6100,"Jul 09, 2018",2018,HOU,,2.4,standard,1,Signed a 1 yr $2.4 million contract with Houston (HOU)
greenge01,Gerald Green,6100,"Dec 28, 2017",2017,HOU,1,1.38,standard,1,Signed a 1 year $1.38 million contract with Houston (HOU)
greenge01,Gerald Green,6100,"Jul 27, 2016",2016,BOS,1,1.4,standard,1,Signed a 1 year $1.4 million contract with Boston (BOS)
greenge01,Gerald Green,6100,"Jul 09, 2015",2015,MIA,1,1.35,standard,1,Signed a 1 year $1.35 million contract with Miami (MIA)
greenge01,Gerald Green,6100,"Jul 12, 2012",2012,IND,3,10.5,standard,1,Signed a 3 year $10.5 million contract with Indiana (IND)
greenge01,Gerald Green,6100,"Jul 02, 2008",2008,DAL,,0.854957,standard,1,"Signed a $854,957 contract with Dallas (DAL)"
greenge01,Gerald Green,6100,"Jul 03, 2005",2005,BOS,2,2.6,standard,1,Signed a 2 year $2.6 million contract with Boston (BOS)
greenja01,JaMychal Green,11666,"Aug 19, 2021",2021,DEN,2,16.4,standard,1,Signed a 2 year $16.4 million contract with Denver (DEN)
greenja01,JaMychal Green,11666,"Nov 30, 2020",2020,DEN,2,14.76,standard,1,Signed a 2 year $14.76 million contract with Denver (DEN)
greenja01,JaMychal Green,11666,"Jul 18, 2019",2019,LAC,2,9.77,standard,1,Signed a 2 year $9.77 million contract with Los Angeles (LAC) - 2020 Player Option
greenja01,JaMychal Green,11666,"Sep 27, 2017",2017,MEM,2,16.2,standard,1,Signed a 2 year $16.2 million contract with Memphis (MEM)
greenja01,JaMychal Green,11666,"Aug 05, 2014",2014,SAS,2,1.35,standard,1,Signed a 2 year $1.35 million contract with San Antonio (SAS)
greenja01,JaMychal Green,11666,"Sep 25, 2013",2013,LAC,1,0.49018,standard,1,"Signed a 1 year $490,180 contract with Los Angeles (LAC)"
greenja02,Javonte Green,32409,"Jul 08, 2026",2026,DET,1,3.94,standard,1,Signed a 1 year $3.94 million contract with Detroit (DET)
greenja02,Javonte Green,32409,"Aug 14, 2025",2025,DET,1,2.87,standard,1,Signed a 1 year $2.87 million contract with Detroit (DET)
greenja02,Javonte Green,32409,"Aug 22, 2024",2024,NOP,1,2.43,standard,1,Signed a 1 year $2.43 million contract with New Orleans (NOP)
greenja02,Javonte Green,32409,"Aug 11, 2021",2021,CHI,2,3.48,standard,1,Signed a 2 year $3.48 million contract with Chicago (CHI)
greenja02,Javonte Green,32409,"Jul 18, 2019",2019,BOS,2,2.4,standard,1,Signed a 2 year $2.4 million contract with Boston (BOS)
greenja05,Jalen Green,74109,"Oct 21, 2024",2024,HOU,3,105.33,rookie-scale,1,Signed a 3 year $105.33 million Rookie Scale contract extension with Houston (HOU) - includes 2027-28 Player Option
greenja05,Jalen Green,74109,"Aug 04, 2021",2021,HOU,4,40.8,rookie-scale,1,Signed a 4 year $40.8 million rookie scale contract with Houston (HOU)
greenje02,Jeff Green,2720,"Jul 09, 2025",2025,HOU,1,3.63,standard,1,Signed a 1 year $3.63 million contract with Houston (HOU)
greenje02,Jeff Green,2720,"Jul 06, 2023",2023,HOU,2,16.0,standard,1,Signed a 2 year $16 million contract with Houston (HOU) - includes 2024-25 Club Option
greenje02,Jeff Green,2720,"Aug 11, 2021",2021,DEN,2,9.0,standard,1,Signed a 2 year $9 million contract with Denver (DEN)
greenje02,Jeff Green,2720,"Nov 23, 2020",2020,BKN,1,2.56,standard,1,Signed a 1 year $2.56 million contract with Brooklyn (BKN)
greenje02,Jeff Green,2720,"Jul 20, 2019",2019,UTH,1,2.56,standard,1,Signed a 1 year $2.56 million contract with Utah (UTH)
greenje02,Jeff Green,2720,"Jul 10, 2018",2018,WAS,1,2.39,standard,1,Signed a 1 year $2.39 million contract with Washington (WAS)
greenje02,Jeff Green,2720,"Jul 11, 2017",2017,CLE,1,2.3,standard,1,Signed a 1 year $2.3 million contract with Cleveland (CLE)
greenje02,Jeff Green,2720,"Jul 07, 2016",2016,ORL,1,15.0,standard,1,Signed a 1 year $15 million contract with Orlando (ORL)
greenje02,Jeff Green,2720,"Aug 22, 2012",2012,BOS,4,35.2,standard,1,Signed a 4 year $35.2 million contract with Boston (BOS)
greenje02,Jeff Green,2720,"Dec 10, 2011",2011,BOS,1,9.0,standard,1,Signed a 1 year $9 million contract with Boston (BOS)
greenje02,Jeff Green,2720,"Jul 02, 2007",2007,SEA,2,6.35,standard,1,Signed 2 year $6.35 million contract with Seattle (SEA)
greenjo02,Josh Green,70660,"Oct 23, 2023",2023,DAL,3,41.0,extension,1,Signed a 3 year $41 million rookie contract extension with Dallas (DAL)
greenjo02,Josh Green,70660,"Nov 30, 2020",2020,DAL,4,13.64,rookie-scale,1,Signed a 4 year $13.64 million rookie scale contract with Dallas (DAL)
griffaj01,AJ Griffin,78119,"Jul 03, 2022",2022,ATL,4,17.1,rookie-scale,1,Signed a 4 year $17.1 million Rookie Scale contract with Atlanta (ATL)
griffbl01,Blake Griffin,6501,"Oct 03, 2022",2022,BOS,1,2.91,standard,1,Signed a 1 year $2.91 million contract with Boston (BOS)
griffbl01,Blake Griffin,6501,"Aug 09, 2021",2021,BKN,1,2.64,standard,1,Signed a 1 year $2.64 million contract with Brooklyn (BKN)
griffbl01,Blake Griffin,6501,"Jul 17, 2017",2017,LAC,5,171.2,standard,1,Signed a 5 year $171.2 million contract with Los Angeles (LAC)
griffbl01,Blake Griffin,6501,"Jul 11, 2012",2012,LAC,5,94.5,maximum,1,Signed a 5 year $94.5 million maximum rookie scale extension with Los Angeles (LAC)
griffbl01,Blake Griffin,6501,"Jul 08, 2009",2009,LAC,4,23.3,standard,1,Signed a 4 year $23.30 million contract with Los Angeles (LAC)
grimequ01,Quentin Grimes,74132,"Jul 07, 2026",2026,LAL,4,60.0,standard,1,Signed a 4 year $60 million contract with Los Angeles (LAL) - includes 2029-30 Player Option
grimequ01,Quentin Grimes,74132,"Oct 01, 2025",2025,PHI,1,8.74,standard,1,Signed a 1 year $8.74 million Qualifying Offer contract with Philadelphia (PHI)
grimequ01,Quentin Grimes,74132,"Aug 06, 2021",2021,NYK,4,11.13,rookie-scale,1,Signed a 4 year $11.13 million rookie scale contract with New York (NYK)
gueyemo02,Mouhamed Gueye,84468,"Jul 03, 2023",2023,ATL,4,7.64,standard,1,Signed a 4 year $7.64 million contract with Atlanta (ATL) - includes 2026-27 Club Option
hachiru01,Rui Hachimura,31566,"Jul 06, 2026",2026,LAC,2,28.0,standard,1,Signed a 2 year $28 million contract with LA Clippers (LAC) - includes 2027-28 Team Option
hachiru01,Rui Hachimura,31566,"Jul 06, 2023",2023,LAL,3,51.0,standard,1,Signed a 3 year $51 million contract with Los Angeles (LAL)
hachiru01,Rui Hachimura,31566,"Jul 01, 2019",2019,WAS,4,20.34,rookie-scale,1,Signed a 4 year $20.34 million rookie scale contract with Washington (WAS)
hairspj02,P.J. Hairston,15378,"Aug 22, 2014",2014,CHA,2,2.35,standard,1,Signed a 2 year $2.35 million contract with Charlotte (CHA)
halibty01,Tyrese Haliburton,70654,"Jul 01, 2023",2023,IND,5,244.62,extension,1,Signed a 5 year $244.62 million Designated Rookie contract extension with Indiana (IND)
halibty01,Tyrese Haliburton,70654,"Nov 26, 2020",2020,SAC,4,17.88,rookie-scale,1,Signed a 4 year $17.88 million rookie scale contract with Sacramento (SAC)
hamilju01,Justin Hamilton,10870,"Jul 11, 2016",2016,BKN,2,6.0,standard,1,Signed a 2 year $6 million contract with Brooklyn (BKN)
hamilju01,Justin Hamilton,10870,"Mar 14, 2014",2014,MIA,2,0.914518,standard,1,"Signed 2 year $914,518 contract with Miami (MIA)"
hamilju01,Justin Hamilton,10870,"Sep 10, 2013",2013,MIA,1,0.49018,standard,1,"Signed a 1 year $490,180 contract with Miami (MIA)"
hamptrj01,R.J. Hampton,70666,"Feb 23, 2023",2023,DET,2,2.48,standard,1,Signed a 2 year $2.48 million Rest-of-Season contract with Detroit (DET) - includes 2023-24 non-guaranteed
hamptrj01,R.J. Hampton,70666,"Nov 30, 2020",2020,DEN,4,11.13,rookie-scale,1,Signed a 4 year $11.13 million rookie scale contract with Denver (DEN)
hardati02,Tim Hardaway Jr.,13337,"Jul 06, 2026",2026,MIA,1,6.07,standard,1,Signed a 1 year $6.07 million contract with Miami (MIA)
hardati02,Tim Hardaway Jr.,13337,"Jul 10, 2025",2025,DEN,1,3.63,standard,1,Signed a 1 year $3.63 million contract with Denver (DEN)
hardati02,Tim Hardaway Jr.,13337,"Aug 09, 2021",2021,DAL,4,75.0,standard,1,Signed a 4 year $75 million contract with Dallas (DAL)
hardati02,Tim Hardaway Jr.,13337,"Jul 06, 2017",2017,NYK,4,70.95,standard,1,Signed a 4 year $70.95 million Offer Sheet with New York (NYK); Atlanta (ATL) can match
hardati02,Tim Hardaway Jr.,13337,"Jul 08, 2013",2013,NYK,2,2.45,standard,1,Signed a 2 year $2.45 million contract with New York (NYK)
hardeja01,James Harden,6312,"Jul 06, 2025",2025,LAC,2,81.5,standard,1,Signed a 2 year $81.5 million contract with LA Clippers (LAC) - includes 2026-27 Player Option
hardeja01,James Harden,6312,"Jul 09, 2024",2024,LAC,2,70.0,standard,1,Signed a 2 year $70 million contract with LA Clippers (LAC) - includes 2025-26 Player Option and 15% Trade Bonus
hardeja01,James Harden,6312,"Jul 27, 2022",2022,PHI,2,68.64,standard,1,Signed a 2 year $68.64 million contract with Philadelphia (PHI) - includes 2023-24 Player Option
hardeja01,James Harden,6312,"Jul 08, 2017",2017,HOU,4,171.0,extension,1,Signed a 4 year $171 million contract extension (Designated Veteran Player Extension) with Houston (HOU)
hardeja01,James Harden,6312,"Jul 09, 2016",2016,HOU,4,118.0,maximum,1,Signed a 4 year $118 million maximum contract extension with Houston (HOU)
hardeja01,James Harden,6312,"Oct 31, 2012",2012,HOU,5,78.78,maximum,1,Signed a 5 year $78.78 million maximum rookie contract extension with Houston (HOU)
hardeja01,James Harden,6312,"Jul 06, 2009",2009,OKC,2,4.76,standard,1,Signed a 2 year $4.76 million contract with Oklahoma City (OKC)
hardyja02,Jaden Hardy,78130,"Oct 22, 2024",2024,DAL,3,18.0,extension,1,Signed a 3 year $18 million veteran contract extension with Dallas (DAL) - includes 2027-28 Club Option
hardyja02,Jaden Hardy,78130,"Jul 06, 2022",2022,DAL,3,4.76,standard,1,Signed a 3 year $4.76 million contract with Dallas (DAL)
harklej01,Elijah Harkless,95564,,2026,DET,1,0.678882,standard,1,current contract
harklma01,Maurice Harkless,10823,"Aug 07, 2021",2021,SAC,2,9.0,standard,1,Signed a 2 year $9 million contract with Sacramento (SAC)
harklma01,Maurice Harkless,10823,"Nov 23, 2020",2020,MIA,1,3.6,standard,1,Signed a 1 year $3.6 million contract with Miami (MIA)
harklma01,Maurice Harkless,10823,"Jul 27, 2016",2016,POR,4,42.0,standard,1,Signed a 4 year $42 million contract with Portland (POR)
harklma01,Maurice Harkless,10823,"Jul 09, 2012",2012,PHI,2,3.54,standard,1,Signed a 2 year $3.54 million contract with Philadelphia (PHI)
harpedy01,Dylan Harper,98598,"Jul 03, 2025",2025,SAS,4,56.14,rookie-scale,1,Signed a 4 year $56.14 million Rookie Scale contract with San Antonio (SAS)
harremo01,Montrezl Harrell,17860,"Jul 17, 2023",2023,PHI,1,2.89,standard,1,Signed a 1 year $2.89 million contract with Philadelphia (PHI)
harremo01,Montrezl Harrell,17860,"Sep 13, 2022",2022,PHI,2,5.22,standard,1,Signed a 2 year $5.22 million contract with Philadelphia (PHI) - includes 2023-24 Player Option
harremo01,Montrezl Harrell,17860,"Nov 22, 2020",2020,LAL,2,18.98,standard,1,Signed a 2 year $18.98 million contract with Los Angeles (LAL) - includes 2021 Player Option
harremo01,Montrezl Harrell,17860,"Jul 24, 2018",2018,LAC,2,12.0,standard,1,Signed a 2 year $12 million contract with Los Angeles (LAC)
harremo01,Montrezl Harrell,17860,"Sep 18, 2015",2015,HOU,3,3.14,standard,1,Signed a 3 year $3.14 million contract with Houston (HOU)
harrian01,Andrew Harrison,17872,"Jul 12, 2016",2016,MEM,3,3.0,standard,1,Signed a 3 year $3 million contract with Memphis (MEM)
harride01,Devin Harris,2592,"Aug 08, 2018",2018,DAL,1,2.4,standard,1,Signed a 1 year $2.4 million contract with Dallas (DAL)
harride01,Devin Harris,2592,"Jul 17, 2014",2014,DAL,4,16.56,standard,1,Signed a 4 year $16.56 million contract with Dallas (DAL)
harride01,Devin Harris,2592,"Jul 31, 2013",2013,DAL,1,1.27,standard,1,Signed a 1 year $1.27 million contract with Dallas (DAL)
harride01,Devin Harris,2592,"Sep 21, 2007",2007,DAL,5,43.0,extension,1,Signed a 5 year $43 million rookie contract extension with Dallas (DAL)
harride01,Devin Harris,2592,"Jul 02, 2004",2004,DAL,3,8.842,standard,1,Signed a 3 year $8.842 million contract with Dallas (DAL)
harriga01,Gary Harris,15371,"Jul 08, 2025",2025,MIL,2,7.45,standard,1,Signed a 2 year $7.45 million contract with Milwaukee (MIL) - includes 2026-27 Player Option
harriga01,Gary Harris,15371,"Jul 01, 2024",2024,ORL,2,15.0,standard,1,Signed a 2 year $15 million contract with Orlando (ORL) - includes 2025-26 Club Option
harriga01,Gary Harris,15371,"Jun 30, 2022",2022,ORL,2,26.0,extension,1,Signed a 2 year $26 million contract extension with Orlando (ORL)
harriga01,Gary Harris,15371,"Oct 12, 2017",2017,DEN,4,84.0,extension,1,Signed a 4 year $84 million contract extension with Denver (DEN)
harriga01,Gary Harris,15371,"Jul 09, 2014",2014,DEN,2,3.11,standard,1,Signed a 2 year $3.11 million contract with Denver (DEN)
harrijo01,Joe Harris,15385,"Nov 23, 2020",2020,BKN,4,75.0,standard,1,Signed a 4 year $75 million contract with Brooklyn (BKN)
harrijo01,Joe Harris,15385,"Jul 25, 2018",2018,BKN,2,16.0,standard,1,Signed a 2 year $16 million contract with Brooklyn (BKN)
harrijo01,Joe Harris,15385,"Jul 19, 2016",2016,BKN,2,2.03,standard,1,Signed a 2 year $2.03 million contract with Brooklyn (BKN)
harrijo01,Joe Harris,15385,"Jul 22, 2014",2014,CLE,3,2.7,standard,1,Signed a 3 year $2.7 million contract with Cleveland (CLE)
harrish01,Shaquille Harrison,21066,"Apr 09, 2023",2023,LAL,2,2.43,standard,1,Signed a 2 year $2.43 million Rest-of-Season contract with Los Angeles (LAL) - includes 2023-24 non-guaranteed
harrish01,Shaquille Harrison,21066,"Oct 21, 2018",2018,CHI,2,2.9,standard,1,Signed a 2 year $2.9 million contract with Chicago (CHI)
harrish01,Shaquille Harrison,21066,"Mar 13, 2018",2018,PHX,2,1.52,standard,1,Signed a 2 year $1.52 million contract with Phoenix (PHX)
harrito02,Tobias Harris,8070,"Jul 01, 2026",2026,SAS,2,30.84,standard,1,Signed a 2 year $30.84 million contract with San Antonio (SAS)
harrito02,Tobias Harris,8070,"Jul 08, 2024",2024,DET,2,52.0,standard,1,Signed a 2 year $52 million contract with Detroit (DET)
harrito02,Tobias Harris,8070,"Jul 10, 2019",2019,PHI,5,180.0,maximum,1,Signed a 5 year $180 million maximum contract with Philadelphia (PHI)
harrito02,Tobias Harris,8070,"Jul 14, 2015",2015,ORL,4,64.0,standard,1,Signed a 4 year $64 million contract with Orlando (ORL)
harrito02,Tobias Harris,8070,"Dec 11, 2011",2011,MIL,4,6.83,standard,1,Signed a 4 year $6.83 million contract with Milwaukee (MIL)
harteis01,Isaiah Hartenstein,23644,"Jul 06, 2026",2026,OKC,3,75.0,standard,1,Signed a 3 year $75 million contract with Oklahoma City (OKC) - includes 2028-29 Mutual Option
harteis01,Isaiah Hartenstein,23644,"Jul 06, 2024",2024,OKC,3,87.0,standard,1,Signed a 3 year $87 million contract with Oklahoma City (OKC) - includes 2026-27 Club Option
harteis01,Isaiah Hartenstein,23644,"Jul 12, 2022",2022,NYK,2,16.0,standard,1,Signed a 2 year $16 million contract with New York (NYK)
harteis01,Isaiah Hartenstein,23644,"Nov 30, 2020",2020,DEN,2,3.38,standard,1,Signed a 2 year $3.38 million contract with Denver (DEN) - includes 2021 Player Option
hartjo01,Josh Hart,23625,"Aug 10, 2023",2023,NYK,4,80.92,extension,1,Signed a 4 year $80.92 million contract extension with New York (NYK) - includes 2027-28 Club Option
hartjo01,Josh Hart,23625,"Aug 19, 2021",2021,NOP,3,37.92,standard,1,Signed a 3 year $37.92 million contract with New Orleans (NOP)
hartjo01,Josh Hart,23625,"Jul 03, 2017",2017,LAL,4,8.47,rookie-scale,1,Signed a 4 year $8.47 million rookie scale contract with Los Angeles (LAL)
hasleud01,Udonis Haslem,2549,"Aug 23, 2022",2022,MIA,1,2.91,standard,1,Signed a 1 year $2.91 million contract with Miami (MIA)
hasleud01,Udonis Haslem,2549,"Aug 15, 2021",2021,MIA,1,2.64,standard,1,Signed a 1 year $2.64 million contract with Miami (MIA)
hasleud01,Udonis Haslem,2549,"Nov 28, 2020",2020,MIA,1,2.56,standard,1,Signed a 1 year $2.56 million contract with Miami (MIA)
hasleud01,Udonis Haslem,2549,"Aug 06, 2019",2019,MIA,1,2.56,standard,1,Signed a 1 year $2.56 million contract with Miami (MIA)
hasleud01,Udonis Haslem,2549,"Sep 10, 2018",2018,MIA,1,2.4,standard,1,Signed a 1 year $2.4 million contract with Miami (MIA)
hasleud01,Udonis Haslem,2549,"Jul 20, 2017",2017,MIA,1,2.3,standard,1,Signed a 1 year $2.3 million contract with Miami (MIA)
hasleud01,Udonis Haslem,2549,"Jul 10, 2016",2016,MIA,1,4.0,standard,1,Signed a 1 year $4 million contract with Miami (MIA)
hasleud01,Udonis Haslem,2549,"Jul 18, 2014",2014,MIA,2,5.59,standard,1,Signed a 2 year $5.59 million contract with Miami (MIA)
hasleud01,Udonis Haslem,2549,"Jul 12, 2010",2010,MIA,5,20.3,standard,1,Signed a 5 year $20.3 million contract with Miami (MIA)
hasleud01,Udonis Haslem,2549,"Aug 02, 2005",2005,MIA,5,30.25,standard,1,Signed a 5 year $30.25 million contract with Miami (MIA)
hasleud01,Udonis Haslem,2549,"Aug 01, 2003",2003,MIA,2,0.987,standard,1,Signed a 2 year $987k contract with Miami (MIA)
hausesa01,Sam Hauser,74311,"Jul 23, 2024",2024,BOS,4,45.0,extension,1,Signed a 4 year $45 million contract extension with Boston (BOS)
hausesa01,Sam Hauser,74311,"Jul 09, 2022",2022,BOS,3,5.65,standard,1,Signed a 3 year $5.65 million contract with Boston (BOS) - includes 2024-25 Club Option
hausesa01,Sam Hauser,74311,"Feb 11, 2022",2022,BOS,2,1.88,two-way,1,Signed a 2 year $1.88 million Rest-of-Season contract with Boston (BOS) - converted Two-Way Contract
hawessp01,Spencer Hawes,2690,"Jul 10, 2014",2014,LAC,4,22.7,standard,1,Signed a 4 year $22.7 million contract with Los Angeles (LAC)
hawessp01,Spencer Hawes,2690,"Jul 13, 2012",2012,PHI,2,13.1,standard,1,Signed a 2 year $13.1 million contract with Philadelphia (PHI)
hawessp01,Spencer Hawes,2690,"Dec 10, 2011",2011,PHI,1,4.05,standard,1,Signed a 1 year $4.05 million Qualifying Offer with Philadelphia (PHI)
hawessp01,Spencer Hawes,2690,"Jul 05, 2007",2007,SAC,2,4.2,standard,1,Signed a 2 year $4.2 million contract with Sacramento (SAC)
hawkijo01,Jordan Hawkins,82208,"Jul 03, 2023",2023,NOP,4,20.6,rookie-scale,1,Signed a 4 year $20.6 million rookie scale contract with New Orleans (NOP)
hayesja02,Jaxson Hayes,31565,"Jul 09, 2026",2026,UTA,2,12.0,standard,1,Signed a 2 year $12 million contract with Utah (UTA) - includes 2027-28 Team Option
hayesja02,Jaxson Hayes,31565,"Jul 06, 2025",2025,LAL,1,3.45,standard,1,Signed a 1 year $3.45 million contract with Los Angeles (LAL)
hayesja02,Jaxson Hayes,31565,"Jul 06, 2023",2023,LAL,2,4.63,standard,1,Signed a 2 year $4.63 million contract with Los Angeles (LAL) - includes 2024-25 Player Option
hayesja02,Jaxson Hayes,31565,"Jul 07, 2019",2019,NOP,4,22.11,rookie-scale,1,Signed a 4 year $22.11 million rookie scale contract with New Orleans (NOP)
hayeski01,Killian Hayes,70649,"Mar 15, 2026",2026,SAC,2,3.46,standard,1,Signed a 2 year $3.46 million Rest-of-Season contract with Sacramento (SAC) - includes 2026-27 Club Option
hayeski01,Killian Hayes,70649,"Nov 30, 2020",2020,DET,4,24.13,rookie-scale,1,Signed a 4 year $24.13 million rookie scale contract with Detroit (DET)
haywago01,Gordon Hayward,6891,"Nov 29, 2020",2020,BOS,4,120.0,standard,1,Signed a 4 year $120 million contract with Boston (BOS) as part of a Sign-and-Trade with Charlotte (CHA)
haywago01,Gordon Hayward,6891,"Jul 14, 2017",2017,BOS,4,127.8,standard,1,Signed a 4 year $127.8 million contract with Boston (BOS)
haywago01,Gordon Hayward,6891,"Jul 12, 2014",2014,UTH,4,62.97,standard,1,Signed a 4 year $62.97 million contract with Utah (UTH) - matched Offer Sheet from Charlotte (CHA)
haywago01,Gordon Hayward,6891,"Jul 02, 2010",2010,UTH,2,4.9,standard,1,Signed a 2 year $4.9 million contract with Utah (UTH)
hendege02,Gerald Henderson,6275,"Jul 09, 2016",2016,PHI,2,18.0,standard,1,Signed a 2 year $18 million contract with Philadelphia (PHI)
hendege02,Gerald Henderson,6275,"Jul 30, 2013",2013,CHA,3,18.0,standard,1,Signed a 3 year $18 million contract with Charlotte (CHA)
hendege02,Gerald Henderson,6275,"Jul 07, 2009",2009,CHA,2,4.06,standard,1,Signed 2 year $4.06 million contract with Charlotte (CHA)
hendesc01,Scoot Henderson,82198,"Jul 01, 2023",2023,POR,4,44.36,rookie-scale,1,Signed a 4 year $44.36 million rookie scale contract with Portland (POR)
hendrta01,Taylor Hendricks,82205,"Jul 02, 2023",2023,UTA,4,25.35,rookie-scale,1,Signed a 4 year $25.35 million rookie scale contract with Utah (UTA)
hensojo01,John Henson,10822,"Oct 01, 2015",2015,MIL,4,48.0,extension,1,Signed a 4 year $48 million contract extension (with $4 million incentives) with Milwaukee (MIL)
hensojo01,John Henson,10822,"Jul 10, 2012",2012,MIL,2,3.73,standard,1,Signed a 2 year $3.73 million entry-level contract with Milwaukee (MIL)
hernaju01,Juancho Hernangómez,20220,"Jul 28, 2022",2022,TOR,1,2.3,standard,1,Signed a 1 year $2.30 million contract with Toronto (TOR)
hernaju01,Juancho Hernangómez,20220,"Nov 28, 2020",2020,MIN,3,21.0,standard,1,Signed a 3 year $21 million contract with Minnesota (MIN) - includes 2022 non-guaranteed
hernaju01,Juancho Hernangómez,20220,"Aug 09, 2016",2016,DEN,4,9.55,rookie-scale,1,Signed a 4 year $9.55 million rookie scale contract with Denver (DEN)
hernawi01,Willy Hernangómez,17863,"Aug 16, 2021",2021,NOP,3,7.33,standard,1,Signed a 3 year $7.33 million contract with New Orleans (NOP)
hernawi01,Willy Hernangómez,17863,"Nov 22, 2020",2020,NOP,1,1.73,standard,1,Signed a 1 year $1.73 million contract with New Orleans (NOP)
hernawi01,Willy Hernangómez,17863,"Jul 08, 2016",2016,NYK,4,5.8,standard,1,Signed a 4 year $5.8 million contract with New York (NYK)
herroty01,Tyler Herro,31570,"Oct 02, 2022",2022,MIA,4,120.0,extension,1,Signed a 4 year $120 million rookie contract extension with Miami (MIA)
herroty01,Tyler Herro,31570,"Jul 10, 2019",2019,MIA,4,17.19,rookie-scale,1,Signed a 4 year $17.19 million rookie scale contract with Miami (MIA)
hezonma01,Mario Hezonja,17833,"Jul 31, 2026",2026,CLE,1,2.85,standard,1,Signed a 1 year $2.85 million contract with Cleveland (CLE)
hezonma01,Mario Hezonja,17833,"Jul 10, 2015",2015,ORL,2,7.65,standard,1,Signed a 2 year $7.65 million contract with Orlando (ORL)
hibbero01,Roy Hibbert,6113,"Jul 07, 2016",2016,CHA,1,5.0,standard,1,Signed a 1 year $5 million contract with Charlotte (CHA)
hibbero01,Roy Hibbert,6113,"Jul 13, 2012",2012,IND,4,58.37,standard,1,Signed a 4 year $58.37 million contract with Indiana (IND)
hibbero01,Roy Hibbert,6113,"Jul 15, 2008",2008,IND,2,3.0,standard,1,Signed a 2 year $3 million contract with Indiana (IND)
hieldbu01,Buddy Hield,20211,"Jul 06, 2024",2024,PHI,4,37.76,standard,1,Signed a 4 year $37.76 million contract with Philadelphia (PHI) as part of a Sign-and-Trad with Golden State (GSW) - includes 2027-28 Club Option
hieldbu01,Buddy Hield,20211,"Oct 21, 2019",2019,SAC,4,94.0,extension,1,Signed a 4 year $94 million contract extension with Sacramento (SAC) - $82 million guaranteed
hieldbu01,Buddy Hield,20211,"Jul 22, 2016",2016,NOP,4,15.89,standard,1,Signed a 4 year $15.89 million contract with New Orleans (NOP)
highsha01,Haywood Highsmith,28301,"Feb 18, 2026",2026,PHX,2,3.85,standard,1,Signed a 2 year $3.85 million Rest-of-Season contract with Phoenix (PHX)
highsha01,Haywood Highsmith,28301,"Jul 08, 2024",2024,MIA,2,10.82,standard,1,Signed a 2 year $10.82 million contract with Miami (MIA)
hilarne01,Nenê,6103,"Sep 06, 2019",2019,HOU,2,20.0,standard,1,Signed a 2 year $20 million contract with Houston (HOU)
hilarne01,Nenê,6103,"Jul 06, 2017",2017,HOU,3,10.9,standard,1,Signed a 3 year $10.9 million contract with Houston (HOU)
hilarne01,Nenê,6103,"Jul 20, 2016",2016,HOU,1,2.9,standard,1,Signed a 1 year $2.9 million contract with Houston (HOU)
hilarne01,Nenê,6103,"Jul 20, 2006",2006,DEN,6,60.0,standard,1,Signed a 6 year $60 million contract with Denver (DEN)
hilarne01,Nenê,6103,"Jul 23, 2002",2002,DEN,3,6.3,standard,1,Signed a 3 year $6.3 million contract with Denver (DEN)
hillge01,George Hill,6154,"Aug 06, 2021",2021,MIL,2,8.0,standard,1,Signed a 2 year $8 million contract with Milwaukee (MIL)
hillge01,George Hill,6154,"Jul 09, 2019",2019,MIL,3,28.77,standard,1,Signed a 3 year $28.77 million contract with Milwaukee (MIL) - includes 2021 $1.28 million guaranteed
hillge01,George Hill,6154,"Jul 10, 2017",2017,SAC,3,57.0,standard,1,Signed a 3 year $57 million contract with Sacramento (SAC)
hillge01,George Hill,6154,"Jul 13, 2012",2012,IND,5,40.0,standard,1,Signed a 5 year $40 million contract with Indiana (IND)
hillge01,George Hill,6154,"Sep 23, 2008",2008,SAS,2,2.08,standard,1,Signed a 2 year $2.08 million contract with San Antonio (SAS)
hillida01,Darrun Hilliard,17866,"Jul 20, 2015",2015,DET,3,2.5,standard,1,Signed a 3 year $2.5 million contract with Detroit (DET)
hilljo01,Jordan Hill,6310,"Jul 20, 2016",2016,MIN,2,8.0,standard,1,Signed a 2 year $8 million contract with Minnesota (MIN)
hilljo01,Jordan Hill,6310,"Jul 14, 2015",2015,IND,1,4.0,standard,1,Signed a 1 year $4 million contract with Indiana (IND)
hilljo01,Jordan Hill,6310,"Jul 23, 2014",2014,LAL,1,9.0,standard,1,Signed a 1 year $9 million contract with Los Angeles (LAL) - includes Club Option (Year 2)
hilljo01,Jordan Hill,6310,"Jul 21, 2012",2012,LAL,2,7.13,standard,1,Signed a 2 year $7.13 million contract with Los Angeles (LAL)
hilljo01,Jordan Hill,6310,"Jul 10, 2009",2009,NYK,2,5.15,standard,1,Signed a 2 year $5.15 million contract with New York (NYK)
hillso01,Solomon Hill,13336,"Aug 05, 2021",2021,ATL,1,2.39,standard,1,Signed a 1 year $2.39 million contract with Atlanta (ATL)
hillso01,Solomon Hill,13336,"Nov 25, 2020",2020,ATL,1,2.17,standard,1,Signed a 1 year $2.17 million contract with Atlanta (ATL) - non-guaranteed
hillso01,Solomon Hill,13336,"Jul 21, 2016",2016,NOP,4,48.0,standard,1,Signed a 4 year $48 million contract with New Orleans (NOP)
hillso01,Solomon Hill,13336,"Jul 03, 2013",2013,IND,2,2.55,standard,1,Signed a 2 year $2.55 million contract with Indiana (IND)
hinriki01,Kirk Hinrich,2245,"Jul 21, 2014",2014,CHI,2,5.6,standard,1,Signed a 2 year $5.6 million contract with Chicago (CHI)
hinriki01,Kirk Hinrich,2245,"Oct 31, 2006",2006,CHI,5,47.75,rookie-scale,1,Signed a 5 year $47.75 million rookie scale extension with Chicago (CHI)
hinriki01,Kirk Hinrich,2245,"Jul 14, 2003",2003,CHI,3,7.0,standard,1,Signed a 3 year $7 million contract with Chicago (CHI)
holidaa01,Aaron Holiday,26989,"Jul 08, 2025",2025,HOU,1,3.08,standard,1,Signed a 1 year $3.08 million contract with Houston (HOU)
holidaa01,Aaron Holiday,26989,"Jul 06, 2024",2024,HOU,2,9.57,standard,1,Signed a 2 year $9.57 million contract with Houston (HOU) - includes 2025-26 Club Option
holidaa01,Aaron Holiday,26989,"Jul 10, 2023",2023,HOU,1,2.35,standard,1,Signed a 1 year $2.35 million contract with Houston (HOU)
holidaa01,Aaron Holiday,26989,"Jul 06, 2022",2022,ATL,1,1.97,standard,1,Signed a 1 year $1.97 million contract with Atlanta (ATL)
holidaa01,Aaron Holiday,26989,"Jul 01, 2018",2018,IND,4,10.48,rookie-scale,1,Signed a 4 year $10.48 million rookie scale contract with Indiana (IND)
holidjr01,Jrue Holiday,6316,"Apr 11, 2024",2024,BOS,4,135.0,extension,1,Signed a 4 year $135 million veteran contract extension with Boston (BOS) - includes 2027 Player Option
holidjr01,Jrue Holiday,6316,"Apr 04, 2021",2021,MIL,4,135.0,extension,1,Signed a 4 year $135 million contract extension with Milwaukee (MIL) - includes 2024 Player Option
holidjr01,Jrue Holiday,6316,"Jul 06, 2017",2017,NOP,5,126.0,standard,1,Signed a 5 year $126 million contract with New Orleans (NOP)
holidjr01,Jrue Holiday,6316,"Oct 31, 2012",2012,PHI,4,41.0,rookie-scale,1,Signed a 4 year $41 million rookie scale extension with Philadelphia (PHI)
holidjr01,Jrue Holiday,6316,"Jul 20, 2009",2009,PHI,2,3.14,standard,1,SIgned a 2 year $3.14 million contract with Philadelphia (PHI)
holidju01,Justin Holiday,11441,"Jul 06, 2023",2023,DEN,1,3.2,standard,1,Signed a 1 year $3.2 million contract with Denver (DEN)
holidju01,Justin Holiday,11441,"Nov 22, 2020",2020,IND,3,18.02,standard,1,Signed a 3 year $18.02 million contract with Indiana (IND)
holidju01,Justin Holiday,11441,"Jul 31, 2019",2019,IND,1,4.8,standard,1,Signed a 1 year $4.8 million contract with Indiana (IND)
holidju01,Justin Holiday,11441,"Jul 10, 2017",2017,CHI,2,9.0,standard,1,Signed a 2 year $9 million contract with Chicago (CHI)
holidju01,Justin Holiday,11441,"Jul 09, 2015",2015,ATL,2,1.96,standard,1,Signed a 2 year $1.96 million contract with Atlanta (ATL)
holidju01,Justin Holiday,11441,"Sep 08, 2014",2014,GSW,1,0.816,standard,1,Signed a 1 year $816k contract with Golden State (GSW)
holidju01,Justin Holiday,11441,"Sep 30, 2013",2013,UTH,1,0.788872,standard,1,"Signed a 1 year $788,872 contract with Utah (UTH)"
holidju01,Justin Holiday,11441,"Apr 01, 2013",2013,PHI,2,0.836232,standard,1,"Signed a 2 year $836,232 contract with Philadelphia (PHI) for the remainder of 2012-2013"
holidju01,Justin Holiday,11441,"Oct 01, 2012",2012,CLE,1,0.473604,standard,1,"Signed a 1 year $473,604 contract with Cleveland (CLE)"
hollaro01,Ron Holland,91751,"Jul 06, 2024",2024,DET,4,37.46,rookie-scale,1,Signed a 4 year $37.46 million rookie scale contract with Detroit (DET)
holliro01,Rondae Hollis-Jefferson,17851,"Jul 18, 2019",2019,TOR,1,2.5,standard,1,Signed a 1 year $2.5 million contract with Toronto (TOR)
holliro01,Rondae Hollis-Jefferson,17851,"Jul 06, 2015",2015,BKN,2,2.73,standard,1,Signed 2 year $2.73 million contract with Brooklyn (BKN)
holmeri01,Richaun Holmes,17865,"Jun 29, 2024",2024,WAS,2,25.93,extension,1,Signed a 2 year $25.93 million contract extension with Washington (WAS)
holmeri01,Richaun Holmes,17865,"Aug 06, 2021",2021,SAC,4,46.52,standard,1,Signed a 4 year $46.52 million contract with Sacramento (SAC) - includes 2024-25 Player Option
holmeri01,Richaun Holmes,17865,"Jul 16, 2019",2019,SAC,2,9.77,standard,1,Signed a 2 year $9.77 million contract with Sacramento (SAC)
holmeri01,Richaun Holmes,17865,"Jul 29, 2015",2015,PHI,3,3.11,standard,1,Signed a 3 year $3.11 million contract with Philadelphia (PHI)
holmgch01,Chet Holmgren,78108,"Jul 13, 2025",2025,OKC,5,293.19,maximum,1,Signed a 5 year $293.19 million rookie scale maximum contract extension with Oklahoma City (OKC)
holmgch01,Chet Holmgren,78108,"Jul 01, 2022",2022,OKC,4,44.89,rookie-scale,1,Signed a 4 year $44.89 million Rookie Scale contract with Oklahoma City (OKC)
hoodro01,Rodney Hood,15375,"Aug 06, 2021",2021,MIL,1,2.24,standard,1,Signed a 1 year $2.24 million contract with Milwaukee (MIL)
hoodro01,Rodney Hood,15375,"Nov 22, 2020",2020,POR,2,20.9,standard,1,Signed a 2 year $20.9 million contract with Portland (POR) - 2021 non-guaranteed
hoodro01,Rodney Hood,15375,"Jul 06, 2019",2019,POR,2,11.7,standard,1,Signed a 2 year $11.7 million contract with Portland (POR) - includes 2020 Player Option
hoodro01,Rodney Hood,15375,"Sep 09, 2018",2018,CLE,1,3.4,standard,1,Signed a 1 year $3.4 million Qualifying Offer with Cleveland (CLE)
hoodro01,Rodney Hood,15375,"Jul 11, 2014",2014,UTH,2,2.64,standard,1,Signed a 2 year $2.64 million contract with Utah (UTH)
horfoal01,Al Horford,2199,"Jul 06, 2026",2026,GSW,2,13.99,standard,1,Signed a 2 year $13.99 million contract with Golden State (GSW) - includes 2027-28 Player Option
horfoal01,Al Horford,2199,"Oct 01, 2025",2025,GSW,2,11.65,standard,1,Signed a 2 year $11.65 million contract with Golden State (GSW) - includes 2026-27 Player Option
horfoal01,Al Horford,2199,"Dec 01, 2022",2022,BOS,2,19.5,extension,1,Signed a 2 year $19.5 million contract extension with Boston (BOS)
horfoal01,Al Horford,2199,"Jul 10, 2019",2019,PHI,4,109.0,standard,1,Signed a 4 year $109 million contract with Philadelphia (PHI) - $97 million guaranteed
horfoal01,Al Horford,2199,"Jul 08, 2016",2016,BOS,4,113.0,standard,1,Signed a 4 year $113 million contract with Boston (BOS)
horfoal01,Al Horford,2199,"Nov 02, 2010",2010,ATL,5,60.0,extension,1,Signed a 5 year $60 million rookie contract extension with Atlanta (ATL)
horfoal01,Al Horford,2199,"Jul 09, 2007",2007,ATL,2,7.77,standard,1,Signed a 2 year $7.77 million contract with Atlanta (ATL)
hortota01,Talen Horton-Tucker,31605,"Aug 06, 2021",2021,LAL,3,30.87,standard,1,Signed a 3 year $30.87 million contract with Los Angeles (LAL)
hortota01,Talen Horton-Tucker,31605,"Jul 13, 2019",2019,LAL,2,2.4,standard,1,Signed a 2 year $2.4 million contract with Los Angeles (LAL)
houseda01,Danuel House Jr.,20800,"Jul 06, 2022",2022,PHI,2,8.42,standard,1,Signed a 2 year $8.42 million contract with Philadelphia (PHI) - includes 2023-24 Player Option
houseda01,Danuel House Jr.,20800,"Jul 17, 2019",2019,HOU,3,11.15,standard,1,Signed a 3 year $11.15 million contract with Houston (HOU)
houseda01,Danuel House Jr.,20800,"Mar 13, 2019",2019,HOU,1,0.248,two-way,1,Signed a 1 year $248k contract with Houston (HOU) - converted Two-Way contract
houseda01,Danuel House Jr.,20800,"Nov 26, 2018",2018,HOU,1,1.16,standard,1,Signed a 1 year $1.16 million contract with Houston (HOU)
houseda01,Danuel House Jr.,20800,"Jul 15, 2016",2016,WAS,2,1.44,standard,1,Signed a 2 year $1.44 million contract with Washington (WAS)
houstca01,Caleb Houstan,78142,"Jul 10, 2022",2022,ORL,4,8.21,standard,1,Signed a 4 year $8.21 million contract with Orlando (ORL)
howardw01,Dwight Howard,2640,"Aug 06, 2021",2021,LAL,1,2.64,standard,1,Signed a 1 year $2.64 million contract with Los Angeles (LAL)
howardw01,Dwight Howard,2640,"Nov 21, 2020",2020,PHI,1,2.6,standard,1,Signed a 1 year $2.6 million million contract with Philadelphia (PHI)
howardw01,Dwight Howard,2640,"Aug 26, 2019",2019,LAL,1,2.56,standard,1,Signed a 1 year $2.56 million contract with Los Angeles (LAL)
howardw01,Dwight Howard,2640,"Jul 11, 2018",2018,WAS,2,10.9,standard,1,Signed 2 year $10.9 million contract with Washington (WAS)
howardw01,Dwight Howard,2640,"Jul 12, 2016",2016,ATL,3,70.5,standard,1,Signed a 3 year $70.5 million contract with Atlanta (ATL)
howardw01,Dwight Howard,2640,"Jul 13, 2013",2013,HOU,4,87.5,maximum,1,Signed a 4 year $87.5 million maximum contract with Houston (HOU)
howardw01,Dwight Howard,2640,"Jul 12, 2007",2007,ORL,5,83.2,rookie-scale,1,Signed a 5 year $83.2 million rookie scale extension with Orlando (ORL)
howardw01,Dwight Howard,2640,"Jul 07, 2004",2004,ORL,3,13.5,standard,1,Signed a 3 year $13.5 million contract with Orlando (ORL)
howarje01,Jett Howard,82211,"Jul 01, 2023",2023,ORL,4,23.17,rookie-scale,1,Signed a 4 year $23.17 million rookie scale contract with Orlando (ORL)
huertke01,Kevin Huerter,26985,"Jul 09, 2026",2026,DET,3,27.0,standard,1,Signed a 3 year $27 million contract with Detroit (DET) - includes 2028-29 Team Option
huertke01,Kevin Huerter,26985,"Oct 18, 2021",2021,ATL,4,65.0,rookie-scale,1,Signed a 4 year $65 million rookie scale contract extension with Atlanta (ATL)
huertke01,Kevin Huerter,26985,"Jul 01, 2018",2018,ATL,4,11.9,rookie-scale,1,Signed a 4 year $11.90 million rookie scale contract with Atlanta (ATL)
huertma01,Marcelo Huertas,18207,"Aug 05, 2016",2016,LAL,2,3.07,standard,1,Signed a 2 year $3.07 million contract with Los Angeles (LAL)
huertma01,Marcelo Huertas,18207,"Sep 09, 2015",2015,LAL,1,0.525,standard,1,Signed a 1 year $525k contract with Los Angeles (LAL)
huestjo01,Josh Huestis,15381,"Jul 30, 2015",2015,OKC,2,2.33,standard,1,Signed a 2 year $2.33 million contract with Oklahoma City (OKC)
huffja01,Jay Huff,74262,"Oct 28, 2024",2024,MEM,4,10.11,two-way,1,Signed a 4 year $10.11 million contract with Memphis (MEM) - converted Two-Way contract
hukpoar01,Ariel Hukporti,93962,"Jul 06, 2026",2026,PHI,1,3.4,standard,1,Signed a 1 year $3.4 million contract with Philadelphia (PHI)
hukpoar01,Ariel Hukporti,93962,"Nov 04, 2024",2024,NYK,2,5.75,two-way,1,Signed a 2 year $5.75 million Rest-of-Season contract with New York (NYK) converted Two-Way contract - includes 2025-26 Club Option
humphkr01,Kris Humphries,2739,"Jul 15, 2016",2016,ATL,1,4.0,standard,1,Signed a 1 year $4 million contract with Atlanta (ATL)
humphkr01,Kris Humphries,2739,"Mar 01, 2016",2016,ATL,1,0.388,standard,1,Signed a 1 year $388k contract with Atlanta (ATL)
humphkr01,Kris Humphries,2739,"Jul 19, 2014",2014,BOS,3,13.32,standard,1,Signed a 3 year $13.32 million contract with Boston (BOS) as part of a sign-and-trade with Washington (WAS)
humphkr01,Kris Humphries,2739,"Jul 20, 2012",2012,BKN,2,24.0,standard,1,Signed a 2 year $24 million contract with Brooklyn (BKN)
humphkr01,Kris Humphries,2739,"Dec 21, 2011",2011,NJN,1,8.0,standard,1,Signed a 1 year $8 million contract with New Jersey (NJN)
humphkr01,Kris Humphries,2739,"Oct 31, 2007",2007,TOR,3,9.6,rookie-scale,1,Signed a 3 year $9.6 million rookie scale extension with Toronto (TOR)
humphkr01,Kris Humphries,2739,"Jul 12, 2004",2004,UTH,3,4.78,standard,1,Signed a 3 year $4.78 million contract with Utah (UTH)
huntede01,De'Andre Hunter,31561,"Oct 17, 2022",2022,ATL,4,90.0,extension,1,Signed a 4 year $90 million rookie contract extension with Atlanta (ATL)
huntede01,De'Andre Hunter,31561,"Jul 07, 2019",2019,ATL,4,32.1,rookie-scale,1,Signed a 4 year $32.10 million rookie scale contract with Atlanta (ATL)
hutchch01,Chandler Hutchison,26988,"Jul 03, 2018",2018,CHI,4,6.77,rookie-scale,1,Signed a 4 year $6.77 million rookie scale contract with Chicago (CHI)
hylanbo01,Bones Hyland,74133,"Jul 03, 2026",2026,MIN,1,2.85,standard,1,Signed a 1 year $2.85 million contract with Minnesota (MIN)
hylanbo01,Bones Hyland,74133,"Sep 15, 2025",2025,MIN,1,2.46,standard,1,Signed a 1 year $2.46 million contract with Minnesota (MIN)
hylanbo01,Bones Hyland,74133,"Aug 04, 2021",2021,DEN,4,10.76,rookie-scale,1,Signed a 4 year $10.76 million rookie scale contract with Denver (DEN)
ibakase01,Serge Ibaka,6313,"Jul 19, 2022",2022,MIL,1,2.91,standard,1,Signed a 1 year $2.91 million contract with Milwaukee (MIL)
ibakase01,Serge Ibaka,6313,"Nov 27, 2020",2020,LAC,2,18.98,standard,1,Signed a 2 year $18.98 million contract with Los Angeles (LAC) - includes 2021 Player Option
ibakase01,Serge Ibaka,6313,"Jul 07, 2017",2017,TOR,3,65.0,standard,1,Signed a 3 year $65 million contract with Toronto (TOR)
ibakase01,Serge Ibaka,6313,"Aug 18, 2012",2012,OKC,4,49.4,rookie-scale,1,Signed a 4 year $49.4 million rookie scale extension with Oklahoma City (OKC)
ibakase01,Serge Ibaka,6313,"Jul 06, 2009",2009,OKC,2,2.32,standard,1,Signed a 2 year $2.32 million contract with Oklahoma City (OKC)
ighodos01,Oso Ighodaro,93953,"Jul 04, 2024",2024,PHX,4,7.9,standard,1,Signed a 4 year $7.90 million contract with Phoenix (PHX) via 2nd-round exception
iguodan01,Andre Iguodala,2652,"Sep 26, 2022",2022,GSW,1,2.91,standard,1,Signed a 1 year $2.91 million contract with Golden State (GSW)
iguodan01,Andre Iguodala,2652,"Feb 05, 2020",2020,MEM,2,30.0,extension,1,Signed a 2 year $30 million contract extension with Memphis (MEM) as part of an Extend-and-Trade with Miami (MIA) - includes 2021-22 Club Option
iguodan01,Andre Iguodala,2652,"Jul 12, 2017",2017,GSW,3,48.0,standard,1,Signed a 3 year $48 million contract with Golden State (GSW)
iguodan01,Andre Iguodala,2652,"Jul 05, 2013",2013,GSW,4,48.0,standard,1,Signed a 4 year $48 million contract with Golden State (GSW) as part of a sign-and-trade
iguodan01,Andre Iguodala,2652,"Aug 18, 2008",2008,PHI,6,80.5,standard,1,Signed a 6 year $80.5 million contract with Philadelphia (PHI) - includes 2013-14 Early Termination Option
iguodan01,Andre Iguodala,2652,"Jul 02, 2004",2004,PHI,4,8.98,standard,1,Signed a 4 year $8.98 million contract with Philadelphia (PHI)
ilyaser01,Ersan İlyasova,6341,"Jul 16, 2018",2018,MIL,3,21.0,standard,1,Signed a 3 year $21 million contract with Milwaukee (MIL)
ilyaser01,Ersan İlyasova,6341,"Jul 21, 2017",2017,ATL,1,6.0,standard,1,Signed a 1 year $6 million contract with Atlanta (ATL)
ilyaser01,Ersan İlyasova,6341,"Jul 16, 2009",2009,MIL,3,7.0,standard,1,Signed a 3 year $7 million contract with Milwaukee (MIL)
ilyaser01,Ersan İlyasova,6341,"Aug 22, 2005",2005,MIL,2,1.06,standard,1,Signed a 2 year $1.06 million contract with Milwaukee (MIL)
inglejo01,Joe Ingles,15852,"Jul 06, 2025",2025,MIN,1,3.63,standard,1,Signed a 1 year $3.63 million contract with Minnesota (MIN)
inglejo01,Joe Ingles,15852,"Jul 06, 2024",2024,MIN,1,3.3,standard,1,Signed a 1 year $3.3 million contract with Minnesota (MIN)
inglejo01,Joe Ingles,15852,"Jul 07, 2023",2023,ORL,2,22.0,standard,1,Signed a 2 year $22 million contract with Orlando (ORL) - includes 2024-25 Club Option
inglejo01,Joe Ingles,15852,"Jul 06, 2022",2022,MIL,1,6.48,standard,1,Signed a 1 year $6.48 million contract with Milwaukee (MIL)
inglejo01,Joe Ingles,15852,"Jul 25, 2017",2017,UTH,4,52.0,standard,1,Signed a 4 year $52 million contract with Utah (UTH)
inglejo01,Joe Ingles,15852,"Jul 10, 2015",2015,UTH,2,4.3,standard,1,Signed a 2 year $4.3 million contract with Utah (UTH)
inglejo01,Joe Ingles,15852,"Sep 24, 2014",2014,LAC,1,0.507,standard,1,Signed a 1 year $507k contract with Los Angeles (LAC) - camp invite
ingrabr01,Brandon Ingram,20207,"Feb 12, 2025",2025,TOR,3,120.0,extension,1,Signed a 3 year $120 million contract extension with Toronto (TOR)
ingrabr01,Brandon Ingram,20207,"Nov 30, 2020",2020,NOP,5,158.25,maximum,1,Signed a 5 year $158.25 million maximum contract with New Orleans (NOP)
ingrabr01,Brandon Ingram,20207,"Aug 23, 2016",2016,LAL,4,23.82,rookie-scale,1,Signed a 4 year $23.82 million rookie scale contract with Los Angeles (LAL)
irvinky01,Kyrie Irving,8051,"Jul 06, 2025",2025,DAL,3,118.47,standard,1,Signed a 3 year $118.47 million contract with Dallas (DAL) - includes 2027-28 Player Option
irvinky01,Kyrie Irving,8051,"Jul 07, 2023",2023,DAL,3,126.0,standard,1,Signed a 3 year $126 million contract with Dallas (DAL) - includes 2025-26 Player Option
irvinky01,Kyrie Irving,8051,"Jul 06, 2019",2019,BKN,4,136.5,standard,1,Signed a 4 year $136.5 million contract with Brooklyn (BKN) - includes 2022 Player Option
irvinky01,Kyrie Irving,8051,"Jul 10, 2014",2014,CLE,5,94.3,maximum,1,Signed a 5 year $94.3 million maximum rookie extension with Cleveland (CLE)
irvinky01,Kyrie Irving,8051,"Dec 09, 2011",2011,CLE,2,11.0,standard,1,Signed a 2 year $11 million contract with Cleveland (CLE)
isaacjo01,Jonathan Isaac,23601,"Jul 01, 2026",2026,ORL,1,3.52,standard,1,Signed a 1 year $3.52 million contract with Orlando (ORL)
isaacjo01,Jonathan Isaac,23601,"Dec 21, 2020",2020,ORL,4,69.9,extension,1,Signed a 4 year $69.9 million rookie contract extension with Orlando (ORL)
isaacjo01,Jonathan Isaac,23601,"Jul 01, 2017",2017,ORL,4,22.32,rookie-scale,1,Signed a 4 year $22.32 million rookie scale contract with Orlando (ORL)
iveyja01,Jaden Ivey,78111,"Jul 02, 2022",2022,DET,4,32.95,rookie-scale,1,Signed a 4 year $32.95 million Rookie Scale contract with Detroit (DET)
iwundwe01,Wes Iwundu,23628,"Dec 01, 2020",2020,DAL,2,3.5,standard,1,Signed a 2 year $3.5 million contract with Dallas (DAL)
iwundwe01,Wes Iwundu,23628,"Jul 25, 2017",2017,ORL,3,4.05,standard,1,Signed a 3 year $4.05 million contract with Orlando (ORL)
jackja01,Jarrett Jack,2675,"Sep 19, 2018",2018,NOP,1,2.4,standard,1,Signed a 1 year $2.4 million contract with New Orleans (NOP)
jackja01,Jarrett Jack,2675,"Jul 15, 2016",2016,ATL,1,1.55,standard,1,Signed a 1 year $1.55 million contract with Atlanta (ATL)
jackja01,Jarrett Jack,2675,"Jul 12, 2013",2013,CLE,4,25.2,standard,1,Signed a 4 year $25.2 million contract with Cleveland (CLE)
jackja01,Jarrett Jack,2675,"Jul 21, 2009",2009,TOR,4,20.0,standard,1,Signed a 4 year $20 million contract with Toronto (TOR)
jackja01,Jarrett Jack,2675,"Jul 13, 2005",2005,POR,2,2.2,standard,1,Signed a 2 year $2.2 million contract with Portland (POR)
jacksan01,Andre Jackson Jr.,82321,"Jul 07, 2023",2023,MIL,4,7.64,standard,1,Signed a 4 year $7.64 million contract with Milwaukee (MIL) - includes 2026-27 Club Option
jacksfr01,Frank Jackson,23626,"Aug 10, 2021",2021,DET,2,6.15,standard,1,Signed a 2 year $6.15 million contract with Detroit (DET) - includes 2022-23 Club Option
jacksfr01,Frank Jackson,23626,"Dec 04, 2020",2020,OKC,2,3.5,standard,1,Signed a 2 year $3.5 million contract with Oklahoma City (OKC)
jacksfr01,Frank Jackson,23626,"Jul 08, 2017",2017,NOP,3,3.8,standard,1,Signed a 3 year $3.8 million contract with New Orleans (NOP)
jacksgg01,GG Jackson II,85972,,2023,MEM,4,8.511167,standard,1,current contract
jacksis01,Isaiah Jackson,74129,"Jul 11, 2025",2025,IND,3,21.0,standard,1,Signed a 3 year $21 million contract with Indiana (IND)
jacksis01,Isaiah Jackson,74129,"Aug 11, 2021",2021,IND,4,12.16,rookie-scale,1,Signed a 4 year $12.16 million rookie scale contract with Indiana (IND)
jacksja02,Jaren Jackson Jr.,26970,"Jul 13, 2025",2025,MEM,4,205.0,extension,1,"Signed a 4 year $205 million Renegotiation-and-Extend contract extension with Memphis (MEM); 2025-26 salary increased by $11,586,605 making the total value of the extension $216.58 million"
jacksja02,Jaren Jackson Jr.,26970,"Oct 18, 2021",2021,MEM,4,104.72,rookie-scale,1,Signed a 4 year $104.72 million rookie scale contract extension with Memphis (MEM)
jacksja02,Jaren Jackson Jr.,26970,"Jul 01, 2018",2018,MEM,4,29.28,rookie-scale,1,Signed a 4 year $29.28 million rookie scale contract with Memphis (MEM)
jacksjo02,Josh Jackson,23599,"Aug 31, 2022",2022,TOR,1,2.13,standard,1,Signed a 1 year $2.13 million contract with Toronto (TOR)
jacksjo02,Josh Jackson,23599,"Dec 01, 2020",2020,DET,2,9.77,standard,1,Signed a 2 year $9.77 million contract with Detroit (DET)
jacksjo02,Josh Jackson,23599,"Jul 03, 2017",2017,PHX,4,27.12,rookie-scale,1,Signed a 4 year $27.12 million rookie scale contract with Phoenix (PHX)
jacksju01,Justin Jackson,23610,"Jul 06, 2017",2017,SAC,4,13.48,rookie-scale,1,Signed a 4 year $13.48 million rookie scale contract with Sacramento (SAC)
jacksqu01,Quenton Jackson,79955,"Feb 28, 2026",2026,IND,3,6.21,two-way,1,Signed a 3 year $6.21 million Rest-of-Season contract with Indiana (IND) via converted Two-Way contract
jacksre01,Reggie Jackson,8075,"Jul 29, 2024",2024,PHI,1,3.3,standard,1,Signed a 1 year $3.3 million contract with Philadelphia (PHI)
jacksre01,Reggie Jackson,8075,"Jul 16, 2023",2023,DEN,2,10.25,standard,1,Signed a 2 year $10.25 million contract with Denver (DEN) - includes 2024-25 Player Option
jacksre01,Reggie Jackson,8075,"Aug 10, 2021",2021,LAC,2,21.6,standard,1,Signed a 2 year $21.60 million contract with Los Angeles (LAC)
jacksre01,Reggie Jackson,8075,"Jul 20, 2015",2015,DET,5,80.0,standard,1,Signed a 5 year $80 million contract with Detroit (DET)
jacksre01,Reggie Jackson,8075,"Dec 11, 2011",2011,OKC,2,2.36,standard,1,Signed a 2 year $2.36 million contract with OKlahoma City (OKC)
jackstr02,Trayce Jackson-Davis,84443,"Jul 06, 2023",2023,GSW,4,7.64,standard,1,Signed a 4 year $7.64 million contract with Golden State (GSW) - includes 2026-27 Club Option
jakucka01,Kasparas Jakučionis,98605,"Jul 01, 2025",2025,MIA,4,17.73,rookie-scale,1,Signed a 4 year $17.73 million Rookie Scale contract with Miami (MIA)
jamesbr02,Bronny James,92960,"Jul 03, 2024",2024,LAL,4,7.9,standard,1,Signed a 4 year $7.90 million contract with Los Angeles (LAL)
jamesle01,LeBron James,2257,"Jul 26, 2026",2026,PHI,2,7.94,standard,1,Signed a 2 year $7.94 million contract with Philadelphia (PHI) - includes 2027-28 Player Option
jamesle01,LeBron James,2257,"Jul 06, 2024",2024,LAL,2,101.36,maximum,1,"Signed a 2 year $101.36 million maximum contract with Los Angeles (LAL) - includes 2025-26 Player Option, no-trade clause and 15% trade kicker"
jamesle01,LeBron James,2257,"Aug 18, 2022",2022,LAL,2,99.02,maximum,1,Signed a 2 year $99.02 million Maximum Veteran contract extension with Los Angeles (LAL)
jamesle01,LeBron James,2257,"Dec 03, 2020",2020,LAL,2,85.66,extension,1,Signed a 2 year $85.66 million contract extension with Los Angeles (LAL)
jamesle01,LeBron James,2257,"Jul 09, 2018",2018,LAL,4,153.5,maximum,1,Signed a 4 year $153.5 million maximum contract with Los Angeles (LAL)
jamesle01,LeBron James,2257,"Aug 12, 2016",2016,CLE,3,100.0,standard,1,Signed a 3 year $100 million contact with Cleveland (CLE)
jamesle01,LeBron James,2257,"Jul 12, 2014",2014,CLE,2,42.2,standard,1,Signed a 2 year $42.2 million contract with Cleveland (CLE)
jamesle01,LeBron James,2257,"Jul 09, 2010",2010,CLE,6,110.0,standard,1,Signed a 6 year $110 million contract with Cleveland (CLE)
jamesle01,LeBron James,2257,"Jul 18, 2006",2006,CLE,4,60.4,rookie-scale,1,Signed a 4 year $60.4 million rookie scale extension with Cleveland (CLE)
jamesle01,LeBron James,2257,"Jul 03, 2003",2003,CLE,3,12.9,standard,1,Signed a 3 year $12.9 million contract with Cleveland (CLE)
jamesmi02,Mike James,2607,"Sep 23, 2013",2013,CHI,1,1.4,standard,1,Signed a 1 year $1.4 million contract with Chicago (CHI)
jamessi01,Sion James,98641,"Jul 03, 2025",2025,CHA,4,9.97,standard,1,Signed a 4 year $9.97 million contract with Charlotte (CHA) via 2nd-round exception - includes 2028-29 Club Option
jaqueja01,Jaime Jaquez Jr.,82323,"Jul 01, 2023",2023,MIA,4,17.0,rookie-scale,1,Signed a 4 year $17.0 million rookie scale contract with Miami (MIA)
jeffeal01,Al Jefferson,2579,"Jul 09, 2016",2016,IND,3,30.0,standard,1,Signed a 3 year $30 million contract with Indiana (IND)
jeffeal01,Al Jefferson,2579,"Jul 10, 2013",2013,CHA,3,41.0,standard,1,Signed a 3 year $41 million contract with Charlotte (CHA)
jeffeal01,Al Jefferson,2579,"Oct 31, 2007",2007,MIN,5,65.0,rookie-scale,1,Signed a 5 year $65 million rookie scale extension with Minnesota (MIN)
jeffeal01,Al Jefferson,2579,"Jul 03, 2004",2004,BOS,3,4.5,standard,1,Signed a 3 year $4.5 million contract with Boston (BOS)
jefferi01,Richard Jefferson,2594,"Oct 19, 2017",2017,DEN,1,2.3,standard,1,Signed a 1 year $2.3 million contract with Denver (DEN)
jefferi01,Richard Jefferson,2594,"Jul 28, 2016",2016,CLE,3,7.6,standard,1,Signed a 3 year $7.6 million contract with Cleveland (CLE)
jefferi01,Richard Jefferson,2594,"Aug 05, 2015",2015,CLE,1,1.5,standard,1,Signed a 1 year $1.5 million contract with Cleveland (CLE)
jefferi01,Richard Jefferson,2594,"Jul 20, 2014",2014,DAL,1,1.45,standard,1,Signed a 1 year $1.45 million contract with Dallas (DAL)
jefferi01,Richard Jefferson,2594,"Aug 13, 2004",2004,NJN,6,78.0,rookie-scale,1,Signed a 6 year $78 million rookie scale extension with New Jersey (NJN)
jefferi01,Richard Jefferson,2594,"Jul 13, 2001",2001,NJN,3,4.4,standard,1,Signed a 3 year $4.4 million contract with New Jersey (NJN)
jeffrda01,DaQuan Jeffries,32680,"Oct 02, 2024",2024,NYK,3,8.25,standard,1,Signed a 3 year $8.25 million contract with New York (NYK) as part of a Sign-and-Trade with Charlotte (CHA)
jeffrda01,DaQuan Jeffries,32680,"Mar 26, 2023",2023,NYK,2,2.37,standard,1,Signed a 2 year $2.37 million Rest-of-Season contract with New York (NYK)
jeffrda01,DaQuan Jeffries,32680,"Nov 28, 2020",2020,SAC,1,1.45,standard,1,Signed a 1 year $1.45 million contract with Sacramento (SAC) - includes 2021 Club Option
jenkida01,Daniss Jenkins,94498,"Feb 09, 2026",2026,DET,2,7.8,standard,1,Signed a 2 year $7.8 million Rest-of-Season contract with Detroit (DET) - includes 2026-27 Club Option
jenkijo01,John Jenkins,12363,"Jan 02, 2026",2026,BAL,1,1.95,extension,1,Signed a 1 year $1.95 million contract extension with Baltimore (BAL)
jenkijo01,John Jenkins,12363,"Jun 02, 2025",2025,BAL,1,1.75,standard,1,Signed a 1 year $1.75 million contract with Baltimore (BAL)
jenkijo01,John Jenkins,12363,"Apr 07, 2022",2022,MIA,1,1.27,standard,1,Signed a 1 year $1.27 million contract with Miami (MIA)
jenkijo01,John Jenkins,12363,"Apr 01, 2021",2021,MIA,1,1.2,standard,1,Signed a 1 year $1.2 million contract with Miami (MIA)
jenkijo01,John Jenkins,12363,"Apr 28, 2020",2020,CHI,1,1.1,standard,1,Signed a 1 year $1.1 million contract with Chicago (CHI)
jenkijo01,John Jenkins,12363,"May 13, 2019",2019,NYG,1,0.845,standard,1,"Signed a 1 year $845,000 contract with New York (NYG)"
jenkijo01,John Jenkins,12363,"Apr 08, 2018",2018,CHI,1,0.88,standard,1,"Signed a 1 year $880,000 contract with Chicago (CHI)"
jenkijo01,John Jenkins,12363,"Mar 17, 2017",2017,CHI,1,0.9,standard,1,"Signed a 1 year $900,000 contract with Chicago (CHI)"
jennibr01,Brandon Jennings,6299,"Mar 01, 2017",2017,WAS,1,1.2,standard,1,Signed a 1 year $1.2 million contract with Washington (WAS)
jennibr01,Brandon Jennings,6299,"Jul 08, 2016",2016,NYK,1,5.0,standard,1,Signed a 1 year $5 million contract with New York (NYK)
jennibr01,Brandon Jennings,6299,"Jul 30, 2013",2013,MIL,3,24.0,standard,1,Signed a 3 year $24 million contract with Milwaukee (MIL) as part of a sign-and-trade with Detroit (DET)
jennibr01,Brandon Jennings,6299,"Jul 27, 2009",2009,MIL,2,4.5,standard,1,SIgned a 2 year $4.5 million contract with Milwaukee (MIL)
jerebjo01,Jonas Jerebko,6285,"Jul 12, 2018",2018,GSW,1,2.18,standard,1,Signed a 1 year $2.18 million contract with Golden State (GSW)
jerebjo01,Jonas Jerebko,6285,"Jul 17, 2017",2017,UTH,2,8.2,standard,1,Signed a 2 year $8.2 million contract with Utah (UTH)
jerebjo01,Jonas Jerebko,6285,"Jul 09, 2015",2015,BOS,2,10.0,standard,1,Signed a 2 year $10 million contract with Boston (BOS)
jerebjo01,Jonas Jerebko,6285,"Dec 10, 2011",2011,DET,4,18.0,standard,1,Signed a 4 year $18 million contract with Detroit (DET)
jerebjo01,Jonas Jerebko,6285,"Aug 07, 2009",2009,DET,2,1.22,standard,1,Signed a 2 year $1.22 million contract with Detroit (DET)
jeromty01,Ty Jerome,31582,"Jul 14, 2025",2025,MEM,3,27.66,standard,1,Signed a 3 year $27.66 million contract with Memphis (MEM) - includes 2029-30 Player Option
jeromty01,Ty Jerome,31582,"Jul 06, 2023",2023,CLE,2,4.63,standard,1,Signed a 2 year $4.63 million contract with Cleveland (CLE)
jeromty01,Ty Jerome,31582,"Jul 06, 2019",2019,PHX,4,11.13,rookie-scale,1,Signed a 4 year $11.13 million rookie scale contract with Phoenix (PHX)
joeis01,Isaiah Joe,70691,"Jul 07, 2024",2024,OKC,4,48.0,standard,1,Signed a 4 year $48 million contract with Oklahoma City (OKC)
joeis01,Isaiah Joe,70691,"Oct 16, 2022",2022,OKC,3,5.99,standard,1,Signed a 3 year $5.99 million contract with Oklahoma City (OKC) - includes 2024-25 Club Option
joeis01,Isaiah Joe,70691,"Nov 27, 2020",2020,PHI,3,4.2,standard,1,Signed a 3 year $4.2 million contract with Philadelphia (PHI)
johnsaj01,AJ Johnson,92952,"Jul 05, 2024",2024,MIL,4,14.62,rookie-scale,1,Signed a 4 year $14.62 million rookie scale contract with Milwaukee (MIL)
johnsal02,Alize Johnson,27016,"Sep 06, 2021",2021,CHI,2,3.61,standard,1,Signed a 2 year $3.61 million contract with Chicago (CHI)
johnsal02,Alize Johnson,27016,"Apr 11, 2021",2021,BKN,3,4.07,standard,1,Signed a 3 year $4.07 million Rest-of-Season contract with Brooklyn (BKN)
johnsal02,Alize Johnson,27016,"Jul 16, 2018",2018,IND,2,2.25,standard,1,Signed a 2 year $2.25 million contract with Indiana (IND)
johnsam01,Amir Johnson,2304,"Jul 17, 2018",2018,PHI,1,2.39,standard,1,Signed a 1 year $2.39 million contract with Philadelphia (PHI)
johnsam01,Amir Johnson,2304,"Jul 01, 2017",2017,PHI,1,11.0,standard,1,Signed a 1 year $11 million contract with Philadelphia (PHI)
johnsam01,Amir Johnson,2304,"Jul 09, 2015",2015,BOS,2,24.0,standard,1,Signed a 2 year $24 million contract with Boston (BOS)
johnsam01,Amir Johnson,2304,"Jul 01, 2010",2010,TOR,5,34.0,standard,1,Signed a 5 year $34 million contract with Toronto (TOR)
johnsam01,Amir Johnson,2304,"Jul 13, 2007",2007,DET,3,11.0,standard,1,Signed a 3 year $11 million contract with Detroit (DET)
johnsam01,Amir Johnson,2304,"Aug 09, 2005",2005,DET,1,0.398762,standard,1,"Signed a 1 year $398,762 contract with Detroit (DET)"
johnsca02,Cameron Johnson,31568,"Jul 06, 2023",2023,BKN,4,94.5,standard,1,Signed a 4 year $94.5 million contract with Brooklyn (BKN)
johnsca02,Cameron Johnson,31568,"Jul 06, 2019",2019,PHX,4,18.59,rookie-scale,1,Signed a 4 year $18.59 million rookie scale contract with Phoenix (PHX)
johnsch04,Chris Johnson,7677,"Sep 28, 2015",2015,CLE,1,0.981,standard,1,Signed a 1 year $981k contract with Cleveland (CLE)
johnsch04,Chris Johnson,7677,"Sep 26, 2014",2014,MIA,1,0.948,standard,1,Signed a 1 year $948k contract with Miami (MIA) - camp invite
johnsch04,Chris Johnson,7677,"Feb 08, 2013",2013,MIN,2,1.26,standard,1,Signed a 2 year $1.26 million contract with Minnesota (MIN) for the remainder of 2012-2013 and 2013-2014
johnsch04,Chris Johnson,7677,"Mar 14, 2011",2011,POR,1,0.762195,standard,1,"Signed a 1 year $762,195 contract with Portland (POR)"
johnsja01,James Johnson,6279,"Jul 25, 2024",2024,IND,1,3.3,standard,1,Signed a 1 year $3.3 million contract with Indiana (IND)
johnsja01,James Johnson,6279,"Aug 06, 2021",2021,BKN,1,2.64,standard,1,Signed a 1 year $2.64 million contract with Brooklyn (BKN)
johnsja01,James Johnson,6279,"Jul 07, 2017",2017,MIA,3,43.3,standard,1,Signed a 3 year $$43.3 million contract with Miami (MIA) - includes 4th Year Club Option
johnsja01,James Johnson,6279,"Jul 10, 2016",2016,MIA,1,4.0,standard,1,Signed a 1 year $4 million contract with Miami (MIA)
johnsja01,James Johnson,6279,"Jul 17, 2014",2014,TOR,2,5.0,standard,1,Signed a 2 year $5 million contract with Toronto (TOR)
johnsja01,James Johnson,6279,"Dec 16, 2013",2013,MEM,1,0.680263,standard,1,"Signed a 1 year $680,263 contract with Memphis (MEM)"
johnsja01,James Johnson,6279,"Sep 19, 2013",2013,ATL,2,2.01,standard,1,Signed a 2 year $2.01 million contract with Atlanta (ATL)
johnsja01,James Johnson,6279,"Jul 09, 2009",2009,CHI,2,3.3,standard,1,Signed a 2 year $3.3 million contract with Chicago (CHI)
johnsja05,Jalen Johnson,74127,"Oct 21, 2024",2024,ATL,5,150.0,rookie-scale,1,Signed a 5 year $150 million Rookie Scale contract extension with Atlanta (ATL)
johnsja05,Jalen Johnson,74127,"Aug 04, 2021",2021,ATL,4,12.89,rookie-scale,1,Signed a 4 year $12.89 million rookie scale contract with Atlanta (ATL)
johnsjo02,Joe Johnson,2200,"Sep 19, 2019",2019,DET,1,2.56,standard,1,Signed a 1 year $2.56 million contract with Detroit (DET) - partially guaranteed
johnsjo02,Joe Johnson,2200,"Feb 14, 2018",2018,HOU,1,0.749,standard,1,Signed a 1 year $749k contract with Houston (HOU)
johnsjo02,Joe Johnson,2200,"Jul 08, 2010",2010,ATL,6,123.7,standard,1,Signed a 6 year $123.7 million contract with Atlanta (ATL)
johnsjo02,Joe Johnson,2200,"Aug 19, 2005",2005,PHX,5,67.4,standard,1,Signed a 5 year $67.4 million contract with Phoenix (PHX)
johnsjo02,Joe Johnson,2200,"Jul 10, 2001",2001,BOS,3,5.18,standard,1,Signed a 3 year $5.18 million contract with Boston (BOS)
johnske04,Keldon Johnson,31588,"Jul 18, 2022",2022,SAS,4,74.0,rookie-scale,1,Signed a 4 year $74 million Rookie Scale extension with San Antonio (SAS)
johnske04,Keldon Johnson,31588,"Jul 01, 2019",2019,SAS,4,10.02,rookie-scale,1,Signed a 4 year $10.02 million rookie scale contract with San Antonio (SAS)
johnske07,Keon Johnson,74128,"Jul 21, 2024",2024,BKN,2,4.51,standard,1,Signed a 2 year $4.51 million contract with Brooklyn (BKN)
johnske07,Keon Johnson,74128,"Aug 06, 2021",2021,LAC,4,12.52,rookie-scale,1,Signed a 4 year $12.52 million rookie scale contract with Los Angeles (LAC)
johnsst04,Stanley Johnson,17836,"Jul 11, 2019",2019,TOR,2,7.43,standard,1,Signed a 2 year $7.43 million contract with Toronto (TOR)
johnsst04,Stanley Johnson,17836,"Jul 22, 2015",2015,DET,2,5.8,standard,1,Signed a 2 year $5.8 million contract with Detroit (DET)
johnstr03,Tre Johnson,98601,"Jul 05, 2025",2025,WAS,4,37.44,rookie-scale,1,Signed a 4 year $37.44 million Rookie Scale contract with Washington (WAS)
johnsty01,Tyler Johnson,15645,"Nov 27, 2020",2020,BKN,1,2.03,standard,1,Signed a 1 year $2.03 million contract with Brooklyn (BKN)
johnsty01,Tyler Johnson,15645,"Jul 10, 2016",2016,MIA,4,50.0,standard,1,Signed a 4 year $50 million contract with Miami (MIA); matched Brooklyn's Offer Sheet
johnsty01,Tyler Johnson,15645,"Feb 08, 2015",2015,MIA,2,1.05,standard,1,Signed a 2 year $1.05 million contract with Miami (MIA)
johnsty01,Tyler Johnson,15645,"Aug 06, 2014",2014,MIA,2,1.35,standard,1,Signed a 2 year $1.35 million contract with Miami (MIA)
johnswe01,Wesley Johnson,6885,"Jul 08, 2016",2016,LAC,3,17.6,standard,1,Signed a 3 year $17.6 million contract with Los Angeles (LAC)
johnswe01,Wesley Johnson,6885,"Jul 09, 2015",2015,LAC,2,2.33,standard,1,Signed a 2 year $2.33 million contract with Los Angeles (LAC)
johnswe01,Wesley Johnson,6885,"Jul 28, 2014",2014,LAL,1,0.981,standard,1,Signed a 1 year $981k contract with Los Angeles (LAL)
johnswe01,Wesley Johnson,6885,"Jul 15, 2013",2013,LAL,1,0.916099,standard,1,"Signed a 1 year $916,099 contract with Los Angeles (LAL)"
johnswe01,Wesley Johnson,6885,"Jul 13, 2010",2010,MIN,2,7.73,standard,1,Signed a 2 year $7.73 million contract with Minnesota (MIN)
jokicni01,Nikola Jokić,15393,"Jul 08, 2022",2022,DEN,5,276.12,extension,1,Signed a 5 year $276.12 million Designated Veteran Player extension with Denver (DEN) - incudes 2027-28 Player Option
jokicni01,Nikola Jokić,15393,"Jul 09, 2018",2018,DEN,5,147.7,maximum,1,Signed a 5 year $147.7 million maximum contract with Denver (DEN)
jokicni01,Nikola Jokić,15393,"Jul 28, 2015",2015,DEN,3,4.08,standard,1,Signed a 3 year $4.08 million contract with Denver (DEN)
jonesco02,Colby Jones,82320,"Jul 02, 2023",2023,SAC,4,8.77,standard,1,Signed a 4 year $8.77 million contract with Sacramento (SAC) - includes 2026-27 Club Option
jonesda03,Damian Jones,20235,"Jul 01, 2022",2022,LAL,2,4.89,standard,1,Signed a 2 year $4.89 million contract with Los Angeles (LAL)
jonesda03,Damian Jones,20235,"Nov 28, 2020",2020,PHX,2,3.7,standard,1,Signed a 2 year $3.7 million contract with Phoenix (PHX)
jonesda03,Damian Jones,20235,"Jul 13, 2016",2016,SAC,4,6.33,rookie-scale,1,Signed a 4 year $6.33 million rookie scale contract with Sacramento (SAC)
jonesde02,Derrick Jones Jr.,21067,"Jul 09, 2024",2024,LAC,3,30.0,standard,1,"Signed a 3 year $30 million contract with LA Clippers (LAC). Per reports, this includes 5% Trade Bonus."
jonesde02,Derrick Jones Jr.,21067,"Aug 18, 2023",2023,DAL,1,2.7,standard,1,Signed a 1 year $2.7 million contract with Dallas (DAL)
jonesde02,Derrick Jones Jr.,21067,"Jul 06, 2022",2022,CHI,2,6.56,standard,1,Signed a 2 year $6.56 million contract with Chicago (CHI) - includes 2023-24 Player Option
jonesde02,Derrick Jones Jr.,21067,"Nov 22, 2020",2020,POR,2,18.98,standard,1,Signed a 2 year $18.98 million contract with Portland (POR)
jonesde02,Derrick Jones Jr.,21067,"Jul 01, 2018",2018,MIA,2,3.16,standard,1,Signed a 2 year $3.16 million contract with Miami (MIA)
jonesde02,Derrick Jones Jr.,21067,"Sep 15, 2016",2016,PHX,3,3.4,standard,1,Signed a 3 year $3.4 million contract with Phoenix (PHX)
jonesdi01,Dillon Jones,91778,"Jul 06, 2024",2024,OKC,4,13.46,rookie-scale,1,Signed a 4 year $13.46 million rookie scale contract with Oklahoma City (OKC)
joneshe01,Herbert Jones,74142,"Jul 14, 2025",2025,NOP,3,67.58,extension,1,Signed a 3 year $67.58 million contract extension with New Orleans (NOP) - includes 2027-28 Player Option
joneshe01,Herbert Jones,74142,"Jul 06, 2023",2023,NOP,4,53.83,standard,1,Signed a 4 year $53.83 million contract with New Orleans (NOP)
joneshe01,Herbert Jones,74142,"Aug 16, 2021",2021,NOP,3,5.32,standard,1,Signed a 3 year $5.32 million contract with New Orleans (NOP)
jonesja02,James Jones,2676,"Aug 02, 2016",2016,CLE,1,1.55,standard,1,Signed a 1 year $1.55 million contract with Cleveland (CLE)
jonesja02,James Jones,2676,"Jul 24, 2015",2015,CLE,1,1.5,standard,1,Signed a 1 year $1.5 million contract with Cleveland (CLE)
jonesja02,James Jones,2676,"Aug 05, 2014",2014,CLE,1,1.45,standard,1,Signed a 1 year $1.45 million contract with Cleveland (CLE)
jonesja02,James Jones,2676,"Dec 10, 2011",2011,MIA,3,4.5,standard,1,Signed a 3 year $4.5 million contract with Miami (MIA)
jonesja02,James Jones,2676,"Jul 21, 2010",2010,MIA,1,1.07,standard,1,Signed a 1 year $1.07 million contract with Miami (MIA)
jonesja02,James Jones,2676,"Jul 09, 2008",2008,MIA,5,23.258,standard,1,Signed a 5 year $23.258 million contract with Miami (MIA)
jonesja02,James Jones,2676,"Aug 25, 2005",2005,IND,3,7.95,standard,1,Signed a 3 year $7.95 million contract with Indiana (IND)
jonesja02,James Jones,2676,"Aug 21, 2003",2003,IND,2,0.987,standard,1,Signed a 2 year $987k contract with Indiana (IND)
joneska01,Kai Jones,74126,"Aug 03, 2021",2021,CHA,4,13.42,rookie-scale,1,Signed a 4 year $13.42 million rookie scale contract with Charlotte (CHA)
joneska03,Kam Jones,98618,"Jul 08, 2025",2025,IND,4,8.69,standard,1,Signed a 4 year $8.69 million contract with Indiana (IND) via 2nd-round exception - includes 2028-29 Club Option
jonessp01,Spencer Jones,95438,"Jul 31, 2026",2026,DEN,2,11.75,standard,1,Signed a 2 year $11.75 million contract with Denver (DEN) by matching Offer Sheet from Oklahoma City (OKC)
jonessp01,Spencer Jones,95438,"Jul 25, 2026",2026,OKC,2,12.0,standard,1,Signed a 2 year $12 million contract with Oklahoma City (OKC) via Offer Sheet. Denver (DEN) has the right to match.
joneste01,Terrence Jones,10843,"Mar 04, 2017",2017,MIL,1,0.247,standard,1,Signed a 1 year $247k contract with Milwaukee (MIL)
joneste01,Terrence Jones,10843,"Jul 22, 2016",2016,NOP,1,1.05,standard,1,Signed a 1 year $1.05 million contract with New Orleans (NOP)
joneste01,Terrence Jones,10843,"Jul 26, 2012",2012,HOU,2,3.04,standard,1,Signed a 2 year $3.04 million contract with Houston (HOU)
jonestr01,Tre Jones,70683,"Jul 06, 2025",2025,CHI,3,24.0,standard,1,Signed a 3 year $24 million contract with Chicago (CHI) - includes 2027-28 Club Option
jonestr01,Tre Jones,70683,"Jul 18, 2023",2023,SAS,2,19.0,standard,1,Signed a 2 year $19 million contract with San Antonio (SAS)
jonesty01,Tyus Jones,17852,"Jul 14, 2026",2026,DEN,1,3.88,standard,1,Signed a 1 year $3.88 million contract with Denver (DEN)
jonesty01,Tyus Jones,17852,"Jul 06, 2025",2025,ORL,1,7.0,standard,1,Signed a 1 year $7 million contract with Orlando (ORL)
jonesty01,Tyus Jones,17852,"Jul 29, 2024",2024,PHX,1,3.0,standard,1,Signed 1 year $3.0 million contract with Phoenix (PHX)
jonesty01,Tyus Jones,17852,"Jul 06, 2022",2022,MEM,2,29.0,standard,1,Signed a 2 year $29 million contract with Memphis (MEM)
jonesty01,Tyus Jones,17852,"Jul 11, 2019",2019,MEM,3,26.4,standard,1,"Signed a 3 year $26.4 million contract with Memphis (MEM), Minnesota (MIN) declined to match Offer Sheet"
jonesty01,Tyus Jones,17852,"Jul 05, 2015",2015,MIN,2,2.62,standard,1,Signed a 2 year $2.62 million contract with Minnesota (MIN)
jordade01,DeAndre Jordan,6117,"Jul 10, 2026",2026,NOP,2,7.95,standard,1,Signed a 2 year $7.95 million contract with New Orleans (NOP)
jordade01,DeAndre Jordan,6117,"Oct 24, 2025",2025,NOP,1,3.59,standard,1,Signed a 1 year $3.59 million Rest-of-Season contract with New Orleans (NOP)
jordade01,DeAndre Jordan,6117,"Jul 24, 2024",2024,DEN,1,3.3,standard,1,Signed a 1 year $3.3 million contract with Denver (DEN)
jordade01,DeAndre Jordan,6117,"Jul 20, 2023",2023,DEN,1,3.2,standard,1,Signed a 1 year $3.20 million contract with Denver (DEN)
jordade01,DeAndre Jordan,6117,"Jul 12, 2022",2022,DEN,1,2.91,standard,1,Signed a 1 year $2.91 million contract with Denver (DEN)
jordade01,DeAndre Jordan,6117,"Jul 07, 2019",2019,BKN,4,40.0,standard,1,Signed a 4 year $40 million contract with Brooklyn (BKN)
jordade01,DeAndre Jordan,6117,"Jul 06, 2018",2018,DAL,1,22.9,standard,1,Signed a 1 year $22.9 million contract with Dallas (DAL)
jordade01,DeAndre Jordan,6117,"Jul 03, 2015",2015,LAC,4,87.6,standard,1,Signed a 4 year $87.6 million contract with Los Angeles (LAC)
jordade01,DeAndre Jordan,6117,"Dec 12, 2011",2011,LAC,4,43.0,standard,1,Signed a 4 year $43 million contract with Los Angeles (LAC)
jordade01,DeAndre Jordan,6117,"Jul 14, 2008",2008,LAC,3,2.14,standard,1,Signed a 3 year $2.14 million contract with Los Angeles (LAC)
josepco01,Cory Joseph,8080,"Jul 19, 2024",2024,ORL,2,6.77,standard,1,Signed a 2 year $6.77 million contract with Orlando (ORL) - includes 2025-26 Club Option
josepco01,Cory Joseph,8080,"Jul 06, 2023",2023,GSW,1,3.2,standard,1,Signed a 1 year $3.2 million contract with Golden State (GSW)
josepco01,Cory Joseph,8080,"Aug 10, 2021",2021,DET,2,10.07,standard,1,Signed a 2 year $10.07 million contract with Detroit (DET)
josepco01,Cory Joseph,8080,"Jul 06, 2019",2019,SAC,3,37.2,standard,1,Signed a 3 year $37.2 million contract with Sacramento (SAC) - 2020 partially guaranteed
josepco01,Cory Joseph,8080,"Jul 05, 2015",2015,TOR,4,29.89,standard,1,Signed a 4 year $29.89 million contract with Toronto (TOR)
josepco01,Cory Joseph,8080,"Dec 17, 2011",2011,SAS,2,2.2,standard,1,Signed a 2 year $2.2 million contract with San Antonio (SAS)
jovicni01,Nikola Jović,78135,"Oct 03, 2025",2025,MIA,4,62.4,rookie-scale,1,Signed a 4 year $62.4 million Rookie Scale contract extension with Miami (MIA)
jovicni01,Nikola Jović,78135,"Jul 02, 2022",2022,MIA,4,11.5,rookie-scale,1,Signed a 4 year $11.5 million Rookie Scale contract with Miami (MIA)
juzanjo01,Johnny Juzang,78583,"Aug 12, 2024",2024,UTA,4,11.43,standard,1,Signed a 4 year $11.43 million contract with Utah (UTA)
kalkbry01,Ryan Kalkbrenner,98627,"Jul 03, 2025",2025,CHA,4,9.97,standard,1,Signed a 4 year $9.97 million contract with Charlotte (CHA) via 2nd-round exception - includes 2028-29 Club Option
kaminfr01,Frank Kaminsky,17837,"Jul 12, 2022",2022,ATL,1,2.46,standard,1,Signed a 1 year $2.46 million contract with Atlanta (ATL)
kaminfr01,Frank Kaminsky,17837,"Aug 09, 2021",2021,PHX,1,2.09,standard,1,Signed a 1 year $2.09 million contract with Phoenix (PHX)
kaminfr01,Frank Kaminsky,17837,"Jul 17, 2019",2019,PHX,1,4.77,standard,1,Signed a 1 year $4.77 million contract with Phoenix (PHX) - includes 2020 Club Option
kaminfr01,Frank Kaminsky,17837,"Jul 02, 2015",2015,CHA,2,5.34,standard,1,Signed a 2 year $5.34 million contract with Charlotte (CHA)
kanteen01,Enes Freedom,8053,"Aug 13, 2021",2021,BOS,1,2.64,standard,1,Signed a 1 year $2.64 million contract with Boston (BOS)
kanteen01,Enes Freedom,8053,"Feb 13, 2019",2019,POR,1,0.653,standard,1,Signed a 1 year $653k contract with Portland (POR)
kanteen01,Enes Freedom,8053,"Jul 13, 2015",2015,OKC,4,70.0,standard,1,Signed a 4 year $70 million max Offer Sheet with Oklahoma City (OKC)
kanteen01,Enes Freedom,8053,"Jul 09, 2015",2015,POR,4,70.0,standard,1,Signed a 4 year $70 million Offer Sheet with Portland (POR); Oklahoma City (OKC) has right to match.
kanteen01,Enes Freedom,8053,"Dec 09, 2011",2011,UTH,2,8.8,standard,1,Signed a 2 year $8.8 million contract with Utah (UTH)
kellyry01,Ryan Kelly,18966,"Mar 10, 2025",2025,MIN,2,18.0,standard,1,Signed a 2 year $18 million contract with Minnesota (MIN)
kellyry01,Ryan Kelly,18966,"Sep 03, 2020",2020,IND,4,50.0,extension,1,Signed a 4 year $50 million contract extension with Indianapolis (IND)
kellyry01,Ryan Kelly,18966,"May 04, 2016",2016,IND,4,10.45,standard,1,Signed a 4 year $10.45 million contract with Indianapolis (IND)
kennalu01,Luke Kennard,23607,"Jul 14, 2026",2026,PHX,2,12.43,standard,1,Signed a 2 year $12.43 million contract with Phoenix (PHX) - includes 2027-28 Player Option
kennalu01,Luke Kennard,23607,"Jul 08, 2025",2025,ATL,1,11.0,standard,1,Signed a 1 year $11 million contract with Atlanta (ATL)
kennalu01,Luke Kennard,23607,"Jul 31, 2024",2024,MEM,1,9.25,standard,1,Signed a 1 year $9.25 million contract with Memphis (MEM)
kennalu01,Luke Kennard,23607,"Dec 21, 2020",2020,LAC,3,41.2,extension,1,Signed a 3 year $41.2 million rookie contract extension with Los Angeles (LAC) - includes 2024 Club Option
kennalu01,Luke Kennard,23607,"Jul 01, 2017",2017,DET,4,15.14,rookie-scale,1,Signed a 4 year $15.14 million rookie scale contract with Detroit (DET)
kesslwa01,Walker Kessler,78133,"Jul 08, 2026",2026,UTA,4,129.47,standard,1,Signed 4 year $129.47 million contract with Utah (UTA) as part of a sign-and-trade with Los Angeles (LAL)
kesslwa01,Walker Kessler,78133,"Jul 09, 2022",2022,UTH,4,13.37,rookie-scale,1,Signed a 4 year $13.37 million Rookie Scale contract with Utah (UTH)
kiddgmi01,Michael Kidd-Gilchrist,10810,"Aug 26, 2015",2015,CHA,4,52.0,extension,1,Signed a 4 year $52 million contract extension with Charlotte (CHA)
kiddgmi01,Michael Kidd-Gilchrist,10810,"Jul 07, 2012",2012,CHA,2,9.4,standard,1,Signed a 2 year $9.4 million contract with Charlotte (CHA)
kilpase01,Sean Kilpatrick,15922,"Mar 26, 2018",2018,CHI,3,6.2,standard,1,Signed a 3 year $6.2 million contract with Chicago (CHI)
kilpase01,Sean Kilpatrick,15922,"Jan 07, 2018",2018,MIL,1,0.818,standard,1,Signed a 1 year $818k contract with Milwaukee (MIL)
kilpase01,Sean Kilpatrick,15922,"Mar 19, 2016",2016,BKN,3,2.25,standard,1,Signed a 3 year $2.25 million contract with Brooklyn (BKN)
kilpase01,Sean Kilpatrick,15922,"Sep 08, 2015",2015,NOP,2,1.82,standard,1,Signed a 2 year $1.82 million contract with New Orleans (NOP)
kilpase01,Sean Kilpatrick,15922,"Oct 20, 2014",2014,GSW,1,0.507,standard,1,Signed a 1 year $507k contract with Golden State (GSW)
kispeco01,Corey Kispert,74122,"Oct 21, 2024",2024,WAS,4,54.0,rookie-scale,1,Signed a 4 year $54 million Rookie Scale contract extension with Washington (WAS) - includes 2028-29 Club Option
kispeco01,Corey Kispert,74122,"Aug 04, 2021",2021,WAS,4,16.36,rookie-scale,1,Signed a 4 year $16.36 million rookie scale contract with Washington (WAS)
klebima01,Maxi Kleber,24212,"Sep 08, 2022",2022,DAL,3,33.0,extension,1,Signed a 3 year $33 million veteran contract extension with Dallas (DAL)
klebima01,Maxi Kleber,24212,"Jul 10, 2019",2019,DAL,4,35.6,standard,1,Signed a 4 year $35.6 million contract with Dallas (DAL)
klebima01,Maxi Kleber,24212,"Jul 12, 2017",2017,DAL,2,2.19,standard,1,Signed a 2 year $2.19 million contract with Dallas (DAL)
knechda01,Dalton Knecht,91749,"Jul 02, 2024",2024,LAL,4,18.48,rookie-scale,1,Signed a 4 year $18.48 million rookie scale contract with Los Angeles (LAL)
knighbr03,Brandon Knight,8058,"Jul 17, 2015",2015,PHX,5,70.0,extension,1,Signed a 5 year $70 million extension with Phoenix (PHX)
knighbr03,Brandon Knight,8058,"Dec 09, 2011",2011,DET,2,5.24,standard,1,Signed a 2 year $5.24 million contract with Detroit (DET)
knighna01,Nathan Knight,70772,"Jul 23, 2022",2022,MIN,2,3.83,standard,1,Signed a 2 year $3.83 million contract with Minnesota (MIN) - includes 2023-24 Club Option
knoxke01,Kevin Knox,26975,"Aug 01, 2022",2022,DET,2,6.0,standard,1,Signed a 2 year $6 million contract with Detroit (DET) - includes 2023-24 Club Option
knoxke01,Kevin Knox,26975,"Jul 04, 2018",2018,NYK,4,18.55,rookie-scale,1,Signed a 4 year $18.55 million rookie scale contract with New York (NYK)
knuepko01,Kon Knueppel,98602,"Jul 03, 2025",2025,CHA,4,45.49,rookie-scale,1,Signed a 4 year $45.49 million Rookie Scale contract with Charlotte (CHA)
kolekty01,Tyler Kolek,91769,"Jul 04, 2024",2024,NYK,4,9.06,standard,1,Signed a 4 year $9.06 million contract with New York (NYK) via 2nd-round exception
kolokch01,Christian Koloko,78131,"Aug 27, 2022",2022,TOR,3,5.24,standard,1,Signed a 3 year $5.24 million contract with Toronto (TOR)
konchjo01,John Konchar,32170,"Jul 07, 2022",2022,MEM,3,19.0,extension,1,Signed a 3 year $19 million veteran contract extension with Memphis (MEM)
konchjo01,John Konchar,32170,"Nov 22, 2020",2020,MEM,4,9.0,standard,1,Signed a 4 year $9 million contract with Memphis (MEM)
korkmfu01,Furkan Korkmaz,20231,"Aug 09, 2021",2021,PHI,3,15.0,standard,1,Signed a 3 year $15 million contract with Philadelphia (PHI)
korkmfu01,Furkan Korkmaz,20231,"Jul 26, 2019",2019,PHI,2,3.38,standard,1,Signed a 2 year $3.38 million contract with Philadelphia (PHI)
korkmfu01,Furkan Korkmaz,20231,"Jul 04, 2017",2017,PHI,4,8.9,rookie-scale,1,Signed a 4 year $8.90 million rookie scale contract with Philadelphia (PHI)
kornelu01,Luke Kornet,23670,"Jul 07, 2025",2025,SAS,4,40.7,standard,1,Signed a 4 year $40.7 million contract with San Antonio (SAS) - includes 2028-29 Club Option
kornelu01,Luke Kornet,23670,"Jul 09, 2022",2022,BOS,2,4.55,standard,1,Signed a 2 year $4.55 million contract with Boston (BOS)
kornelu01,Luke Kornet,23670,"Jul 18, 2019",2019,CHI,2,4.5,standard,1,Signed a 2 year $4.5 million contract with Chicago (CHI)
kornelu01,Luke Kornet,23670,"Jul 06, 2018",2018,NYK,1,1.62,standard,1,Signed a 1 year $1.62 million contract with New York (NYK)
korveky01,Kyle Korver,2752,"Jul 25, 2019",2019,MIL,1,2.6,standard,1,Signed a 1 year $2.6 million contract with Milwaukee (MIL)
korveky01,Kyle Korver,2752,"Jul 12, 2017",2017,CLE,3,22.0,standard,1,Signed a 3 year $22 million contract with Cleveland (CLE)
korveky01,Kyle Korver,2752,"Jul 12, 2013",2013,ATL,4,24.0,standard,1,Signed a 4 year $24 million contract with Atlanta (ATL)
korveky01,Kyle Korver,2752,"Jul 13, 2010",2010,CHI,3,15.0,standard,1,Signed a 3 year $15 million contract with Chicago (CHI)
korveky01,Kyle Korver,2752,"Aug 11, 2005",2005,PHI,5,22.0,standard,1,Signed a 5 year $22 million contract with Philadelphia (PHI)
korveky01,Kyle Korver,2752,"Aug 08, 2003",2003,PHI,2,0.986,standard,1,Signed a 2 year $986k contract with Philadelphia (PHI)
koufoko01,Kosta Koufos,6254,"Jul 13, 2015",2015,SAC,4,32.9,standard,1,Signed a 4 year $32.9 million contract with Sacramento (SAC)
koufoko01,Kosta Koufos,6254,"Jan 25, 2012",2012,DEN,3,9.0,rookie-scale,1,Signed a 3 year $9 million rookie scale extension with Denver (DEN)
koufoko01,Kosta Koufos,6254,"Jul 10, 2008",2008,UTH,2,2.34,standard,1,Signed a 2 year $2.34 million contract with Utah (UTH)
krejcvi01,Vít Krejčí,70679,"Jul 12, 2024",2024,ATL,4,10.0,standard,1,Signed a 4 year $10 million contract with Atlanta (ATL)
krejcvi01,Vít Krejčí,70679,"Sep 03, 2021",2021,OKC,4,6.31,standard,1,Signed a 4 year $6.31 million contract with Oklahoma City (OKC)
kuminjo01,Jonathan Kuminga,74114,"Sep 30, 2025",2025,GSW,2,46.8,standard,1,Signed a 2 year $46.8 million contract with Golden State (GSW) - includes 2026-27 Club Option
kuminjo01,Jonathan Kuminga,74114,"Aug 03, 2021",2021,GSW,2,24.86,rookie-scale,1,Signed a 2 year $24.86 million rookie scale contract with Golden State (GSW)
kurucro01,Rodions Kurucs,27006,"Jul 16, 2018",2018,BKN,3,5.1,standard,1,Signed a 3 year $5.1 million contract with Brooklyn (BKN); includes 4th Year Club Option
kuzmaky01,Kyle Kuzma,23622,"Jul 07, 2023",2023,WAS,4,90.0,standard,1,Signed a 4 year $90 million contract with Washington (WAS)
kuzmaky01,Kyle Kuzma,23622,"Dec 20, 2020",2020,LAL,3,39.0,extension,1,Signed a 3 year $39 million rookie contract extension with Los Angeles (LAL) - includes 2023 Player Option
kuzmaky01,Kyle Kuzma,23622,"Jul 03, 2017",2017,LAL,4,8.65,rookie-scale,1,Signed a 4 year $8.65 million rookie scale contract with Los Angeles (LAL)
kuzmimi01,Mindaugas Kuzminskas,20688,"Jul 09, 2016",2016,NYK,2,5.9,standard,1,Signed a 2 year $5.9 million contract with New York (NYK)
labissk01,Skal Labissière,20233,"Jul 15, 2016",2016,SAC,4,6.39,rookie-scale,1,Signed a 4 year $6.39 million rookie scale contract with Sacramento (SAC)
lambje01,Jeremy Lamb,10820,"Jul 07, 2019",2019,IND,3,31.5,standard,1,Signed a 3 year $31.5 million contract with Indiana (IND)
lambje01,Jeremy Lamb,10820,"Nov 02, 2015",2015,CHA,3,21.0,extension,1,Signed a 3 year $21 million contract extension with Charlotte (CHA)
lambje01,Jeremy Lamb,10820,"Jul 26, 2012",2012,HOU,2,4.13,standard,1,Signed a 2 year $4.13 million contract with Houston (HOU)
landajo01,Jock Landale,74215,"Jul 10, 2026",2026,ATL,1,14.1,standard,1,Signed a 1 year $14.1 million contract with Atlanta (ATL)
landajo01,Jock Landale,74215,"Jul 15, 2025",2025,MEM,1,2.46,standard,1,Signed a 1 year $2.46 million contract with Memphis (MEM)
landajo01,Jock Landale,74215,"Jul 06, 2023",2023,HOU,4,32.0,standard,1,Signed a 4 year $32 million contract with Houston (HOU) - includes 2026-27 Club Option
landajo01,Jock Landale,74215,"Aug 20, 2021",2021,SAS,2,2.49,standard,1,Signed a 2 year $2.49 million contract with San Antonio (SAS)
landrca01,Carl Landry,2396,"Jul 15, 2013",2013,SAC,4,26.0,standard,1,Signed a 4 year $26 million contract with Sacramento (SAC)
landrca01,Carl Landry,2396,"Aug 01, 2012",2012,GSW,2,8.0,standard,1,Signed a 2 year $8 million contract with Golden State (GSW)
landrca01,Carl Landry,2396,"Dec 15, 2011",2011,NOH,1,9.0,standard,1,Signed a 1 year $9 million contract with New Orleans (NOH)
landrca01,Carl Landry,2396,"Sep 24, 2008",2008,HOU,3,9.0,standard,1,Signed a 3 year $9 million contract with Houston (HOU)
landrca01,Carl Landry,2396,"Oct 02, 2007",2007,HOU,1,0.427,standard,1,Signed a 1 year $427k contract with Houston (HOU)
langfro01,Romeo Langford,31571,"Jul 11, 2019",2019,BOS,4,16.52,rookie-scale,1,Signed a 4 year $16.52 million rookie scale contract with Boston (BOS)
laravja01,Jake LaRavia,78141,"Jul 06, 2025",2025,LAL,2,12.0,standard,1,Signed a 2 year $12 million contract with Los Angeles (LAL)
laravja01,Jake LaRavia,78141,"Jul 02, 2022",2022,MEM,4,14.76,rookie-scale,1,Signed a 4 year $14.76 million Rookie Scale contract with Memphis (MEM)
larkish01,Shane Larkin,13331,"Jul 09, 2015",2015,BKN,2,3.0,standard,1,Signed a 2 year $3 million contract with Brooklyn (BKN)
larkish01,Shane Larkin,13331,"Jul 29, 2013",2013,DAL,2,3.14,standard,1,Signed a 2 year $3.14 million contract with Dallas (DAL)
larsspe01,Pelle Larsson,91787,"Jul 02, 2024",2024,MIA,3,5.4,standard,1,Signed a 3 year $5.4 million contract with Miami (MIA) via 2nd-round exception
lauvejo01,Joffrey Lauvergne,13368,"Jul 18, 2017",2017,SAS,2,3.18,standard,1,Signed a 2 year $3.18 million contract with San Antonio (SAS)
lauvejo01,Joffrey Lauvergne,13368,"Feb 19, 2015",2015,DEN,3,5.2,standard,1,Signed a 3 year $5.2 million contract with Denver (DEN)
lavinza01,Zach LaVine,15365,"Jul 07, 2022",2022,CHI,5,215.16,standard,1,Signed a 5 year $215.16 million contract with Chicago (CHI) - includes 2026-27 Player Option
lavinza01,Zach LaVine,15365,"Jul 08, 2018",2018,CHI,4,78.0,standard,1,Signed a 4 year $78 million contract with Chicago (CHI) - matched Sacramento (SAC) Offer Sheet
lavinza01,Zach LaVine,15365,"Jul 08, 2014",2014,MIN,2,4.2,standard,1,Signed a 2 year $4.2 million contract with Minnesota (MIN)
lawsoaj01,A.J. Lawson,74329,,2025,TOR,1,0.027343,standard,1,current contract
lawsoty01,Ty Lawson,6283,"Aug 28, 2016",2016,SAC,1,1.3,standard,1,Signed a 1 year $1.3 million contract with Sacramento (SAC)
lawsoty01,Ty Lawson,6283,"Mar 07, 2016",2016,IND,1,0.265,standard,1,Signed a 1 year $265k contract with Indiana (IND)
lawsoty01,Ty Lawson,6283,"Oct 30, 2012",2012,DEN,4,48.0,rookie-scale,1,Signed a 4 year $48 million rookie scale extension with Denver (DEN)
lawsoty01,Ty Lawson,6283,"Jul 14, 2009",2009,DEN,2,2.985,standard,1,Signed a 2 year $2.985 million contract with Denver (DEN)
laymaja01,Jake Layman,20253,"Jul 08, 2019",2019,POR,3,11.3,standard,1,Signed a 3 year $11.3 million contract with Portland (POR) as part of a Sign-and-Trade with Minnesota (MIN)
laymaja01,Jake Layman,20253,"Jul 06, 2016",2016,POR,3,3.5,standard,1,Signed a 3 year $3.5 million contract with Portland (POR)
leaftj01,T.J. Leaf,23613,"Jul 03, 2017",2017,IND,4,11.58,rookie-scale,1,Signed a 4 year $11.58 million rookie scale contract with Indiana (IND)
leeco01,Courtney Lee,6144,"Jul 08, 2016",2016,NYK,4,48.0,standard,1,Signed a 4 year $48 million contract with New York (NYK)
leeco01,Courtney Lee,6144,"Jul 20, 2012",2012,HOU,4,21.35,standard,1,Signed a 4 year $21.35 million contract with Houston (HOU) as part of a sign-and-trade
leeco01,Courtney Lee,6144,"Jul 03, 2008",2008,ORL,2,2.44,standard,1,Signed a 2 year $2.44 million contract with Orlando (ORL)
leeda02,David Lee,2623,"Feb 22, 2016",2016,DAL,1,2.1,standard,1,Signed a 1 year $2.1 million contract with Dallas (DAL)
leeda02,David Lee,2623,"Jul 08, 2010",2010,NYK,6,80.0,standard,1,Signed a 6 years $80 million contract with New York (NYK)
leeda02,David Lee,2623,"Sep 25, 2009",2009,NYK,1,7.0,standard,1,Signed a 1 year $7 million contract with New York (NYK)
leeda02,David Lee,2623,"Jul 01, 2005",2005,NYK,2,1.787,standard,1,Signed a 2 year $1.787 million contract with New York (NYK)
leeda03,Damion Lee,21063,"Jul 03, 2024",2024,PHX,1,2.8,standard,1,Signed a 1 year $2.8 million contract with Phoenix (PHX)
leeda03,Damion Lee,21063,"Jul 01, 2022",2022,PHX,1,2.13,standard,1,Signed a 1 year $2.13 million contract with Phoenix (PHX)
leeda03,Damion Lee,21063,"Jan 15, 2020",2020,GSW,3,4.5,standard,1,Signed a 3 year $4.5 million Rest-of-Season contract with Golden State (GSW)
leeda03,Damion Lee,21063,"Sep 12, 2016",2016,BOS,2,1.45,standard,1,Signed a 2 year $1.45 million contract with Boston (BOS)
leesa01,Saben Lee,70680,"Aug 06, 2021",2021,DET,3,5.14,standard,1,Signed a 3 year $5.14 million contract with Detroit (DET) - includes 2023-24 Club Option
lenal01,Alex Len,13318,"Jul 09, 2024",2024,SAC,1,3.3,standard,1,Signed a 1 year $3.3 million contract with Sacramento (SAC)
lenal01,Alex Len,13318,"Jul 09, 2023",2023,SAC,1,3.2,standard,1,Signed a 1 year $3.2 million contract with Sacramento (SAC)
lenal01,Alex Len,13318,"Aug 13, 2021",2021,SAC,2,7.65,standard,1,Signed a 2 year $7.65 million contract with Sacramento (SAC)
lenal01,Alex Len,13318,"Nov 25, 2020",2020,TOR,1,2.26,standard,1,Signed a 1 year $2.26 million contract with Toronto (TOR)
lenal01,Alex Len,13318,"Aug 03, 2018",2018,ATL,2,8.51,standard,1,Signed a 2 year $8.51 million contract with Atlanta (ATL)
lenal01,Alex Len,13318,"Sep 24, 2017",2017,PHX,1,4.2,standard,1,Signed a 1 year $4.2 million Qualifying Offer with Phoenix (PHX)
lenal01,Alex Len,13318,"Aug 29, 2013",2013,PHX,2,7.14,standard,1,Signed a 2 year $7.14 million contract with Phoenix (PHX)
leonaka01,Kawhi Leonard,8066,"Jan 10, 2024",2024,LAC,3,149.51,extension,1,Signed a 3 year $149.51 million contract extension with LA Clippers (LAC)
leonaka01,Kawhi Leonard,8066,"Aug 12, 2021",2021,LAC,4,176.27,standard,1,Signed a 4 year $176.27 million a contract with Los Angeles (LAC)
leonaka01,Kawhi Leonard,8066,"Jul 06, 2019",2019,LAC,3,103.14,standard,1,Signed a 3 year $103.14 million contract with Los Angeles (LAC) - includes 2021 Player Option
leonaka01,Kawhi Leonard,8066,"Jul 01, 2015",2015,SAS,5,94.3,maximum,1,Signed a 5 year $94.3 million maximum contract with San Antonio (SAS)
leoname01,Meyers Leonard,10819,"Nov 22, 2020",2020,MIA,1,9.4,standard,1,Signed a 1 year $9.4 million contract with Miami (MIA) - includes 2022 Club Option
leoname01,Meyers Leonard,10819,"Jul 10, 2016",2016,POR,4,41.0,standard,1,Signed a 4 year $41 million contract with Portland (POR)
leoname01,Meyers Leonard,10819,"Jul 11, 2012",2012,POR,2,4.35,standard,1,Signed a 2 year $4.35 million entry-level contract with Portland (POR)
leuerjo01,Jon Leuer,8092,"Jul 08, 2016",2016,DET,4,42.0,standard,1,Signed a 4 year $42 million contract with Detroit (DET)
leuerjo01,Jon Leuer,8092,"Jul 15, 2013",2013,MEM,3,2.9,standard,1,Signed a 3 year $2.9 million contract with Memphis (MEM)
leuerjo01,Jon Leuer,8092,"Dec 15, 2011",2011,MIL,2,1.24,standard,1,Signed a 2 year $1.24 million contract with Milwaukee (MIL)
leverca01,Caris LeVert,20225,"Jul 07, 2025",2025,DET,2,28.91,standard,1,Signed a 2 year $28.91 million contract with Detroit (DET)
leverca01,Caris LeVert,20225,"Jul 06, 2023",2023,CLE,2,32.0,standard,1,Signed a 2 year $32 million contract with Cleveland (CLE)
leverca01,Caris LeVert,20225,"Aug 25, 2019",2019,BKN,3,52.5,extension,1,Signed a 3 year $52.5 million rookie contract extension with Brooklyn (BKN)
leverca01,Caris LeVert,20225,"Jul 14, 2016",2016,BKN,4,7.52,rookie-scale,1,Signed a 4 year $7.52 million rookie scale contract with Brooklyn (BKN)
lewiski01,Kira Lewis Jr.,70655,"Nov 30, 2020",2020,NOP,4,17.19,rookie-scale,1,Signed a 4 year $17.19 million rookie scale contract with New Orleans (NOP)
liggide01,DeAndre Liggins,8105,"Feb 05, 2018",2018,NOP,2,2.38,standard,1,Signed a 2 year $2.38 million contract with New Orleans (NOP)
liggide01,DeAndre Liggins,8105,"Aug 02, 2016",2016,CLE,1,1.01,standard,1,Signed a 1 year $1.01 million contract with Cleveland (CLE)
liggide01,DeAndre Liggins,8105,"Sep 11, 2012",2012,OKC,2,1.65,standard,1,Signed a 2 year $1.65 million contract with Oklahoma City (OKC)
liggide01,DeAndre Liggins,8105,"Dec 09, 2011",2011,ORL,1,0.473604,standard,1,"Signed a 1 year $473,604 contract with Orlando (ORL)"
lillada01,Damian Lillard,10814,"Jul 19, 2025",2025,POR,3,42.0,standard,1,Signed a 3 year $42 million contract with Portland (POR) - includes 2027-28 Player Option and Full No-Trade Clause
lillada01,Damian Lillard,10814,"Jul 09, 2022",2022,POR,2,112.58,maximum,1,Signed a 2 year $112.58 million maximum veteran contract extension with Portland (POR)
lillada01,Damian Lillard,10814,"Jul 06, 2019",2019,POR,4,176.0,extension,1,Signed a 4 year $176 million Designated Veteran Player contract extension with Portland (POR)
lillada01,Damian Lillard,10814,"Jul 02, 2015",2015,POR,5,139.89,maximum,1,Signed a 5 year $139.89 million maximum rookie extension with Portland (POR)
lillada01,Damian Lillard,10814,"Jul 11, 2012",2012,POR,4,13.8,standard,1,Signed a 4 year $13.8 million contract with Portland (POR)
linje01,Jeremy Lin,7115,"Feb 13, 2019",2019,TOR,1,0.697,standard,1,Signed a 1 year $697k contract with Toronto (TOR)
linje01,Jeremy Lin,7115,"Jul 07, 2016",2016,BKN,3,38.3,standard,1,Signed a 3 year $38.3 million contract with Brooklyn (BKN)
linje01,Jeremy Lin,7115,"Jul 09, 2015",2015,CHA,2,4.37,standard,1,Signed a 2 year $4.37 million contract with Charlotte (CHA)
linje01,Jeremy Lin,7115,"Jul 17, 2012",2012,HOU,3,25.1,standard,1,Signed a 3 year $25.1 million contract with Houston (HOU)
littlna01,Nassir Little,31583,"Oct 17, 2022",2022,POR,4,28.0,extension,1,Signed a 4 year $28 million rookie contract extension with Portland (POR)
littlna01,Nassir Little,31583,"Jul 01, 2019",2019,POR,4,10.8,rookie-scale,1,Signed a 4 year $10.80 million rookie scale contract with Portland (POR)
livelde01,Dereck Lively II,82272,"Jul 08, 2023",2023,DAL,4,22.28,rookie-scale,1,Signed a 4 year $22.28 million rookie scale contract with Dallas (DAL)
liveris01,Isaiah Livers,74149,"Aug 06, 2021",2021,DET,3,4.46,standard,1,Signed a 3 year $4.46 million contract with Detroit (DET)
livinsh01,Shaun Livingston,2477,"Jul 13, 2017",2017,GSW,3,23.69,standard,1,Signed a 3 year $23.69 million contract with Golden State (GSW)
livinsh01,Shaun Livingston,2477,"Jul 11, 2014",2014,GSW,3,16.63,standard,1,Signed a 3 year $16.63 million contract with Golden State (GSW)
livinsh01,Shaun Livingston,2477,"Jul 11, 2013",2013,BKN,1,1.27,standard,1,Signed a 1 year $1.27 million contract with Brooklyn (BKN)
livinsh01,Shaun Livingston,2477,"Nov 15, 2012",2012,WAS,1,1.1,standard,1,Signed a 1 year $1.1 million contract with Washington (WAS)
livinsh01,Shaun Livingston,2477,"Jul 19, 2010",2010,CHA,3,10.5,standard,1,Signed a 3 year $10.5 million contract with Charlotte (CHA)
livinsh01,Shaun Livingston,2477,"Jul 14, 2010",2010,CHA,2,7.0,standard,1,Signed a 2 year $7 million contract with Charlotte (CHA)
livinsh01,Shaun Livingston,2477,"Sep 01, 2004",2004,LAC,4,14.0,standard,1,Signed a 4 year $14 million contract with Los Angeles (LAC)
looneke01,Kevon Looney,17858,"Jul 12, 2026",2026,LAL,1,3.88,standard,1,Signed a 1 year $3.88 million contract with Los Angeles (LAL)
looneke01,Kevon Looney,17858,"Jul 07, 2025",2025,NOP,2,16.0,standard,1,Signed a 2 year $16 million contract with New Orleans (NOP) - includes 2026-27 Club Option
looneke01,Kevon Looney,17858,"Jul 10, 2022",2022,GSW,3,22.5,standard,1,Signed a 3 year $22.5 million contract with Golden State (GSW)
looneke01,Kevon Looney,17858,"Jul 11, 2019",2019,GSW,3,14.47,standard,1,Signed a 3 year $14.47 million contract with Golden State (GSW) - includes 2021 Player Option
looneke01,Kevon Looney,17858,"Jul 07, 2015",2015,GSW,2,2.31,standard,1,Signed a 2 year $2.31 million contract with Golden State (GSW)
lopezbr01,Brook Lopez,6136,"Jul 06, 2025",2025,LAC,2,17.94,standard,1,Signed a 2 year $17.94 million contract with LA Clippers (LAC) - includes 2026-27 Club Option
lopezbr01,Brook Lopez,6136,"Jul 06, 2023",2023,MIL,2,48.0,standard,1,Signed a 2 year $48 million contract with Milwaukee (MIL)
lopezbr01,Brook Lopez,6136,"Jul 06, 2019",2019,MIL,4,52.0,standard,1,Signed a 4 year $52 million contract with Milwaukee (MIL)
lopezbr01,Brook Lopez,6136,"Jul 17, 2018",2018,MIL,1,3.38,standard,1,Signed a 1 year $3.38 million contract with Milwaukee (MIL)
lopezbr01,Brook Lopez,6136,"Jul 09, 2015",2015,BKN,3,63.5,standard,1,Signed a 3 year $63.5 million contract with Brooklyn (BKN)
lopezbr01,Brook Lopez,6136,"Jul 11, 2012",2012,BKN,4,60.8,standard,1,Signed a 4 year $60.8 million contract with Brooklyn (BKN)
lopezbr01,Brook Lopez,6136,"Jul 02, 2008",2008,NJN,2,4.35,standard,1,Signed a 2 year $4.35 million contract with New Jersey (NJN)
lopezro01,Robin Lopez,6147,"Jul 06, 2023",2023,MIL,1,3.2,standard,1,Signed a 1 year $3.2 million contract with Milwaukee (MIL)
lopezro01,Robin Lopez,6147,"Jul 07, 2022",2022,CLE,1,2.91,standard,1,Signed a 1 year $2.91 million contract with Cleveland (CLE)
lopezro01,Robin Lopez,6147,"Aug 06, 2021",2021,ORL,1,5.0,standard,1,Signed a 1 year $5 million contract with Orlando (ORL)
lopezro01,Robin Lopez,6147,"Nov 22, 2020",2020,WAS,1,7.3,standard,1,Signed a 1 year $7.3 million contract with Washington (WAS)
lopezro01,Robin Lopez,6147,"Jul 12, 2019",2019,MIL,2,9.77,standard,1,Signed a 2 year $9.77 million contract with Milwaukee (MIL)
lopezro01,Robin Lopez,6147,"Jul 09, 2015",2015,NYK,4,54.0,standard,1,Signed a 4 year $54 million contract with New York (NYK)
lopezro01,Robin Lopez,6147,"Jul 27, 2012",2012,PHX,3,15.4,standard,1,Signed a 3 year $15.4 million contract with Phoenix (PHX)
lopezro01,Robin Lopez,6147,"Jul 03, 2008",2008,PHX,2,3.37,standard,1,Signed a 2 year $3.37 million contract with Phoenix (PHX)
loveca01,Caleb Love,99629,,2026,PHI,1,0.678882,standard,1,current contract
loveke01,Kevin Love,6132,"Jul 06, 2024",2024,MIA,2,8.0,standard,1,Signed a 2 year $8 million contract with Miami (MIA)
loveke01,Kevin Love,6132,"Jul 06, 2023",2023,MIA,2,7.86,standard,1,Signed a 2 year $7.86 million contract with Miami (MIA) - includes 2024-25 Player Option
loveke01,Kevin Love,6132,"Feb 20, 2023",2023,MIA,1,3.11,standard,1,Signed a 1 year $3.11 million Rest-of-Season contract with Miami (MIA)
loveke01,Kevin Love,6132,"Jul 24, 2018",2018,CLE,4,120.4,extension,1,Signed a 4 year $120.4 million contract extension with Cleveland (CLE)
loveke01,Kevin Love,6132,"Jul 01, 2015",2015,CLE,5,113.2,extension,1,Signed a 5 year $113.2 million extension with Cleveland (CLE)
loveke01,Kevin Love,6132,"Jan 25, 2012",2012,MIN,4,60.8,rookie-scale,1,Signed a 4 year $60.8 million rookie scale extension with Minnesota (MIN)
loveke01,Kevin Love,6132,"Jul 10, 2008",2008,MIN,2,6.56,standard,1,Signed a 2 year $6.56 million contract with Minnesota (MIN)
lowryky01,Kyle Lowry,2536,"Jul 07, 2025",2025,PHI,1,3.63,standard,1,Signed a 1 year $3.63 million contract with Philadelphia (PHI)
lowryky01,Kyle Lowry,2536,"Jul 12, 2024",2024,PHI,1,3.3,standard,1,Signed a 1 year $3.3 million contract with Philadelphia (PHI)
lowryky01,Kyle Lowry,2536,"Aug 06, 2021",2021,TOR,3,85.0,standard,1,Signed a 3 year $85 million contract with Toronto (TOR) as part of a Sign-and-Trade with Miami (MIA)
lowryky01,Kyle Lowry,2536,"Oct 13, 2019",2019,TOR,1,30.5,extension,1,Signed a 1 year $30.5 million contract extension with Toronto (TOR)
lowryky01,Kyle Lowry,2536,"Jul 07, 2017",2017,TOR,3,100.0,standard,1,Signed a 3 year $100 million contract with Toronto (TOR)
lowryky01,Kyle Lowry,2536,"Jul 10, 2014",2014,TOR,4,48.0,standard,1,Signed a 4 year $48 million contract with Toronto (TOR)
lowryky01,Kyle Lowry,2536,"Jul 15, 2010",2010,HOU,4,24.0,standard,1,Signed a 4 year $24 million contract with Houston (HOU)
lowryky01,Kyle Lowry,2536,"Jul 06, 2006",2006,MEM,2,2.09,standard,1,Signed a 2 year $2.09 million contract with Memphis (MEM)
luwawti01,Timothé Luwawu-Cabarrot,20229,"Jul 03, 2016",2016,PHI,4,6.79,rookie-scale,1,Signed a 4 year $6.79 million rookie scale contract with Philadelphia (PHI)
lylestr01,Trey Lyles,17840,"Jul 10, 2026",2026,MIN,1,3.88,standard,1,Signed a 1 year $3.88 million contract with Minnesota (MIN)
lylestr01,Trey Lyles,17840,"Jul 07, 2023",2023,SAC,2,16.0,standard,1,Signed a 2 year $16 million contract with Sacramento (SAC)
lylestr01,Trey Lyles,17840,"Aug 06, 2021",2021,DET,2,5.13,standard,1,Signed a 2 year $5.13 million contract with Detroit (DET) - includes 2022-23 Club Option
lylestr01,Trey Lyles,17840,"Jul 12, 2019",2019,SAS,2,11.0,standard,1,Signed a 2 year $11 million contract with San Antonio (SAS) - includes 2020 non-guaranteed
lylestr01,Trey Lyles,17840,"Jul 07, 2015",2015,UTH,2,4.58,standard,1,Signed a 2 year $4.58 million contract with Utah (UTH)
macksh01,Shelvin Mack,8086,"Aug 07, 2018",2018,MEM,1,2.0,standard,1,Signed a 1 year $2 million contract with Memphis (MEM)
macksh01,Shelvin Mack,8086,"Jul 09, 2017",2017,ORL,2,12.0,standard,1,Signed a 2 year $12 million contract with Orlando (ORL)
macksh01,Shelvin Mack,8086,"Aug 22, 2014",2014,ATL,3,7.3,standard,1,Signed a 3 year $7.3 million contract with Atlanta (ATL)
macksh01,Shelvin Mack,8086,"Mar 26, 2013",2013,ATL,2,0.987,standard,1,Signed a 2 year $987k contract with Atlanta (ATL) for the remainder of 2012-2013 and 2013-2014
macksh01,Shelvin Mack,8086,"Dec 25, 2012",2012,WAS,1,0.511119,standard,1,"Signed a 1 year $511,119 contract with Washington (WAS)"
macksh01,Shelvin Mack,8086,"Dec 09, 2011",2011,WAS,2,1.23,standard,1,Signed a 2 year $1.23 million contract with Washington (WAS)
mahinia01,Ian Mahinmi,2708,"Jul 07, 2016",2016,WAS,4,64.0,standard,1,Signed a 4 year $64 million contract with Washington (WAS)
mahinia01,Ian Mahinmi,2708,"Jul 11, 2012",2012,DAL,4,16.0,standard,1,Signed a 4 year $16 million contract with Dallas (DAL) as part of a sign-and-trade
mahinia01,Ian Mahinmi,2708,"Jul 12, 2010",2010,DAL,2,1.65,standard,1,Signed a 2 year $1.65 million contract with Dallas (DAL)
makerth01,Thon Maker,20215,"Jul 30, 2016",2016,MIL,4,11.62,rookie-scale,1,Signed a 4 year $11.62 million rookie scale contract with Milwaukee (MIL)
maledth01,Théo Maledon,70676,"Dec 09, 2020",2020,OKC,3,5.9,standard,1,Signed a 3 year $5.9 million contract with Oklahoma City (OKC) - includes 2023 Club Option
mamuksa01,Sandro Mamukelashvili,74161,"Jul 07, 2026",2026,LAL,4,52.0,standard,1,Signed a 4 year $52 million contract with Los Angeles (LAL) - includes 2029-30 Player Option
mamuksa01,Sandro Mamukelashvili,74161,"Jul 01, 2025",2025,TOR,2,5.26,standard,1,Signed a 2 year $5.26 million contract with Toronto (TOR) - includes 2026-27 Player Option
mamuksa01,Sandro Mamukelashvili,74161,"Jul 22, 2024",2024,SAS,1,2.16,standard,1,Signed a 1 year $2.16 million contract with San Antonio (SAS)
mamuksa01,Sandro Mamukelashvili,74161,"Jul 27, 2023",2023,SAS,1,2.02,standard,1,Signed a 1 year $2.02 million contract with San Antonio (SAS)
mannte01,Terance Mann,31607,"Oct 01, 2024",2024,LAC,3,47.0,extension,1,Signed a 3 year $47 million contract extension with LA Clippers (LAC)
mannte01,Terance Mann,31607,"Oct 12, 2021",2021,LAC,2,22.0,extension,1,Signed a 2 year $22 million contract extension with Los Angeles (LAC)
mannte01,Terance Mann,31607,"Jul 09, 2019",2019,LAC,3,4.3,standard,1,Signed a 3 year $4.3 million contract with Los Angeles (LAC)
manntr01,Tre Mann,74125,"Jul 13, 2025",2025,CHA,3,24.0,standard,1,Signed a 3 year $24 million contract with Charlotte (CHA) - includes 2027-28 Club Option
manntr01,Tre Mann,74125,"Aug 07, 2021",2021,OKC,4,14.05,rookie-scale,1,Signed a 4 year $14.05 million rookie scale contract with Oklahoma City (OKC)
marjabo01,Boban Marjanović,17984,"Aug 09, 2021",2021,DAL,2,7.0,standard,1,Signed a 2 year $7 million contract with Dallas (DAL)
marjabo01,Boban Marjanović,17984,"Jul 23, 2019",2019,DAL,2,7.0,standard,1,Signed a 2 year $7 million contract with Dallas (DAL)
marjabo01,Boban Marjanović,17984,"Jul 12, 2016",2016,DET,3,21.0,standard,1,Signed a 3 year $21 million contract with Detroit (DET)
marjabo01,Boban Marjanović,17984,"Jul 13, 2015",2015,SAS,1,1.2,standard,1,Signed a 1 year $1.2 million contract with San Antonio (SAS)
markkla01,Lauri Markkanen,23602,"Aug 07, 2024",2024,UTA,4,195.8,extension,1,"Signed a 4 year $195.8 million contract extension with Utah (UTA) as part of a renegotiation-and-extend. 2024-25 salary was increased by $24,1318,56"
markkla01,Lauri Markkanen,23602,"Aug 28, 2021",2021,CHI,4,67.47,standard,1,Signed a 4 year $67.47 million contract with Chicago (CHI) as part or a Sign-and-Trade with Cleveland (CLE)
markkla01,Lauri Markkanen,23602,"Jul 05, 2017",2017,CHI,4,20.39,rookie-scale,1,Signed a 4 year $20.39 million rookie scale contract with Chicago (CHI)
marshna01,Naji Marshall,70704,"Aug 02, 2026",2026,DAL,3,51.86,extension,1,Signed a 3 year $51.86 million contract extension with Dallas (DAL)
marshna01,Naji Marshall,70704,"Jul 06, 2024",2024,DAL,3,27.0,standard,1,Signed a 3 year $27 million contract with Dallas (DAL) - includes 5% Trade Bonus
marshna01,Naji Marshall,70704,"May 07, 2021",2021,NOP,4,5.35,standard,1,Signed a 4 year $5.35 million Rest-of-Season contract with New Orleans (NOP) - includes 2023 Club Option
martica02,Caleb Martin,32682,"Jul 06, 2024",2024,PHI,4,35.04,standard,1,Signed a 4 year $35.04 million contract with Philadelphia (PHI)
martica02,Caleb Martin,32682,"Jul 06, 2022",2022,MIA,3,20.41,standard,1,Signed a 3 year $20.41 million contract with Miami (MIA) - includes 2024-25 Player Option
martica02,Caleb Martin,32682,"Oct 19, 2019",2019,CHA,3,4.2,standard,1,Signed a 3 year $4.2 million contract with Charlotte (CHA) - $500k guaranteed
martico01,Cody Martin,31595,"Jul 06, 2022",2022,CHA,4,31.36,standard,1,Signed a 4 year $31.36 million contract with Charlotte (CHA)
martico01,Cody Martin,31595,"Jul 31, 2019",2019,CHA,3,4.47,standard,1,Signed a 3 year $4.47 million contract with Charlotte (CHA)
martija01,Jarell Martin,17853,"Aug 16, 2019",2019,CLE,1,1.73,standard,1,Signed a 1 year $1.73 million contract with Cleveland (CLE)
martija01,Jarell Martin,17853,"Jul 10, 2015",2015,MEM,2,2.52,standard,1,Signed a 2 year $2.52 million contract with Memphis (MEM)
martike02,Kevin Martin,2692,"Jul 11, 2013",2013,OKC,4,27.8,standard,1,Signed a 4 year $27.8 million contract with Oklahoma City (OKC) as part of a sign-and-trade with Minnesota (MIN)
martike02,Kevin Martin,2692,"Aug 29, 2007",2007,SAC,5,55.0,rookie-scale,1,Signed a 5 year $55 million rookie scale extension with Sacramento (SAC)
martike02,Kevin Martin,2692,"Jul 07, 2004",2004,SAC,3,2.81,standard,1,Signed a 3 year $2.81 million contract with Sacramento (SAC)
martike03,Kelan Martin,32756,"Nov 29, 2020",2020,IND,2,3.15,standard,1,Signed a 2 year $3.15 million contract with Indiana (IND)
martike04,KJ Martin,70694,"Nov 30, 2020",2020,HOU,4,6.13,standard,1,Signed a 4 year $6.13 million contract with Houston (HOU)
martity01,Tyrese Martin,78162,"Jul 16, 2022",2022,ATL,2,2.74,standard,1,Signed a 2 year $2.74 million contract with Atlanta (ATL)
masonfr01,Frank Mason III,23629,"Jul 13, 2017",2017,SAC,3,4.18,standard,1,Signed a 3 year $4.18 million contract with Sacramento (SAC)
mathega01,Garrison Mathews,32044,"Dec 11, 2025",2025,IND,1,2.03,standard,1,Signed a 1 year $2.03 million Rest-of-Season contract with Indiana (IND)
mathega01,Garrison Mathews,32044,"Dec 18, 2021",2021,HOU,4,8.23,two-way,1,Signed a 4 year $8.23 million Rest-of-Season contract with Houston (HOU) - converted Two-Way contract
mathube01,Bennedict Mathurin,78115,"Jul 03, 2022",2022,IND,4,29.93,rookie-scale,1,Signed a 4 year $29.93 million Rookie Scale contract with Indiana (IND)
matkoka01,Karlo Matković,78144,"Jul 13, 2024",2024,NOP,3,5.4,standard,1,Signed a 3 year $5.4 million contract with New Orleans (NOP) via 2nd-round exception
matthwe02,Wesley Matthews,6489,"Jul 21, 2023",2023,ATL,1,3.2,standard,1,Signed a 1 year $3.2 million contract with Atlanta (ATL)
matthwe02,Wesley Matthews,6489,"Jul 06, 2022",2022,MIL,1,2.9,standard,1,Signed a 1 year $2.9 million contract with Milwaukee (MIL)
matthwe02,Wesley Matthews,6489,"Nov 22, 2020",2020,LAL,1,3.6,standard,1,Signed a 1 year $3.6 million contract with Los Angeles (LAL)
matthwe02,Wesley Matthews,6489,"Jul 12, 2019",2019,MIL,2,5.26,standard,1,Signed a 2 year $5.26 million contract with Milwaukee (MIL)
matthwe02,Wesley Matthews,6489,"Feb 10, 2019",2019,IND,1,0.738,standard,1,Signed a 1 year $738k contract with Indiana (IND)
matthwe02,Wesley Matthews,6489,"Jul 09, 2015",2015,DAL,4,70.0,standard,1,Signed a 4 year $70 million contract with Dallas (DAL)
matthwe02,Wesley Matthews,6489,"Jul 20, 2010",2010,POR,5,35.53,standard,1,Signed a 5 year $35.53 million contract with Portland (POR)
matthwe02,Wesley Matthews,6489,"Sep 21, 2009",2009,UTH,1,0.457,standard,1,Signed a 1 year $457k contract with Utah (UTH)
maxeyty01,Tyrese Maxey,70663,"Jul 07, 2024",2024,PHI,5,203.85,standard,1,Signed a 5 year $203.85 contract with Philadelphia (PHI)
maxeyty01,Tyrese Maxey,70663,"Dec 02, 2020",2020,PHI,4,12.15,rookie-scale,1,Signed a 4 year $12.15 million rookie scale contract with Philadelphia (PHI)
mayooj01,O.J. Mayo,6124,"Jul 19, 2012",2012,DAL,2,8.22,standard,1,Signed a 2 year $8.22 million contract with Dallas (DAL)
mayooj01,O.J. Mayo,6124,"Jul 08, 2008",2008,MEM,2,8.04,standard,1,Signed a 2 year $8.04 million contract with Memphis (MEM)
mbahalu01,Luc Mbah a Moute,6130,"Jul 10, 2018",2018,LAC,1,4.32,standard,1,Signed a 1 year $4.32 million contract with Los Angeles (LAC)
mbahalu01,Luc Mbah a Moute,6130,"Jul 19, 2017",2017,HOU,1,2.1,standard,1,Signed a 1 year $2.1 million contract with Houston (HOU)
mbahalu01,Luc Mbah a Moute,6130,"Jul 08, 2016",2016,LAC,2,4.5,standard,1,Signed a 2 year $4.5 million contract with Los Angeles (LAC)
mbahalu01,Luc Mbah a Moute,6130,"Sep 25, 2015",2015,LAC,1,1.27,standard,1,Signed a 1 year $1.27 million contract with Los Angeles (LAC)
mbahalu01,Luc Mbah a Moute,6130,"Jul 14, 2015",2015,SAC,1,1.55,standard,1,Signed a 1 year $1.55 million contract with Sacramento (SAC)
mbahalu01,Luc Mbah a Moute,6130,"Dec 13, 2011",2011,MIL,4,18.8,standard,1,Signed a 4 year $18.8 million contract with Milwaukee (MIL)
mbahalu01,Luc Mbah a Moute,6130,"Jul 09, 2008",2008,MIL,3,2.35,standard,1,Signed a 3 year $2.35 million contract with Milwaukee (MIL)
mcadoja01,James Michael McAdoo,15783,"Jul 13, 2016",2016,GSW,1,0.98,standard,1,Signed a 1 year $980k contract with Golden State (GSW)
mcadoja01,James Michael McAdoo,15783,"Feb 19, 2015",2015,GSW,2,1.01,standard,1,Signed a 2 year $1.01 million contract with Golden State (GSW)
mcadoja01,James Michael McAdoo,15783,"Sep 02, 2014",2014,GSW,1,0.507,standard,1,Signed a 1 year $507k contract with Golden State (GSW)
mcbrimi01,Miles McBride,74143,"Dec 30, 2023",2023,NYK,3,13.0,extension,1,Signed a 3 year $13 million veteran contract extension with New York (NYK)
mcbrimi01,Miles McBride,74143,"Aug 06, 2021",2021,NYK,3,4.32,standard,1,Signed a 3 year $4.32 million contract with New York (NYK) - includes 2023-24 Club Option
mccaija01,Jared McCain,91760,,2024,PHI,4,19.448588,standard,1,current contract
mccawpa01,Patrick McCaw,20244,"Jul 08, 2019",2019,TOR,2,8.0,standard,1,Signed a 2 year $8 million contract with Toronto (TOR)
mccawpa01,Patrick McCaw,20244,"Jan 09, 2019",2019,TOR,1,0.786,standard,1,Signed a 1 year $786k contract with Toronto (TOR)
mccawpa01,Patrick McCaw,20244,"Dec 30, 2018",2018,CLE,2,6.0,standard,1,Signed a 2 year $6 million Qualifying Offer with Cleveland (CLE)
mccawpa01,Patrick McCaw,20244,"Jun 24, 2016",2016,GSW,2,1.44,standard,1,Signed 2 year $1.44 million contract with Golden State (GSW)
mccolcj01,CJ McCollum,13323,"Jun 22, 2026",2026,ATL,,21.0,extension,1,Signed to a 1 year $21 million contract extension with Atlanta (ATL) - includes 7.5% Trade Bonus
mccolcj01,CJ McCollum,13323,"Sep 26, 2022",2022,NOP,2,64.0,extension,1,Signed a 2 year $64 million veteran contract extension with New Orleans (NOP)
mccolcj01,CJ McCollum,13323,"Jul 30, 2019",2019,POR,3,100.0,extension,1,Signed a 3 year $100 million contract extension with Portland (POR)
mccolcj01,CJ McCollum,13323,"Jul 27, 2016",2016,POR,4,106.0,extension,1,Signed a 4 year $106 million rookie extension with Portland (POR)
mccolcj01,CJ McCollum,13323,"Jul 11, 2013",2013,POR,2,4.74,standard,1,Signed a 2 year $4.74 million contract with Portland (POR)
mccontj01,T.J. McConnell,18252,"Sep 03, 2024",2024,IND,4,45.0,extension,1,Signed a 4 year $45 million veteran contract extension with Indiana (IND)
mccontj01,T.J. McConnell,18252,"Aug 06, 2021",2021,IND,4,33.6,standard,1,Signed a 4 year $33.6 million million contract with Indiana (IND)
mccontj01,T.J. McConnell,18252,"Jul 29, 2019",2019,IND,2,7.0,standard,1,Signed a 2 year $7 million contract with Indiana (IND) - includes 2020 $1 million guaranteed
mccontj01,T.J. McConnell,18252,"Sep 27, 2015",2015,PHI,1,0.525,standard,1,Signed a 1 year $525k contract with Phildelphia (PHI) - camp invite
mcculch01,Chris McCullough,17857,"Jul 01, 2015",2015,BKN,2,2.33,standard,1,Signed a 2 year $2.33 million contract with Brooklyn (BKN)
mcdanja01,Jalen McDaniels,31611,"Jul 06, 2023",2023,TOR,2,9.26,standard,1,Signed a 2 year $9.26 million contract with Toronto (TOR)
mcdanja01,Jalen McDaniels,31611,"Oct 20, 2019",2019,CHA,4,6.13,standard,1,Signed a 4 year $6.13 million contract with Charlotte (CHA) - $500k guaranteed
mcdanja02,Jaden McDaniels,70670,"Oct 23, 2023",2023,MIN,5,131.0,extension,1,Signed a 5 year $131 million rookie contract extension with Minnesota (MIN)
mcdanja02,Jaden McDaniels,70670,"Nov 29, 2020",2020,MIN,4,10.09,rookie-scale,1,Signed a 4 year $10.09 million rookie scale contract with Minnesota (MIN)
mcdankj01,K.J. McDaniels,15384,"Jul 21, 2015",2015,HOU,2,6.52,standard,1,Signed a 2 year $6.52 million contract with Houston (HOU)
mcdankj01,K.J. McDaniels,15384,"Sep 29, 2014",2014,PHI,1,0.507,standard,1,Signed a 1 year $507k contract with Philadelphia (PHI)
mcderdo01,Doug McDermott,15363,"Jul 29, 2025",2025,SAC,1,3.63,standard,1,Signed a 1 year $3.63 million contract with Sacramento (SAC)
mcderdo01,Doug McDermott,15363,"Oct 16, 2024",2024,SAC,1,3.3,standard,1,Signed a 1 year $3.3 million contract with Sacramento (SAC)
mcderdo01,Doug McDermott,15363,"Aug 08, 2021",2021,IND,3,42.0,standard,1,Signed a 3 year $42 million contract with Indiana (IND) as part of a Sign-and-Trade with San Antonio (SAS)
mcderdo01,Doug McDermott,15363,"Jul 06, 2018",2018,IND,3,22.0,standard,1,Signed a 3 year $22 million contract with Indiana (IND)
mcderdo01,Doug McDermott,15363,"Jul 22, 2014",2014,CHI,2,4.66,standard,1,Signed a 2 year $4.66 million contract with Chicago (CHI)
mcgeeja01,JaVale McGee,6159,"Sep 02, 2023",2023,SAC,1,3.2,standard,1,Signed a 1 year $3.20 million contract with Sacramento (SAC)
mcgeeja01,JaVale McGee,6159,"Jul 09, 2022",2022,DAL,3,17.2,standard,1,Signed a 3 year $17.2 million contract with Dallas (DAL)
mcgeeja01,JaVale McGee,6159,"Aug 16, 2021",2021,PHX,1,5.0,standard,1,Signed a 1 year $5 million contract with Phoenix (PHX)
mcgeeja01,JaVale McGee,6159,"Jul 06, 2019",2019,LAL,2,8.2,standard,1,Signed a 2 year $8.2 million contract with Los Angeles (LAL) - includes 202 Player Option
mcgeeja01,JaVale McGee,6159,"Jul 10, 2018",2018,LAL,1,2.4,standard,1,Signed a 1 year $2.4 million contract with Los Angeles (LAL)
mcgeeja01,JaVale McGee,6159,"Aug 01, 2017",2017,GSW,1,2.12,standard,1,Signed a 1 year $2.12 million contract with Golden State (GSW)
mcgeeja01,JaVale McGee,6159,"Sep 12, 2016",2016,GSW,1,1.4,standard,1,Signed a 1 year $1.4 million contract with Golden State (GSW)
mcgeeja01,JaVale McGee,6159,"Aug 13, 2015",2015,DAL,1,1.27,standard,1,Signed a 1 year $1.27 million contract with Dallas (DAL) - includes 2nd Year Team Option
mcgeeja01,JaVale McGee,6159,"Jul 18, 2012",2012,DEN,4,44.0,standard,1,Signed a 4 year $44 million contract with Denver (DEN)
mcgeeja01,JaVale McGee,6159,"Jul 09, 2008",2008,WAS,2,2.88,standard,1,Signed a 2 year $2.88 million contract with Washington (WAS)
mcgowbr01,Bryce McGowens,78140,"Feb 20, 2026",2026,NOP,3,6.24,two-way,1,Signed a 3 year $6.24 million Rest-of-Season contract with New Orleans (NOP) via converted Two-Way contract - includes 2027-28 Club Option
mcgowbr01,Bryce McGowens,78140,"Feb 26, 2023",2023,CHA,4,7.0,standard,1,Signed a 4 year $7.0 million Rest-of-Season contract with Charlotte (CHA) - includes 2024-25 non-guaranteed and 2025-26 Club Option
mcgruro01,Rodney McGruder,13575,"Jul 10, 2019",2019,LAC,3,15.0,standard,1,Signed a 3 year $15 million contract with Los Angeles (LAC) - 2021 non-guaranteed
mcgruro01,Rodney McGruder,13575,"Jul 07, 2016",2016,MIA,3,2.5,standard,1,Signed a 3 year $2.5 million contract with Miami (MIA) - partially guaranteed
mcgruro01,Rodney McGruder,13575,"Aug 20, 2014",2014,BOS,1,0.507,standard,1,Signed a 1 year $507k contract with Boston (BOS)
mcgruro01,Rodney McGruder,13575,"Sep 26, 2013",2013,OKC,1,0.49018,standard,1,"Signed a 1 year $490,180 contract with Oklahoma City (OKC)"
mckinal01,Alfonzo McKinnie,24106,"Dec 26, 2021",2021,CHI,2,3.13,standard,1,Signed a 2 year $3.13 million Rest-of-Season contract with Chicago (CHI)
mckinal01,Alfonzo McKinnie,24106,"Feb 08, 2020",2020,CLE,4,7.3,standard,1,Signed a 4 year $7.3 million contract with Cleveland (CLE)
mckinal01,Alfonzo McKinnie,24106,"Oct 12, 2018",2018,GSW,2,2.94,standard,1,Signed a 2 year $2.94 million contract with Golden State (GSW)
mckinal01,Alfonzo McKinnie,24106,"Jul 09, 2017",2017,TOR,2,2.19,standard,1,Signed a 2 year $2.19 million contract with Toronto (TOR)
mclaujo01,Jordan McLaughlin,27975,"Jul 13, 2026",2026,SAS,1,3.29,standard,1,Signed a 1 year $3.29 million contract with San Antonio (SAS)
mclaujo01,Jordan McLaughlin,27975,"Jul 12, 2025",2025,SAS,1,2.87,standard,1,Signed a 1 year $2.87 million contract with San Antonio (SAS)
mclaujo01,Jordan McLaughlin,27975,"Sep 14, 2021",2021,MIN,3,6.48,standard,1,Signed a 3 year $6.48 million contract with Minnesota (MIN)
mclembe01,Ben McLemore,13320,"Aug 06, 2021",2021,POR,1,2.39,standard,1,Signed a 1 year $2.39 million contract with Portland (POR)
mclembe01,Ben McLemore,13320,"Jul 23, 2019",2019,HOU,2,4.3,standard,1,Signed a 2 year $4.3 million contract with Houston (HOU) - partially guaranteed
mclembe01,Ben McLemore,13320,"Jul 06, 2017",2017,MEM,2,10.66,standard,1,Signed a 2 year $10.66 million contract with Memphis (MEM)
mclembe01,Ben McLemore,13320,"Jul 13, 2013",2013,SAC,2,5.92,standard,1,Signed a 2 year $5.92 million contract with Sacramento (SAC)
mcraejo01,Jordan McRae,15410,"Mar 09, 2016",2016,CLE,1,0.111,standard,1,Signed a 1year $111k contract with Cleveland (CLE) - includes 2017 Club Option
mcraejo01,Jordan McRae,15410,"Sep 27, 2015",2015,PHI,1,0.525,standard,1,Signed a 1 year $525k contract with Phildelphia (PHI) - camp invite
mcrobjo01,Josh McRoberts,2678,"Jul 14, 2014",2014,MIA,4,22.65,standard,1,Signed a 4 year $22.65 million contract with Miami (MIA)
mcrobjo01,Josh McRoberts,2678,"Jul 11, 2013",2013,CHA,2,5.4,standard,1,Signed a 2 year $5.4 million contract with Charlotte (CHA)
mcrobjo01,Josh McRoberts,2678,"Dec 13, 2011",2011,LAL,2,6.135,standard,1,Signed a 2 year $6.135 million contract with Los Angeles (LAL)
mcrobjo01,Josh McRoberts,2678,"Jul 22, 2009",2009,IND,2,1.71,standard,1,Signed a 2 year $1.71 million contract with Indiana (IND)
mcrobjo01,Josh McRoberts,2678,"Jul 01, 2007",2007,POR,2,1.14,standard,1,Signed a 2 year $1.14 million contract with Portland (POR)
meeksjo01,Jodie Meeks,6300,"Jul 12, 2017",2017,WAS,2,6.7,standard,1,Signed a 2 year $6.7 million contract with Washington (WAS)
meeksjo01,Jodie Meeks,6300,"Jul 14, 2014",2014,DET,3,18.81,standard,1,Signed a 3 year $18.81 million contract with Detroit (DET)
meeksjo01,Jodie Meeks,6300,"Aug 13, 2012",2012,LAL,1,1.5,standard,1,Signed a 1 year $1.5 miillion contract with Los Angeles (LAL)
meeksjo01,Jodie Meeks,6300,"Jul 08, 2009",2009,MIL,3,2.1,standard,1,Signed a 3 year $2.1 million contract with Milwaukee (MIL)
mejrisa01,Salah Mejri,18067,"Aug 03, 2018",2018,DAL,1,1.57,standard,1,Signed a 1 year $1.57 million contract with Dallas (DAL)
mejrisa01,Salah Mejri,18067,"Jul 30, 2015",2015,DAL,3,2.4,standard,1,Signed a 3 year $2.4 million contract with Dallas (DAL)
mellini01,Nicolò Melli,31886,"Jul 26, 2019",2019,NOP,2,8.0,standard,1,Signed a 2 year $8 million contract with New Orleans (NOP)
meltode01,De'Anthony Melton,27012,"Jul 31, 2026",2026,GSW,2,12.43,standard,1,Signed a 2 year $12.43 million contract with Golden State (GSW) - includes 2027-28 Player Option
meltode01,De'Anthony Melton,27012,"Oct 01, 2025",2025,GSW,2,6.53,standard,1,Signed a 2 year $6.53 million contract with Golden State (GSW) - includes 2026-27 Player Option
meltode01,De'Anthony Melton,27012,"Jul 08, 2024",2024,GSW,1,12.8,standard,1,Signed a 1 year $12.8 million contract with Golden State (GSW)
meltode01,De'Anthony Melton,27012,"Nov 22, 2020",2020,MEM,4,34.6,standard,1,Signed a 4 year $34.6 million contract with Memphis (MEM)
meltode01,De'Anthony Melton,27012,"Sep 21, 2018",2018,PHX,2,2.39,standard,1,Signed a 2 year $2.39 million contract with Phoenix (PHX)
merrisa01,Sam Merrill,70702,"Jul 06, 2025",2025,CLE,4,38.0,standard,1,Signed a 4 year $38 million contract with Cleveland (CLE)
merrisa01,Sam Merrill,70702,"Mar 14, 2023",2023,CLE,3,5.01,standard,1,Signed a 3 year $5.01 million Rest-of-Season contract with Cleveland (CLE) - includes 2023-24 and 2024-25 non-guaranteed
merrisa01,Sam Merrill,70702,"Aug 12, 2022",2022,SAC,2,3.83,standard,1,Signed a 2 year $3.83 million contract with Sacramento (SAC)
merrisa01,Sam Merrill,70702,"Nov 30, 2020",2020,MIL,2,2.4,standard,1,Signed a 2 year $2.4 million contract with Milwaukee (MIL)
metuch01,Chimezie Metu,27015,"Jul 02, 2023",2023,PHX,1,2.35,standard,1,Signed a 1 year $2.35 million contract with Phoenix (PHX)
metuch01,Chimezie Metu,27015,"Nov 28, 2020",2020,SAC,3,5.29,standard,1,Signed a 3 year $5.29 million contract with Sacramento (SAC)
metuch01,Chimezie Metu,27015,"Aug 30, 2018",2018,SAS,3,3.9,standard,1,Signed a 3 year $3.9 million contract with San Antonio (SAS)
micicva01,Vasilije Micić,15404,"Jul 17, 2023",2023,OKC,3,23.56,standard,1,Signed a 3 year $23.56 million contract with Oklahoma City (OKC)
middlkh01,Khris Middleton,10864,"Jul 08, 2026",2026,DAL,3,17.61,standard,1,Signed a 3 year $17.61 million contract with Dallas (DAL) as part of a Sign-and-Trade with Washington (WAS)
middlkh01,Khris Middleton,10864,"Jul 06, 2023",2023,MIL,3,93.0,standard,1,Signed a 3 year $93 million contract with Milwaukee (MIL) - includes 2025-26 Player Option
middlkh01,Khris Middleton,10864,"Jul 11, 2019",2019,MIL,5,177.5,standard,1,Signed a 5 year $177.5 million contract with Milwaukee (MIL)
middlkh01,Khris Middleton,10864,"Jul 09, 2015",2015,MIL,5,70.0,standard,1,Signed a 5 year $70 million contract with Milwaukee (MIL)
middlkh01,Khris Middleton,10864,"Aug 14, 2012",2012,DET,3,2.18,standard,1,Signed a 3 year $2.18 million contract with Detroit (DET)
milescj01,C.J. Miles,2753,"Jul 18, 2017",2017,TOR,3,25.0,standard,1,Signed a 3 year $25 million contract with Toronto (TOR)
milescj01,C.J. Miles,2753,"Jul 11, 2014",2014,IND,4,17.96,standard,1,Signed a 4 year $17.96 million contract with Indiana (IND)
milescj01,C.J. Miles,2753,"Aug 08, 2012",2012,CLE,2,4.45,standard,1,Signed a 2 year $4.45 million contract with Cleveland (CLE)
milescj01,C.J. Miles,2753,"Jul 26, 2008",2008,UTH,4,14.8,standard,1,Signed a 4 year $14.8 million contract with Utah (UTH)
milescj01,C.J. Miles,2753,"Oct 01, 2007",2007,UTH,1,0.77,standard,1,Signed a 1 year $770k contract with Utah (UTH)
milescj01,C.J. Miles,2753,"Jul 11, 2005",2005,UTH,2,1.06,standard,1,Signed a 2 year $1.06 million contract with Utah (UTH)
millebr02,Brandon Miller,82197,"Jul 01, 2023",2023,CHA,4,49.38,rookie-scale,1,Signed a 4 year $49.38 million rookie scale contract with Charlotte (CHA)
milleda01,Darius Miller,10871,"Jul 21, 2019",2019,NOP,2,14.25,standard,1,Signed a 2 year $14.25 million contract with New Orleans (NOP) - includes 2020 non-guaranteed
milleda01,Darius Miller,10871,"Jul 24, 2017",2017,NOP,1,1.52,standard,1,Signed a 1 year $1.52 million contract with New Orleans (NOP)
milleda01,Darius Miller,10871,"Jul 18, 2014",2014,NOP,2,1.9,standard,1,Signed a 2 year $1.9 million contract with New Orleans (NOP)
milleda01,Darius Miller,10871,"Aug 22, 2012",2012,NOH,2,1.26,standard,1,Signed a 2 year $1.26 million contract with New Orleans (NOH)
millejo02,Jordan Miller,84474,"Jul 09, 2026",2026,LAC,3,15.3,standard,1,Signed a 3 year $15.3 million contract with LA Clippers (LAC) - includes 2028-29 Team Option
millejo02,Jordan Miller,84474,"Feb 18, 2026",2026,LAC,2,3.2,two-way,1,Signed a 2 year $3.2 million Rest-of-Season contract with LA Clippers (LAC) via converted Two-Way - includes 2026-27 Club Option
millejo02,Jordan Miller,84474,"Mar 01, 2025",2025,LAC,4,8.19,standard,1,Signed a 4 year $8.19 million Rest-of-Season contract with LA Clippers (LAC) - includes 2027-28 Club Option
millele01,Leonard Miller,82215,"Jul 08, 2023",2023,MIN,4,8.32,standard,1,Signed a 4 year $8.32 million contract with Minnesota (MIN) - includes 2026-27 Club Option
millemi01,Mike Miller,2539,"Jul 21, 2016",2016,DEN,2,5.0,standard,1,Signed a 2 year $5 million contract with Denver (DEN)
millemi01,Mike Miller,2539,"Sep 30, 2015",2015,DEN,1,1.5,standard,1,Signed a 1 year $1.5 million contract with Denver (DEN)
millemi01,Mike Miller,2539,"Aug 05, 2014",2014,CLE,2,5.59,standard,1,Signed a 2 year $5.59 million contract with Cleveland (CLE)
millemi01,Mike Miller,2539,"Jul 30, 2013",2013,MEM,1,1.4,standard,1,Signed a 1 year $1.4 million contract with Memphis (MEM)
millemi01,Mike Miller,2539,"Jul 11, 2010",2010,MIA,5,29.0,standard,1,Signed a 5 year $29 million contract with Miami (MIA)
millemi01,Mike Miller,2539,"Oct 03, 2003",2003,MEM,6,47.5,standard,1,Signed a 6 year $47.5 million contract with Memphis (MEM)
millemi01,Mike Miller,2539,"Aug 11, 2000",2000,ORL,3,7.48,standard,1,Signed a 3 year $7.48 million contract with Orlando (ORL)
millspa01,Paul Millsap,2754,"Sep 10, 2021",2021,BKN,1,2.64,standard,1,Signed a 1 year $2.64 million contract with Brooklyn (BKN)
millspa01,Paul Millsap,2754,"Dec 02, 2020",2020,DEN,1,10.0,standard,1,Signed a 1 year $10 million contract with Denver (DEN)
millspa01,Paul Millsap,2754,"Jul 13, 2017",2017,DEN,2,61.0,standard,1,Signed a 2 year $61 million contract with Denver (DEN) - includes 3rd Year Club Option
millspa01,Paul Millsap,2754,"Jul 09, 2015",2015,ATL,3,60.2,standard,1,Signed a 3 year $60.2 million contract with Atlanta (ATL)
millspa01,Paul Millsap,2754,"Jul 10, 2013",2013,ATL,2,19.0,standard,1,Signed a 2 year $19 million contract with Atlanta (ATL)
millspa01,Paul Millsap,2754,"Jul 16, 2009",2009,UTH,4,32.0,standard,1,Signed a 4 year $32 million contract with Utah (UTH)
millspa01,Paul Millsap,2754,"Aug 02, 2006",2006,UTH,2,1.31,standard,1,Signed a 2 year $1.31 million contract with Utah (UTH)
millspa02,Patty Mills,6322,"Sep 05, 2024",2024,UTA,1,3.3,standard,1,Signed a 1 year $3.3 million contract with Utah (UTA)
millspa02,Patty Mills,6322,"Jul 10, 2022",2022,BKN,2,13.28,standard,1,Signed a 2 year $13.28 million contract with Brooklyn (BKN)
millspa02,Patty Mills,6322,"Aug 10, 2021",2021,BKN,2,12.07,standard,1,Signed a 2 year $12.07 million contract with Brooklyn (BKN)
millspa02,Patty Mills,6322,"Aug 04, 2017",2017,SAS,4,48.0,standard,1,Signed a 4 year $48 million contract with San Antonio (SAS)
millspa02,Patty Mills,6322,"Jul 12, 2014",2014,SAS,3,13.0,standard,1,Signed a 3 year $13 million contract with San Antonio (SAS)
millspa02,Patty Mills,6322,"Jul 13, 2012",2012,SAS,2,2.22,standard,1,Signed a 2 year $2.22 million contract with San Antonio (SAS)
millspa02,Patty Mills,6322,"Sep 26, 2010",2010,POR,1,0.937195,standard,1,"Signed a 1 year $937,195 contract with Portland (POR)"
millspa02,Patty Mills,6322,"Oct 09, 2009",2009,POR,1,0.457588,standard,1,"Signed a 1 year $457,588 contract with Portland (POR)"
miltosh01,Shake Milton,27020,"Jul 04, 2024",2024,NYK,3,9.16,standard,1,Signed a 3 year $9.16 million contract with New York (NYK) as part of a Sign-and-Trade with Brooklyn (BKN)
miltosh01,Shake Milton,27020,"Jul 08, 2023",2023,MIN,2,10.0,standard,1,Signed a 2 year $10 million contract with Minnesota (MIN)
miltosh01,Shake Milton,27020,"Jul 07, 2019",2019,PHI,3,4.99,two-way,1,"Signed a 3 year $4.99 million contract with Philadelphia (PHI) - converted Two-Way contract, includes 2022 Club Option"
minotjo01,Josh Minott,78156,"Jul 06, 2026",2026,BKN,2,9.0,standard,1,Signed a 2 year $9 million contract with Brooklyn (BKN) - includes 2027-28 Team Option
minotjo01,Josh Minott,78156,"Jul 07, 2025",2025,BOS,2,4.96,standard,1,Signed a 2 year $4.96 million contract with Boston (BOS) - includes 2026-27 Club Option
minotjo01,Josh Minott,78156,"Jul 22, 2022",2022,MIN,4,6.94,standard,1,Signed a 4 year $6.94 million contract with Minnesota (MIN) - includes 2025-26 Club Option
mirotni01,Nikola Mirotić,8074,"Sep 25, 2017",2017,CHI,1,12.5,standard,1,Signed a 1 year $12.5 million contract with Chicago (CHI) - includes 2nd Year Club Option
mirotni01,Nikola Mirotić,8074,"Jul 18, 2014",2014,CHI,3,16.6,standard,1,Signed a 3 year $16.6 million contract with Chicago (CHI)
missiyv01,Yves Missi,91761,"Jul 08, 2024",2024,NOP,4,15.65,rookie-scale,1,Signed a 4 year $15.65 million rookie scale contract with New Orleans (NOP)
mitchaj01,Ajay Mitchell,92958,"Jul 06, 2025",2025,OKC,3,8.7,standard,1,Signed a 3 year $8.7 million contract with Oklahoma City (OKC) - includes 2027-28 Club Option
mitchaj01,Ajay Mitchell,92958,"Feb 06, 2025",2025,OKC,2,6.0,two-way,1,Signed a 2 year $6 million Rest-of-Season contract with Oklahoma City (OKC) via converted Two-Way contract - includes 2026 Club Option
mitchda01,Davion Mitchell,74116,"Jul 07, 2025",2025,MIA,2,24.0,standard,1,Signed a 2 year $24 million contract with Miami (MIA)
mitchda01,Davion Mitchell,74116,"Aug 05, 2021",2021,SAC,4,20.95,rookie-scale,1,Signed a 4 year $20.95 million rookie scale contract with Sacramento (SAC)
mitchdo01,Donovan Mitchell,23608,"Jul 08, 2026",2026,CLE,4,272.7,maximum,1,Signed a 4 year $272.7 million maximum contract extension with Cleveland (CLE) - includes 2030-31 Player Option
mitchdo01,Donovan Mitchell,23608,"Jul 07, 2024",2024,CLE,3,150.32,maximum,1,Signed a 3 year $150.32 million maximum contract extension with Cleveland (CLE) - includes 2027-28 Player Option
mitchdo01,Donovan Mitchell,23608,"Nov 23, 2020",2020,UTH,5,163.0,maximum,1,Signed a 5 year $163 million maximum rookie scale contract extension with Utah (UTH) - includes 2025 Player Option and language for 30% rookie super max
mitchdo01,Donovan Mitchell,23608,"Jul 05, 2017",2017,UTH,4,14.56,rookie-scale,1,Signed a 4 year $14.56 million rookie scale contract with Utah (UTH)
mobleev01,Evan Mobley,74110,"Jul 22, 2024",2024,CLE,5,269.09,rookie-scale,1,Signed a 5 year $269.09 million Rookie Scale contract extension with Cleveland (CLE). The deal includes Designated Rookie language with would make the contract worth 27.5% or 30% of cap.
mobleev01,Evan Mobley,74110,"Aug 03, 2021",2021,CLE,4,36.66,rookie-scale,1,Signed a 4 year $36.66 million rookie scale contract with Cleveland (CLE)
monkma01,Malik Monk,23606,"Jul 06, 2024",2024,SAC,4,77.98,standard,1,Signed a 4 year $77.98 million a contract with Sacramento (SAC) - includes 2027-28 Player Option
monkma01,Malik Monk,23606,"Jul 06, 2022",2022,SAC,2,19.42,standard,1,Signed a 2 year $19.42 million contract with Sacramento (SAC)
monkma01,Malik Monk,23606,"Aug 06, 2021",2021,LAL,1,1.79,standard,1,Signed a 1 year $1.79 million contract with Los Angeles (LAL)
monkma01,Malik Monk,23606,"Jul 02, 2017",2017,CHA,4,15.73,rookie-scale,1,Signed a 4 year $15.73 million rookie scale contract with Charlotte (CHA)
monrogr01,Greg Monroe,6889,"Aug 10, 2018",2018,TOR,1,2.2,standard,1,Signed a 1 year $2.2 million contract with Toronto (TOR)
monrogr01,Greg Monroe,6889,"Feb 08, 2018",2018,BOS,1,5.0,standard,1,Signed a 1 year $5 million contract with Boston (BOS)
monrogr01,Greg Monroe,6889,"Jul 09, 2015",2015,MIL,3,51.4,maximum,1,Signed a 3 year $51.4 million maximum contract with Milwaukee (MIL)
monrogr01,Greg Monroe,6889,"Sep 03, 2014",2014,DET,1,5.48,standard,1,Signed a 1 year $5.48 million Qualifying Offer with Detroit (DET)
monrogr01,Greg Monroe,6889,"Jul 06, 2010",2010,DET,2,5.806,standard,1,Signed a 2 year $5.806 million contract with Detroit (DET)
moodymo01,Moses Moody,74121,"Oct 20, 2024",2024,GSW,3,37.5,rookie-scale,1,Signed a 3 year $37.5 million Rookie Scale contract extension with Golden State (GSW)
moodymo01,Moses Moody,74121,"Aug 05, 2021",2021,GSW,4,17.02,rookie-scale,1,Signed a 4 year $17.02 million rookie scale contract with Golden State (GSW)
mooreet01,E'Twaun Moore,8107,"Nov 28, 2020",2020,PHX,1,2.3,standard,1,Signed a 1 year $2.3 million contract with Phoenix (PHX)
mooreet01,E'Twaun Moore,8107,"Jul 21, 2016",2016,NOP,4,34.0,standard,1,Signed a 4 year $34 million contract with New Orleans (NOP)
mooreet01,E'Twaun Moore,8107,"Sep 16, 2014",2014,CHI,2,1.96,standard,1,Signed a 2 year $1.96 million contract with Chicago (CHI)
mooreet01,E'Twaun Moore,8107,"Sep 06, 2012",2012,ORL,2,1.65,standard,1,Signed a 2 year $1.65 million contract with Orlando (ORL)
mooreet01,E'Twaun Moore,8107,"Dec 12, 2011",2011,BOS,2,1.24,standard,1,Signed a 2 year $1.24 million contract with Boston (BOS)
moorewe01,Wendell Moore Jr.,78145,"Jul 07, 2022",2022,MIN,4,11.84,rookie-scale,1,Signed a 4 year $11.84 million Rookie Scale contract with Minnesota (MIN)
moranja01,Ja Morant,31559,"Jul 06, 2022",2022,MEM,5,197.23,extension,1,Signed a 5 year $197.23 million Designated Rookie contract extension with Memphis (MEM) - includes 30% cap language
moranja01,Ja Morant,31559,"Jul 01, 2019",2019,MEM,4,39.62,rookie-scale,1,Signed a 4 year $39.62 million rookie scale contract with Memphis (MEM)
moreler01,Eric Moreland,15622,"Dec 10, 2018",2018,PHX,1,1.08,standard,1,Signed a 1 year $1.08 million contract with Phoenix (PHX)
moreler01,Eric Moreland,15622,"Jul 06, 2017",2017,CLE,3,5.48,standard,1,Signed a 3 year $5.48 million contract with Cleveland (CLE)
moreler01,Eric Moreland,15622,"Sep 09, 2015",2015,SAC,1,0.845,standard,1,Signed a 1 year $845k contract with Sacramento (SAC)
moreler01,Eric Moreland,15622,"Jul 29, 2014",2014,SAC,3,2.33,standard,1,Signed a 3 year $2.33 million contract with Sacramento (SAC)
morrima02,Markieff Morris,8064,"Sep 16, 2023",2023,DAL,1,3.2,standard,1,Signed a 1 year $3.20 million contract with Dallas (DAL)
morrima02,Markieff Morris,8064,"Aug 06, 2021",2021,MIA,1,2.64,standard,1,Signed a 1 year $2.64 million contract with Miami (MIA)
morrima02,Markieff Morris,8064,"Nov 23, 2020",2020,LAL,1,2.3,standard,1,Signed a 1 year $2.3 million contract with Los Angeles (LAL)
morrima02,Markieff Morris,8064,"Feb 23, 2020",2020,LAL,1,1.75,standard,1,Signed a 1 year $1.75 million Rest-of-Season contract with Los Angeles (LAL)
morrima02,Markieff Morris,8064,"Jul 06, 2019",2019,DET,2,6.56,standard,1,Signed a 2 year $6.56 million contract with Detroit (DET)
morrima02,Markieff Morris,8064,"Feb 20, 2019",2019,OKC,1,0.573,standard,1,Signed a 1 year $573k contract with Oklahoma City (OKC)
morrima02,Markieff Morris,8064,"Sep 28, 2014",2014,PHX,4,32.0,extension,1,Signed a 4 year $32 million rookie extension with Phoenix (PHX)
morrima02,Markieff Morris,8064,"Dec 12, 2011",2011,PHX,2,3.92,standard,1,Signed a 2 year $3.92 million contract with Phoenix (PHX)
morrima03,Marcus Morris,8065,"Nov 27, 2020",2020,LAC,4,64.0,standard,1,Signed a 4 year $64 million contract with Los Angeles (LAC)
morrima03,Marcus Morris,8065,"Jul 15, 2019",2019,NYK,1,15.0,standard,1,Signed a 1 year $15 million contract with New York (NYK)
morrima03,Marcus Morris,8065,"Sep 28, 2014",2014,PHX,4,20.0,extension,1,Signed a 4 year $20 million rookie extension with Phoenix (PHX)
morrima03,Marcus Morris,8065,"Dec 12, 2011",2011,HOU,2,3.73,standard,1,Signed a 2 year $3.73 million contract with Houston (HOU)
morrimo01,Monte Morris,23652,"Nov 07, 2025",2025,IND,1,2.97,standard,1,Signed a 1 year $2.97 million Rest-of-Season contract with Indiana (IND)
morrimo01,Monte Morris,23652,"Jul 03, 2024",2024,PHX,1,2.8,standard,1,Signed 1 year $2.8 million contract with Phoenix (PHX)
morrimo01,Monte Morris,23652,"Dec 09, 2020",2020,DEN,3,27.77,extension,1,Signed a 3 year $27.77 million contract extension with Denver (DEN)
morrimo01,Monte Morris,23652,"Jul 25, 2018",2018,DEN,3,4.66,standard,1,Signed a 3 year $4.66 million contract with Denver (DEN)
morroan01,Anthony Morrow,6109,"Jul 16, 2014",2014,OKC,3,10.0,standard,1,Signed a 3 year $10 million contract with Oklahoma City (OKC) - includes Club Option
morroan01,Anthony Morrow,6109,"Jul 14, 2010",2010,GSW,3,12.0,standard,1,Signed a 3 year $12 million contract with Golden State (GSW)
morroan01,Anthony Morrow,6109,"Jul 24, 2008",2008,GSW,2,1.17,standard,1,Signed a 2 year $1.17 million contract with Golden State (GSW)
motiedo01,Donatas Motiejūnas,8071,"Jul 06, 2012",2012,HOU,2,2.78,standard,1,Signed a 2 year $2.78 million contract with Houston (HOU)
mozgoti01,Timofey Mozgov,7118,"Jul 08, 2016",2016,LAL,4,64.0,standard,1,Signed a 4 year $64M contract with Los Angeles (LAL)
mozgoti01,Timofey Mozgov,7118,"Jul 27, 2013",2013,DEN,2,9.05,standard,1,Signed a 2 year $9.05 million contact with Denver (DEN)
mozgoti01,Timofey Mozgov,7118,"Jul 12, 2010",2010,NYK,3,10.0,standard,1,Signed 3 year $10 million contract with New York (NYK)
mudiaem01,Emmanuel Mudiay,17835,"Jul 20, 2019",2019,UTH,1,1.73,standard,1,Signed a 1 year $1.73 million contract with Utah (UTH)
mudiaem01,Emmanuel Mudiay,17835,"Jul 26, 2015",2015,DEN,2,6.34,standard,1,Signed a 2 year $6.34 million contract with Denver (DEN)
muhamsh01,Shabazz Muhammad,13327,"Mar 04, 2018",2018,MIL,1,0.347,standard,1,Signed a 1 year $347k contract with Milwaukee (MIL)
muhamsh01,Shabazz Muhammad,13327,"Sep 14, 2017",2017,MIN,2,3.37,standard,1,Signed a 2 year $3.37 million contract with Minnesota (MIN)
muhamsh01,Shabazz Muhammad,13327,"Jul 12, 2013",2013,MIN,2,3.86,standard,1,Signed a 2 year $3.86 million contract with Minnesota (MIN)
murphtr02,Trey Murphy III,74124,"Oct 21, 2024",2024,NOP,4,112.0,rookie-scale,1,Signed a 4 year $112 million Rookie Scale contract extension with New Orleans (NOP)
murphtr02,Trey Murphy III,74124,"Aug 10, 2021",2021,NOP,4,14.78,rookie-scale,1,Signed a 4 year $14.78 million rookie scale contract with New Orleans (NOP)
murraco01,Collin Murray-Boyles,98609,"Jul 01, 2025",2025,TOR,4,28.82,rookie-scale,1,Signed a 4 year $28.82 million Rookie Scale contract with Toronto (TOR)
murrade01,Dejounte Murray,20234,"Jul 09, 2023",2023,ATL,4,114.24,extension,1,Signed a 4 year $114.24 million veteran contract extension with Atlanta (ATL) - includes 2027-28 Player Option
murrade01,Dejounte Murray,20234,"Oct 21, 2019",2019,SAS,4,64.0,extension,1,Signed a 4 year $64 million rookie contract extension with San Antonio (SAS)
murrade01,Dejounte Murray,20234,"Jul 14, 2016",2016,SAS,4,6.36,standard,1,Signed 4 year $6.36 million contract with San Antonio (SAS)
murraja01,Jamal Murray,20212,"Sep 11, 2024",2024,DEN,4,207.85,maximum,1,Signed a 4 year $207.85 million maximum contract extension with Denver (DEN)
murraja01,Jamal Murray,20212,"Jul 24, 2019",2019,DEN,5,195.65,maximum,1,Signed a 5 year $195.65 million rookie maximum contract extension with Denver (DEN)
murraja01,Jamal Murray,20212,"Aug 09, 2016",2016,DEN,2,14.51,rookie-scale,1,Signed a 2 year $14.51 million rookie scale contract with Denver (DEN)
murrake02,Keegan Murray,78112,"Oct 16, 2025",2025,SAC,5,140.0,rookie-scale,1,Signed a 5 year $140 million Rookie Scale contract extension with Sacramento (SAC)
murrake02,Keegan Murray,78112,"Jul 02, 2022",2022,SAC,4,36.37,rookie-scale,1,Signed a 4 year $36.37 million Rookie Scale contract with Sacramento (SAC)
murrakr01,Kris Murray,82275,"Jul 01, 2023",2023,POR,4,14.28,rookie-scale,1,Signed a 4 year $14.28 million rookie scale contract with Portland (POR)
musadz01,Džanan Musa,26995,"Jul 12, 2018",2018,BKN,4,9.16,rookie-scale,1,Signed a 4 year $9.16 million rookie scale contract with Brooklyn (BKN)
muscami01,Mike Muscala,13357,"Aug 04, 2022",2022,OKC,2,7.0,standard,1,Signed a 2 year $7 million contract with Oklahoma City (OKC) - includes 2023-24 Club Option
muscami01,Mike Muscala,13357,"Aug 11, 2021",2021,OKC,2,7.0,standard,1,Signed a 2 year $7 million contract with Oklahoma City (OKC) - includes 2022-23 Club Option
muscami01,Mike Muscala,13357,"Jul 10, 2019",2019,OKC,2,4.3,standard,1,Signed a 2 year $4.3 million contract with Oklahoma City (OKC) - includes 2020 Player Option
muscami01,Mike Muscala,13357,"Jul 25, 2017",2017,ATL,2,10.0,standard,1,Signed a 2 year $10 million contract with Atlanta (ATL)
mykhasv01,Svi Mykhailiuk,27013,"Aug 10, 2024",2024,UTA,4,15.05,standard,1,Signed a 4 year $15.05 million contract with Utah (UTA)
mykhasv01,Svi Mykhailiuk,27013,"Aug 31, 2023",2023,CHA,1,2.35,standard,1,Signed a 1 year $2.35 million contract with Charlotte (CHA)
mykhasv01,Svi Mykhailiuk,27013,"Sep 18, 2022",2022,NYK,1,1.97,standard,1,Signed a 1 year $1.97 million contract with New York (NYK)
mykhasv01,Svi Mykhailiuk,27013,"Aug 31, 2021",2021,TOR,2,3.61,standard,1,Signed a 2 year $3.61 million contract with Toronto (TOR) - includes 2022-23 Player Option
mykhasv01,Svi Mykhailiuk,27013,"Jul 10, 2018",2018,LAL,2,2.9,standard,1,Signed a 2 year $2.9 million contract with Los Angeles (LAL) - includes 2020 Club Option
naderab01,Abdel Nader,20264,"Aug 06, 2021",2021,PHX,2,4.16,standard,1,Signed a 2 year $4.16 million contract with Phoenix (PHX)
naderab01,Abdel Nader,20264,"Jul 15, 2017",2017,BOS,3,4.16,standard,1,Signed a 3 year $4.16 million contract with Boston (BOS) - includes 4th Year Club Option
nancela02,Larry Nance Jr.,17855,"Jul 09, 2026",2026,IND,1,3.88,standard,1,Signed a 1 year $3.88 million contract with Indiana (IND)
nancela02,Larry Nance Jr.,17855,"Jul 06, 2025",2025,CLE,1,3.63,standard,1,Signed a 1 year $3.63 million contract with Cleveland (CLE)
nancela02,Larry Nance Jr.,17855,"Oct 03, 2022",2022,NOP,2,21.58,extension,1,Signed a 2 year $21.58 million veteran contract extension with New Orleans (NOP)
nancela02,Larry Nance Jr.,17855,"Oct 15, 2018",2018,CLE,4,44.8,extension,1,Signed a 4 year $44.8 million rookie contract extension with Cleveland (CLE)
nancela02,Larry Nance Jr.,17855,"Jul 10, 2015",2015,LAL,2,2.36,standard,1,Signed a 2 year $2.36 million contract with Los Angeles (LAL)
nancepe01,Pete Nance,86006,"Jul 08, 2026",2026,MIL,2,5.29,standard,1,Signed a 2 year $5.29 million contract with Milwaukee (MIL)
nancepe01,Pete Nance,86006,"Mar 23, 2026",2026,MIL,3,5.8,two-way,1,Signed a 3 year $5.80 million Rest-of-Season contract with Milwaukee (MIL) via converted Two-Way contract
napiesh01,Shabazz Napier,15376,"Jul 17, 2018",2018,BKN,,3.79,standard,1,Signed a 2 $3.79 million year contract with Brooklyn (BKN)
napiesh01,Shabazz Napier,15376,"Jul 18, 2014",2014,MIA,2,2.53,standard,1,Signed a 2 year $2.53 million contract with Miami (MIA)
nealga01,Gary Neal,6995,"Jul 09, 2015",2015,WAS,1,2.139,standard,1,Signed a 1 year $2.139 million contract with Washington (WAS)
nealga01,Gary Neal,6995,"Jul 30, 2013",2013,MIL,2,6.5,standard,1,Signed a 2 year $6.5 million contract with Milwaukee (MIL)
nelsoja01,Jameer Nelson,2642,"Oct 22, 2017",2017,NOP,1,2.26,standard,1,Signed a 1 year $2.26 million contract with New Orleans (NOP)
nelsoja01,Jameer Nelson,2642,"Jul 13, 2015",2015,DEN,3,13.6,standard,1,Signed a 3 year $13.6 million contract with Denver (DEN)
nelsoja01,Jameer Nelson,2642,"Jul 24, 2014",2014,DAL,2,5.59,standard,1,Signed a 2 year $5.59 million contract with Dallas (DAL)
nelsoja01,Jameer Nelson,2642,"Jul 16, 2012",2012,ORL,3,25.2,standard,1,Signed a 3 year $25.2 million contract with Orlando (ORL)
nelsoja01,Jameer Nelson,2642,"Oct 31, 2007",2007,ORL,5,35.0,rookie-scale,1,Signed a 5 year $35 million rookie scale extension with Orlando (ORL)
nelsoja01,Jameer Nelson,2642,"Jul 07, 2004",2004,ORL,3,3.56,standard,1,Signed a 3 year $3.56 million contract with Orlando (ORL)
nembhan01,Andrew Nembhard,78137,"Jul 26, 2024",2024,IND,3,58.65,extension,1,Signed a 3 year $58.65 million veteran contract extension with Indiana (IND)
nembhan01,Andrew Nembhard,78137,"Jul 22, 2022",2022,IND,4,8.58,standard,1,Signed a 4 year $8.58 million contract with Indiana (IND) - includes 2025-26 Club Option
nembhry01,Ryan Nembhard,99651,"Feb 28, 2026",2026,DAL,2,2.47,standard,1,Signed a 2 year $2.47 million Rest-of-Season contract with Dallas (DAL) - includes 2026-27 Club Option
nesmiaa01,Aaron Nesmith,70656,"Oct 20, 2025",2025,IND,2,40.39,extension,1,Signed a 2 year $40.39 million veteran contract extension with Indiana (IND)
nesmiaa01,Aaron Nesmith,70656,"Oct 23, 2023",2023,IND,3,33.0,extension,1,Signed a 3 year $33 million rookie contract extension with Indiana (IND)
nesmiaa01,Aaron Nesmith,70656,"Nov 24, 2020",2020,BOS,4,16.53,rookie-scale,1,Signed a 4 year $16.53 million rookie scale contract with Boston (BOS)
netora01,Raul Neto,13360,"Jul 07, 2022",2022,CLE,1,2.46,standard,1,Signed a 1 year $2.46 million contract with Cleveland (CLE)
netora01,Raul Neto,13360,"Aug 06, 2021",2021,WAS,1,2.09,standard,1,Signed a 1 year $2.09 million contract with Washington (WAS)
netora01,Raul Neto,13360,"Jul 12, 2019",2019,PHI,1,1.73,standard,1,Signed a 1 year $1.73 million contract with Philadelphia (PHI)
netora01,Raul Neto,13360,"Jul 06, 2018",2018,UTH,2,4.4,standard,1,Signed a 2 year $4.4 million contract with Utah (UTH)
netora01,Raul Neto,13360,"Jul 09, 2015",2015,UTH,3,2.7,standard,1,Signed a 3 year $2.7 million contract with Utah (UTH)
newelas01,Asa Newell,98611,"Jul 03, 2025",2025,ATL,4,16.24,rookie-scale,1,Signed a 4 year $16.24 million Rookie Scale contract with Atlanta (ATL)
niangge01,Georges Niang,20256,"Jul 06, 2023",2023,CLE,3,25.5,standard,1,Signed a 3 year $25.5 million contract with Cleveland (CLE)
niangge01,Georges Niang,20256,"Aug 06, 2021",2021,PHI,2,6.7,standard,1,Signed a 2 year $6.7 million contract with Philadelphia (PHI)
niangge01,Georges Niang,20256,"Jul 13, 2018",2018,UTH,3,4.94,standard,1,Signed a 3 year $4.94 million contract with Utah (UTH)
niangge01,Georges Niang,20256,"Jul 11, 2016",2016,IND,3,2.5,standard,1,Signed a 3 year $2.5 million contract with Indiana (IND)
nichoan01,Andrew Nicholson,10844,"Jul 07, 2016",2016,WAS,4,26.0,standard,1,Signed a 4 year $26 million contract with Washington (WAS)
nichoan01,Andrew Nicholson,10844,"Jul 03, 2012",2012,ORL,2,2.9,standard,1,Signed a 2 year $2.9 million contract with Orlando (ORL)
nnajize01,Zeke Nnaji,70664,"Nov 30, 2020",2020,DEN,4,11.8,rookie-scale,1,Signed a 4 year $11.80 million rookie scale contract with Denver (DEN)
noahjo01,Joakim Noah,2248,"Dec 04, 2018",2018,MEM,1,1.73,standard,1,Signed a 1 year $1.73 million contract with Memphis (MEM)
noahjo01,Joakim Noah,2248,"Jul 08, 2016",2016,NYK,4,72.59,standard,1,Signed a 4 year $72.59 million contract with New York (NYK)
noahjo01,Joakim Noah,2248,"Oct 03, 2010",2010,CHI,5,60.0,rookie-scale,1,Signed a 5 year $60 million rookie scale extension with Chicago (CHI)
noahjo01,Joakim Noah,2248,"Jul 24, 2007",2007,CHI,2,4.43,standard,1,Signed a 2 year $4.43 million contract with Chicago (CHI)
noelne01,Nerlens Noel,13319,"Jul 21, 2023",2023,SAC,1,3.2,standard,1,Signed a 1 year $3.20 million contract with Sacramento (SAC)
noelne01,Nerlens Noel,13319,"Aug 09, 2021",2021,NYK,3,27.77,standard,1,Signed a 3 year $27.77 million contract with New York (NYK) - includes 2023-24 Club Option
noelne01,Nerlens Noel,13319,"Nov 25, 2020",2020,NYK,1,5.0,standard,1,Signed a 1 year $5 million contract with New York (NYK)
noelne01,Nerlens Noel,13319,"Jul 06, 2018",2018,OKC,2,3.75,standard,1,Signed a 2 year $3.75 million contract with Oklahoma City (OKC); includes 2nd Year Player Option
noelne01,Nerlens Noel,13319,"Aug 26, 2017",2017,DAL,1,4.19,standard,1,Signed a 1 year $4.19 million Qualifying Offer contract with Dallas (DAL)
noelne01,Nerlens Noel,13319,"Sep 16, 2013",2013,PHI,2,6.49,standard,1,Signed a 2 year $6.49 million contract with Philadelphia (PHI)
noguelu01,Lucas Nogueira,13329,"Jul 30, 2014",2014,TOR,2,3.6,standard,1,Signed a 2 year $3.6 million contract with Toronto (TOR)
nowelja01,Jaylen Nowell,31602,"Aug 05, 2019",2019,MIN,3,0.7,standard,1,Signed a 3 year $.7 million contract with Minnesota (MIN) - includes 2022 Club Option
nowitdi01,Dirk Nowitzki,2279,"Jul 23, 2018",2018,DAL,1,5.0,standard,1,Signed a 1 year $5 million contract with Dallas (DAL)
nowitdi01,Dirk Nowitzki,2279,"Jul 06, 2017",2017,DAL,1,5.0,standard,1,Signed a 1 year $5 million contract with Dallas (DAL) - includes 2nd Year Club Option
nowitdi01,Dirk Nowitzki,2279,"Jul 27, 2016",2016,DAL,1,25.0,standard,1,Signed a 1 year $25 million contract with Dallas (DAL) - includes 2nd Year Club Option
nowitdi01,Dirk Nowitzki,2279,"Jul 15, 2014",2014,DAL,3,25.0,standard,1,Signed a 3 year $25 million contract with Dallas (DAL)
nowitdi01,Dirk Nowitzki,2279,"Jul 04, 2010",2010,DAL,4,80.0,standard,1,Signed a 4 year $80 million contract with Dallas (DAL)
nowitdi01,Dirk Nowitzki,2279,"Sep 26, 2006",2006,DAL,5,90.8,extension,1,Signed a 5 year $90.8 million veteran extension with Dallas (DAL)
nowitdi01,Dirk Nowitzki,2279,"Oct 22, 2001",2001,DAL,4,48.0,rookie-scale,1,Signed a 4 year $48 million rookie scale extension with Dallas (DAL)
nowitdi01,Dirk Nowitzki,2279,"Jan 21, 1999",1999,DAL,3,4.7,standard,1,Signed a 3 year $4.7 million contract with Dallas (DAL)
ntilila01,Frank Ntilikina,23603,"Aug 05, 2023",2023,CHA,,2.53,standard,1,Signed to a 1 year $2.53 million contract with Charlotte (CHA)
ntilila01,Frank Ntilikina,23603,"Sep 17, 2021",2021,DAL,2,3.82,standard,1,Signed a 2 year $3.82 million contract with Dallas (DAL)
ntilila01,Frank Ntilikina,23603,"Jul 05, 2017",2017,NYK,4,18.69,rookie-scale,1,Signed a 4 year $18.69 million rookie scale contract with New York (NYK)
nunnke01,Kendrick Nunn,28041,"Aug 06, 2021",2021,LAL,2,10.25,standard,1,Signed a 2 year $10.25 million contract with Los Angeles (LAL) - includes 2022-23 Player Option
nurkiju01,Jusuf Nurkić,15368,"Jul 09, 2026",2026,UTA,2,22.0,standard,1,Signed a 2 year $22 million contract with Utah (UTA)
nurkiju01,Jusuf Nurkić,15368,"Jul 06, 2022",2022,POR,4,70.0,standard,1,Signed a 4 year $70 million contract with Portland (POR)
nurkiju01,Jusuf Nurkić,15368,"Jul 07, 2018",2018,POR,4,48.0,standard,1,Signed a 4 year $48 million contract with Portland (POR)
nurkiju01,Jusuf Nurkić,15368,"Jul 23, 2014",2014,DEN,2,3.6,standard,1,Signed a 2 year $3.6 million contract with Denver (DEN)
nwabada01,David Nwaba,21577,"Aug 08, 2021",2021,HOU,3,15.0,standard,1,Signed a 3 year $15 million contract with Houston (HOU)
nwabada01,David Nwaba,21577,"Jul 17, 2019",2019,BKN,2,3.5,standard,1,Signed a 2 year $3.5 million contract with Brooklyn (BKN) - includes 2020 non-guaranteed
nwabada01,David Nwaba,21577,"Mar 21, 2017",2017,LAL,2,1.39,standard,1,Signed a 2 year $1.39 million contract with Los Angeles (LAL)
nworajo01,Jordan Nwora,70687,"Sep 26, 2022",2022,MIL,2,5.8,standard,1,Signed a 2 year $5.8 million contract with Milwaukee (MIL)
nworajo01,Jordan Nwora,70687,"Nov 23, 2020",2020,MIL,2,2.4,standard,1,Signed a 2 year $2.4 million contract with Milwaukee (MIL)
obryajo01,Johnny O'Bryant,15388,"Mar 16, 2017",2017,CHA,2,1.69,standard,1,Signed a 2 year $1.69 million contract with Charlotte (CHA)
obryajo01,Johnny O'Bryant,15388,"Jul 31, 2014",2014,MIL,3,2.43,standard,1,Signed a 3 year $2.43 million contract with Milwaukee (MIL)
ojelese01,Semi Ojeleye,23632,"Aug 06, 2021",2021,MIL,1,1.79,standard,1,Signed a 1 year $1.79 million contract with Milwaukee (MIL)
ojelese01,Semi Ojeleye,23632,"Jul 18, 2017",2017,BOS,3,4.29,standard,1,Signed a 3 year $4.29 million contract with Boston (BOS)
okafoja01,Jahlil Okafor,17831,"Dec 01, 2020",2020,DET,2,4.01,standard,1,Signed a 2 year $4.01 million contract with Detroit (DET)
okafoja01,Jahlil Okafor,17831,"Aug 09, 2018",2018,NOP,1,1.56,standard,1,Signed a 1 year $1.56 million contract with New Orleans (NOP); includes 2nd Year Club Option
okafoja01,Jahlil Okafor,17831,"Jul 07, 2015",2015,PHI,2,9.37,standard,1,Signed a 2 year $9.37 million contract with Philadelphia (PHI)
okekech01,Chuma Okeke,31573,"Nov 16, 2020",2020,ORL,4,15.1,rookie-scale,1,Signed a 4 year $15.10 million rookie scale contract with Orlando (ORL)
okoboel01,Elie Okobo,26997,"Jul 06, 2018",2018,PHX,3,4.3,standard,1,Signed a 3 year $4.3 million contract with Phoenix (PHX); includes 4th year Club Option
okogijo01,Josh Okogie,26986,"Jul 09, 2026",2026,UTA,2,12.0,standard,1,Signed a 2 year $12 million contract with Utah (UTA) - includes 2027-28 Team Option
okogijo01,Josh Okogie,26986,"Jul 22, 2025",2025,HOU,1,3.08,standard,1,Signed a 1 year $3.08 million contract with Houston (HOU)
okogijo01,Josh Okogie,26986,"Jul 13, 2024",2024,PHX,2,16.0,standard,1,Signed a 2 year $16 million contract with Phoenix (PHX)
okogijo01,Josh Okogie,26986,"Jul 11, 2023",2023,PHX,2,5.77,standard,1,Signed a 2 year $5.77 million contract with Phoenix (PHX) - includes 2024-25 Player Option
okogijo01,Josh Okogie,26986,"Jul 02, 2022",2022,PHX,1,1.97,standard,1,Signed a 1 year $1.97 million contract with Phoenix (PHX)
okogijo01,Josh Okogie,26986,"Jul 02, 2018",2018,MIN,4,11.43,rookie-scale,1,Signed a 4 year $11.43 million rookie scale contract with Minnesota (MIN)
okongon01,Onyeka Okongwu,70648,"Oct 23, 2023",2023,ATL,4,61.98,extension,1,Signed a 4 year $61.98 million rookie contract extension with Atlanta (ATL)
okongon01,Onyeka Okongwu,70648,"Nov 24, 2020",2020,ATL,4,26.42,rookie-scale,1,Signed a 4 year $26.42 million rookie scale contract with Atlanta (ATL)
okorois01,Isaac Okoro,70647,"Sep 17, 2024",2024,CLE,3,33.0,standard,1,Signed a 3 year $33 million contract with Cleveland (CLE)
okorois01,Isaac Okoro,70647,"Nov 21, 2020",2020,CLE,4,29.08,rookie-scale,1,Signed a 4 year $29.08 million rookie scale contract with Cleveland (CLE)
okpalkz01,KZ Okpala,31591,"Sep 14, 2022",2022,SAC,2,3.97,standard,1,Signed a 2 year $3.97 million contract with Sacramento (SAC)
okpalkz01,KZ Okpala,31591,"Jul 07, 2019",2019,MIA,3,4.2,standard,1,Signed a 3 year $4.2 million contract with Miami (MIA)
oladivi01,Victor Oladipo,13315,"Jul 06, 2022",2022,MIA,2,18.2,standard,1,Signed a 2 year $18.2 million million contract with Miami (MIA) - includes 2023-24 Player Option
oladivi01,Victor Oladipo,13315,"Aug 07, 2021",2021,MIA,1,2.39,standard,1,Signed a 1 year $2.39 million contract with Miami (MIA)
oladivi01,Victor Oladipo,13315,"Oct 31, 2016",2016,OKC,4,85.0,extension,1,Signed a 4 year $85 million contract extension with Oklahoma City (OKC)
oladivi01,Victor Oladipo,13315,"Jul 07, 2013",2013,ORL,2,9.74,standard,1,Signed a 2 year $9.74 million contract with Orlando (ORL)
olynyke01,Kelly Olynyk,13326,"Mar 04, 2024",2024,TOR,2,26.25,extension,1,Signed a 2 year $26.25 million veteran contract extension with Toronto (TOR)
olynyke01,Kelly Olynyk,13326,"Aug 06, 2021",2021,DET,3,37.2,standard,1,Signed a 3 year $37.20 million contract with Detroit (DET)
olynyke01,Kelly Olynyk,13326,"Jul 07, 2017",2017,MIA,4,50.0,standard,1,Signed a 4 year $50 million contract with Miami (MIA)
olynyke01,Kelly Olynyk,13326,"Jul 08, 2013",2013,BOS,2,4.06,standard,1,Signed a 2 year $4.06 million contract with Boston (BOS)
omorueu01,Eugene Omoruyi,74300,"Mar 23, 2023",2023,DET,2,2.2,standard,1,Signed a 2 year $2.20 million Rest-of-Season contract with Detroit (DET) - includes 2023-24 Club Option
onealro01,Royce O'Neale,24240,"Jul 06, 2024",2024,PHX,4,42.0,standard,1,Signed a 4 year $42 million contract with Phoenix (PHX)
onealro01,Royce O'Neale,24240,"Jan 19, 2020",2020,UTH,4,36.0,extension,1,Signed a 4 year $36 million contract extension with Utah (UTH)
onealro01,Royce O'Neale,24240,"Jul 19, 2017",2017,UTH,3,3.8,standard,1,Signed a 3 year $3.8 million contract with Utah (UTH)
onimi01,Miye Oni,31617,"Jul 15, 2019",2019,UTH,3,4.2,standard,1,Signed a 3 year $4.2 million contract with Utah (UTH) - includes 2020 and 2021 non-guaranteed
oquinky01,Kyle O'Quinn,10874,"Jul 11, 2019",2019,PHI,1,2.03,standard,1,Signed a 1 year $2.03 million contract with Philadelphia (PHI)
oquinky01,Kyle O'Quinn,10874,"Jul 09, 2018",2018,IND,1,4.45,standard,1,Signed a 1 year $4.45 million contract with Indiana (IND)
oquinky01,Kyle O'Quinn,10874,"Jul 09, 2015",2015,ORL,4,16.0,standard,1,Signed a 4 year $16 million contract with Orlando (ORL) as a part of a Sign-and-Trade with New York (NYK)
oquinky01,Kyle O'Quinn,10874,"Aug 08, 2012",2012,ORL,3,2.49,standard,1,Signed a 3 year $2.49 million contract with Orlando (ORL)
osmande01,Cedi Osman,17859,"Oct 24, 2019",2019,CLE,4,31.12,extension,1,Signed a 4 year $31.12 million contract extension with Cleveland (CLE) - 2023 non-guaranteed
oubreke01,Kelly Oubre Jr.,17843,"Jul 07, 2026",2026,IND,2,16.5,standard,1,Signed a 2 year $16.5 million contract with Indiana (IND)
oubreke01,Kelly Oubre Jr.,17843,"Jul 07, 2024",2024,PHI,2,16.3,standard,1,Signed a 2 year $16.3 million contract with Philadelphia (PHI) - includes 2025-26 Player Option
oubreke01,Kelly Oubre Jr.,17843,"Aug 07, 2021",2021,CHA,2,25.0,standard,1,Signed a 2 year $25 million contract with Charlotte (CHA)
oubreke01,Kelly Oubre Jr.,17843,"Jul 16, 2019",2019,PHX,2,30.0,standard,1,Signed a 2 year $30 million contract with Phoenix (PHX)
oubreke01,Kelly Oubre Jr.,17843,"Jul 09, 2015",2015,WAS,2,3.93,standard,1,Signed a 2 year $3.93 million contract with Washington (WAS)
pachuza01,Zaza Pachulia,2203,"Jul 15, 2018",2018,DET,1,2.39,standard,1,Signed a 1 year $2.39 million contract with Detroit (DET)
pachuza01,Zaza Pachulia,2203,"Jul 07, 2017",2017,GSW,1,3.48,standard,1,Signed a 1 year $3.48 million contract with Golden State (GSW)
pachuza01,Zaza Pachulia,2203,"Jul 12, 2016",2016,GSW,1,2.898,standard,1,Signed a 1 year $2.898 million contract with Golden State (GSW)
pachuza01,Zaza Pachulia,2203,"Jul 17, 2013",2013,MIL,3,15.6,standard,1,Signed a 3 year $15.6 million contract with Milwaukee (MIL)
pachuza01,Zaza Pachulia,2203,"Jul 13, 2009",2009,ATL,4,19.0,standard,1,Signed a 4 year $19 million contract with Atlanta (ATL)
pachuza01,Zaza Pachulia,2203,"Aug 11, 2005",2005,ATL,4,16.0,standard,1,Signed a 4 year $16 million contract with Atlanta (ATL)
pachuza01,Zaza Pachulia,2203,"Jul 24, 2003",2003,ORL,2,0.987,standard,1,Signed a 2 year $987k contract with Orlando (ORL)
parkeja01,Jabari Parker,15354,"Apr 16, 2021",2021,BOS,2,2.7,standard,1,Signed a 2 year $2.7 million Rest-of-Season contract with Boston (BOS)
parkeja01,Jabari Parker,15354,"Jul 11, 2019",2019,ATL,2,13.0,standard,1,Signed a 2 year $13 million contract with Atlanta (ATL) - includes 2020 Player Option
parkeja01,Jabari Parker,15354,"Jul 14, 2018",2018,CHI,1,20.0,standard,1,Signed a 1 year $20 million contract with Chicago (CHI) - includes Year 2 Club Option
parkeja01,Jabari Parker,15354,"Jul 08, 2014",2014,MIL,2,10.08,standard,1,Signed a 2 year $10.08 million contract with Milwaukee (MIL)
parketo01,Tony Parker,2710,"Jul 22, 2018",2018,CHA,2,10.0,standard,1,Signed a 2 year $10 million contract with Charlotte (CHA)
parketo01,Tony Parker,2710,"Oct 30, 2008",2008,SAS,4,50.0,extension,1,Signed a 4 year $50 million veteran extension with San Antonio (SAS)
parketo01,Tony Parker,2710,"Nov 01, 2004",2004,SAS,6,66.0,rookie-scale,1,Signed a 6 year $66 million rookie scale extension with San Antonio (SAS)
parketo01,Tony Parker,2710,"Sep 21, 2001",2001,SAS,3,2.4,standard,1,Signed a 3 year $2.4 million contract with San Antonio (SAS)
parsoch01,Chandler Parsons,8090,"Jul 07, 2016",2016,MEM,4,94.5,maximum,1,Signed a 4 year $94.5 million maximum contract with Memphis (MEM)
parsoch01,Chandler Parsons,8090,"Jul 13, 2014",2014,DAL,3,46.1,standard,1,Signed a 3 year $46.1 million contract with Dallas (DAL)
parsoch01,Chandler Parsons,8090,"Dec 19, 2011",2011,HOU,4,3.7,standard,1,Signed a 4 year $3.7 million contract with Houston (HOU)
pascher01,Eric Paschall,31600,"Jul 08, 2019",2019,GSW,3,4.2,standard,1,Signed a 3 year $4.2 million contract with Golden State (GSW)
pattepa01,Patrick Patterson,6896,"Nov 27, 2020",2020,LAC,1,3.08,standard,1,Signed 1 year $3.08 million contract with Los Angeles (LAC)
pattepa01,Patrick Patterson,6896,"Aug 16, 2019",2019,LAC,1,2.3,standard,1,Signed a 1 year $2.3 million contract with Los Angeles (LAC)
pattepa01,Patrick Patterson,6896,"Jul 10, 2017",2017,OKC,3,16.36,standard,1,Signed a 3 year $16.36 million contract with Oklahoma City (OKC)
pattepa01,Patrick Patterson,6896,"Jul 12, 2014",2014,TOR,3,18.15,standard,1,Signed a 3 year $18.15 million contract with Toronto (TOR)
pattepa01,Patrick Patterson,6896,"Jul 13, 2010",2010,HOU,2,3.78,standard,1,Signed a 2 year $3.78 million contract with Houston (HOU)
paulbr01,Brandon Paul,20889,"Jul 25, 2016",2016,PHI,2,1.45,standard,1,Signed a 2 year $1.45 million contract with Philadelphia (PHI)
paulch01,Chris Paul,2609,"Jul 21, 2025",2025,LAC,1,3.63,standard,1,Signed a 1 year $3.63 million contract with LA Clippers (LAC)
paulch01,Chris Paul,2609,"Jul 07, 2024",2024,SAS,1,10.46,standard,1,Signed a 1 year $10.46 million contract with San Antonio (SAS)
paulch01,Chris Paul,2609,"Aug 06, 2021",2021,PHX,4,120.0,standard,1,Signed a 4 year $120 million contract with Phoenix (PHX)
paulch01,Chris Paul,2609,"Jul 08, 2018",2018,HOU,4,159.7,maximum,1,Signed a 4 year $159.7 million maximum contract with Houston (HOU)
paulch01,Chris Paul,2609,"Jul 10, 2013",2013,LAC,5,107.3,maximum,1,Signed a 5 year $107.3 million maximum extension with Los Angeles (LAC)
paynead01,Adreian Payne,15367,"Jul 23, 2014",2014,ATL,2,3.79,standard,1,Signed a 2 year $3.79 million contract with Atlanta (ATL)
payneca01,Cameron Payne,17842,"Jul 15, 2024",2024,NYK,1,3.0,standard,1,Signed a 1 year $3.0 million contract with New York (NYK)
payneca01,Cameron Payne,17842,"Oct 01, 2023",2023,MIL,1,2.89,standard,1,Signed a 1 year $2.89 million contract with Milwaukee (MIL)
payneca01,Cameron Payne,17842,"Aug 06, 2021",2021,PHX,3,19.0,standard,1,Signed 3 year $19 million contract with Phoenix (PHX)
payneca01,Cameron Payne,17842,"Jul 24, 2019",2019,TOR,2,3.7,standard,1,Signed a 2 year $3.7 million contract with Toronto (TOR)
payneca01,Cameron Payne,17842,"Jul 10, 2015",2015,OKC,2,4.13,standard,1,Signed a 2 year $4.13 million contract with Oklahoma City (OKC)
paytoel01,Elfrid Payton,15362,"Nov 20, 2024",2024,NOP,1,2.49,standard,1,Signed a 1 year $2.49 million Rest-of-Season contract with New Orleans (NOP)
paytoel01,Elfrid Payton,15362,"Nov 29, 2020",2020,NYK,1,4.767,standard,1,Signed a 1 year $4.767 million contract with New York (NYK)
paytoel01,Elfrid Payton,15362,"Jul 08, 2019",2019,NYK,2,16.0,standard,1,Signed a 2 year $16 million contract with New York (NYK) - includes 2020 $1 million guaranteed
paytoel01,Elfrid Payton,15362,"Jul 08, 2018",2018,NOP,1,3.0,standard,1,Signed a 1 year $3 million contract with New Orleans (NOP)
paytoel01,Elfrid Payton,15362,"Jul 02, 2014",2014,ORL,2,4.9,standard,1,Signed a 2 year $4.9 million contract with Orlando (ORL)
paytoga02,Gary Payton II,20272,"Aug 01, 2026",2026,GSW,1,3.88,standard,1,Signed a 1 year $3.88 million contract with Golden State (GSW)
paytoga02,Gary Payton II,20272,"Jul 06, 2022",2022,POR,3,26.15,standard,1,Signed a 3 year $26.15 million contract with Portland (POR) - includes 2024-25 Player Option
paytoga02,Gary Payton II,20272,"May 16, 2021",2021,GSW,2,1.99,standard,1,Signed a 2 year $1.99 million Rest-of-Season contract with Golden State (GSW)
paytoga02,Gary Payton II,20272,"Apr 02, 2017",2017,MIL,2,1.35,standard,1,Signed a 2 year $1.35 million contract with Milwaukee (MIL)
paytoga02,Gary Payton II,20272,"Sep 23, 2016",2016,HOU,2,2.5,standard,1,Signed a 2 year $2.5 million contract with Houston (HOU) - partially guaranteed
peavymi01,Micah Peavy,98645,,2025,NOP,4,8.685386,standard,1,current contract
pendano01,Noah Penda,98630,"Jul 04, 2025",2025,ORL,4,8.89,standard,1,Signed a 4 year $8.89 million contract with Orlando (ORL) via 2nd-round exception - includes 2028-29 Club Option
perkike01,Kendrick Perkins,2216,"Jul 28, 2015",2015,NOP,1,1.5,standard,1,Signed a 1 year $1.5 million contract with New Orleans (NOP)
perkike01,Kendrick Perkins,2216,"Feb 24, 2015",2015,CLE,1,0.435,standard,1,Signed a 1 year $435k contract with Cleveland (CLE)
perkike01,Kendrick Perkins,2216,"Mar 01, 2011",2011,OKC,4,34.0,extension,1,Signed a 4 year $34 million veteran extension with Oklahoma City (OKC)
perkike01,Kendrick Perkins,2216,"Sep 11, 2006",2006,BOS,4,17.95,rookie-scale,1,Signed a 4 year $17.95 million rookie scale extension with Boston (BOS)
perkike01,Kendrick Perkins,2216,"Jul 09, 2003",2003,BOS,3,2.62,standard,1,Signed a 3 year $2.62 million contract with Boston (BOS)
phillju01,Julian Phillips,84444,"Jul 12, 2023",2023,CHI,4,8.12,standard,1,Signed a 4 year $8.12 million contract with Chicago (CHI) - includes 2026-27 Club Option
pickeja02,Jalen Pickett,84465,"Jul 05, 2023",2023,DEN,4,8.23,standard,1,Signed a 4 year $8.23 million contract with Denver (DEN) - includes 2026-27 Club Option
piercpa01,Paul Pierce,2217,"Jul 10, 2015",2015,LAC,3,10.58,standard,1,Signed a 3 year $10.58 million contract with Los Angeles (LAC)
piercpa01,Paul Pierce,2217,"Jul 17, 2014",2014,WAS,2,10.85,standard,1,Signed a 2 year $10.85 million contract with Washington (WAS)
piercpa01,Paul Pierce,2217,"Jul 13, 2010",2010,BOS,4,61.0,standard,1,Signed a 4 year $61 million contract with Boston (BOS)
piercpa01,Paul Pierce,2217,"Jul 18, 2006",2006,BOS,3,59.0,extension,1,Signed 3 year $59 million verteran extension with Boston (BOS)
piercpa01,Paul Pierce,2217,"Aug 01, 2001",2001,BOS,6,79.0,rookie-scale,1,Signed a 6 year $79 million rookie scale extension with Boston (BOS)
piercpa01,Paul Pierce,2217,"Jan 21, 1999",1999,BOS,4,6.3,standard,1,Signed a 4 year $6.3 million contract with Boston (BOS)
pinsoth01,Theo Pinson,27827,"Jul 06, 2022",2022,DAL,1,1.97,standard,1,Signed a 1 year $1.97 million contract with Dallas (DAL)
pinsoth01,Theo Pinson,27827,"Jul 08, 2019",2019,BKN,1,1.44,standard,1,Signed a 1 year $1.44 million year contract with Brooklyn (BKN) - includes 2020 Club Option
pippesc02,Scotty Pippen Jr.,78256,"Oct 15, 2024",2024,MEM,4,9.6,two-way,1,Signed a 4 year $9.6 million contract with Memphis (MEM) via converted Two-Way contract - includes 2027-28 Club Option
plowdda01,Daeqwon Plowden,79950,"Jul 02, 2026",2026,SAC,2,5.11,standard,1,Signed a 2 year $5.11 million contract with Sacramento (SAC)
plumlma01,Mason Plumlee,13335,"Jul 13, 2025",2025,CHA,1,3.63,standard,1,Signed a 1 year $3.63 million contract with Charlotte (CHA)
plumlma01,Mason Plumlee,13335,"Jul 03, 2024",2024,PHX,1,3.3,standard,1,Signed a 1 year $3.3 million contract with Phoenix (PHX)
plumlma01,Mason Plumlee,13335,"Jul 06, 2023",2023,LAC,1,5.0,standard,1,Signed a 1 year $5 million contract with LA Clippers (LAC)
plumlma01,Mason Plumlee,13335,"Dec 01, 2020",2020,DET,3,24.66,standard,1,Signed a 3 year $24.66 million contract with Detroit (DET)
plumlma01,Mason Plumlee,13335,"Sep 20, 2017",2017,DEN,3,41.0,standard,1,Signed a 3 year $41 million contract with Denver (DEN)
plumlma01,Mason Plumlee,13335,"Jul 03, 2013",2013,BKN,2,2.66,standard,1,Signed a 2 year $2.66 million contract with Brooklyn (BKN)
plumlmi01,Miles Plumlee,10851,"Aug 02, 2016",2016,MIL,4,50.0,standard,1,Signed a 4 year $50 million contract with Milwaukee (MIL)
plumlmi01,Miles Plumlee,10851,"Jul 06, 2012",2012,IND,2,2.2,standard,1,Signed a 2 year $2.2 million entry-level contract with Indiana (IND)
podzibr01,Brandin Podziemski,84438,"Jul 03, 2023",2023,GSW,4,16.24,rookie-scale,1,Signed a 4 year $16.24 million rookie scale contract with Golden State (GSW)
poeltja01,Jakob Poeltl,20214,"Jul 07, 2025",2025,TOR,3,84.5,extension,1,Signed a 3 year $84.5 million veteran contract extension with Toronto (TOR)
poeltja01,Jakob Poeltl,20214,"Jul 06, 2023",2023,TOR,4,78.0,standard,1,Signed a 4 year $78 million contract with Toronto (TOR) - includes 2026-27 Player Option
poeltja01,Jakob Poeltl,20214,"Nov 24, 2020",2020,SAS,3,26.25,standard,1,Signed a 3 year $26.25 million contract with San Antonio (SAS)
poeltja01,Jakob Poeltl,20214,"Jul 09, 2016",2016,TOR,4,12.23,rookie-scale,1,Signed a 4 year $12.23 million rookie scale contract with Toronto (TOR)
pokusal01,Aleksej Pokusevski,70659,"Dec 01, 2020",2020,OKC,4,14.35,rookie-scale,1,Signed a 4 year $14.35 million rookie scale contract with Oklahoma City (OKC)
poolejo01,Jordan Poole,31587,"Oct 15, 2022",2022,GSW,4,128.0,extension,1,Signed a 4 year $128 million rookie contract extension with Golden State (GSW)
poolejo01,Jordan Poole,31587,"Jul 06, 2019",2019,GSW,4,10.09,rookie-scale,1,Signed a 4 year $10.09 million rookie scale contract with Golden State (GSW)
portecr01,Craig Porter Jr.,84768,,2023,CLE,4,8.019739,standard,1,current contract
porteke02,Kevin Porter Jr.,31589,"Jul 07, 2025",2025,MIL,2,10.52,standard,1,Signed a 2 year $10.52 million contract with Milwaukee (MIL) - includes 2026-27 Player Option
porteke02,Kevin Porter Jr.,31589,"Jul 10, 2024",2024,LAC,2,4.78,standard,1,Signed a 2 year $4.78 million contract with LA Clippers (LAC)
porteke02,Kevin Porter Jr.,31589,"Oct 17, 2022",2022,HOU,4,63.44,extension,1,Signed a 4 year $63.44 million rookie contract extension with Houston (HOU)
porteke02,Kevin Porter Jr.,31589,"Jul 03, 2019",2019,CLE,4,8.01,rookie-scale,1,Signed a 4 year $8.01 million rookie scale contract with Cleveland (CLE)
portemi01,Michael Porter Jr.,26980,"Sep 29, 2021",2021,DEN,5,172.55,maximum,1,Signed a 5 year $172.55 million maximum rookie scale contract extension with Denver (DEN)
portemi01,Michael Porter Jr.,26980,"Jul 03, 2018",2018,DEN,4,15.09,rookie-scale,1,Signed a 4 year $15.09 million rookie scale contract with Denver (DEN)
porteot01,Otto Porter Jr.,13316,"Jul 06, 2022",2022,TOR,2,12.3,standard,1,Signed a 2 year $12.3 million contract with Toronto (TOR) - includes 2023-24 Player Option
porteot01,Otto Porter Jr.,13316,"Aug 06, 2021",2021,GSW,1,2.39,standard,1,Signed a 1 year $2.39 million contract with Golden State (GSW)
porteot01,Otto Porter Jr.,13316,"Jul 19, 2017",2017,WAS,4,106.5,standard,1,Signed a 4 year $106.5 million with Washington (WAS); Washington (WAS) can matched Brooklyn (BKN) Offer Sheet
porteot01,Otto Porter Jr.,13316,"Jul 08, 2013",2013,WAS,2,8.75,standard,1,Signed a 2 year $8.75 million contract with Washington (WAS)
portibo01,Bobby Portis,17850,"Jul 06, 2025",2025,MIL,3,43.56,standard,1,Signed a 3 year $43.56 million contract with Milwaukee (MIL) - includes 2027-28 Player Option
portibo01,Bobby Portis,17850,"Jul 06, 2022",2022,MIL,4,48.58,standard,1,Signed a 4 year $48.58 million contract with Milwaukee (MIL) - includes 2025-26 Player Option
portibo01,Bobby Portis,17850,"Aug 06, 2021",2021,MIL,2,8.91,standard,1,Signed a 2 year $8.91 million contract with Milwaukee (MIL)
portibo01,Bobby Portis,17850,"Nov 21, 2020",2020,MIL,2,7.4,standard,1,Signed a 2 year $7.4 million year contract with Milwaukee (MIL)
portibo01,Bobby Portis,17850,"Jul 08, 2019",2019,NYK,1,15.0,standard,1,Signed a 1 year $15 million contract with New York (NYK) - includes 2020 Club Option
portibo01,Bobby Portis,17850,"Jul 07, 2015",2015,CHI,2,2.84,standard,1,Signed a 2 year $2.84 million contract with Chicago (CHI)
porzikr01,Kristaps Porziņģis,17832,"Jun 30, 2026",2026,GSW,2,40.0,extension,1,Signed a 2 year $40 million contract extension with Golden State (GSW) - includes 2027-28 Player Option
porzikr01,Kristaps Porziņģis,17832,"Jul 12, 2023",2023,BOS,2,60.0,extension,1,Signed a 2 year $60 million veteran contract extension with Boston (BOS)
porzikr01,Kristaps Porziņģis,17832,"Jul 12, 2019",2019,DAL,5,158.25,maximum,1,Signed a 5 year $158.25 million maximum contract with Dallas (DAL) - includes 2023 Player Option
porzikr01,Kristaps Porziņģis,17832,"Jul 30, 2015",2015,NYK,2,8.45,standard,1,Signed a 2 year $8.45 million contract with New York (NYK)
postqu01,Quinten Post,93959,"Jul 08, 2026",2026,MEM,3,30.0,standard,1,Signed a 3 year $30 million contract with Memphis (MEM) via Offer Sheet; Golden State (GSW) has the right to match.
pottemi01,Micah Potter,74418,"Dec 26, 2025",2025,IND,2,4.33,standard,1,Signed a 2 year $4.33 million Rest-of-Season contract with Indiana (IND) - includes 2026-27 Club Option
poweldr01,Drake Powell,98620,"Jul 08, 2025",2025,BKN,4,16.72,rookie-scale,1,Signed a 4 year $16.72 million Rookie Scale contract with Brooklyn (BKN)
poweldw01,Dwight Powell,15397,"Jul 09, 2023",2023,DAL,3,12.0,standard,1,Signed a 3 year $12 million contract with Dallas (DAL) - includes 2025-26 Player Option
poweldw01,Dwight Powell,15397,"Jul 06, 2019",2019,DAL,3,33.0,extension,1,Signed a 3 year $33 million contract extension with Dallas (DAL)
poweldw01,Dwight Powell,15397,"Aug 23, 2014",2014,CLE,2,1.35,standard,1,Signed a 2 year $1.35 million contract with Cleveland (CLE)
powelno01,Norman Powell,17874,"Jul 10, 2026",2026,CHI,2,44.08,standard,1,Signed a 2 year $44.08 million contract with Chicago (CHI) - includes 2027-28 Team Option
powelno01,Norman Powell,17874,"Aug 06, 2021",2021,POR,5,90.0,standard,1,Signed a 5 year $90 million contract with Portland (POR)
powelno01,Norman Powell,17874,"Oct 08, 2017",2017,TOR,,42.0,extension,1,Signed to a 4 year $42 million contract extension with Toronto (TOR)
powelno01,Norman Powell,17874,"Jul 15, 2015",2015,TOR,3,2.54,standard,1,Signed a 3 year $2.54 million contract with Toronto (TOR)
poythal01,Alex Poythress,20970,"Dec 28, 2017",2017,IND,2,2.3,standard,1,Signed a 2 year $2.3 million contract with Indiana (IND)
poythal01,Alex Poythress,20970,"Apr 02, 2017",2017,PHI,1,0.031,standard,1,Signed a 1 year $31k contract with Philadelphia (PHI)
pricero01,Ronnie Price,2756,"Feb 24, 2017",2017,PHX,1,0.438,standard,1,Signed a 1 year $438k contract with Phoenix (PHX)
pricero01,Ronnie Price,2756,"Aug 13, 2016",2016,OKC,2,5.0,standard,1,Signed a 2 year $5 million contract with Oklahoma City (OKC)
pricero01,Ronnie Price,2756,"Jul 17, 2015",2015,PHX,1,1.5,standard,1,Signed a 1 year $1.5 million contract with Phoenix (PHX)
pricero01,Ronnie Price,2756,"Sep 24, 2014",2014,LAL,1,1.32,standard,1,Signed a 1 year $1.32 million contract with Los Angeles (LAL)
pricero01,Ronnie Price,2756,"Jul 25, 2013",2013,ORL,2,2.58,standard,1,Signed a 2 year $2.58 million contract with Orlando (ORL)
pricero01,Ronnie Price,2756,"Jul 18, 2012",2012,POR,2,2.4,standard,1,Signed a 2 year $2.4 million contract with Portland (POR)
pricero01,Ronnie Price,2756,"Dec 13, 2011",2011,PHX,1,1.069509,standard,1,"Signed a 1 year $1,069,509 contract with Phoenix (PHX)"
pricero01,Ronnie Price,2756,"Jun 14, 2009",2009,UTH,2,2.63,standard,1,Signed a 2 year $2.63 million contract with Utah (UTH)
pricero01,Ronnie Price,2756,"Jul 26, 2007",2007,UTH,2,2.288,standard,1,Signed a 2 year $2.288 million contract with Utah (UTH)
pricero01,Ronnie Price,2756,"Aug 02, 2005",2005,SAC,2,1.06,standard,1,Signed a 2 year $1.06 million contract with Sacramento (SAC)
prigipa01,Pablo Prigioni,10998,"Jul 29, 2016",2016,HOU,2,2.23,standard,1,Signed 2 year $2.23 million contract with Houston (HOU)
prigipa01,Pablo Prigioni,10998,"Aug 04, 2015",2015,LAC,1,0.981,standard,1,Signed a 1 year $981k contract with Los Angeles (LAC)
prigipa01,Pablo Prigioni,10998,"Jul 10, 2013",2013,NYK,3,5.0,standard,1,Signed a 3 year $5 million contract with New York (NYK)
prigipa01,Pablo Prigioni,10998,"Jul 11, 2012",2012,NYK,1,0.473604,standard,1,"Signed a 1 year $473,604 contract with New York (NYK)"
primojo01,Joshua Primo,74119,"Nov 15, 2023",2023,LAC,2,3.96,two-way,1,Signed a 2 year $3.96 million Rest-of-Season contract with Los Angeles (LAC) - converted Two-way
primojo01,Joshua Primo,74119,"Aug 11, 2021",2021,SAS,4,18.42,rookie-scale,1,Signed a 4 year $18.42 million rookie scale contract with San Antonio (SAS)
princta01,Tayshaun Prince,2307,"Aug 20, 2015",2015,MIN,1,1.5,standard,1,Signed a 1 year $1.5 million contract with Minnesota (MIN)
princta01,Tayshaun Prince,2307,"Dec 09, 2011",2011,DET,4,28.0,standard,1,Signed a 4 year $28 million contract with Detroit (DET)
princta01,Tayshaun Prince,2307,"Oct 31, 2005",2005,DET,5,47.5,rookie-scale,1,Signed a 5 year $47.5 million rookie scale extension with Detroit (DET)
princta01,Tayshaun Prince,2307,"Jul 02, 2002",2002,DET,3,2.9,standard,1,Signed a 3 year $2.9 million contract with Detroit (DET)
princta02,Taurean Prince,20217,"Jul 08, 2025",2025,MIL,2,7.12,standard,1,Signed a 2 year $7.12 million contract with Milwaukee (MIL) - includes 2026-27 Player Option
princta02,Taurean Prince,20217,"Jul 09, 2024",2024,MIL,1,2.99,standard,1,Signed a 1 year $2.99 million contract with Milwaukee (MIL)
princta02,Taurean Prince,20217,"Jul 06, 2023",2023,LAL,1,4.5,standard,1,Signed a 1 year $4.5 million contract with Los Angeles (LAL)
princta02,Taurean Prince,20217,"Jun 30, 2022",2022,MIN,2,14.56,extension,1,Signed a 2 year $14.56 million contract extension with Minnesota (MIN)
princta02,Taurean Prince,20217,"Oct 21, 2019",2019,BKN,2,25.25,extension,1,Signed a 2 year $25.25 million rookie contract extension with Brooklyn (BKN)
princta02,Taurean Prince,20217,"Jul 15, 2016",2016,ATL,4,10.75,rookie-scale,1,Signed a 4 year $10.75 million rookie scale contract with Atlanta (ATL)
pritcpa01,Payton Pritchard,70668,"Oct 10, 2023",2023,BOS,4,30.0,extension,1,Signed a 4 year $30 million rookie contract extension with Boston (BOS)
pritcpa01,Payton Pritchard,70668,"Nov 24, 2020",2020,BOS,4,10.45,rookie-scale,1,Signed a 4 year $10.45 million rookie scale contract with Boston (BOS)
proctty01,Tyrese Proctor,98636,"Jul 01, 2025",2025,CLE,4,8.69,standard,1,Signed a 4 year $8.69 million contract with Cleveland (CLE) via 2nd-round exception - includes 2028-29 Club Option
prospol01,Olivier-Maxence Prosper,84439,"Mar 04, 2026",2026,MEM,2,3.03,two-way,1,Signed a 2 year $3.03 million Rest-of-Season contract with Memphis (MEM) via converted Two-Way contract - includes 2026-27 Club Option
prospol01,Olivier-Maxence Prosper,84439,"Jul 16, 2023",2023,DAL,4,13.87,rookie-scale,1,Signed a 4 year $13.87 million rookie scale contract with Dallas (DAL)
queende01,Derik Queen,98607,"Jul 05, 2025",2025,NOP,4,24.36,rookie-scale,1,Signed a 4 year $24.36 million Rookie Scale contract with New Orleans (NOP)
queentr01,Trevelin Queen,70720,"Jul 01, 2022",2022,PHI,2,3.57,standard,1,Signed a 2 year $3.57 million contract with Philadelphia (PHI)
quetane01,Neemias Queta,74146,"Jul 06, 2026",2026,BOS,4,56.0,extension,1,Signed a 4 year $56 million a contract extension with Boston (BOS)
quetane01,Neemias Queta,74146,"Jul 06, 2024",2024,BOS,3,7.18,standard,1,Signed a 3 year $7.18 million contract with Boston (BOS)
quetane01,Neemias Queta,74146,"Aug 08, 2023",2023,SAC,2,4.22,standard,1,Signed a 2 year $4.22 million contract with Sacramento (SAC) - includes $250k guaranteed
quickim01,Immanuel Quickley,70667,"Jul 08, 2024",2024,TOR,5,175.0,standard,1,Signed a 5 year $175 million contract with Toronto (TOR)
quickim01,Immanuel Quickley,70667,"Nov 28, 2020",2020,NYK,4,10.8,rookie-scale,1,Signed a 4 year $10.80 million rookie scale contract with New York (NYK)
rabbiv01,Ivan Rabb,23630,"Sep 21, 2017",2017,MEM,3,3.95,standard,1,Signed a 3 year $3.95 million contract with Memphis (MEM)
randlch01,Chasson Randle,20940,"Dec 18, 2018",2018,WAS,1,0.869,standard,1,Signed a 1 year $869k contract with Washington (WAS)
randlch01,Chasson Randle,20940,"Oct 30, 2018",2018,WAS,1,1.24,standard,1,Signed a 1 year $1.24 million contract with Washington (WAS)
randlch01,Chasson Randle,20940,"Feb 27, 2017",2017,NYK,2,1.46,standard,1,Signed a 2 year $1.46 million contract with New York (NYK)
randlch01,Chasson Randle,20940,"Jan 30, 2017",2017,PHI,3,3.09,standard,1,Signed a 3 year $3.09 million contract with Philadelphia (PHI)
randlch01,Chasson Randle,20940,"Aug 04, 2016",2016,NYK,1,0.543,standard,1,Signed a 1 year $543k contract with New York (NYK)
randlju01,Julius Randle,15359,"Jul 15, 2025",2025,MIN,3,100.0,standard,1,Signed a 3 year $100 million contract with Minnesota (MIN) - includes 2027-28 Player Option
randlju01,Julius Randle,15359,"Aug 26, 2021",2021,NYK,4,117.09,extension,1,Signed a 4 year $117.09 million contract extension with New York (NYK) - includes 2025 Player Option
randlju01,Julius Randle,15359,"Jul 08, 2019",2019,NYK,3,62.1,standard,1,Signed a 3 year $62.1 million contract with New York (NYK) - includes 2021 $4 million guaranteed
randlju01,Julius Randle,15359,"Jul 09, 2018",2018,NOP,2,17.7,standard,1,Signed a 2 year $17.7 million contract with New Orleans (NOP)
randlju01,Julius Randle,15359,"Jul 13, 2014",2014,LAL,2,6.13,standard,1,Signed a 2 year $6.13 million contract with Los Angeles (LAL)
randoza01,Zach Randolph,2626,"Jul 10, 2017",2017,SAC,2,24.0,standard,1,Signed a 2 year $24 million contract with Sacramento (SAC)
randoza01,Zach Randolph,2626,"Jun 30, 2014",2014,MEM,2,20.0,extension,1,Signed a 2 year $20 million extension with Memphis (MEM)
randoza01,Zach Randolph,2626,"Apr 17, 2011",2011,MEM,4,66.0,extension,1,Signed a 4 year $66 million veteran extension with Memphis (MEM)
randoza01,Zach Randolph,2626,"Nov 01, 2004",2004,POR,6,84.3,rookie-scale,1,Signed a 6 year $84.3 million rookie scale extension with Portland (POR)
randoza01,Zach Randolph,2626,"Aug 21, 2001",2001,POR,3,3.29,standard,1,Signed a 3 year $3.29 million contract with Portland (POR)
raynama01,Maxime Raynaud,98635,,2025,SAC,3,5.949689,standard,1,current contract
reaveau01,Austin Reaves,74218,"Jul 12, 2026",2026,LAL,4,184.76,maximum,1,Signed a 4 year $184.76 million maximum contract with Los Angeles (LAL) - includes 2029-30 Player Option
reaveau01,Austin Reaves,74218,"Jul 06, 2023",2023,LAL,4,53.83,standard,1,Signed a 4 year $53.83 million contract with Los Angeles (LAL) - includes 2026-27 Player Option
reaveau01,Austin Reaves,74218,"Sep 27, 2021",2021,LAL,2,2.49,standard,1,Signed a 2 year $2.49 million contract with Los Angeles (LAL)
reddica01,Cam Reddish,31567,"Jul 06, 2023",2023,LAL,2,4.63,standard,1,Signed a 2 year $4.63 million contract with Los Angeles (LAL)
reddica01,Cam Reddish,31567,"Jul 01, 2019",2019,ATL,4,19.33,rookie-scale,1,Signed a 4 year $19.33 million rookie scale contract with Atlanta (ATL)
redicjj01,JJ Redick,2643,"Jul 15, 2019",2019,NOP,2,26.5,standard,1,Signed a 2 year $26.5 million contract with New Orleans (NOP)
redicjj01,JJ Redick,2643,"Jul 06, 2018",2018,PHI,1,12.25,standard,1,Signed a 1 year $12.25 million contract with Philadelphia (PHI)
redicjj01,JJ Redick,2643,"Jul 09, 2017",2017,PHI,1,23.0,standard,1,Signed a 1 year $23 million contract with Philadelphia (PHI)
redicjj01,JJ Redick,2643,"Jul 10, 2013",2013,MIL,4,27.755,standard,1,Signed a 4 year $27.755 million contract with Milwaukee (MIL) as part of a sign-and-trade with Los Angeles (LAC)
redicjj01,JJ Redick,2643,"Jul 16, 2010",2010,ORL,3,19.69,standard,1,Signed a 3 year $19.69 million contract with Orlando (ORL)
redicjj01,JJ Redick,2643,"Jul 07, 2006",2006,ORL,2,3.86,standard,1,Signed a 2 year $3.86 million contract with Orlando (ORL)
reedda01,Davon Reed,23627,"Jul 09, 2022",2022,DEN,2,3.97,standard,1,Signed a 2 year $3.97 million contract with Denver (DEN)
reedda01,Davon Reed,23627,"Jul 06, 2017",2017,PHX,4,5.57,standard,1,Signed a 4 year $5.57 million contract with Phoenix (PHX)
reedpa01,Paul Reed,70700,"Jul 07, 2025",2025,DET,2,10.94,standard,1,Signed a 2 year $10.94 million contract with Detroit (DET)
reedpa01,Paul Reed,70700,"Jul 13, 2023",2023,PHI,3,23.56,standard,1,Signed a 3 year $23.56 million contract with Philadelphia (PHI) matching the Utah (UTA) offer sheet
reedpa01,Paul Reed,70700,"Jul 08, 2023",2023,UTA,3,23.0,standard,1,Signed a 3 year $23 million Offer Sheet contract with Utah (UTA); Philadelphia (PHI) has right to match
reedwi02,Willie Reed,11665,"Aug 03, 2017",2017,LAC,1,1.58,standard,1,Signed a 1 year $1.58 million contract with Los Angeles (LAC)
reedwi02,Willie Reed,11665,"Jul 13, 2016",2016,MIA,2,2.1,standard,1,Signed a 2 year $2.1 million contract with Miami (MIA)
reedwi02,Willie Reed,11665,"Jul 09, 2015",2015,BKN,1,0.947,standard,1,Signed a 1 year $947k contract with Brooklyn (BKN)
reedwi02,Willie Reed,11665,"Sep 25, 2014",2014,BKN,1,0.915,standard,1,Signed a 1 year $915k contract with Brooklyn (BKN) - camp invite
reedwi02,Willie Reed,11665,"Mar 26, 2014",2014,SAC,1,0.102,standard,1,Signed a 1 year $102k contract with Sacramento (SAC)
reevean01,Antonio Reeves,93956,"Jul 22, 2024",2024,NOP,3,5.4,standard,1,Signed a 3 year $5.4 million contract with New Orleans (NOP) via 2nd-round exception
reidna01,Naz Reid,32045,"Jul 14, 2025",2025,MIN,5,125.0,standard,1,Signed a 5 year $125 million contract with Minnesota (MIN) - includes 2029-30 Player Option
reidna01,Naz Reid,32045,"Jun 28, 2023",2023,MIN,3,42.0,extension,1,Signed a 3 year $42 million veteran contract extension with Minnesota (MIN) - includes 2025-26 Player Option
reidna01,Naz Reid,32045,"Jul 18, 2019",2019,MIN,4,6.12,two-way,1,"Signed a 4 year $6.12 million contract with Minnesota (MIN) - converted Two-Way contract, includes 2022 Club Option"
richaja02,Jase Richardson,98604,"Jul 03, 2025",2025,ORL,4,15.31,rookie-scale,1,Signed a 4 year $15.31 million Rookie Scale contract with Orlando (ORL)
richajo01,Josh Richardson,17868,"Jul 02, 2023",2023,MIA,2,5.94,standard,1,Signed a 2 year $5.94 million contract with Miami (MIA) - includes 2024-25 Player Option
richajo01,Josh Richardson,17868,"Aug 23, 2021",2021,BOS,1,12.2,extension,1,Signed a 1 year $12.20 million contract extension with Boston (BOS)
richajo01,Josh Richardson,17868,"Sep 18, 2017",2017,MIA,4,42.0,extension,1,Signed a 4 year $42 million contract extension with Miami (MIA)
richajo01,Josh Richardson,17868,"Jul 28, 2015",2015,MIA,3,2.4,standard,1,Signed a 3 year $2.4 million contract with Miami (MIA)
richama01,Malachi Richardson,20227,"Jul 12, 2016",2016,SAC,4,7.1,rookie-scale,1,Signed a 4year $7.10 million rookie scale contract with Sacramento (SAC)
richani01,Nick Richards,70684,"Mar 22, 2023",2023,CHA,3,15.0,extension,1,Signed a 3 year $15 million contract extension with Charlotte (CHA) - includes 2025-26 non-guaranteed
richani01,Nick Richards,70684,"Nov 30, 2020",2020,CHA,3,4.3,standard,1,Signed a 3 year $4.3 million contract with Charlotte (CHA)
richawi02,Will Richard,99269,,2025,GSW,4,8.685386,standard,1,current contract
rileywi01,Will Riley,98622,"Jul 06, 2025",2025,WAS,4,17.22,rookie-scale,1,Signed a 4 year $17.22 million Rookie Scale contract with Washington (WAS)
risacza01,Zaccharie Risacher,91733,"Jul 06, 2024",2024,ATL,4,57.03,rookie-scale,1,Signed a 4 year $57.03 million rookie scale contract with Atlanta (ATL)
riverau01,Austin Rivers,10818,"Jul 21, 2022",2022,MIN,1,2.91,standard,1,Signed a 1 year $2.91 million contract with Minnesota (MIN)
riverau01,Austin Rivers,10818,"Aug 31, 2021",2021,DEN,1,2.4,standard,1,Signed a 1 year $2.4 million contract with Denver (DEN)
riverau01,Austin Rivers,10818,"Nov 27, 2020",2020,NYK,3,9.975,standard,1,Signed a 3 year $9.975 million contract with New York (NYK)
riverau01,Austin Rivers,10818,"Jul 17, 2019",2019,HOU,2,4.54,standard,1,Signed a 2 year $4.54 million contract with Houston (HOU) - includes 2020 Player Option
riverau01,Austin Rivers,10818,"Dec 24, 2018",2018,HOU,1,1.16,standard,1,Signed a 1 year $1.16 million contract with Houston (HOU)
riverau01,Austin Rivers,10818,"Jul 08, 2016",2016,LAC,3,35.5,standard,1,Signed a 3 year $35.5 million contract with Los Angeles (LAC)
riverau01,Austin Rivers,10818,"Jul 13, 2015",2015,LAC,2,6.5,standard,1,Signed a 2 year $6.5 million contract with Los Angeles (LAC)
riverau01,Austin Rivers,10818,"Jul 24, 2012",2012,NOH,2,4.58,standard,1,Signed a 2 year $4.58 million contract with New Orleans (NOH)
roberan03,Andre Roberson,13339,"Jul 14, 2017",2017,OKC,3,30.0,standard,1,Signed a 3 year $30 million contract with Oklahoma City (OKC)
roberan03,Andre Roberson,13339,"Jul 08, 2013",2013,GSW,2,1.9,standard,1,Signed a 2 year $1.9 million contract with Golden State (GSW)
roberbr01,Brian Roberts,11160,"Jul 07, 2016",2016,CHA,1,1.1,standard,1,Signed a 1 year $1.1 million contract with Charlotte (CHA)
roberbr01,Brian Roberts,11160,"Jul 23, 2014",2014,CHA,2,5.59,standard,1,Signed a 2 year $5.59 million contract with Charlotte (CHA)
roberbr01,Brian Roberts,11160,"Aug 16, 2012",2012,NOH,2,1.26,standard,1,Signed a 2 year $1.26 million contract with New Orleans (NOH)
robindu01,Duncan Robinson,27658,"Jul 07, 2025",2025,MIA,3,45.0,standard,1,Signed a 3 year $45 million contract with Miami (MIA) as part of a Sign-and-Trade with Detroit (DET)
robindu01,Duncan Robinson,27658,"Aug 06, 2021",2021,MIA,5,90.0,standard,1,Signed a 5 year $90 million contract with Miami (MIA) - includes 2025-26 Early Termination Option
robingl02,Glenn Robinson III,15392,"Nov 30, 2020",2020,SAC,1,2.03,standard,1,Signed a 1 year $2.03 million contract with Sacramento (SAC) - partially guaranteed
robingl02,Glenn Robinson III,15392,"Jul 09, 2019",2019,GSW,1,1.88,standard,1,Signed a 1 year $1.88 million contract with Golden State (GSW)
robingl02,Glenn Robinson III,15392,"Jul 07, 2018",2018,DET,1,4.08,standard,1,Signed a 1 year $4.08 million contract with Detroit (DET); includes 2nd year Club Option
robingl02,Glenn Robinson III,15392,"Jul 27, 2015",2015,IND,3,3.2,standard,1,Signed a 3 year $3.2 million contract with Indiana (IND)
robingl02,Glenn Robinson III,15392,"Sep 16, 2014",2014,MIN,1,0.507,standard,1,Signed a 1 year $507k contract with Minnesota (MIN) - partially guaranteed
robinje01,Jerome Robinson,26979,"Jul 04, 2018",2018,LAC,4,15.69,rookie-scale,1,Signed a 4 year $15.69 million rookie scale contract with Los Angeles (LAC)
robinje02,Jeremiah Robinson-Earl,74139,"Nov 21, 2025",2025,IND,2,4.82,standard,1,Signed a 2 year $4.82 million Rest-of-Season contract with Indiana (IND) - includes 2026-27 Club Option
robinje02,Jeremiah Robinson-Earl,74139,"Aug 10, 2021",2021,OKC,4,7.89,standard,1,Signed a 4 year $7.89 million contract with Oklahoma City (OKC)
robinmi01,Mitchell Robinson,27002,"Jul 06, 2026",2026,BOS,3,47.4,standard,1,Signed a 3 year $47.4 million contract with Boston (BOS) - includes 2028-29 Player Option
robinmi01,Mitchell Robinson,27002,"Jul 12, 2022",2022,NYK,4,60.0,standard,1,Signed a 4 year $60 million contract with New York (NYK)
robinmi01,Mitchell Robinson,27002,"Jul 08, 2018",2018,NYK,3,4.7,standard,1,Signed a 3 year $4.7 million contract with New York (NYK); includes 4th year Club Option
robinor01,Orlando Robinson,78309,"Aug 09, 2024",2024,SAC,1,2.09,standard,1,Signed a 1 year $2.09 million contract with Sacramento (SAC)
robinor01,Orlando Robinson,78309,"Jul 01, 2023",2023,MIA,2,3.92,standard,1,Signed a 2 year $3.92 million contract with Miami (MIA)
robinth01,Thomas Robinson,10813,"Aug 30, 2018",2018,ATL,1,1.76,standard,1,Signed a 1 year $1.76 million contract with Atlanta (ATL)
robinth01,Thomas Robinson,10813,"Sep 21, 2016",2016,LAL,1,1.05,standard,1,Signed a 1 year $1.05 million contract with Los Angeles (LAL)
robinth01,Thomas Robinson,10813,"Jul 02, 2015",2015,BKN,2,2.03,standard,1,Signed a 2 year $2.03 million contract with Brooklyn (BKN)
robinth01,Thomas Robinson,10813,"Jul 10, 2012",2012,SAC,2,6.9,standard,1,Signed a 2 year $6.9 million contract with Sacramento (SAC)
robyis01,Isaiah Roby,31604,"Apr 09, 2023",2023,NYK,2,2.47,standard,1,Signed a 2 year $2.47 million Rest-of-Season contract with New York (NYK) - includes 2023-24 non-guaranteed
robyis01,Isaiah Roby,31604,"Aug 06, 2019",2019,DAL,3,4.8,standard,1,Signed a 3 year $4.8 million contract with Dallas (DAL) - includes 2022 Club Option
roddyda01,David Roddy,78149,"Jul 02, 2022",2022,MEM,4,12.99,standard,1,Signed a 4 year $12.99 million contract with Memphis (MEM)
rodrise01,Sergio Rodríguez,2682,"Jul 12, 2016",2016,PHI,1,8.0,standard,1,Signed a 1 year $8 million contract with Philadelphia (PHI)
rolliry01,Ryan Rollins,78155,"Jul 09, 2025",2025,MIL,3,12.0,standard,1,Signed a 3 year $12 million contract with Milwaukee (MIL) - includes 2027-28 Player Option
rolliry01,Ryan Rollins,78155,"Jul 28, 2022",2022,GSW,3,4.76,standard,1,Signed a 3 year $4.76 million contract with Golden State (GSW)
rondora01,Rajon Rondo,2222,"Aug 31, 2021",2021,LAL,1,2.64,standard,1,Signed a 1 year $2.64 million contract with Los Angeles (LAL)
rondora01,Rajon Rondo,2222,"Nov 23, 2020",2020,ATL,2,15.0,standard,1,Signed a 2 year $15 million contract with Atlanta (ATL)
rondora01,Rajon Rondo,2222,"Jul 08, 2019",2019,LAL,2,5.18,standard,1,Signed a 2 year $5.18 million contract with Los Angeles (LAL) - includes 2020 Player Option
rondora01,Rajon Rondo,2222,"Jul 06, 2018",2018,LAL,1,9.0,standard,1,Signed a 1 year $9 million contract with Los Angeles (LAL)
rondora01,Rajon Rondo,2222,"Jul 19, 2017",2017,NOP,1,3.3,standard,1,Signed a 1 year $3.3 million contract with New Orleans (NOP)
rondora01,Rajon Rondo,2222,"Jul 03, 2016",2016,CHI,2,27.4,standard,1,Signed a 2 year $27.4million contract with Chicago (CHI)
rondora01,Rajon Rondo,2222,"Jul 14, 2015",2015,SAC,1,9.5,standard,1,Signed a 1 year $9.5 million contract with Sacramento (SAC)
rondora01,Rajon Rondo,2222,"Nov 02, 2009",2009,BOS,5,55.0,rookie-scale,1,Signed a 5 year $55 million rookie scale extension with Boston (BOS)
rondora01,Rajon Rondo,2222,"Jul 03, 2006",2006,BOS,2,2.37,standard,1,Signed a 2 year $2.37 million contract with Boston (BOS)
rosede01,Derrick Rose,6095,"Jul 03, 2023",2023,MEM,2,6.55,standard,1,Signed a 2 year $6.55 million contract with Memphis (MEM)
rosede01,Derrick Rose,6095,"Aug 17, 2021",2021,NYK,3,43.56,standard,1,Signed a 3 year $43.56 million contract with New York (NYK) - includes 2023 Club Option
rosede01,Derrick Rose,6095,"Jul 06, 2019",2019,DET,2,15.0,standard,1,Signed a 2 year $15 million contract with Detroit (DET)
rosede01,Derrick Rose,6095,"Jul 04, 2018",2018,MIN,1,2.4,standard,1,Signed a 1 year $2.4 million contract with Minnesota (MIN)
rosede01,Derrick Rose,6095,"Jul 25, 2017",2017,CLE,1,2.1,standard,1,Signed a 1 year $2.1 million contract with Cleveland (CLE)
rosede01,Derrick Rose,6095,"Dec 21, 2011",2011,CHI,5,94.3,rookie-scale,1,Signed a 5 year $94.3 million rookie scale extension with Chicago (CHI)
rosede01,Derrick Rose,6095,"Jul 01, 2008",2008,CHI,2,10.0,standard,1,Signed a 2 year $10 million contract with Chicago (CHI)
rosste01,Terrence Ross,10816,"Jul 06, 2019",2019,ORL,4,54.0,standard,1,Signed a 4 year $54 million contract with Orlando (ORL)
rosste01,Terrence Ross,10816,"Nov 02, 2015",2015,TOR,3,31.5,extension,1,Signed a 3 year $31.5 million contract extension with Toronto (TOR)
rosste01,Terrence Ross,10816,"Jul 10, 2012",2012,TOR,2,5.24,standard,1,Signed a 2 year $5.24 entry-level contract with Toronto (TOR)
roziete01,Terry Rozier,17844,"Aug 24, 2021",2021,CHA,4,96.26,extension,1,Signed a 4 year $96.26 million contract extension with Charlotte (CHA)
roziete01,Terry Rozier,17844,"Jul 06, 2019",2019,CHA,3,56.7,standard,1,Signed a 3 year $56.7 million contract with Charlotte (CHA) - Boston (BOS) has right to match
roziete01,Terry Rozier,17844,"Jul 27, 2015",2015,BOS,2,3.73,standard,1,Signed a 2 year $3.73 million contract with Boston (BOS)
rubiori01,Ricky Rubio,6305,"Jul 07, 2022",2022,CLE,3,18.44,standard,1,Signed a 3 year $18.44 million contract with Cleveland (CLE)
rubiori01,Ricky Rubio,6305,"Jul 08, 2019",2019,PHX,3,51.0,standard,1,Signed a 3 year $51 million contract with Phoenix (PHX)
rubiori01,Ricky Rubio,6305,"Oct 31, 2014",2014,MIN,4,55.0,extension,1,Signed a 4 year $55 million rookie extension with Minnesota (MIN)
rubiori01,Ricky Rubio,6305,"May 30, 2011",2011,MIN,2,7.0,standard,1,Signed a 2 year $7 million contract with Minnesota (MIN)
rudezda01,Damjan Rudež,15567,"Jul 11, 2014",2014,IND,2,2.25,standard,1,Signed a 2 year $2.25 million contract with Indiana (IND) - includes Club Option
ruperra01,Rayan Rupert,82212,"Jul 04, 2023",2023,POR,3,5.23,standard,1,Signed a 3 year $5.23 million contract with Portland (POR) - includes 2025-26 Club Option
rushbr01,Brandon Rush,6114,"Jul 08, 2016",2016,MIN,1,3.5,standard,1,Signed a 1 year $3.5 million contract with Minnesota (MIN)
rushbr01,Brandon Rush,6114,"Jul 22, 2014",2014,GSW,2,2.4,standard,1,Signed a 2 year $2.4 million contract with Golden State (GSW) - includes Player Option
rushbr01,Brandon Rush,6114,"Jul 31, 2012",2012,GSW,2,8.0,standard,1,Signed a 2 year $8 million contract with Golden State (GSW)
rushbr01,Brandon Rush,6114,"Jul 15, 2008",2008,IND,2,3.73,standard,1,Signed a 2 year $3.73 million contract with Indiana (IND)
russeda01,D'Angelo Russell,17830,"Jul 06, 2025",2025,DAL,2,11.65,standard,1,Signed a 2 year $11.65 million contract with Dallas (DAL)
russeda01,D'Angelo Russell,17830,"Jul 07, 2023",2023,LAL,2,36.0,standard,1,Signed a 2 year $36 million contract with Los Angeles (LAL) - includes 2024-25 Player Option
russeda01,D'Angelo Russell,17830,"Jul 07, 2019",2019,BKN,4,117.0,maximum,1,Signed a 4 year $117 million maximum contract with Brooklyn (BKN) as part of a Sign-and-Trade with Golden State (GSW)
russeda01,D'Angelo Russell,17830,"Jul 10, 2015",2015,LAL,2,10.4,standard,1,Signed a 2 year $10.4 million contract with Los Angeles (LAL)
sabondo01,Domantas Sabonis,20216,"Jul 06, 2023",2023,SAC,4,186.0,extension,1,Signed a 4 year $186 million contract extension with Sacramento (SAC) as part of a renegotiation-and-extend.
sabondo01,Domantas Sabonis,20216,"Oct 21, 2019",2019,IND,4,77.0,extension,1,Signed a 4 year $77 million contract extension with Indiana (IND)
sabondo01,Domantas Sabonis,20216,"Aug 12, 2016",2016,OKC,4,11.18,rookie-scale,1,Signed a 4 year $11.18 million rookie scale contract with Oklahoma City (OKC)
salauti01,Tidjane Salaün,91756,"Jul 03, 2024",2024,CHA,4,34.03,rookie-scale,1,Signed a 4 year $34.03 million rookie scale contract with Charlotte (CHA)
samanlu01,Luka Šamanić,31576,"Apr 07, 2023",2023,UTH,2,2.5,standard,1,Signed a 2 year $2.50 million Rest-of-Season contract with Utah (UTH)
samanlu01,Luka Šamanić,31576,"Jul 01, 2019",2019,SAS,4,13.03,rookie-scale,1,Signed a 4 year $13.03 million rookie scale contract with San Antonio (SAS)
sampsja02,JaKarr Sampson,15838,"Nov 29, 2020",2020,IND,1,1.62,standard,1,Signed a 1 year $1.62 million contract with Indiana (IND)
sampsja02,JaKarr Sampson,15838,"Aug 02, 2019",2019,IND,1,1.74,standard,1,Signed a 1 year $1.74 million contract with Indiana (IND)
sampsja02,JaKarr Sampson,15838,"Feb 22, 2016",2016,DEN,2,1.24,standard,1,Signed a 2 year $1.24 million contract with Denver (DEN)
sampsja02,JaKarr Sampson,15838,"Sep 15, 2014",2014,PHI,3,2.33,standard,1,Signed a 3 year $2.33 million contract with Philadelphia (PHI) - includes 4th Year Club Option
sandeko01,Kobe Sanders,99262,"Jul 07, 2026",2026,LAC,4,11.28,standard,1,Signed a 4 year $11.28 million contract with LA Clippers (LAC)
sandeko01,Kobe Sanders,99262,"Feb 07, 2026",2026,LAC,2,2.62,standard,1,Signed a 2 year $2.62 million Rest-of-Season contract with LA Clippers (LAC) - includes 2026-27 Club Option
santogu01,Gui Santos,78165,"Feb 28, 2026",2026,GSW,3,15.0,extension,1,Signed a 3 year $15 million contract extension with Golden State (GSW) - includes 2028-29 Player Option
santogu01,Gui Santos,78165,"Nov 07, 2023",2023,GSW,3,5.14,standard,1,Signed a 3 year $5.14 million contract with Golden State (GSW)
sarafbe01,Ben Saraf,98626,"Jul 03, 2025",2025,BKN,3,14.81,rookie-scale,1,Signed a 3 year $14.81 million Rookie Scale contract with Brooklyn (BKN)
saricda01,Dario Šarić,15364,"Jul 12, 2024",2024,DEN,2,10.59,standard,1,Signed a 2 year $10.59 million contract with Denver (DEN) - includes 2025-26 Player Option
saricda01,Dario Šarić,15364,"Nov 28, 2020",2020,PHX,3,27.0,standard,1,Signed a 3 year $27 million contract with Phoenix (PHX)
saricda01,Dario Šarić,15364,"Jul 15, 2016",2016,PHI,2,4.74,standard,1,Signed a 2 year $4.74 million contract with Philadelphia (PHI)
sarral01,Alex Sarr,91734,"Jul 06, 2024",2024,WAS,4,51.04,rookie-scale,1,Signed a 4 year $51.04 million rookie scale contract with Washington (WAS)
sassema01,Marcus Sasser,84442,"Jul 05, 2023",2023,DET,4,13.46,rookie-scale,1,Signed a 4 year $13.46 million rookie scale contract with Detroit (DET)
satorto01,Tomáš Satoranský,10857,"Jul 21, 2016",2016,WAS,,9.0,standard,1,Signed to a 3 year $9 million contract with Washington (WAS)
satorto01,Tomáš Satoranský,10857,,2019,WAS,3,30.0,standard,1,contract block
scheiba01,Baylor Scheierman,91780,"Jul 06, 2024",2024,BOS,4,12.81,rookie-scale,1,Signed a 4 year $12.81 million rookie scale contract with Boston (BOS)
schofad01,Admiral Schofield,31601,"Jul 12, 2019",2019,WAS,3,4.2,standard,1,Signed a 3 year $4.2 million contract with Washington (WAS)
schrode01,Dennis Schröder,13330,"Jul 07, 2025",2025,DET,3,44.43,standard,1,Signed a 3 year $44.43 million contract with Detroit (DET) as part of a Sign-and-Trade with Sacramento (SAC)
schrode01,Dennis Schröder,13330,"Jul 12, 2023",2023,TOR,2,25.43,standard,1,Signed a 2 year $25.43 million contract with Toronto (TOR)
schrode01,Dennis Schröder,13330,"Sep 16, 2022",2022,LAL,1,2.64,standard,1,Signed a 1 year $2.64 million contract with Los Angeles (LAL)
schrode01,Dennis Schröder,13330,"Aug 13, 2021",2021,BOS,1,5.89,standard,1,Signed a 1 year $5.89 million contract with Boston (BOS)
schrode01,Dennis Schröder,13330,"Oct 26, 2016",2016,ATL,4,70.0,extension,1,Signed a 4 year $70 million rookie contract extension with Atlanta (ATL) - $62 million guaranteed
schrode01,Dennis Schröder,13330,"Jul 11, 2013",2013,ATL,2,3.04,standard,1,Signed a 2 year $3.04 million contract with Atlanta (ATL)
scolalu01,Luis Scola,2400,"Jul 13, 2016",2016,BKN,1,5.5,standard,1,Signed a 1 year $5.5 million contract with Brooklyn (BKN)
scolalu01,Luis Scola,2400,"Jul 15, 2015",2015,TOR,1,2.9,standard,1,Signed a 1 year $2.9 million contract with Toronto (TOR)
scolalu01,Luis Scola,2400,"Jul 16, 2010",2010,HOU,5,47.0,standard,1,Signed a 5 year $47 million contract with Houston (HOU)
scolalu01,Luis Scola,2400,"Jul 14, 2007",2007,HOU,3,9.4,standard,1,Signed a 3 year $9.4 million contract with Houston (HOU)
scottmi01,Mike Scott,10868,"Jul 11, 2019",2019,PHI,2,9.8,standard,1,Signed a 2 year $9.8 million contract with Philadelphia (PHI)
scottmi01,Mike Scott,10868,"Jul 09, 2018",2018,LAC,1,4.32,standard,1,Signed a 1 year $4.32 million contract with Los Angeles (LAC)
scottmi01,Mike Scott,10868,"Jul 08, 2017",2017,WAS,1,1.7,standard,1,Signed a 1 year $1.7 million contract with Washington (WAS)
scottmi01,Mike Scott,10868,"Aug 25, 2014",2014,ATL,3,10.0,standard,1,Signed a 3 year $10 million contract with Atlanta (ATL)
scottmi01,Mike Scott,10868,"Sep 06, 2012",2012,ATL,2,1.26,standard,1,Signed a 2 year $1.26 million entry-level contract with Atlanta (ATL)
sefolth01,Thabo Sefolosha,2250,"Sep 23, 2019",2019,HOU,1,2.56,standard,1,Signed a 1 year $2.56 million contract with Houston (HOU)
sefolth01,Thabo Sefolosha,2250,"Jul 10, 2014",2014,OKC,3,12.0,standard,1,Signed a 3 year $12 million contract with Oklahoma (OKC) as part of a sign-and-trade with Atlanta (ATL)
sefolth01,Thabo Sefolosha,2250,"Jul 06, 2006",2006,CHI,2,3.48,standard,1,Signed a 2 year $3.48 million contract with Chicago (CHI)
seldewa01,Wayne Selden,20921,"Jul 01, 2017",2017,MEM,2,2.86,standard,1,Signed a 2 year $2.86 million contract with Memphis (MEM)
seldewa01,Wayne Selden,20921,"Mar 18, 2017",2017,MEM,2,1.4,standard,1,Signed a 2 year $1.4 million contract with Memphis (MEM)
sengual01,Alperen Şengün,74123,"Oct 21, 2024",2024,HOU,5,185.0,rookie-scale,1,Signed a 5 year $185 million Rookie Scale contract extension with Houston (HOU) - includes 2029-30 Player Option
sengual01,Alperen Şengün,74123,"Aug 07, 2021",2021,HOU,4,15.55,rookie-scale,1,Signed a 4 year $15.55 million rookie scale contract with Houston (HOU)
sensabr01,Brice Sensabaugh,82213,"Jul 02, 2023",2023,UTA,4,12.58,rookie-scale,1,Signed a 4 year $12.58 million rookie scale contract with Utah (UTA)
serapke01,Kevin Séraphin,6899,"Aug 06, 2015",2015,NYK,1,2.8,standard,1,Signed a 1 year $2.8 million contract with New York (NYK)
serapke01,Kevin Séraphin,6899,"Jul 18, 2014",2014,WAS,1,3.9,standard,1,Signed a 1 year $3.9 million Qualifying Offer with Washington (WAS)
serapke01,Kevin Séraphin,6899,"Jul 29, 2010",2010,WAS,2,3.24,standard,1,Signed a 2 year $3.24 million contract with Washington (WAS)
sessira01,Ramon Sessions,2566,"Aug 08, 2017",2017,NYK,1,2.3,standard,1,Signed a 1 year $2.3 million contract with New York (NYK)
sessira01,Ramon Sessions,2566,"Jul 07, 2016",2016,CHA,1,6.0,standard,1,Signed a 1 year $6 million contract with Charlotte (CHA) - includes 2nd Year Club Option
sessira01,Ramon Sessions,2566,"Sep 22, 2014",2014,SAC,2,4.25,standard,1,Signed a 2 year $4.25 million contract with Sacramento (SAC)
sessira01,Ramon Sessions,2566,"Jul 13, 2012",2012,CHA,2,10.0,standard,1,Signed a 2 year $10 million contract with Charlotte (CHA)
sessira01,Ramon Sessions,2566,"Sep 04, 2009",2009,MIN,4,16.4,standard,1,Signed a 4 year $16.4 million contract with Minnesota (MIN)
sessira01,Ramon Sessions,2566,"Sep 11, 2007",2007,MIL,2,1.15,standard,1,Signed a 2 year $1.15 million contract with Milwaukee (MIL)
sextoco01,Collin Sexton,26974,"Jul 11, 2026",2026,LAL,2,19.2,standard,1,Signed a 2 year $19.2 million contract with Los Angeles (LAL) - includes 2027-28 Player Option
sextoco01,Collin Sexton,26974,"Sep 03, 2022",2022,CLE,4,70.95,standard,1,Signed a 4 year $70.95 million contract with Cleveland (CLE) as part of Sign-and-Trade with Utah (UTH)
sextoco01,Collin Sexton,26974,"Jul 04, 2018",2018,CLE,4,20.18,rookie-scale,1,Signed a 4 year $20.18 million rookie scale contract with Cleveland (CLE)
shamela01,Landry Shamet,26992,"Jul 06, 2026",2026,NYK,4,23.98,standard,1,Signed a 4 year $23.98 million contract with New York (NYK) - includes 2029-30 Player Option
shamela01,Landry Shamet,26992,"Dec 23, 2024",2024,NYK,1,1.68,standard,1,Signed a 1 year $1.68 million Rest-of-Season contract with New York (NYK)
shamela01,Landry Shamet,26992,"Oct 18, 2021",2021,PHX,4,42.5,rookie-scale,1,Signed a 4 year $42.5 million rookie scale contract extension with Phoenix (PHX) - includes 2025-26 Club Option
shamela01,Landry Shamet,26992,"Jul 04, 2018",2018,PHI,4,9.56,rookie-scale,1,Signed a 4 year $9.56 million rookie scale contract with Philadelphia (PHI)
shannte01,Terrence Shannon Jr.,91774,"Jul 08, 2024",2024,MIN,4,13.08,rookie-scale,1,Signed a 4 year $13.08 million rookie scale contract extension with Minnesota (MIN)
sharpda01,Day'Ron Sharpe,74136,"Jul 06, 2026",2026,BKN,2,20.0,standard,1,Signed a 2 year $20 million contract with Brooklyn (BKN) - includes 2027-28 Team Option
sharpda01,Day'Ron Sharpe,74136,"Sep 03, 2025",2025,BKN,2,12.5,standard,1,Signed a 2 year $12.5 million contract with Brooklyn (BKN) - includes 2026-27 Club Option
sharpda01,Day'Ron Sharpe,74136,"Aug 06, 2021",2021,BKN,4,10.18,rookie-scale,1,Signed a 4 year $10.18 million rookie scale contract with Brooklyn (BKN)
sharpsh01,Shaedon Sharpe,78113,"Oct 19, 2025",2025,POR,4,90.0,rookie-scale,1,Signed a 4 year $90 million Rookie Scale contract extension with Portland (POR)
sharpsh01,Shaedon Sharpe,78113,"Jul 01, 2022",2022,POR,4,27.34,rookie-scale,1,Signed a 4 year $27.34 million Rookie Scale contract with Portland (POR)
sheadja01,Jamal Shead,93955,,2024,TOR,3,6.113913,standard,1,current contract
sheppbe01,Ben Sheppard,84440,"Jul 01, 2023",2023,IND,4,13.02,rookie-scale,1,Signed a 4 year $13.02 million rookie scale contract with Indiana (IND)
sheppre01,Reed Sheppard,91739,"Jul 02, 2024",2024,HOU,4,45.85,rookie-scale,1,Signed a 4 year $45.85 million rookie scale contract with Houston (HOU)
shumpim01,Iman Shumpert,8068,"Nov 13, 2019",2019,BKN,1,2.03,standard,1,Signed a 1 year $2.03 million contract with Brooklyn (BKN)
shumpim01,Iman Shumpert,8068,"Jul 09, 2015",2015,CLE,4,40.0,standard,1,Signed a 4 year $40 million contract with Cleveland (CLE)
shumpim01,Iman Shumpert,8068,"Dec 11, 2011",2011,NYK,2,3.34,standard,1,Signed a 2 year $3.34 million contract with New York (NYK)
siakapa01,Pascal Siakam,20232,"Jul 06, 2024",2024,IND,4,188.95,standard,1,Signed a 4 year $188.95 million contract with Indiana (IND)
siakapa01,Pascal Siakam,20232,"Oct 21, 2019",2019,TOR,4,136.9,extension,1,Signed a 4 year $136.9 million rookie contract extension with Toronto (TOR)
siakapa01,Pascal Siakam,20232,"Jul 09, 2016",2016,TOR,4,6.41,rookie-scale,1,Signed a 4 year $6.41 million rookie scale contract with Toronto (TOR)
silvach01,Chris Silva,32319,"Jan 15, 2020",2020,MIA,2,1.98,two-way,1,"Signed a 2 year $1.98 million Rest-of-Season contract with Miami (MIA) - converted Two-Way contract, includes 2021 Club Option"
simmobe01,Ben Simmons,20206,"Jul 16, 2019",2019,PHI,5,177.2,maximum,1,Signed a 5 year $177.2 million maximum rookie contract extension with Philadelphia (PHI)
simmobe01,Ben Simmons,20206,"Jul 02, 2016",2016,PHI,4,26.62,rookie-scale,1,Signed a 4 year $26.62 million rookie scale contract with Philadelphia (PHI)
simmojo02,Jonathon Simmons,17983,"Jul 22, 2015",2015,SAS,2,1.4,standard,1,Signed a 2 year $1.4 million contract with San Antonio (SAS)
simmoko01,Kobi Simmons,23674,"Apr 07, 2023",2023,CHA,2,2.1,two-way,1,Signed a 2 year $2.10 million Rest-of-Season contract with Charlotte (CHA) - converted Two-Way contract
simmoko01,Kobi Simmons,23674,"Sep 16, 2019",2019,CHA,1,1.62,standard,1,Signed a 1 year $1.62 million contract with Charlotte (CHA) - Exhibit 10
simonan01,Anfernee Simons,26990,"Jul 06, 2026",2026,PHI,2,12.3,standard,1,Signed a 2 year $12.3 million contract with Philadelphia (PHI) - includes 2027-28 Player Option
simonan01,Anfernee Simons,26990,"Jul 06, 2022",2022,POR,4,100.0,standard,1,Signed a 4 year $100 million contract with Portland (POR)
simonan01,Anfernee Simons,26990,"Jul 02, 2018",2018,POR,4,10.18,rookie-scale,1,Signed a 4 year $10.18 million rookie scale contract with Portland (POR)
simsje01,Jericho Sims,74166,"Jul 09, 2025",2025,MIL,2,5.26,standard,1,Signed a 2 year $5.26 million contract with Milwaukee (MIL)
simsje01,Jericho Sims,74166,"Jul 10, 2022",2022,NYK,3,5.66,standard,1,Signed a 3 year $5.66 million contract with New York (NYK) - includes 2024-25 Club Option
singlky01,Kyle Singler,8085,"Jul 09, 2015",2015,OKC,4,19.0,standard,1,Signed a 4 year $19 million with Oklahoma City (OKC)
singlky01,Kyle Singler,8085,"Jul 11, 2012",2012,DET,3,3.135,standard,1,Signed a 3 year $3.135 million contract with Detroit (DET)
sloando01,Donald Sloan,8678,"Aug 10, 2015",2015,BKN,1,1.02,standard,1,Signed a 1 year $1.02 million contract with Brooklyn (BKN)
sloando01,Donald Sloan,8678,"Jul 03, 2013",2013,IND,2,1.8,standard,1,Signed a 2 year $1.8 million contract with Indiana (IND)
sloando01,Donald Sloan,8678,"Dec 09, 2011",2011,ATL,1,0.473604,standard,1,"Signed a 1 year $473,604 contract with Atlanta (ATL)"
smartma01,Marcus Smart,15358,"Jul 10, 2026",2026,HOU,2,12.43,standard,1,Signed a 2 year $12.43 million contract with Houston (HOU) - includes 2027-28 Player Option
smartma01,Marcus Smart,15358,"Jul 22, 2025",2025,LAL,2,10.52,standard,1,Signed a 2 year $10.52 million contract with Los Angeles (LAL) - includes 2026-27 Player Option
smartma01,Marcus Smart,15358,"Aug 21, 2021",2021,BOS,4,76.49,extension,1,Signed a 4 year $76.49 million contract extension with Boston (BOS)
smartma01,Marcus Smart,15358,"Jul 19, 2018",2018,BOS,4,52.0,standard,1,Signed a 4 year $52 million contract with Boston (BOS)
smartma01,Marcus Smart,15358,"Jul 05, 2014",2014,BOS,2,6.71,standard,1,Signed a 2 year $6.71 million contract with Boston (BOS)
smithde03,Dennis Smith Jr.,23604,"Jul 08, 2023",2023,BKN,1,2.53,standard,1,Signed a 1 year $2.53 million contract with Brooklyn (BKN)
smithde03,Dennis Smith Jr.,23604,"Jul 05, 2017",2017,DAL,4,17.19,rookie-scale,1,Signed a 4 year $17.19 million rookie scale contract with Dallas (DAL)
smithdr01,Dru Smith,74420,"Aug 16, 2025",2025,MIA,3,7.9,standard,1,Signed a 3 year $7.90 million contract with Miami (MIA) - includes 2027-28 Club Option
smithdr01,Dru Smith,74420,"Oct 21, 2023",2023,MIA,2,3.92,two-way,1,Signed a 2 year $3.92 million contract with Miami (MIA) - converted Two-Way
smithis01,Ish Smith,7116,"Oct 24, 2023",2023,CHA,1,3.2,standard,1,Signed a 1 year $3.20 million contract with Charlotte (CHA)
smithis01,Ish Smith,7116,"Aug 07, 2021",2021,CHA,2,9.23,standard,1,Signed a 2 year $9.23 million contract with Charlotte (CHA)
smithis01,Ish Smith,7116,"Jul 08, 2016",2016,DET,3,18.0,standard,1,Signed a 3 year $18 million contract with Detroit (DET)
smithis01,Ish Smith,7116,"Sep 08, 2015",2015,WAS,1,1.1,standard,1,Signed a 1 year $1.1 million contract with Washington (WAS) - camp invite
smithis01,Ish Smith,7116,"Nov 07, 2014",2014,OKC,1,0.923,standard,1,Signed a 1 year $923k contract with Oklahoma City (OKC)
smithis01,Ish Smith,7116,"Jul 18, 2014",2014,HOU,1,0.981,standard,1,Signed a 1 year $981k contract with Houston (HOU)
smithis01,Ish Smith,7116,"Aug 15, 2012",2012,ORL,3,2.85,standard,1,Signed a 3 year $2.85 million contract with Orlando (ORL)
smithis01,Ish Smith,7116,"Feb 02, 2012",2012,ORL,1,0.522472,standard,1,"Signed a 1 year $522,472 contract with Orlando (ORL)"
smithis01,Ish Smith,7116,"Aug 23, 2010",2010,HOU,2,1.26,standard,1,Signed a 2 year $1.26 million contract with Houston (HOU)
smithja02,Jason Smith,6018,"Aug 22, 2013",2013,NYJ,1,0.715,standard,1,Signed a 1 year $715k contract with New York (NYJ)
smithja02,Jason Smith,6018,"Apr 22, 2012",2012,STL,2,16.5,standard,1,Signed a 2 year $16.5 million contract with St. Louis (STL)
smithja02,Jason Smith,6018,"Jul 30, 2009",2009,STL,6,61.775,standard,1,Signed a 6 year $61.775 million contract with St. Louis (STL)
smithja04,Jalen Smith,70652,"Jul 08, 2024",2024,CHI,3,27.0,standard,1,Signed a 3 year $27 million contract with Chicago (CHI)
smithja04,Jalen Smith,70652,"Jul 06, 2022",2022,IND,3,15.13,standard,1,Signed a 3 year $15.13 million contract with Indiana (IND) - includes 2024-25 Player Option
smithja04,Jalen Smith,70652,"Nov 24, 2020",2020,PHX,4,19.33,rookie-scale,1,Signed a 4 year $19.33 million rookie scale contract with Phoenix (PHX)
smithja05,Jabari Smith Jr.,78109,"Jul 06, 2025",2025,HOU,5,122.0,rookie-scale,1,Signed a 5 year $122 million Rookie Scale contract extension with Houston (HOU)
smithja05,Jabari Smith Jr.,78109,"Jul 01, 2022",2022,HOU,4,40.3,rookie-scale,1,Signed a 4 year $40.3 million Rookie Scale contract with Houston (HOU)
smithjo03,Josh Smith,2205,"Oct 28, 2017",2017,NOP,1,2.17,standard,1,Signed a 1 year $2.17 million contract with New Orleans (NOP)
smithjo03,Josh Smith,2205,"Jul 16, 2015",2015,LAC,1,1.5,standard,1,Signed a 1 year $1.5 million contract with Los Angeles (LAC)
smithjo03,Josh Smith,2205,"Dec 26, 2014",2014,HOU,1,2.077,standard,1,Signed a 1 year $2.077 million contract with Houston (HOU)
smithjo03,Josh Smith,2205,"Jul 10, 2013",2013,DET,4,56.0,standard,1,Signed a 4 year $56 million contract with Detroit (DET)
smithjo03,Josh Smith,2205,"Aug 11, 2008",2008,ATL,5,58.0,standard,1,Signed a 5 year $58 million contract with Atlanta (ATL)
smithjo03,Josh Smith,2205,"Jul 12, 2004",2004,ATL,3,4.09,standard,1,Signed a 3 year $4.09 milion contract with Atlanta (ATL)
smithjr01,J.R. Smith,2296,"Oct 16, 2016",2016,CLE,4,57.0,standard,1,Signed a 4 year $57 million contract with Cleveland (CLE)
smithjr01,J.R. Smith,2296,"Jul 11, 2013",2013,NYK,3,17.95,standard,1,Signed a 3 year $17.95 million contract with New York (NYK)
smithjr01,J.R. Smith,2296,"Jul 11, 2012",2012,NYK,2,5.74,standard,1,Signed a 2 year $5.74 million contract with New York (NYK)
smithjr01,J.R. Smith,2296,"Feb 17, 2012",2012,NYK,1,2.5,standard,1,Signed a 1 year $2.5 million contract with New York (NYK)
smithjr01,J.R. Smith,2296,"Aug 21, 2008",2008,DEN,3,16.5,standard,1,Signed a 3 year $16.5 million contract with Denver (DEN)
smithjr01,J.R. Smith,2296,"Jul 06, 2004",2004,NOH,3,3.89,standard,1,Signed a 3 year $3.89 million contract with New Orleans (NOH)
smithni01,Nick Smith Jr.,82206,"Apr 12, 2026",2026,LAL,2,2.5,two-way,1,Signed a 2 year $2.5 million Rest-of-Season contract with Los Angeles (LAL) via converted Two-Way contract - includes 2026-27 Club Option
smithni01,Nick Smith Jr.,82206,"Jul 02, 2023",2023,CHA,4,12.65,standard,1,Signed a 4 year $12.65 million contract with Charlotte (CHA)
snellto01,Tony Snell,13333,"Aug 10, 2021",2021,POR,1,2.39,standard,1,Signed a 1 year $2.39 million contract with Portland (POR)
snellto01,Tony Snell,13333,"Jul 10, 2013",2013,CHI,2,2.88,standard,1,Signed a 2 year $2.88 million contract with Chicago (CHI)
snellto01,Tony Snell,13333,,2017,MIL,4,46.0,standard,1,contract block
sochaje01,Jeremy Sochan,78122,"Jul 09, 2022",2022,SAS,4,23.05,rookie-scale,1,Signed a 4 year $23.05 million Rookie Scale contract with San Antonio (SAS)
speigma01,Marreese Speights,6145,"Jul 27, 2017",2017,ORL,1,2.1,standard,1,Signed a 1 year $2.1 million contract with Orlando (ORL)
speigma01,Marreese Speights,6145,"Jul 12, 2016",2016,LAC,2,2.86,standard,1,Signed a 2 year $2.86 million contract with Los Angeles (LAC)
speigma01,Marreese Speights,6145,"Jul 12, 2013",2013,GSW,3,11.0,standard,1,Signed a 3 year $11 million contract with Golden State (GSW)
speigma01,Marreese Speights,6145,"Jul 12, 2012",2012,MEM,,8.715,standard,1,Signed to a 2 year $8.715 million contract with Memphis (MEM)
speigma01,Marreese Speights,6145,"Jul 10, 2008",2008,PHI,2,3.2,standard,1,Signed a 2 year $3.2 million contract with Philadelphia (PHI)
spellom01,Omari Spellman,26996,"Jul 01, 2018",2018,ATL,4,9.1,rookie-scale,1,Signed a 4 year $9.10 million rookie scale contract with Atlanta (ATL)
spencca01,Cam Spencer,93960,"Jul 14, 2025",2025,MEM,4,10.4,standard,1,Signed a 4 year $10.40 million contract with Memphis (MEM) - includes 2028-29 Club Option
spencpa01,Pat Spencer,79256,,2026,PHX,1,0.678882,standard,1,current contract
splitti01,Tiago Splitter,7119,"Jul 13, 2013",2013,SAS,4,36.0,standard,1,Signed a 4 year $36 million contract with San Antonio (SAS)
sprinja01,Jaden Springer,74135,"Mar 02, 2025",2025,UTA,3,5.65,standard,1,Signed a 3 year $5.65 million Rest-of-Season contract with Utah (UTA) - includes 2026-27 Club Option
sprinja01,Jaden Springer,74135,"Aug 04, 2021",2021,PHI,4,10.39,rookie-scale,1,Signed a 4 year $10.39 million rookie scale contract with Philadelphia (PHI)
stausni01,Nik Stauskas,15360,"Feb 11, 2019",2019,CLE,1,0.54,standard,1,Signed a 1 year $540k contract with Cleveland (CLE)
stausni01,Nik Stauskas,15360,"Jul 05, 2018",2018,POR,1,1.62,standard,1,Signed a 1 year $1.62 million contract with Portland (POR)
stausni01,Nik Stauskas,15360,"Jul 08, 2014",2014,SAC,2,5.62,standard,1,Signed a 2 year $5.62 million contract with Sacramento (SAC)
stephla01,Lance Stephenson,6922,"Jul 10, 2018",2018,LAL,1,4.45,standard,1,Signed a 1 year $4.45 million contract with Los Angeles (LAL)
stephla01,Lance Stephenson,6922,"Mar 30, 2017",2017,IND,2,8.18,standard,1,Signed a 2 year $8.18 million contract with Indiana (IND) - includes Year 3 Club Option
stephla01,Lance Stephenson,6922,"Jul 18, 2014",2014,CHA,2,18.0,standard,1,Signed a 2 year $18 million contract with Charlotte (CHA) - with third year Club Option
stephla01,Lance Stephenson,6922,"Jul 22, 2010",2010,IND,4,3.35,standard,1,Signed a 4 year $3.35 million contract with Indiana (IND)
stevela01,Lamar Stevens,70716,"Apr 14, 2021",2021,CLE,4,5.88,standard,1,Signed a 4 year $5.88 million Rest-of-Season contract with Cleveland (CLE) - includes 2023 Club Option
stewais01,Isaiah Stewart,70658,"Jul 11, 2023",2023,DET,4,60.0,rookie-scale,1,Signed a 4 year $60 million Rookie Scale contract extension with Detroit (DET) - includes 2027-28 Club Option
stewais01,Isaiah Stewart,70658,"Nov 30, 2020",2020,DET,4,15.1,rookie-scale,1,Signed a 4 year $15.10 million rookie scale contract with Detroit (DET)
stoudam01,Amar'e Stoudemire,2669,"Jul 10, 2015",2015,MIA,1,1.5,standard,1,Signed a 1 year $1.5 million contract with Miami (MIA)
stoudam01,Amar'e Stoudemire,2669,"Feb 18, 2015",2015,DAL,1,0.486,standard,1,Signed a 1 year $486k contract with Dallas (DAL)
stoudam01,Amar'e Stoudemire,2669,"Jul 06, 2010",2010,PHX,5,99.7,standard,1,Signed a 5 year $99.7 million contract with Phoenix (PHX) as part of a sign-and-trade
stoudam01,Amar'e Stoudemire,2669,"Oct 03, 2005",2005,PHX,5,75.4,rookie-scale,1,Signed a 5 year $75.4 million rookie scale extension with Phoenix (PHX) - includes 2010-11 Early Termination Option
stoudam01,Amar'e Stoudemire,2669,"Jul 05, 2002",2002,PHX,4,8.29,standard,1,Signed a 4 year $8.29 million contract with Phoenix (PHX)
strawju01,Julian Strawther,84463,"Jul 06, 2023",2023,DEN,4,12.48,rookie-scale,1,Signed a 4 year $12.48 million rookie scale contract with Denver (DEN)
strusma01,Max Strus,32411,"Jul 06, 2023",2023,CLE,4,62.3,standard,1,Signed a 4 year $62.3 million contract with Cleveland (CLE) as part of a Sign-and-Trad with Miami (MIA)
strusma01,Max Strus,32411,"Aug 06, 2021",2021,MIA,2,3.42,standard,1,Signed a 2 year $3.42 million contract with Miami (MIA)
strusma01,Max Strus,32411,"Oct 13, 2019",2019,BOS,2,2.4,two-way,1,Signed a 2 year $2.4 million contract with Boston (BOS) - converted from two-way
stuckro01,Rodney Stuckey,2310,"Jul 21, 2014",2014,IND,1,1.23,standard,1,Signed a 1 year $1.23 million contract with Indiana (IND)
stuckro01,Rodney Stuckey,2310,"Dec 17, 2011",2011,DET,3,25.5,standard,1,Signed a 3 year $25.5 million contract with Detroit (DET)
stuckro01,Rodney Stuckey,2310,"Jul 04, 2007",2007,DET,2,3.26,standard,1,Signed a 2 year $3.26 million contract with Detroit (DET)
suggsja01,Jalen Suggs,74112,"Oct 21, 2024",2024,ORL,5,150.5,rookie-scale,1,Signed a 5 year $150.5 million Rookie Scale contract extension with Orlando (ORL) - includes 2029-30 Club Option
suggsja01,Jalen Suggs,74112,"Aug 03, 2021",2021,ORL,4,29.96,rookie-scale,1,Signed a 4 year $29.96 million rookie scale contract with Orlando (ORL)
sullija01,Jared Sullinger,10846,"Jul 14, 2016",2016,TOR,1,5.628,standard,1,Signed a 1 year $5.628 million contract with Toronto (TOR)
sullija01,Jared Sullinger,10846,"Jul 03, 2012",2012,BOS,2,2.67,standard,1,Signed 2 year $2.67 million contract with Boston (BOS)
sumneed01,Edmond Sumner,23653,"Jul 08, 2022",2022,BKN,2,4.21,standard,1,Signed a 2 year $4.21 million contract with Brooklyn (BKN)
sumneed01,Edmond Sumner,23653,"Jul 29, 2019",2019,IND,2,4.16,standard,1,Signed a 2 year $4.16 million million contract with Indiana (IND) - includes 2021 Club Option
sumneed01,Edmond Sumner,23653,"Feb 11, 2019",2019,IND,2,2.04,two-way,1,Signed a 2 year $2.04 million contract with Indiana (IND) - converted two-way contract
swanica01,Caleb Swanigan,23621,"Jul 03, 2017",2017,POR,4,8.9,rookie-scale,1,Signed a 4 year $8.90 million rookie scale contract with Portland (POR)
sykeske01,Keifer Sykes,18265,"Dec 27, 2021",2021,IND,2,2.12,standard,1,Signed a 2 year $2.12 million Rest-of-Season contract with Indiana (IND)
sykeske01,Keifer Sykes,18265,"Sep 28, 2015",2015,SAS,1,0.525,standard,1,Signed a 1 year $525k contract with San Antonio (SAS) - camp invite
tateja01,Jae'Sean Tate,70758,"Jul 05, 2025",2025,HOU,1,2.67,standard,1,Signed a 1 year $2.67 million contract with Houston (HOU)
tateja01,Jae'Sean Tate,70758,"Jul 06, 2022",2022,HOU,3,22.1,standard,1,Signed a 3 year $22.1 million contract with Houston (HOU) - includes 2024-25 Club Option
tateja01,Jae'Sean Tate,70758,"Nov 26, 2020",2020,HOU,2,2.96,standard,1,Signed a 2 year $2.96 million contract with Houston (HOU)
tatumja01,Jayson Tatum,23598,"Jul 06, 2024",2024,BOS,5,314.0,extension,1,Signed a 5 year $314 million Designated Veteran contract extension with Boston (BOS) - includes 2029-30 Player Option. This will be the largest contract in NBA history at the time of signing.
tatumja01,Jayson Tatum,23598,"Nov 25, 2020",2020,BOS,5,163.0,maximum,1,Signed a 5 year $163 million maximum rookie scale extension with Boston (BOS) - includes 2025 Player Option and language for 30% rookie super max
tatumja01,Jayson Tatum,23598,"Jul 01, 2017",2017,BOS,4,30.07,rookie-scale,1,Signed a 4 year $30.07 million rookie scale contract with Boston (BOS)
taylois01,Isaiah Taylor,20273,"Sep 18, 2019",2019,TOR,2,3.38,standard,1,Signed a 2 year $3.38 million contract with Toronto (TOR) - 2019 $50k guaranteed
taylois01,Isaiah Taylor,20273,"Oct 16, 2017",2017,ATL,2,2.95,standard,1,Signed a 2 year $2.95 million contract with Atlanta (ATL)
taylois01,Isaiah Taylor,20273,"Feb 27, 2017",2017,HOU,3,3.0,standard,1,Signed a 3 year $3 million contract with Houston (HOU)
taylois01,Isaiah Taylor,20273,"Sep 23, 2016",2016,HOU,2,1.45,standard,1,Signed 2 year $1.45 million contract with Houston (HOU)
taylote01,Terry Taylor,74222,"Aug 14, 2023",2023,CHI,2,4.22,standard,1,Signed a 2 year $4.22 million contract with Chicago (CHI)
teaguje01,Jeff Teague,6272,"Jul 10, 2017",2017,MIN,3,57.0,standard,1,Signed a 3 year $57 million contract with Minnesota (MIN)
teaguje01,Jeff Teague,6272,"Jul 10, 2013",2013,MIL,4,32.0,standard,1,Signed a 4 year $32 million offer sheet with Milwaukee (MIL); Atlanta (ATL) can match
teaguje01,Jeff Teague,6272,"Jul 20, 2009",2009,ATL,2,2.85,standard,1,Signed a 2 year $2.85 million contract with Atlanta (ATL)
teletmi01,Mirza Teletović,10905,"Jul 17, 2015",2015,PHX,1,5.5,standard,1,Signed a 1 year $5.5 million contract with Phoenix (PHX)
teletmi01,Mirza Teletović,10905,,2016,MIL,3,31.5,standard,1,contract block
teletmi01,Mirza Teletović,10905,,2012,BKN,3,9.68715,standard,1,contract block
templga01,Garrett Temple,6492,"Jul 01, 2025",2025,TOR,1,3.63,standard,1,Signed a 1 year $3.63 million contract with Toronto (TOR)
templga01,Garrett Temple,6492,"Jul 05, 2024",2024,TOR,1,3.3,standard,1,Signed a 1 year $3.3 million contract with Toronto (TOR)
templga01,Garrett Temple,6492,"Jul 31, 2023",2023,TOR,1,3.2,standard,1,Signed a 1 year $3.2 million contract with Toronto (TOR)
templga01,Garrett Temple,6492,"Aug 08, 2021",2021,CHI,3,15.47,standard,1,Signed a 3 year $15.47 million contract with Chicago (CHI) as part of a Sign-and-Trade with New Orleans (NOP)
templga01,Garrett Temple,6492,"Nov 27, 2020",2020,CHI,1,4.767,standard,1,Signed a 1 year $4.767 million contract with Chicago (CHI)
templga01,Garrett Temple,6492,"Jul 08, 2019",2019,BKN,1,4.67,standard,1,Signed a 1 year $4.67 million contract with Brooklyn (BKN) - includes 2020 Club Option
templga01,Garrett Temple,6492,"Jul 09, 2016",2016,SAC,3,24.0,standard,1,Signed a 3 year $24 million contract with Sacramento (SAC)
templga01,Garrett Temple,6492,"Jul 28, 2014",2014,WAS,2,2.08,standard,1,Signed a 2 year $2.08 million contract with Washington (WAS)
templga01,Garrett Temple,6492,"Jul 10, 2013",2013,WAS,1,0.916099,standard,1,"Signed a 1 year $916,099 contract with Washington (WAS)"
templga01,Garrett Temple,6492,"Dec 25, 2012",2012,WAS,1,0.572943,standard,1,"Signed a 1 year $572,943 contract with Washington (WAS)"
templga01,Garrett Temple,6492,"Sep 12, 2012",2012,MIA,1,0.854389,standard,1,"Signed a 1 year $854,389 contract with Miami (MIA)"
teodomi01,Miloš Teodosić,24094,"Jul 10, 2017",2017,LAC,2,12.3,standard,1,Signed a 2 year $12.3 million contract with Los Angeles (LAC)
terryda01,Dalen Terry,78128,"Apr 10, 2026",2026,PHI,2,2.7,two-way,1,Signed a 2 year $2.7 million Rest-of-Season contract with Philadelphia (PHI) via converted Two-Way contract - includes 2026-27 Club Option
terryda01,Dalen Terry,78128,"Jul 08, 2022",2022,CHI,4,15.45,rookie-scale,1,Signed a 4 year $15.45 million Rookie Scale contract with Chicago (CHI)
terryja01,Jason Terry,2281,"Sep 18, 2017",2017,MIL,1,2.3,standard,1,Signed a 1 year $2.3 million contract with Milwaukee (MIL)
terryja01,Jason Terry,2281,"Aug 22, 2016",2016,MIL,1,1.55,standard,1,Signed a 1 year $1.55 million contract with Milwaukee (MIL)
terryja01,Jason Terry,2281,"Aug 24, 2015",2015,HOU,1,1.5,standard,1,Signed a 1 year $1.5 million contract with Houston (HOU)
terryja01,Jason Terry,2281,"Jul 18, 2012",2012,BOS,3,15.675,standard,1,Signed a 3 year $15.675 million contract with Boston (BOS)
terryja01,Jason Terry,2281,"Jul 24, 2006",2006,DAL,6,57.0,standard,1,Signed a 6 year $57 million contract with Dallas (DAL)
terryja01,Jason Terry,2281,"Oct 01, 2003",2003,ATL,3,22.5,standard,1,Signed a 3 year $22.5 million contract with Atlanta (ATL)
terryja01,Jason Terry,2281,"Jul 11, 1999",1999,ATL,3,4.7,standard,1,Signed a 3 year $4.7 million contract with Atlanta (ATL)
theisda01,Daniel Theis,23828,"Jul 09, 2024",2024,NOP,1,2.8,standard,1,Signed a 1 year $2.80 million contract with New Orleans (NOP)
theisda01,Daniel Theis,23828,"Aug 07, 2021",2021,CHI,4,36.0,standard,1,Signed a 4 year $36 million contract with Chicago (CHI) as part of a Sign-and-Trade with Houston (HOU)
theisda01,Daniel Theis,23828,"Jul 17, 2019",2019,BOS,2,10.0,standard,1,Signed a 2 year $10 million contract with Boston (BOS) - includes 2020 non-guaranteed
theisda01,Daniel Theis,23828,"Jul 20, 2017",2017,BOS,2,2.19,standard,1,Signed a 2 year $2.19 million contract with Boston (BOS)
thomaca02,Cam Thomas,76963,"Mar 09, 2026",2026,ATL,1,3.095,standard,1,Signed a 1 year $3.095 million contract with Atlanta (ATL)
thomaca02,Cam Thomas,76963,"May 25, 2022",2022,ARI,4,5.14,standard,1,Signed a 4 year $5.14 million contract with Arizona (ARI)
thomais02,Isaiah Thomas,8111,"Jul 10, 2019",2019,WAS,1,2.32,standard,1,Signed 1 year $2.32 million contract with Washington (WAS)
thomais02,Isaiah Thomas,8111,"Jul 16, 2018",2018,DEN,1,2.03,standard,1,Signed a 1 year $2.03 million contract with Denver (DEN)
thomais02,Isaiah Thomas,8111,"Jul 11, 2014",2014,SAC,4,27.0,standard,1,Signed a 4 year $27 million contract with Sacramento (SAC) as part of a sign-and-trade with Phoenix (PHX)
thomais02,Isaiah Thomas,8111,"Dec 09, 2011",2011,SAC,3,2.12,standard,1,Signed a 3 year $2.12 million contract with Sacramento (SAC)
thomala01,Lance Thomas,8713,"Jul 09, 2016",2016,NYK,4,27.5,standard,1,Signed a 4 year $27.5 million contract with New York (NYK)
thomala01,Lance Thomas,8713,"Jul 10, 2015",2015,NYK,1,1.64,standard,1,Signed a 1 year $1.64 million contract with New York (NYK)
thomala01,Lance Thomas,8713,"Jan 31, 2015",2015,NYK,1,0.424,standard,1,Signed a 1 year $424k contract with New York (NYK) for the remainder of the 2014-2015 season
thomala01,Lance Thomas,8713,"Sep 29, 2014",2014,OKC,1,0.948,standard,1,Signed a 1 year $948k contract with Oklahoma City (OKC) - camp invite
thomama02,Matt Thomas,31891,"Jul 18, 2019",2019,TOR,3,4.2,standard,1,Signed a 3 year $4.2 million contract with Toronto (TOR) - includes 2020 $725k guaranteed and 2021 non-guaranteed
thompam01,Amen Thompson,82199,"Jul 03, 2023",2023,HOU,4,40.0,rookie-scale,1,Signed a 4 year $40 million rookie scale contract with Houston (HOU)
thompau01,Ausar Thompson,82200,"Jul 02, 2023",2023,DET,4,36.25,rookie-scale,1,Signed a 4 year $36.25 million rookie scale contract with Detroit (DET)
thompho01,Hollis Thompson,10996,"Sep 27, 2013",2013,PHI,3,2.25,standard,1,Signed a 3 year $2.25 million contract with Philadelphia (PHI)
thompho01,Hollis Thompson,10996,"Jul 11, 2012",2012,OKC,3,2.09,standard,1,Signed a 3 year $2.09 million contract with Oklahoma City (OKC)
thompkl01,Klay Thompson,8062,"Jul 06, 2024",2024,GSW,3,50.0,standard,1,Signed a 3 year $50 million with Golden State (GSW) as part of a Sign-and-Trade with Dallas (DAL) - includes 15% Trade Bonus
thompkl01,Klay Thompson,8062,"Jul 10, 2019",2019,GSW,5,189.9,maximum,1,Signed a 5 year $189.9 million maximum contract with Golden State (GSW)
thompkl01,Klay Thompson,8062,"Oct 31, 2014",2014,GSW,4,69.0,extension,1,Signed a 4 year $69 million rookie extension with Golden State (GSW)
thomptr01,Tristan Thompson,8054,"Sep 12, 2023",2023,CLE,1,3.2,standard,1,Signed a 1 year $3.20 million contract with Cleveland (CLE)
thomptr01,Tristan Thompson,8054,"Nov 30, 2020",2020,BOS,2,18.98,standard,1,Signed a 2 year $18.98 million contract with Boston (BOS)
thomptr01,Tristan Thompson,8054,"Oct 22, 2015",2015,CLE,5,82.0,standard,1,Signed a 5 year $82 million contract with Cleveland (CLE)
thomptr01,Tristan Thompson,8054,"Dec 09, 2011",2011,CLE,2,7.38,standard,1,Signed a 2 year $7.38 million contract with Cleveland (CLE)
thorjt01,JT Thor,74144,"Aug 06, 2021",2021,CHA,4,6.64,standard,1,Signed a 4 year $6.64 million contract with Charlotte (CHA)
thornma01,Marcus Thornton,6308,"Jul 28, 2016",2016,WAS,1,1.32,standard,1,Signed a 1 year $1.32 million contract with Washington (WAS)
thornma01,Marcus Thornton,6308,"Jul 07, 2016",2016,WAS,1,1.3,standard,1,Signed a 1 year $1.3 million contract with Washington (WAS)
thornma01,Marcus Thornton,6308,"Mar 09, 2016",2016,WAS,1,0.251,standard,1,Signed a 1 year $251k contract with Washington (WAS)
thornma01,Marcus Thornton,6308,"Jul 14, 2015",2015,HOU,1,1.18,standard,1,Signed a 1 year $1.18 million contract with Houston (HOU)
thornma01,Marcus Thornton,6308,"Dec 09, 2011",2011,SAC,4,31.15,standard,1,Signed a 4 year $31.15 million contract with Sacramento (SAC)
thornma01,Marcus Thornton,6308,"Jul 07, 2009",2009,NOH,2,1.2,standard,1,Signed a 2 year $1.2 million contract with New Orleans (NOH)
thornsi01,Sindarius Thornwell,23649,"Nov 30, 2020",2020,NOP,1,1.68,standard,1,Signed a 1 year $1.68 million contract with New Orleans (NOP)
thornsi01,Sindarius Thornwell,23649,"Sep 03, 2019",2019,CLE,1,1.62,standard,1,Signed a 1 year $1.62 million contract with Cleveland (CLE)
thornsi01,Sindarius Thornwell,23649,"Jul 26, 2017",2017,LAC,3,3.8,standard,1,Signed a 3 year $3.8 million contract with Los Angeles (LAC)
thybuma01,Matisse Thybulle,31577,"Jul 28, 2026",2026,LAL,1,3.29,standard,1,Signed a 1 year $3.29 million contract with Los Angeles (LAL)
thybuma01,Matisse Thybulle,31577,"Jul 10, 2023",2023,POR,3,33.08,standard,1,Signed a 3 year $33.08 million contract with Portland (POR) matching the Dallas (DAL) offer sheet - includes 2025-26 Player Option
thybuma01,Matisse Thybulle,31577,"Jul 06, 2023",2023,DAL,3,33.0,standard,1,Signed a 3 year $33 million Offer Sheet with Dallas (DAL); Portland has the right to match
thybuma01,Matisse Thybulle,31577,"Jul 03, 2019",2019,PHI,4,12.51,rookie-scale,1,Signed a 4 year $12.51 million rookie scale contract with Philadelphia (PHI)
tilliki02,Killian Tillie,70714,"Jan 01, 2022",2022,MEM,2,3.8,standard,1,Signed a 2 year $3.8 million Rest-of-Season contract with Memphis (MEM)
tillmxa01,Xavier Tillman Sr.,70677,"Jul 02, 2024",2024,BOS,2,4.78,standard,1,Signed a 2 year $4.78 million contract with Boston (BOS)
tillmxa01,Xavier Tillman Sr.,70677,"Dec 01, 2020",2020,MEM,4,6.53,standard,1,Signed a 4 year $6.53 million contract with Memphis (MEM) - includes 2023 Club Option
tollian01,Anthony Tolliver,6483,"May 02, 2021",2021,PHI,2,2.96,standard,1,Signed a 2 year $2.96 million Rest-of-Season contract with Philadelphia (PHI)
tollian01,Anthony Tolliver,6483,"Jul 03, 2019",2019,POR,1,2.56,standard,1,Signed a 1 year $2.56 million contract with Portland (POR)
tollian01,Anthony Tolliver,6483,"Jul 07, 2018",2018,DET,1,5.75,standard,1,Signed a 1 year $5.75 million contract with Detroit (DET)
tollian01,Anthony Tolliver,6483,"Jul 14, 2017",2017,DET,1,3.29,standard,1,Signed a 1 year $3.29 million contract with Detroit (DET)
tollian01,Anthony Tolliver,6483,"Jul 09, 2016",2016,SAC,2,16.0,standard,1,Signed a 2 year $16 million contract with Sacramento (SAC) - Year 2 $2M partially
tollian01,Anthony Tolliver,6483,"Jul 21, 2014",2014,PHX,2,6.0,standard,1,Signed a 2 year $6 million contract with Phoenix (PHX)
tollian01,Anthony Tolliver,6483,"Aug 19, 2013",2013,CHA,1,1.027,standard,1,Signed a 1 year $1.027 million contract with Charlotte (CHA)
tollian01,Anthony Tolliver,6483,"Sep 24, 2012",2012,ATL,1,0.854389,standard,1,"Signed a 1 year $854,389 contract with Atlanta (ATL)"
tollian01,Anthony Tolliver,6483,"Aug 06, 2010",2010,MIN,2,4.25,standard,1,Signed a 2 year $4.25 million contract with Minnesota (MIN)
tollian01,Anthony Tolliver,6483,"Jul 23, 2008",2008,SAS,2,1.53,standard,1,Signed a 2 year $1.53 million contract with San Antonio (SAS)
tollian01,Anthony Tolliver,6483,"Sep 28, 2007",2007,CLE,1,0.427163,standard,1,"Signed a 1 year $427,163 contract with Cleveland (CLE)"
tomlina01,Nae'Qwan Tomlin,95599,"Feb 11, 2026",2026,CLE,2,3.13,two-way,1,Signed a 2 year $3.13 million Rest-of-Season contract with Cleveland (CLE) via converted Two-Way contract
toppiob01,Obi Toppin,70650,"Jul 06, 2024",2024,IND,4,58.0,standard,1,Signed a 4 year $58 million contract with Indiana (IND)
toppiob01,Obi Toppin,70650,"Nov 23, 2020",2020,NYK,4,22.12,rookie-scale,1,Signed a 4 year $22.12 million rookie scale contract with New York (NYK)
toscaju01,Juan Toscano-Anderson,32831,"Jul 01, 2022",2022,LAL,1,1.9,standard,1,Signed a 1 year $1.9 million contract with Los Angeles (LAL)
toscaju01,Juan Toscano-Anderson,32831,"May 13, 2021",2021,GSW,2,2.06,standard,1,Signed a 2 year $2.06 million Rest-of-Season contract with Golden State (GSW)
townska01,Karl-Anthony Towns,17829,"Jul 07, 2022",2022,MIN,4,220.44,extension,1,Signed a 4 year $220.44 Designated Veteran Player extension with Minnesota (MIN) - includes 2027-28 Player Option
townska01,Karl-Anthony Towns,17829,"Sep 23, 2018",2018,MIN,5,158.25,maximum,1,Signed a 5 year $158.25 million Designated Veteran extension with Minnesota (MIN) - eligible for 5 year $190 million maximum extension
townska01,Karl-Anthony Towns,17829,"Jul 07, 2015",2015,MIN,2,11.66,standard,1,Signed a 2 year $11.66 million contract with Minnesota (MIN)
traorno01,Nolan Traoré,98615,"Jul 04, 2025",2025,BKN,4,18.46,rookie-scale,1,Signed a 4 year $18.46 million Rookie Scale contract with Brooklyn (BKN)
trentga02,Gary Trent Jr.,27003,"Jul 16, 2026",2026,MIL,4,64.0,standard,1,Signed a 4 year $64 million contract with Milwaukee (MIL)
trentga02,Gary Trent Jr.,27003,"Jul 20, 2024",2024,MIL,1,2.6,standard,1,Signed a 1 year $2.6 million contract with Milwaukee (MIL)
trentga02,Gary Trent Jr.,27003,"Aug 07, 2021",2021,TOR,3,51.84,standard,1,Signed a 3 year $51.84 million contract with Toronto (TOR)
trentga02,Gary Trent Jr.,27003,"Jul 06, 2018",2018,POR,3,3.9,standard,1,Signed a 3 year $3.9 million contract with Portland (POR)
trieral01,Allonzo Trier,27606,"Dec 13, 2018",2018,NYK,1,3.38,two-way,1,"Signed a 1 year $3.38 million contract with New York (NYK) - converted Two-Way contract, used Bi-Annual Exception, includes Club Option"
tshieos01,Oscar Tshiebwe,84732,,2026,HOU,1,2.537526,standard,1,current contract
tuckepj01,P.J. Tucker,11059,"Jul 06, 2022",2022,PHI,3,33.0,standard,1,Signed a 3 year $33 million contract with Philadelphia (PHI) - includes 2024-25 Player Option
tuckepj01,P.J. Tucker,11059,"Aug 07, 2021",2021,MIA,2,14.35,standard,1,Signed a 2 year $14.35 million contract with Miami (MIA) - includes 2022-23 Player Option
tuckepj01,P.J. Tucker,11059,"Jul 06, 2017",2017,HOU,4,31.9,standard,1,Signed a 4 year $31.9 million contract with Houston (HOU)
tuckepj01,P.J. Tucker,11059,"Jul 23, 2014",2014,PHX,3,16.5,standard,1,Signed a 3 year $16.5 million contract with Phoenix (PHX)
tuckepj01,P.J. Tucker,11059,"Jul 24, 2012",2012,PHX,2,1.65,standard,1,Signed a 2 year $1.65 contract with Phoenix (PHX)
tuckepj01,P.J. Tucker,11059,"Jul 25, 2006",2006,TOR,1,0.412718,standard,1,"Signed a 1 year $412,718 contract with Toronto (TOR)"
turneev01,Evan Turner,6883,"Jul 07, 2016",2016,POR,4,70.0,standard,1,Signed a 4 year $70 million contract with Portland (POR)
turneev01,Evan Turner,6883,"Sep 28, 2014",2014,BOS,2,6.7,standard,1,Signed a 2 year $6.7 million contract with Boston (BOS)
turneev01,Evan Turner,6883,"Jul 14, 2010",2010,PHI,2,9.55,standard,1,Signed a 2 year $9.55 million contract with Philadelphia (PHI)
turnemy01,Myles Turner,17839,"Jul 06, 2025",2025,MIL,4,108.86,standard,1,Signed a 4 year $108.86 million contract with Milwaukee (MIL) - includes 2028-29 Player Option and 15% Trade Bonus
turnemy01,Myles Turner,17839,"Jan 30, 2023",2023,IND,2,58.0,extension,1,Signed a 2 year $58 million contract extension with Indiana (IND) as part of a renegotiation-and-extend.
turnemy01,Myles Turner,17839,"Oct 15, 2018",2018,IND,4,80.0,extension,1,Signed a 4 year $80 million rookie contract extension with Indiana (IND) - $72 million guaranteed
turnemy01,Myles Turner,17839,"Jul 13, 2015",2015,IND,2,4.82,standard,1,Signed a 2 year $4.82 million contract with Indiana (IND)
tysonhu01,Hunter Tyson,84466,"Jul 05, 2023",2023,DEN,4,7.64,standard,1,Signed a 4 year $7.64 million contract with Denver (DEN) - includes 2026-27 Club Option
tysonja01,Jaylon Tyson,91773,"Jul 03, 2024",2024,CLE,4,16.12,rookie-scale,1,Signed a 4 year $16.12 million rookie scale contract with Cleveland (CLE)
udohek01,Ekpe Udoh,8222,"Jul 20, 2017",2017,UTH,2,6.5,standard,1,Signed a 2 year$6.5 million contract with Utah (UTH)
udohek01,Ekpe Udoh,8222,"Sep 03, 2014",2014,LAC,1,0.981,standard,1,Signed a 1 year $981k contract with Los Angeles (LAC)
udohek01,Ekpe Udoh,8222,"Jul 07, 2010",2010,GSW,2,6.36,standard,1,Signed a 2 year $6.36 million contract with Golden State (GSW)
udrihbe01,Beno Udrih,2697,"Jul 15, 2014",2014,MEM,2,4.25,standard,1,Signed a 2 year $4.25 million contract with Memphis (MEM)
udrihbe01,Beno Udrih,2697,"Aug 08, 2013",2013,NYK,1,1.27,standard,1,Signed a 1 year $1.27 million contract with New York (NYK)
udrihbe01,Beno Udrih,2697,"Jul 09, 2008",2008,MIL,5,32.4,standard,1,Signed a 5 year $32.4 million contract with Milwaukee (MIL)
udrihbe01,Beno Udrih,2697,"Nov 01, 2007",2007,SAC,1,0.788349,standard,1,"Signed a 1 year $788,349 contract with Sacramento (SAC)"
udrihbe01,Beno Udrih,2697,"Jul 14, 2004",2004,SAS,3,2.71,standard,1,Signed a 3 year $2.71 million contract with San Antonio (SAS)
ulisty01,Tyler Ulis,20240,"Jul 07, 2016",2016,PHX,4,4.0,standard,1,Signed a 4 year $4 million contract with Phoenix (PHX)
valanjo01,Jonas Valančiūnas,8055,"Jul 06, 2024",2024,NOP,3,30.3,standard,1,Signed a 3 year $30.3 million contract with New Orleans (NOP) as part of a Sign-and-Trade with Washington (WAS)
valanjo01,Jonas Valančiūnas,8055,"Oct 20, 2021",2021,NOP,2,30.14,extension,1,Signed a 2 year $30.14 million contract extension with New Orleans (NOP)
valanjo01,Jonas Valančiūnas,8055,"Jul 11, 2019",2019,MEM,3,45.0,standard,1,Signed a 3 year $45 million contract with Memphis (MEM)
valanjo01,Jonas Valančiūnas,8055,"Jul 18, 2012",2012,TOR,2,6.9,standard,1,Signed a 2 year $6.9 million contract with Toronto (TOR)
valende01,Denzel Valentine,20219,"Sep 22, 2021",2021,CLE,2,4.13,standard,1,Signed a 2 year $4.13 million contract with Cleveland (CLE)
valende01,Denzel Valentine,20219,"Nov 21, 2020",2020,CHI,1,4.69,standard,1,Signed a 1 year $4.69 million Qualifying Offer contract with Chicago (CHI)
valende01,Denzel Valentine,20219,"Jul 16, 2016",2016,CHI,4,9.93,rookie-scale,1,Signed a 4 year $9.93 million rookie scale contract with Chicago (CHI)
vandeja01,Jarred Vanderbilt,27007,"Sep 15, 2023",2023,LAL,4,48.0,extension,1,Signed a 4 year $48 million veteran contract extension with Los Angeles (LAL)
vandeja01,Jarred Vanderbilt,27007,"Sep 15, 2021",2021,MIN,3,13.12,standard,1,Signed a 3 year $13.12 million contract with Minnesota (MIN)
vandeja01,Jarred Vanderbilt,27007,"Jul 11, 2018",2018,DEN,3,3.9,standard,1,Signed a 3 year $3.9 million contract with Denver (DEN)
vanvlfr01,Fred VanVleet,20778,"Jul 06, 2025",2025,HOU,2,50.0,standard,1,Signed a 2 year $50 million contract with Houston (HOU) - includes 2026-27 Player Option
vanvlfr01,Fred VanVleet,20778,"Jul 07, 2023",2023,HOU,3,128.5,standard,1,Signed a 3 year $128.5 million contract with Houston (HOU) - includes 2025 Club Option
vanvlfr01,Fred VanVleet,20778,"Nov 24, 2020",2020,TOR,4,85.0,standard,1,Signed a 4 year $85 million contract with Toronto (TOR)
vanvlfr01,Fred VanVleet,20778,"Jul 06, 2018",2018,TOR,2,18.0,standard,1,Signed a 2 year $18 million contract with Toronto (TOR)
vanvlfr01,Fred VanVleet,20778,"Jul 18, 2016",2016,TOR,2,1.45,standard,1,Signed a 2 year $1.45 million contract with Toronto (TOR)
varejan01,Anderson Varejão,2265,"Jul 17, 2016",2016,GSW,1,1.55,standard,1,Signed a 1 year $1.55 million contract with Golden State (GSW)
varejan01,Anderson Varejão,2265,"Feb 22, 2016",2016,GSW,1,0.456,standard,1,Signed a 1 year $456k contract with Golden State (GSW)
varejan01,Anderson Varejão,2265,"Oct 31, 2014",2014,CLE,3,30.0,extension,1,Signed a 3 year $30 million contract extension with Cleveland (CLE)
varejan01,Anderson Varejão,2265,"Jul 10, 2009",2009,CLE,6,48.3,standard,1,Signed a 6 year $48.3 million contract with Cleveland (CLE)
varejan01,Anderson Varejão,2265,"Dec 07, 2007",2007,CLE,2,11.1,standard,1,Signed a 2 year $11.1 million contract with Cleveland (CLE)
varejan01,Anderson Varejão,2265,"Aug 18, 2004",2004,CLE,3,2.6,standard,1,Signed a 3 year $2.6 million contract with Cleveland (CLE)
vassede01,Devin Vassell,70653,"Oct 03, 2023",2023,SAS,5,135.0,extension,1,Signed a 5 year $135 million rookie contract extension with San Antonio (SAS)
vassede01,Devin Vassell,70653,"Nov 27, 2020",2020,SAS,4,18.59,rookie-scale,1,Signed a 4 year $18.59 million rookie scale contract with San Antonio (SAS)
vaughra01,Rashad Vaughn,17845,"Jul 17, 2015",2015,MIL,2,3.54,standard,1,Signed a 2 year $3.54 million contract with Milwaukee (MIL)
vezenal01,Sasha Vezenkov,23658,"Jul 13, 2023",2023,SAC,3,19.97,standard,1,Signed a 3 year $19.97 million contract with Sacramento (SAC) - includes 2025-26 Club Option
villach01,Charlie Villanueva,2569,"Aug 06, 2015",2015,DAL,1,1.5,standard,1,Signed a 1 year $1.5 million contract with Dallas (DAL)
villach01,Charlie Villanueva,2569,"Sep 23, 2014",2014,DAL,1,1.31,standard,1,Signed a 1 year $1.31 million contract with Dallas (DAL)
villach01,Charlie Villanueva,2569,"Jul 01, 2009",2009,DET,5,37.7,standard,1,Signed a 5 year $37.7 million contract with Detroit (DET)
villach01,Charlie Villanueva,2569,"Jul 05, 2005",2005,TOR,2,4.9,standard,1,Signed a 2 year $4.9 million contract with Toronto (TOR)
vincega01,Gabe Vincent,28087,"Jul 06, 2023",2023,LAL,3,33.0,standard,1,Signed a 3 year $33 million contract with Los Angeles (LAL)
vincega01,Gabe Vincent,28087,"Aug 06, 2021",2021,MIA,2,3.48,standard,1,Signed a 2 year $3.48 million contract with Miami (MIA)
vonleno01,Noah Vonleh,15361,"Nov 27, 2020",2020,CHI,1,2.03,standard,1,Signed a 1 year a $2.03 million contract with Chicago (CHI)
vonleno01,Noah Vonleh,15361,"Jul 24, 2018",2018,NYK,1,1.62,standard,1,Signed a 1 year $1.62 million contract with New York (NYK)
vonleno01,Noah Vonleh,15361,"Jul 26, 2014",2014,CHA,2,5.16,standard,1,Signed a 2 year $5.16 million contract with Charlotte (CHA)
vucevni01,Nikola Vučević,8067,"Jul 01, 2026",2026,ORL,1,3.88,standard,1,Signed a 1 year $3.88 million contract with Orlando (ORL)
vucevni01,Nikola Vučević,8067,"Jul 06, 2019",2019,ORL,4,100.0,standard,1,Signed a 4 year $100 million contract with Orlando (ORL)
vucevni01,Nikola Vučević,8067,"Oct 23, 2014",2014,ORL,4,53.0,extension,1,Signed a 4 year $53 million rookie contract extension with Orlando (ORL)
vucevni01,Nikola Vučević,8067,"Dec 09, 2011",2011,PHI,2,3.36,standard,1,Signed a 2 year $3.36 million contract with Philadelphia (PHI)
vujacsa01,Sasha Vujačić,2526,"Jul 14, 2016",2016,NYK,1,1.41,standard,1,Signed a 1 year $1.41 million contract with New York (NYK)
vujacsa01,Sasha Vujačić,2526,"Aug 07, 2015",2015,NYK,1,1.36,standard,1,Signed a 1 year $1.36 million contract with New York (NYK)
vukcetr01,Tristan Vukcevic,84470,"Feb 21, 2026",2026,WAS,3,8.86,two-way,1,Signed a 3 year $8.86 million Rest-of-Season contract with Washington (WAS) via converted Two-Way contract - includes 2027-28 Club Option
vukcetr01,Tristan Vukcevic,84470,"Mar 13, 2024",2024,WAS,2,4.85,standard,1,Signed a 2 year $4.85 million Rest-of-Season contract with Washington (WAS)
wadede01,Dean Wade,31963,"Jul 06, 2026",2026,PHI,4,38.7,standard,1,Signed a 4 year $38.7 million contract with Philadelphia (PHI)
wadede01,Dean Wade,31963,"Sep 27, 2022",2022,CLE,3,18.5,extension,1,Signed a 3 year $18.5 million veteran contract extension with Cleveland (CLE)
wadedw01,Dwyane Wade,2556,"Sep 27, 2017",2017,CLE,1,2.3,standard,1,Signed a 1 year $2.3 million contract with Cleveland (CLE)
wadedw01,Dwyane Wade,2556,"Jul 15, 2016",2016,CHI,2,47.0,standard,1,Signed a 2 year $47 million contract with Chicago (CHI)
wadedw01,Dwyane Wade,2556,"Jul 15, 2014",2014,MIA,2,31.125,standard,1,Signed a 2 year $31.125 million contract with Miami (MIA) - includes Player Option
wadedw01,Dwyane Wade,2556,"Jul 10, 2010",2010,MIA,6,107.2,standard,1,Signed a 6 year $107.2 million contract with Miami (MIA)
wadedw01,Dwyane Wade,2556,"Jun 12, 2006",2006,MIA,3,43.2,rookie-scale,1,Signed a 3 year $43.2 million rookie scale extension with Miami (MIA)
wadedw01,Dwyane Wade,2556,"Aug 18, 2003",2003,MIA,3,8.5,standard,1,Signed a 3 year $8.5 million contract with Miami (MIA)
wagnefr01,Franz Wagner,74115,"Jul 06, 2024",2024,ORL,5,224.23,rookie-scale,1,Signed a 5 year $224.23 million Rookie Scale contract extension with Orlando (ORL)
wagnefr01,Franz Wagner,74115,"Aug 03, 2021",2021,ORL,4,22.78,rookie-scale,1,Signed a 4 year $22.78 million rookie scale contract with Orlando (ORL)
wagnemo01,Moritz Wagner,26991,"Jul 31, 2026",2026,BKN,2,18.45,standard,1,Signed a 2 year $18.45 million contract with Brooklyn (BKN) - includes 2027-28 Mutual Option
wagnemo01,Moritz Wagner,26991,"Jul 07, 2025",2025,ORL,1,5.0,standard,1,Signed a 1 year $5 million contract with Orlando (ORL)
wagnemo01,Moritz Wagner,26991,"Jul 06, 2024",2024,ORL,2,22.0,standard,1,Signed a 2 year $22 million contract with Orlando (ORL) - includes 2025-26 Club Option
wagnemo01,Moritz Wagner,26991,"Jul 11, 2023",2023,ORL,2,16.0,standard,1,Signed a 2 year $16 million contract with Orlando (ORL) - includes 2024-25 Club Option
wagnemo01,Moritz Wagner,26991,"Aug 23, 2021",2021,ORL,2,3.6,standard,1,Signed a 2 year $3.6 million contract with Orlando (ORL)
wagnemo01,Moritz Wagner,26991,"Jul 01, 2018",2018,LAL,4,9.88,rookie-scale,1,Signed a 4 year $9.88 million rookie scale contract with Los Angeles (LAL)
wainris01,Ish Wainright,74220,"Feb 24, 2023",2023,PHX,2,2.4,two-way,1,Signed a 2 year $2.40 million Rest-of-Season contract with Phoenix (PHX) - converted Two-Way contract and includes 2023-24 Club Option
wainris01,Ish Wainright,74220,"Aug 08, 2021",2021,TOR,2,2.49,standard,1,Signed a 2 year $2.49 million contract with Toronto (TOR)
waitedi01,Dion Waiters,10812,"Jul 07, 2017",2017,MIA,4,52.0,standard,1,Signed a 4 year $52 million contract with Miami (MIA)
waitedi01,Dion Waiters,10812,"Jul 26, 2016",2016,MIA,2,5.93,standard,1,Signed a 2 year $5.93 million contract with Miami (MIA)
waitedi01,Dion Waiters,10812,"Jul 05, 2012",2012,CLE,2,7.6,standard,1,Signed a 2 year $7.6 million contract with Cleveland (CLE)
walkeja01,Jabari Walker,78167,"Feb 19, 2026",2026,PHI,2,3.31,two-way,1,Signed a 2 year $3.31 million Rest-of-Season contract with Philadelphia (PHI) via converted Two-Way
walkeja01,Jabari Walker,78167,"Jul 13, 2022",2022,POR,3,4.76,standard,1,Signed a 3 year $4.76 million contract with Portland (POR)
walkeja02,Jarace Walker,82201,"Jul 01, 2023",2023,IND,4,27.57,rookie-scale,1,Signed a 4 year $27.57 million rookie scale contract with Indiana (IND)
walkeke02,Kemba Walker,8059,"Aug 10, 2021",2021,NYK,2,17.89,standard,1,Signed a 2 year $17.89 million contract with New York (NYK)
walkeke02,Kemba Walker,8059,"Jul 06, 2019",2019,CHA,4,140.79,maximum,1,Signed a 4 year $140.79 maximum contract with Charlotte (CHA) as part of a Sign-and-Trade with Boston (BOS) - includes 2022 Player Option
walkeke02,Kemba Walker,8059,"Oct 29, 2014",2014,CHA,4,48.0,extension,1,Signed a 4 year $48 million rookie extension with Charlotte (CHA)
walkeke02,Kemba Walker,8059,"Dec 12, 2011",2011,CHA,2,4.82,standard,1,Signed a 2 year $4.82 million contract with Charlotte (CHA)
walkelo01,Lonnie Walker IV,26984,"Jul 10, 2023",2023,BKN,1,2.34,standard,1,Signed a 1 year $2.34 million contract with Brooklyn (BKN)
walkelo01,Lonnie Walker IV,26984,"Jul 06, 2022",2022,LAL,1,6.48,standard,1,Signed a 1 year $6.48 million contract with Los Angeles (LAL)
walkelo01,Lonnie Walker IV,26984,"Jul 12, 2018",2018,SAS,4,12.46,rookie-scale,1,Signed a 4 year $12.46 million rookie scale contract with San Antonio (SAS)
wallaca01,Cason Wallace,82207,"Jul 07, 2023",2023,OKC,4,24.09,rookie-scale,1,Signed a 4 year $24.09 million rookie scale contract with Oklahoma City (OKC)
wallake01,Keaton Wallace,79960,"Oct 18, 2025",2025,ATL,1,2.3,two-way,1,Signed a 1 year $2.30 million contract with Atlanta (ATL) via converted Two-Way
wallaty01,Tyrone Wallace,20266,"Sep 03, 2018",2018,LAC,2,2.93,standard,1,Signed a 2 year $2.93 million contract with Los Angeles (LAC) - matched New Orleans (NOP) Offer Sheet
walljo01,John Wall,6882,"Jul 09, 2022",2022,LAC,2,13.28,standard,1,Signed a 2 year $13.28 million contract with Los Angeles (LAC) - includes 2023-24 Club Option
walljo01,John Wall,6882,"Jul 26, 2017",2017,WAS,4,171.0,extension,1,Signed a 4 year $171 million Designated Veteran Player contract extension with Washington (WAS)
walljo01,John Wall,6882,"Jul 31, 2013",2013,WAS,5,84.79,maximum,1,Signed a 5 year $84.79 million maximum rookie extension with Washington (WAS)
walljo01,John Wall,6882,"Jul 09, 2010",2010,WAS,4,24.05,standard,1,Signed a 4 year $24.05 million contract with Washington (WAS)
walshjo01,Jordan Walsh,84467,"Jul 23, 2026",2026,BOS,3,15.0,extension,1,Signed a 3 year $15 million contract extension with Boston (BOS) - includes 2029-30 Club Option
walshjo01,Jordan Walsh,84467,"Jul 06, 2023",2023,BOS,4,7.64,standard,1,Signed a 4 year $7.64 million contract with Boston (BOS) - includes 2026-27 Club Option
walteja01,Ja'Kobe Walter,91754,"Jul 04, 2024",2024,TOR,4,16.79,rookie-scale,1,Signed a 4 year $16.79 million rookie scale contract with Toronto (TOR)
wanambr01,Brad Wanamaker,27289,"Nov 23, 2020",2020,GSW,1,2.25,standard,1,Signed a 1 year $2.25 million contract with Golden State (GSW)
wanambr01,Brad Wanamaker,27289,"Jul 02, 2018",2018,BOS,1,0.838,standard,1,Signed a 1 year $838k contract with Boston (BOS)
wareke01,Kel'el Ware,91767,"Jul 01, 2024",2024,MIA,4,20.5,rookie-scale,1,Signed a 4 year $20.5 million rookie scale contract with Miami (MIA)
warretj01,T.J. Warren,15366,"Jul 07, 2022",2022,BKN,1,2.63,standard,1,Signed a 1 year $2.63 million contract with Brooklyn (BKN)
warretj01,T.J. Warren,15366,"Sep 25, 2017",2017,PHX,4,47.0,extension,1,Signed a 4 year $47 million contract extension with Phoenix (PHX)
warretj01,T.J. Warren,15366,"Jul 12, 2014",2014,PHX,2,3.99,standard,1,Signed a 2 year $3.99 million contract with Phoenix (PHX)
washipj01,P.J. Washington,31569,"Sep 10, 2025",2025,DAL,4,88.76,extension,1,Signed a 4 year $88.76 million veteran contract extension with Dallas (DAL)
washipj01,P.J. Washington,31569,"Aug 29, 2023",2023,CHA,3,46.5,standard,1,Signed a 3 year $46.5 million contract with Charlotte (CHA)
washipj01,P.J. Washington,31569,"Jul 03, 2019",2019,CHA,4,17.88,rookie-scale,1,Signed a 4 year $17.88 million rookie scale contract with Charlotte (CHA)
washity02,TyTy Washington Jr.,78125,"Jul 01, 2022",2022,HOU,4,11.34,rookie-scale,1,Signed a 4 year $11.34 million Rookie Scale contract with Houston (HOU)
watanyu01,Yuta Watanabe,27713,"Jul 03, 2023",2023,PHX,2,5.0,standard,1,Signed a 2 year $5 million million contract with Phoenix (PHX) - includes 2024-25 Player Option
watanyu01,Yuta Watanabe,27713,"Apr 18, 2021",2021,TOR,2,2.08,standard,1,Signed a 2 year $2.08 million Rest-of-Season contract with Toronto (TOR)
waterli01,Lindy Waters III,75746,"Jul 24, 2025",2025,SAS,1,2.46,standard,1,Signed a 1 year $2.46 million contract with San Antonio (SAS)
waterli01,Lindy Waters III,75746,"Feb 09, 2024",2024,OKC,2,6.29,standard,1,Signed a 2 year $6.29 million Rest-of-Season contract with Oklahoma City (OKC) - includes 2023-24 Club Option
watfotr01,Trendon Watford,74232,"Jul 02, 2025",2025,PHI,2,5.26,standard,1,Signed a 2 year $5.26 million contract with Philadelphia (PHI) - includes 2026-27 Club Option
watfotr01,Trendon Watford,74232,"Jul 09, 2024",2024,BKN,1,2.73,standard,1,Signed a 1 year $2.73 million Qualifying Offer contract with Brooklyn (BKN)
watfotr01,Trendon Watford,74232,"Aug 03, 2023",2023,BKN,1,2.02,standard,1,Signed a 1 year $2.02 million contract with Brooklyn (BKN)
watkija01,Jamir Watkins,99257,"Feb 26, 2026",2026,WAS,2,3.28,standard,1,Signed a 2 year $3.28 million Rest-of-Season contract with Washington (WAS) - includes 2026-27 Club Option
watsocj01,C.J. Watson,2324,"Jul 09, 2015",2015,ORL,3,15.0,standard,1,Signed a 3 year $15 million contract with Orlando (ORL)
watsocj01,C.J. Watson,2324,"Jul 10, 2013",2013,IND,2,4.1,standard,1,Signed a 2 year $4.1 million contract with Indiana (IND)
watsocj01,C.J. Watson,2324,"Jul 23, 2012",2012,BKN,2,2.1,standard,1,Signed a 2 year $2.1 million contract with Brooklyn (BKN)
watsocj01,C.J. Watson,2324,"Jul 20, 2010",2010,GSW,3,10.2,standard,1,Signed a 3 year $10.2 million contract with Golden State (GSW)
watsocj01,C.J. Watson,2324,"Sep 09, 2009",2009,GSW,,1.0,standard,1,Signed a $1 million contract with Golden State (GSW)
watsocj01,C.J. Watson,2324,"Sep 18, 2007",2007,CHA,1,0.427163,standard,1,"Signed a 1 year $427,163 contract with Charlotte (CHA)"
watsopa01,Paul Watson,28089,"Dec 20, 2020",2020,TOR,2,3.14,two-way,1,Signed a 2 year $3.14 million contract with Toronto (TOR) - converted Two-Way contract
watsope01,Peyton Watson,78138,"Jul 03, 2022",2022,DEN,4,11.27,rookie-scale,1,Signed a 4 year $11.27 million Rookie Scale contract with Denver (DEN)
weberbr01,Briante Weber,18287,"Aug 08, 2017",2017,LAL,1,1.47,standard,1,Signed a 1 year $1.47 million contract with Los Angeles (LAL) - $50k guaranteed
weberbr01,Briante Weber,18287,"Mar 19, 2017",2017,CHA,2,1.6,standard,1,Signed a 2 year $1.6 million contract with Charlotte (CHA)
weberbr01,Briante Weber,18287,"Apr 10, 2016",2016,MIA,3,1.9,standard,1,Signed a 3 year $1.9 million contract with Miami (MIA)
weberbr01,Briante Weber,18287,"Oct 19, 2015",2015,MIA,1,0.525,standard,1,Signed a 1 year $525k contract with Miami (MIA)
wellsja01,Jaylen Wells,93952,"Jul 06, 2024",2024,MEM,4,7.9,standard,1,Signed a 4 year $7.9 million contract with Memphis (MEM) via 2nd-round exception - includes 2027-28 Club Option
wembavi01,Victor Wembanyama,82196,"Jul 10, 2026",2026,SAS,5,252.3,rookie-scale,1,Signed a 5 year $252.3 million Rookie Scale contract extension with San Antonio (SAS) - includes 2031-32 Player Option
wembavi01,Victor Wembanyama,82196,"Jul 01, 2023",2023,SAS,4,55.17,rookie-scale,1,Signed a 4 year $55.17 million rookie scale contract with San Antonio (SAS)
weslebl01,Blake Wesley,78132,"Jul 21, 2025",2025,POR,1,2.38,standard,1,Signed a 1 year $2.38 million contract with Portland (POR)
weslebl01,Blake Wesley,78132,"Jul 05, 2022",2022,SAS,4,12.24,rookie-scale,1,Signed a 4 year $12.24 million Rookie Scale contract with San Antonio (SAS)
westbru01,Russell Westbrook,6141,"Oct 16, 2025",2025,SAC,1,3.63,standard,1,Signed a 1 year $3.63 million contract with Sacramento (SAC)
westbru01,Russell Westbrook,6141,"Jul 26, 2024",2024,DEN,2,6.77,standard,1,Signed a 2 year $6.77 million contract with Denver (DEN) - includes 2025-26 Player Option
westbru01,Russell Westbrook,6141,"Jul 06, 2023",2023,LAC,2,7.86,standard,1,Signed a 2 year $7.86 million contract with LA Clippers (LAC) - includes 2024-25 Player Option
westbru01,Russell Westbrook,6141,"Sep 29, 2017",2017,OKC,5,206.8,extension,1,Signed a 5 year $206.8 million contract extension (Designated Veteran Player Extension) with Oklahoma City (OKC)
westbru01,Russell Westbrook,6141,"Aug 04, 2016",2016,OKC,3,86.0,standard,1,Signed a 3 year $86 million contract with Oklahoma City (OKC)
westbru01,Russell Westbrook,6141,"Jan 19, 2012",2012,OKC,5,78.6,maximum,1,Signed a 5 year $78.6 million maximum rookie scale extension with Oklahoma City (OKC)
westbru01,Russell Westbrook,6141,"Jul 04, 2008",2008,SEA,4,16.35,standard,1,Signed a 4 year $16.35 million contract with Seattle (SEA)
westda01,David West,2613,"Jul 09, 2016",2016,GSW,1,1.55,standard,1,Signed a 1 year $1.55 million contract with Golden State (GSW)
westda01,David West,2613,"Jul 17, 2015",2015,SAS,2,3.05,standard,1,Signed a 2 year $3.05 million contract with San Antonio (SAS)
westda01,David West,2613,"Jul 10, 2013",2013,IND,3,36.6,standard,1,Signed a 3 year $36.6 million with Indiana (IND)
westda01,David West,2613,"Dec 11, 2011",2011,IND,2,20.0,standard,1,Signed a 2 year $20 million contract with Indiana (IND)
westda01,David West,2613,"Oct 30, 2006",2006,NOH,5,45.4,rookie-scale,1,Signed a 5 year $45.4 million rookie scale extension with New Orleans (NOH)
westda01,David West,2613,"Jul 08, 2003",2003,NOH,3,3.74,standard,1,Signed a 3 year $3.74 million contract with New Orleans (NOH)
whiteco01,Coby White,31564,"Jul 06, 2026",2026,CHA,3,74.0,standard,1,Signed a 3 year $74 million contract with Charlotte (CHA)
whiteco01,Coby White,31564,"Jul 07, 2023",2023,CHI,3,36.0,standard,1,Signed a 3 year $36 million contract with Chicago (CHI)
whiteco01,Coby White,31564,"Jul 01, 2019",2019,CHI,4,24.13,rookie-scale,1,Signed a 4 year $24.13 million rookie scale contract with Chicago (CHI)
whitede01,Derrick White,23624,"Jul 06, 2024",2024,BOS,4,118.05,extension,1,Signed a 4 year $118.05 million contract extension with Boston (BOS) - includes 2028-29 Player Option and 15% Trade Bonus
whitede01,Derrick White,23624,"Dec 21, 2020",2020,SAS,4,70.0,extension,1,Signed a 4 year $70 million rookie contract extension with San Antonio (SAS)
whitede01,Derrick White,23624,"Jul 06, 2017",2017,SAS,4,8.54,rookie-scale,1,Signed a 4 year $8.54 million rookie scale contract with San Antonio (SAS)
whiteha01,Hassan Whiteside,6915,"Aug 06, 2021",2021,UTH,1,2.4,standard,1,Signed a 1 year $2.40 million contract with Utah (UTH)
whiteha01,Hassan Whiteside,6915,"Nov 27, 2020",2020,SAC,1,2.3,standard,1,Signed a 1 year $2.3 million contract with Sacramento (SAC)
whiteha01,Hassan Whiteside,6915,"Jul 07, 2016",2016,MIA,4,98.4,maximum,1,Signed a 4 year $98.4 million maximum contract with Miami (MIA) - includes 2019-20 Player Option
whiteha01,Hassan Whiteside,6915,"Nov 24, 2014",2014,MIA,2,1.75,standard,1,Signed a 2 year $1.75 million contract with Miami (MIA)
whiteha01,Hassan Whiteside,6915,"Nov 19, 2014",2014,MEM,1,0.797,standard,1,Signed a 1 year $797k contract with Memphis (MEM)
whiteha01,Hassan Whiteside,6915,"Sep 24, 2014",2014,MEM,1,0.915,standard,1,Signed a 1 year $915k contract with Memphis (MEM) - camp invite
whiteis01,Isaiah Whitehead,20248,"Jul 08, 2016",2016,BKN,4,4.59,standard,1,Signed a 4 year $4.59 million contract with Brooklyn (BKN)
whiteok01,Okaro White,20798,"Nov 23, 2018",2018,WAS,1,1.19,standard,1,Signed a 1 year $1.19 million contract with Washington (WAS)
whiteok01,Okaro White,20798,"Feb 06, 2017",2017,MIA,2,1.52,standard,1,Signed a 2 year $1.52 million contract with Miami (MIA)
whiteok01,Okaro White,20798,"Jul 15, 2016",2016,MIA,2,1.45,standard,1,Signed a 2 year $1.45 million contract with Miami (MIA)
whitmca01,Cam Whitmore,82202,"Jul 03, 2023",2023,HOU,4,15.6,rookie-scale,1,Signed a 4 year $15.6 million rookie scale contract with Houston (HOU)
wiggiaa01,Aaron Wiggins,74162,"Jul 07, 2024",2024,OKC,5,45.0,standard,1,Signed a 5 year $45 million contract with Oklahoma City (OKC)
wiggiaa01,Aaron Wiggins,74162,"Feb 12, 2022",2022,OKC,4,6.39,standard,1,Signed a 4 year $6.39 million Rest-of-Season contract with Oklahoma City (OKC) - includes 2024-25 Club Option
wiggian01,Andrew Wiggins,15353,"Jul 06, 2026",2026,MIA,2,33.83,extension,1,Signed a 2 year $33.83 million contract extension with Miami (MIA) - includes 2028-29 Player Option
wiggian01,Andrew Wiggins,15353,"Oct 15, 2022",2022,GSW,4,109.0,extension,1,Signed a 4 year $109 million veteran contract extension with Golden State (GSW) - includes 2026-27 Player Option
wiggian01,Andrew Wiggins,15353,"Oct 11, 2017",2017,MIN,5,147.7,maximum,1,Signed a 5 year $147.7 million maximum contract extension with Minnesota (MIN)
wiggian01,Andrew Wiggins,15353,"Jul 24, 2014",2014,CLE,2,11.27,standard,1,Signed a 2 year $11.27 million contract with Cleveland (CLE)
willial03,Alan Williams,18820,"Jul 26, 2017",2017,PHX,3,17.0,standard,1,Signed a 3 year $17 million contract with Phoenix (PHX)
willial03,Alan Williams,18820,"Mar 18, 2016",2016,PHX,2,0.95,standard,1,Signed a 2 year $950k contract with Phoenix (PHX)
willibr03,Brandon Williams,12375,"Mar 09, 2017",2017,BAL,5,52.5,standard,1,Signed a 5 year $52.5 million contract with Baltimore (BAL)
willibr03,Brandon Williams,12375,"Jun 07, 2013",2013,BAL,4,2.675,standard,1,Signed a 4 year $2.675 million contract with Baltimore (BAL)
willico04,Cody Williams,91752,"Jul 02, 2024",2024,UTA,4,24.9,rookie-scale,1,Signed a 4 year $24.9 million rookie scale contract with Utah (UTA)
willide01,Deron Williams,2757,"Feb 27, 2017",2017,CLE,1,0.411,standard,1,Signed a 1 year $411k contract with Cleveland (CLE)
willide01,Deron Williams,2757,"Jul 08, 2016",2016,DAL,1,10.0,standard,1,Signed a 1 year $10 million contract with Dallas (DAL)
willide01,Deron Williams,2757,"Jul 14, 2015",2015,DAL,2,11.0,standard,1,Signed a 2 year $11 million contract with Dallas (DAL)
willide01,Deron Williams,2757,"Jul 11, 2012",2012,BKN,5,98.77,standard,1,Signed a 5 year $98.77 million contract with Brooklyn (BKN)
willide01,Deron Williams,2757,"Jul 18, 2008",2008,UTH,4,70.0,rookie-scale,1,Signed a 4 year $70 million rookie scale extension with Utah (UTH)
willide01,Deron Williams,2757,"Jul 11, 2005",2005,UTH,2,7.24,standard,1,Signed a 2 year $7.24 million contract with Utah (UTH)
willide02,Derrick Williams,8052,"Mar 04, 2017",2017,CLE,1,0.268,standard,1,Signed a 1 year $268k contract with Cleveland (CLE)
willide02,Derrick Williams,8052,"Jul 10, 2016",2016,MIA,1,4.6,standard,1,Signed a 1 year $4.6 million contract with Miami (MIA)
willide02,Derrick Williams,8052,"Jul 09, 2015",2015,NYK,2,8.998,standard,1,Signed a 2 year $8.998 million with New York (NYK)
willide02,Derrick Williams,8052,"Dec 10, 2011",2011,MIN,2,9.4,standard,1,Signed a 2 year $9.4 million contract with Minnesota (MIN)
willigr01,Grant Williams,31579,"Jul 12, 2023",2023,BOS,4,53.34,standard,1,Signed a 4 year $53.34 million contract with Boston (BOS) as part of a Sign-and-Trade with Dallas (DAL)
willigr01,Grant Williams,31579,"Jul 11, 2019",2019,BOS,4,11.8,rookie-scale,1,Signed a 4 year $11.80 million rookie scale contract with Boston (BOS)
willija06,Jalen Williams,78126,"Jul 13, 2025",2025,OKC,5,239.19,extension,1,Signed a 5 year $239.19 million Designated Rookie contract extension with Oklahoma City (OKC). The deal includes Designated Rookie language with would make the contract worth 30% of cap.
willija06,Jalen Williams,78126,"Jul 01, 2022",2022,OKC,4,20.26,rookie-scale,1,Signed a 4 year $20.26 million Rookie Scale contract with Oklahoma City (OKC)
willija07,Jaylin Williams,78150,"Jun 29, 2025",2025,OKC,3,24.0,extension,1,Signed a 3 year $24 million veteran contract extension with Oklahoma City (OKC) - includes 2027-28 Club Option
willija07,Jaylin Williams,78150,"Jul 19, 2022",2022,OKC,4,8.21,standard,1,Signed a 4 year $8.21 million contract with Oklahoma City (OKC)
willike04,Kenrich Williams,27758,"Jul 06, 2026",2026,OKC,1,5.0,standard,1,Signed a 1 year $5 million contract with Oklahoma City (OKC)
willike04,Kenrich Williams,27758,"Jul 20, 2022",2022,OKC,4,27.17,extension,1,Signed a 4 year $27.17 million veteran contract extension with Oklahoma City (OKC) - includes 2026-27 Club Option
willike04,Kenrich Williams,27758,"Nov 24, 2020",2020,NOP,3,6.0,standard,1,Signed a 3 year $6 million contract with New Orleans (NOP) as part of a Sign-and-Trade with Oklahoma City (OKC)
willike04,Kenrich Williams,27758,"Jul 24, 2018",2018,NOP,2,2.28,standard,1,Signed a 2 year $2.28 million contract with New Orleans (NOP)
willilo02,Lou Williams,2657,"Aug 06, 2021",2021,ATL,1,5.0,standard,1,Signed a 1 year $5 million contract with Atlanta (ATL)
willilo02,Lou Williams,2657,"Jul 09, 2015",2015,LAL,3,21.0,standard,1,Signed a 3 year $21 million contract with Los Angeles (LAL)
willilo02,Lou Williams,2657,"Jul 24, 2012",2012,ATL,3,12.675,standard,1,Signed a 3 year $12.675 million contract with Atlanta (ATL)
willilo02,Lou Williams,2657,"Aug 04, 2008",2008,PHI,5,26.0,standard,1,Signed a 5 year $26 million contract with Philadelphia (PHI)
willilo02,Lou Williams,2657,"Aug 18, 2005",2005,PHI,2,1.11,standard,1,Signed a 2 year $1.11 million contract with Philadelphia (PHI)
willima01,Mo Williams,2571,"Jul 10, 2015",2015,CLE,2,4.29,standard,1,Signed a 2 year $4.29 million contract with Cleveland (CLE)
willima01,Mo Williams,2571,"Jul 29, 2014",2014,MIN,1,3.75,standard,1,Signed a 1 year $3.75 million contract with Minnesota (MIN)
willima01,Mo Williams,2571,"Aug 08, 2013",2013,POR,2,5.4,standard,1,Signed a 2 year $5.4 million contract with Portland (POR)
willima01,Mo Williams,2571,"Jul 24, 2007",2007,MIL,6,51.3,standard,1,Signed a 6 year $51.3 million contract with Milwaukee (MIL)
willima01,Mo Williams,2571,"Aug 23, 2004",2004,MIL,3,5.28,standard,1,Signed a 3 year $5.28 million contract with Milwaukee (MIL)
willima01,Mo Williams,2571,"Sep 16, 2003",2003,UTH,1,0.366,standard,1,Signed a 1 year $366k contract with Utah (UTH)
willima02,Marvin Williams,2208,"Jul 10, 2016",2016,CHA,4,54.5,standard,1,Signed a 4 year $54.5 million contract with Charlotte (CHA)
willima02,Marvin Williams,2208,"Jul 21, 2014",2014,CHA,2,14.0,standard,1,Signed a 2 year $14 million contract with Charlotte (CHA)
willima02,Marvin Williams,2208,"Jul 29, 2009",2009,ATL,5,37.5,standard,1,Signed a 5 year $37.5 million contract with Atlanta (ATL)
willima02,Marvin Williams,2208,"Jul 12, 2005",2005,ATL,2,8.06,standard,1,Signed a 2 year $8.06 million contract with Atlanta (ATL)
willima07,Mark Williams,78121,"Jul 07, 2026",2026,PHX,3,38.0,standard,1,Signed a 3 year $38 million contract with Phoenix (PHX)
willima07,Mark Williams,78121,"Jul 02, 2022",2022,CHA,4,18.0,rookie-scale,1,Signed a 4 year $18.00 million Rookie Scale contract with Charlotte (CHA)
willipa01,Patrick Williams,70646,"Jun 29, 2024",2024,CHI,5,90.0,standard,1,Signed a 5 year $90 million contract with Chicago (CHI) - includes 2028-29 Player Option
willipa01,Patrick Williams,70646,"Nov 21, 2020",2020,CHI,4,32.1,standard,1,Signed a 4 year $32.10 million contract with Chicago (CHI)
williro04,Robert Williams,26993,"Jun 30, 2026",2026,POR,3,43.5,extension,1,Signed a 3 year $43.5 million contract extension with Portland (POR)
williro04,Robert Williams,26993,"Aug 24, 2021",2021,BOS,4,48.0,rookie-scale,1,Signed a 4 year $48 million rookie scale contract extension with Boston (BOS)
williro04,Robert Williams,26993,"Jul 05, 2018",2018,BOS,4,9.28,rookie-scale,1,Signed a 4 year $9.28 million rookie scale contract with Boston (BOS)
willitr02,Troy Williams,20919,"Jul 27, 2018",2018,NOP,1,1.5,standard,1,Signed a 1 year $1.5 million contract with New Orleans (NOP)
willitr02,Troy Williams,20919,"Mar 13, 2018",2018,NYK,2,1.76,standard,1,Signed a 2 year $1.76 million contract with New York (NYK)
willitr02,Troy Williams,20919,"Jul 25, 2017",2017,HOU,3,4.69,standard,1,Signed a 3 year $4.69 million contract with Houston (HOU)
willitr02,Troy Williams,20919,"Mar 20, 2017",2017,HOU,1,0.077,standard,1,Signed a 1 year $77k contract with Houston (HOU)
willitr02,Troy Williams,20919,"Jul 26, 2016",2016,MEM,2,1.45,standard,1,Signed a 2 year $1.45 million contract with Memphis (MEM)
willivi01,Vince Williams Jr.,12488,"Apr 14, 2021",2021,PIT,1,1.075,standard,1,Signed a 1 year $1.075 million contract with Pittsburgh (PIT)
willivi01,Vince Williams Jr.,12488,"Aug 23, 2018",2018,PIT,3,18.6,extension,1,Signed a 3 year $18.6 million contract extension with Pittsburgh (PIT)
willivi01,Vince Williams Jr.,12488,"Aug 23, 2016",2016,PIT,3,5.5,standard,1,Signed a 3 year $5.5 million contract with Pittsburgh (PIT)
willivi01,Vince Williams Jr.,12488,"May 20, 2013",2013,PIT,4,2.23,standard,1,Signed a 4 year $2.23 million contract with Pittsburgh (PIT)
willizi01,Zion Williamson,31558,"Jul 06, 2022",2022,NOP,5,197.23,rookie-scale,1,Signed a 5 year $197.23 million Rookie Scale contract extension with New Orleans (NOP). The deal includes Designated Rookie language with would make the contract worth 30% of cap.
willizi01,Zion Williamson,31558,"Jul 01, 2019",2019,NOP,4,44.27,rookie-scale,1,Signed a 4 year $44.27 million rookie scale contract with New Orleans (NOP)
willizi02,Ziaire Williams,74117,"Jul 19, 2026",2026,LAL,1,2.85,standard,1,Signed a 1 year $2.85 million contract with Los Angeles (LAL)
willizi02,Ziaire Williams,74117,"Sep 08, 2025",2025,BKN,2,12.5,standard,1,Signed a 2 year $12.5 million contract with Brooklyn (BKN) - includes 2026-27 Club Option
willizi02,Ziaire Williams,74117,"Aug 08, 2021",2021,MEM,4,19.91,rookie-scale,1,Signed a 4 year $19.91 million rookie scale contract with Memphis (MEM)
wilsodj01,D.J. Wilson,23612,"Jul 07, 2022",2022,TOR,2,4.55,standard,1,Signed a 2 year $4.55 million contract with Toronto (TOR)
wilsodj01,D.J. Wilson,23612,"Jul 06, 2017",2017,MIL,4,12.18,rookie-scale,1,Signed a 4 year $12.18 million rookie scale contract with Milwaukee (MIL)
wilsoja03,Jalen Wilson,84477,,2026,ATL,1,0.678882,standard,1,current contract
windldy01,Dylan Windler,31585,"Oct 21, 2023",2023,NYK,1,2.17,two-way,1,Signed a 1 year $2.17 million contract with New York (NYK) - converted Two-Way
windldy01,Dylan Windler,31585,"Jul 01, 2019",2019,CLE,4,10.45,rookie-scale,1,Signed a 4 year $10.45 million rookie scale contract with Cleveland (CLE)
winslju01,Justise Winslow,17838,"Oct 12, 2018",2018,MIA,2,26.0,extension,1,Signed a 2 year $26 million rookie contract extension with Miami (MIA) - includes Year 3 Club Option
winslju01,Justise Winslow,17838,"Jul 03, 2015",2015,MIA,2,5.08,standard,1,Signed 2 year $5.08 million contract with Miami (MIA)
wisemja01,James Wiseman,70644,"Jul 07, 2025",2025,IND,2,5.69,standard,1,Signed a 2 year $5.69 million contract with Indiana (IND) - includes 2026-27 Club Option
wisemja01,James Wiseman,70644,"Jul 02, 2024",2024,IND,2,4.78,standard,1,Signed a 2 year $4.78 million contract with Indiana (IND) - includes 2025-26 Club Option
wisemja01,James Wiseman,70644,"Nov 26, 2020",2020,GSW,4,39.62,rookie-scale,1,Signed a 4 year $39.62 million rookie scale contract with Golden State (GSW)
witheje01,Jeff Withey,13352,"Aug 21, 2017",2017,DAL,2,3.37,standard,1,Signed a 2 year $3.37 million contract with Dallas (DAL) - $350k guaranteed
witheje01,Jeff Withey,13352,"Aug 24, 2015",2015,UTH,2,1.96,standard,1,Signed a 2 year $1.96 million contract with Utah (UTH)
wolfda01,Danny Wolf,98616,"Jul 03, 2025",2025,BKN,4,13.38,rookie-scale,1,Signed a 4 year $13.38 million Rookie Scale contract with Brooklyn (BKN)
woodch01,Christian Wood,18218,"Sep 06, 2023",2023,LAL,2,5.75,standard,1,Signed a 2 year $5.75 million contract with Los Angeles (LAL) - includes 2024-25 Player Option
woodch01,Christian Wood,18218,"Nov 24, 2020",2020,DET,3,41.0,standard,1,Signed a 3 year $41 million contract with Detroit (DET) as part of a Sign-and-Trade with Houston
woodch01,Christian Wood,18218,"Jul 13, 2016",2016,CHA,2,1.89,standard,1,Signed a 2 year $1.89 million contract with Charlotte (CHA)
woodch01,Christian Wood,18218,"Apr 07, 2016",2016,PHI,1,0.021,standard,1,Signed a 1 year $21k contract with Philadelphia (PHI) for the remainder of the 2015-2016 season
woodch01,Christian Wood,18218,"Sep 14, 2015",2015,PHI,3,2.4,standard,1,Signed a 3 year $2.4 million contract with Philadelphia (PHI)
wrighbr03,Brandan Wright,2325,"Feb 12, 2018",2018,HOU,1,0.706,standard,1,Signed a 1 year $706k contract with Houston (HOU)
wrighbr03,Brandan Wright,2325,"Jul 09, 2015",2015,MEM,3,17.1,standard,1,Signed a 3 year $17.1 million contract with Memphis (MEM)
wrighbr03,Brandan Wright,2325,"Jul 25, 2013",2013,DAL,2,10.0,standard,1,Signed a 2 year $10 million contract with Dallas (DAL)
wrighbr03,Brandan Wright,2325,"Dec 09, 2011",2011,DAL,2,1.9,standard,1,Signed a 2 year $1.9 million contract with Dallas (DAL)
wrighbr03,Brandan Wright,2325,"Jul 05, 2007",2007,GSW,2,4.8,standard,1,Signed a 2 year $4.8 million contract with Golden State (GSW)
wrighde01,Delon Wright,17848,"Jul 01, 2024",2024,MIL,1,3.0,standard,1,Signed a 1 year $3 million contract with Milwaukee (MIL)
wrighde01,Delon Wright,17848,"Jul 06, 2022",2022,WAS,2,16.0,standard,1,Signed a 2 year $16 million contract with Washington (WAS)
wrighde01,Delon Wright,17848,"Jul 08, 2019",2019,MEM,3,28.05,standard,1,Signed a 3 year $28.05 million contract with Memphis (MEM) as part of a Sign-and-Trade with Dallas (DAL)
wrighde01,Delon Wright,17848,"Jul 03, 2015",2015,TOR,2,3.09,standard,1,Signed a 2 year $3.09 million contract with Toronto (TOR)
yabusgu01,Guerschon Yabusele,20221,"Aug 29, 2024",2024,PHI,1,2.09,standard,1,Signed a 1 year $2.09 million contract with Philadelphia (PHI)
yabusgu01,Guerschon Yabusele,20221,"Jul 20, 2017",2017,BOS,4,12.81,rookie-scale,1,Signed a 4 year $12.81 million rookie scale contract with Boston (BOS)
youngni01,Nick Young,2770,"Jul 08, 2017",2017,GSW,1,5.192,standard,1,Signed a 1 year $5.192 million contract with Golden State (GSW)
youngni01,Nick Young,2770,"Jul 21, 2014",2014,LAL,4,21.3,standard,1,Signed a 4 year $21.3 million contract with Los Angeles (LAL)
youngni01,Nick Young,2770,"Jul 16, 2013",2013,LAL,2,2.33,standard,1,Signed a 2 year $2.33 million contract with Los Angeles (LAL)
youngni01,Nick Young,2770,"Jul 12, 2012",2012,PHI,1,5.6,standard,1,Signed a 1 year $5.6 million contract with Philadelphia (PHI)
youngni01,Nick Young,2770,"Dec 19, 2011",2011,WAS,,3.7,standard,1,Signed a $3.7 million contract with Washington (WAS) - Qualifying Offer
youngni01,Nick Young,2770,"Jul 05, 2007",2007,WAS,2,3.0,standard,1,Signed a 2 year $3 million contract with Washington (WAS)
youngth01,Thaddeus Young,2658,"Jun 30, 2022",2022,TOR,2,16.0,standard,1,Signed a 2 year $16 million contract with Toronto (TOR)
youngth01,Thaddeus Young,2658,"Jul 06, 2019",2019,CHI,3,41.0,standard,1,Signed a 3 year $41 million contract with Chicago (CHI)
youngth01,Thaddeus Young,2658,"Jul 01, 2015",2015,BKN,4,54.0,standard,1,Signed a 4 year $54 million contract with Brooklyn (BKN)
youngth01,Thaddeus Young,2658,"Dec 09, 2011",2011,PHI,5,44.0,standard,1,Signed a 5 year $44 million contract with Philadelphia (PHI)
youngth01,Thaddeus Young,2658,"Jul 10, 2011",2011,PHI,2,4.0,standard,1,Signed a 2 year $4 million contract with Philadelphia (PHI)
youngth01,Thaddeus Young,2658,"Jul 10, 2007",2007,PHI,2,3.8,standard,1,Signed a 2 year $3.8 million contract with Philadelphia (PHI)
youngtr01,Trae Young,26971,"Jul 06, 2026",2026,WAS,4,212.8,standard,1,Signed a 4 year $212.80 million contract with Washington (WAS) - includes 2029-30 Player Option
youngtr01,Trae Young,26971,"Aug 06, 2021",2021,ATL,5,215.16,maximum,1,Signed a 5 year $215.16 million rookie maximum contract extension with Atlanta (ATL) - includes 2026-27 Player Option
youngtr01,Trae Young,26971,"Jul 01, 2018",2018,ATL,4,26.53,rookie-scale,1,Signed a 4 year $26.53 million rookie scale contract with Atlanta (ATL)
yurtsom01,Omer Yurtseven,70706,"Jul 17, 2023",2023,UTA,2,5.46,standard,1,Signed a 2 year $5.46 million contract with Utah (UTA) - includes 2023-24 partially guaranteed and 2024-25 non-guaranteed
yurtsom01,Omer Yurtseven,70706,"Aug 06, 2021",2021,MIA,2,3.24,standard,1,Signed a 2 year $3.24 million contract with Miami (MIA)
yurtsom01,Omer Yurtseven,70706,"May 14, 2021",2021,MIA,2,1.54,standard,1,Signed a 2 year $1.54 million Rest-of-Season contract with Miami (MIA)
zelleco01,Cody Zeller,13317,"Jul 06, 2024",2024,NOP,3,11.03,standard,1,Signed a 3 year $11.03 million contract with New Orleans (NOP) as part of a Sign-and-Trade with Atlanta (ATL)
zelleco01,Cody Zeller,13317,"Jul 06, 2023",2023,NOP,1,3.2,standard,1,Signed a 1 year $3.2 million contract with New Orleans (NOP)
zelleco01,Cody Zeller,13317,"Aug 04, 2021",2021,POR,1,2.39,standard,1,Signed a 1 year $2.39 million contract with Portland (POR)
zelleco01,Cody Zeller,13317,"Oct 31, 2016",2016,CHA,4,56.0,extension,1,Signed a 4 year $56 million contract extension with Charlotte (CHA)
zelleco01,Cody Zeller,13317,"Jul 10, 2013",2013,CHA,2,7.89,standard,1,Signed a 2 year $7.89 million contract with Charlotte (CHA)
zellety01,Tyler Zeller,10825,"Sep 12, 2017",2017,BKN,2,3.64,standard,1,Signed a 2 year $3.64 million contract with Brooklyn (BKN)
zellety01,Tyler Zeller,10825,"Jul 27, 2016",2016,BOS,2,18.0,standard,1,Signed a 2 year $18 million contract with Boston (BOS)
zellety01,Tyler Zeller,10825,"Jul 05, 2012",2012,CLE,2,3.2,standard,1,Signed a 2 year $3.2 million entry-level contract with Cleveland (CLE)
zipsepa01,Paul Zipser,20254,"Jul 15, 2016",2016,CHI,4,3.8,standard,1,Signed a 4 year $3.8 million contract with Chicago (CHI)
zizican01,Ante Žižić,20228,"Jul 01, 2017",2017,BOS,4,9.75,rookie-scale,1,Signed a 4 year $9.75 million rookie scale contract with Boston (BOS)
zubaciv01,Ivica Zubac,20238,"Sep 03, 2024",2024,LAC,3,58.6,extension,1,Signed a 3 year $58.6 million veteran contract extension with LA Clippers (LAC)
zubaciv01,Ivica Zubac,20238,"Jun 28, 2022",2022,LAC,3,32.8,extension,1,Signed a 3 year $32.8 million contract extension with Los Angeles (LAC)
zubaciv01,Ivica Zubac,20238,"Jul 10, 2019",2019,LAC,3,21.0,standard,1,Signed a 3 year $21 million contract with Los Angeles (LAC)
zubaciv01,Ivica Zubac,20238,"Jul 07, 2016",2016,LAL,3,3.2,standard,1,Signed a 3 year $3.2 million contract with Los Angeles (LAL)
