player_id,player_name,spotrac_id,deal_date,deal_year,team,total_value_m,deal_type,verified,fa_status,max_tier_pct,max_tier_aav_pct,aav_over_tier,signed_max,supermax,signed_via,prior_team,incumbent,player_option,team_option,outstanding_options,contract_start_year,salary_cap_m,aav_m,aav_cap_share,log_aav_cap_share,end_year,completed,years_remaining,market,year1_salary,signing_season_salary_m,team_dma_rank,team_tv_homes_m,team_metro_pop_m,team_market_size,team_big_market,prior_team_dma_rank,prior_team_tv_homes_m,prior_team_metro_pop_m,prior_team_market_size,prior_team_big_market
abrinal01,Álex Abrines,13345,"Jul 23, 2016",2016,OKC,17.2,standard,1,RFA,0.25,0.27,0,0,0,free_agency,OKC,1,0,,0,2016,94.143,5.733,0.0609,-2.798518,2018,1,0,1,,5.994764,47,0.7627,1.435,Small,0,47,0.7627,1.435,Small,0
achiupr01,Precious Achiuwa,70662,"Nov 25, 2020",2020,MIA,12.51,rookie-scale,1,,0.25,0.28,0,0,0,rookie_scale,MIA,1,0,,2,2020,109.14,3.127,0.028656,-3.552397,2023,1,0,0,,2.58216,18,1.75692,6.266,Medium,0,18,1.75692,6.266,Medium,0
achiupr01,Precious Achiuwa,70662,"Jul 30, 2024",2024,NYK,6.0,standard,1,UFA,0.25,0.25,0,0,0,free_agency,NYK,1,0,,0,2024,140.588,6.0,0.042678,-3.154074,2024,1,0,0,,6.0,1,7.49451,19.113,Large,1,1,7.49451,19.113,Large,1
achiupr01,Precious Achiuwa,70662,"Nov 04, 2025",2025,SAC,2.45,standard,1,UFA,0.25,0.25,0,0,0,rest_of_season,NYK,0,0,,0,2025,154.647,2.45,0.015843,-4.145057,2025,1,0,0,,2.111516,20,1.49792,2.453,Small,0,1,7.49451,19.113,Large,1
achiupr01,Precious Achiuwa,70662,"Jul 07, 2026",2026,SAC,11.23,standard,1,UFA,0.25,0.26,0,0,0,free_agency,SAC,1,0,,0,2026,170.1117,5.615,0.033008,-3.411014,2027,0,2,1,,,20,1.49792,2.453,Small,0,20,1.49792,2.453,Small,0
acyqu01,Quincy Acy,10862,"Jul 16, 2012",2012,TOR,2.37,standard,1,,0.25,0.27,0,0,0,free_agency,TOR,1,0,,0,2012,,0.79,,,2014,1,0,1,,,,,6.202,Large,1,,,6.202,Large,1
acyqu01,Quincy Acy,10862,"Jul 22, 2015",2015,SAC,2.03,standard,1,UFA,0.25,0.26,0,0,0,free_agency,SAC,1,0,,0,2015,70.0,1.015,0.0145,-4.233607,2016,1,0,1,,0.981348,20,1.49792,2.453,Small,0,20,1.49792,2.453,Small,0
acyqu01,Quincy Acy,10862,"Jul 20, 2016",2016,DAL,2.23,standard,1,UFA,0.25,0.26,0,0,0,free_agency,SAC,0,0,,0,2016,94.143,1.115,0.011844,-4.43596,2017,1,0,1,,1.050961,4,3.26449,7.943,Large,1,20,1.49792,2.453,Small,0
acyqu01,Quincy Acy,10862,"Jan 30, 2017",2017,BKN,3.5,standard,1,UFA,0.25,0.26,0,0,0,free_agency,DAL,0,0,,0,2017,99.093,1.75,0.01766,-4.036443,2018,1,0,1,,1.709538,1,7.49451,19.113,Large,1,4,3.26449,7.943,Large,1
adamsst01,Steven Adams,13325,"Jul 12, 2013",2013,OKC,4.28,standard,1,,0.25,0.26,0,0,0,free_agency,OKC,1,0,,2,2013,,2.14,,,2014,1,0,1,,,47,0.7627,1.435,Small,0,47,0.7627,1.435,Small,0
adamsst01,Steven Adams,13325,"Oct 31, 2016",2016,OKC,100.0,extension,1,,0.25,0.28,0,0,0,extension,OKC,1,0,,0,2017,99.093,25.0,0.252288,-1.377183,2020,1,0,1,,3.140517,47,0.7627,1.435,Small,0,47,0.7627,1.435,Small,0
adamsst01,Steven Adams,13325,"Nov 24, 2020",2020,OKC,35.0,extension,1,UFA,0.3,0.312,0,0,0,sign_and_trade,OKC,1,0,,0,2020,109.14,17.5,0.160345,-1.830431,2021,1,0,1,,29.592695,47,0.7627,1.435,Small,0,47,0.7627,1.435,Small,0
adamsst01,Steven Adams,13325,"Oct 01, 2022",2022,MEM,25.2,extension,1,,0.35,0.364,0,0,0,extension,MEM,1,0,,0,2023,136.021,12.6,0.092633,-2.379112,2024,1,0,1,,17.926829,51,0.6663,1.358,Small,0,51,0.6663,1.358,Small,0
adamsst01,Steven Adams,13325,"Jun 14, 2025",2025,HOU,39.0,extension,1,,0.35,0.378,0,0,0,extension,HOU,1,0,,0,2026,170.1117,13.0,0.07642,-2.571506,2028,0,3,1,,14.130434,6,2.79742,7.206,Large,1,6,2.79742,7.206,Large,1
adebaba01,Bam Adebayo,23609,"Jul 01, 2017",2017,MIA,14.02,rookie-scale,1,,0.25,0.28,0,0,0,rookie_scale,MIA,1,0,,2,2017,99.093,3.505,0.035371,-3.341868,2020,1,0,0,,2.49036,18,1.75692,6.266,Medium,0,18,1.75692,6.266,Medium,0
adebaba01,Bam Adebayo,23609,"Nov 28, 2020",2020,MIA,163.0,extension,1,,0.35,0.406,0,1,1,extension,MIA,1,0,,0,2021,112.414,32.6,0.289999,-1.237876,2025,1,0,1,,5.115492,18,1.75692,6.266,Medium,0,18,1.75692,6.266,Medium,0
adebaba01,Bam Adebayo,23609,"Jul 06, 2024",2024,MIA,160.34,maximum,1,,0.3,0.324,1,1,0,extension,MIA,1,1,,0,2025,154.647,53.447,0.345604,-1.062461,2027,0,2,1,,34.84834,18,1.75692,6.266,Medium,0,18,1.75692,6.266,Medium,0
afflaar01,Arron Afflalo,2297,"Jul 04, 2007",2007,DET,5.0,standard,1,,0.25,0.28,0,0,0,free_agency,DET,1,0,,2,2007,,1.25,,,2010,1,0,1,,,14,1.94075,4.365,Medium,0,14,1.94075,4.365,Medium,0
afflaar01,Arron Afflalo,2297,"Dec 20, 2011",2011,DEN,36.7,standard,1,RFA,0.25,0.29,0,0,0,free_agency,DEN,1,0,,0,2011,,7.34,,,2015,1,0,1,,,17,1.80627,3.038,Medium,0,17,1.80627,3.038,Medium,0
afflaar01,Arron Afflalo,2297,"Jul 09, 2015",2015,NYK,16.0,standard,1,UFA,0.3,0.312,0,0,0,free_agency,NYK,1,0,,0,2015,70.0,8.0,0.114286,-2.169054,2016,1,0,1,,8.0,1,7.49451,19.113,Large,1,1,7.49451,19.113,Large,1
afflaar01,Arron Afflalo,2297,"Jul 09, 2016",2016,SAC,25.0,standard,1,UFA,0.3,0.312,0,0,0,free_agency,NYK,0,0,,0,2016,94.143,12.5,0.132777,-2.019086,2017,1,0,1,,12.5,20,1.49792,2.453,Small,0,1,7.49451,19.113,Large,1
agbajoc01,Ochai Agbaji,78124,"Jul 02, 2022",2022,CLE,18.73,rookie-scale,1,,0.25,0.28,0,0,0,rookie_scale,UTA,0,0,,2,2022,123.655,4.683,0.037867,-3.273663,2025,1,0,0,,3.91836,19,1.55434,2.088,Medium,0,28,1.16352,1.266,Small,0
ajincal01,Alexis Ajinça,6087,"Jul 03, 2008",2008,CHA,2.65,standard,1,,0.25,0.26,0,0,0,free_agency,CHA,1,0,,1,2008,,1.325,,,2009,1,0,1,,,21,1.38202,2.66,Small,0,21,1.38202,2.66,Small,0
ajincal01,Alexis Ajinça,6087,"Dec 20, 2013",2013,NOP,1.62,standard,1,UFA,0.25,0.26,0,0,0,free_agency,NOP,1,0,,0,2013,,0.81,,,2014,1,0,1,,,50,0.67279,1.29,Small,0,50,0.67279,1.29,Small,0
ajincal01,Alexis Ajinça,6087,"Jul 09, 2015",2015,NOP,19.2,standard,1,UFA,0.3,0.336,0,0,0,free_agency,NOP,1,0,,0,2015,70.0,4.8,0.068571,-2.679879,2018,1,0,1,,4.3,50,0.67279,1.29,Small,0,50,0.67279,1.29,Small,0
aldamsa01,Santi Aldama,74137,"Aug 08, 2021",2021,MEM,10.24,rookie-scale,1,,0.25,0.28,0,0,0,rookie_scale,MEM,1,0,,2,2021,112.414,2.56,0.022773,-3.782181,2024,1,0,0,,1.99452,51,0.6663,1.358,Small,0,51,0.6663,1.358,Small,0
aldamsa01,Santi Aldama,74137,"Jul 15, 2025",2025,MEM,52.5,standard,1,RFA,0.25,0.27,0,0,0,free_agency,MEM,1,0,,0,2025,154.647,17.5,0.113161,-2.178944,2027,0,2,1,,18.485916,51,0.6663,1.358,Small,0,51,0.6663,1.358,Small,0
aldrico01,Cole Aldrich,6893,"Aug 09, 2010",2010,OKC,4.41,standard,1,,0.25,0.26,0,0,0,free_agency,OKC,1,0,,2,2010,,2.205,,,2011,1,0,1,,,47,0.7627,1.435,Small,0,47,0.7627,1.435,Small,0
aldrico01,Cole Aldrich,6893,"Sep 24, 2013",2013,NYK,0.916099,standard,1,RFA,0.25,0.25,0,0,0,free_agency,NYK,1,0,,0,2013,,0.916,,,2013,1,0,0,,,1,7.49451,19.113,Large,1,1,7.49451,19.113,Large,1
aldrico01,Cole Aldrich,6893,"Jul 11, 2014",2014,NYK,0.981,standard,1,RFA,0.25,0.25,0,0,0,free_agency,NYK,1,0,,0,2014,63.065,0.981,0.015555,-4.163349,2014,1,0,0,,,1,7.49451,19.113,Large,1,1,7.49451,19.113,Large,1
aldrico01,Cole Aldrich,6893,"Jul 13, 2015",2015,LAC,2.33,standard,1,UFA,0.25,0.26,0,0,0,free_agency,LAC,1,0,,0,2015,70.0,1.165,0.016643,-4.095774,2016,1,0,1,,1.1006,2,5.83579,12.901,Large,1,2,5.83579,12.901,Large,1
aldrico01,Cole Aldrich,6893,"Jul 13, 2016",2016,MIN,21.9,standard,1,UFA,0.25,0.27,0,0,0,free_agency,LAC,0,0,,0,2016,94.143,7.3,0.077542,-2.556941,2018,1,0,1,,7.643979,16,1.88668,3.703,Medium,0,2,5.83579,12.901,Large,1
aldrila01,LaMarcus Aldridge,2672,"Jul 04, 2006",2006,POR,8.36,standard,1,,0.25,0.26,0,0,0,free_agency,POR,1,0,,2,2006,,4.18,,,2007,1,0,1,,,23,1.27792,2.511,Small,0,23,1.27792,2.511,Small,0
aldrila01,LaMarcus Aldridge,2672,"Oct 21, 2009",2009,POR,67.5,rookie-scale,1,,0.25,0.29,0,0,0,extension,POR,1,0,,0,2010,,13.5,,,2014,1,0,1,,,23,1.27792,2.511,Small,0,23,1.27792,2.511,Small,0
aldrila01,LaMarcus Aldridge,2672,"Jul 09, 2015",2015,SAS,84.1,maximum,1,UFA,0.3,0.336,0,1,0,free_agency,SAS,1,0,,0,2015,70.0,21.025,0.300357,-1.202783,2018,1,0,1,,19.5,31,1.0964,2.602,Small,0,31,1.0964,2.602,Small,0
aldrila01,LaMarcus Aldridge,2672,"Oct 16, 2017",2017,SAS,50.0,extension,1,,0.35,0.364,0,0,0,extension,SAS,1,1,,0,2018,101.869,25.0,0.245413,-1.404812,2019,1,0,1,,21.46101,31,1.0964,2.602,Small,0,31,1.0964,2.602,Small,0
alexani01,Nickeil Alexander-Walker,31574,"Jul 07, 2019",2019,NOP,14.35,rookie-scale,1,,0.25,0.28,0,0,0,rookie_scale,NOP,1,0,,2,2019,109.14,3.587,0.032871,-3.415176,2022,1,0,0,,2.96484,50,0.67279,1.29,Small,0,50,0.67279,1.29,Small,0
alexani01,Nickeil Alexander-Walker,31574,"Jul 09, 2023",2023,MIN,9.0,standard,1,UFA,0.25,0.26,0,0,0,free_agency,MIN,1,0,,0,2023,136.021,4.5,0.033083,-3.408732,2024,1,0,1,,4.6875,16,1.88668,3.703,Medium,0,16,1.88668,3.703,Medium,0
alexani01,Nickeil Alexander-Walker,31574,"Jul 06, 2025",2025,ATL,62.0,standard,1,UFA,0.25,0.28,0,0,0,sign_and_trade,MIN,0,1,,0,2025,154.647,15.5,0.100228,-2.300305,2028,0,3,1,,15.1618,7,2.75817,6.144,Large,1,16,1.88668,3.703,Medium,0
allengr01,Grayson Allen,26987,"Jul 02, 2018",2018,UTH,7.05,rookie-scale,1,,0.25,0.28,0,0,0,rookie_scale,UTA,0,0,,2,2018,101.869,1.762,0.017302,-4.056954,2021,1,0,0,,2.07432,28,1.16352,1.266,Small,0,28,1.16352,1.266,Small,0
allengr01,Grayson Allen,26987,"Oct 18, 2021",2021,MIL,20.0,rookie-scale,1,,0.25,0.26,0,0,0,extension,MEM,0,0,,0,2022,123.655,10.0,0.08087,-2.51491,2023,1,0,1,,4.054695,38,0.9449,1.586,Small,0,51,0.6663,1.358,Small,0
allengr01,Grayson Allen,26987,"Apr 16, 2024",2024,PHX,70.0,extension,1,,0.3,0.336,0,0,0,extension,PHX,1,1,,0,2025,154.647,17.5,0.113161,-2.178944,2028,0,3,1,,15.625,12,2.1982,5.059,Large,0,12,2.1982,5.059,Large,0
allenja01,Jarrett Allen,23617,"Jul 20, 2017",2017,BKN,10.03,rookie-scale,1,,0.25,0.28,0,0,0,rookie_scale,BKN,1,0,,2,2017,99.093,2.507,0.025305,-3.676773,2020,1,0,0,,1.71372,1,7.49451,19.113,Large,1,1,7.49451,19.113,Large,1
allenja01,Jarrett Allen,23617,"Aug 06, 2021",2021,CLE,100.0,standard,1,RFA,0.25,0.29,0,0,0,free_agency,CLE,1,0,,0,2021,112.414,20.0,0.177914,-1.726456,2025,1,0,1,,20.0,19,1.55434,2.088,Medium,0,19,1.55434,2.088,Medium,0
allenja01,Jarrett Allen,23617,"Aug 02, 2024",2024,CLE,90.72,extension,1,,0.3,0.324,0,0,0,extension,CLE,1,0,,0,2025,154.647,30.24,0.195542,-1.63198,2027,0,2,1,,20.0,19,1.55434,2.088,Medium,0,19,1.55434,2.088,Medium,0
allenla01,Lavoy Allen,8102,"Dec 09, 2011",2011,PHI,0.473604,standard,1,,0.25,0.25,0,0,0,free_agency,PHI,1,0,,1,2011,,0.474,,,2011,1,0,0,,,5,3.14592,6.228,Large,1,5,3.14592,6.228,Large,1
allenla01,Lavoy Allen,8102,"Jul 11, 2012",2012,PHI,6.06,standard,1,RFA,0.25,0.26,0,0,0,free_agency,PHI,1,0,,1,2012,,3.03,,,2013,1,0,1,,,5,3.14592,6.228,Large,1,5,3.14592,6.228,Large,1
allenla01,Lavoy Allen,8102,"Jul 11, 2014",2014,IND,0.948163,standard,1,UFA,0.25,0.25,0,0,0,free_agency,IND,1,0,,1,2014,63.065,0.948,0.015035,-4.197395,2014,1,0,0,,,25,1.23221,2.126,Small,0,25,1.23221,2.126,Small,0
allenla01,Lavoy Allen,8102,"Jul 27, 2015",2015,IND,8.05,standard,1,RFA,0.25,0.26,0,0,0,free_agency,IND,1,0,,1,2015,70.0,4.025,0.0575,-2.85597,2016,1,0,1,,3.7,25,1.23221,2.126,Small,0,25,1.23221,2.126,Small,0
allento01,Tony Allen,2210,"Jul 02, 2004",2004,BOS,2.91,standard,1,,0.25,0.27,0,0,0,free_agency,BOS,1,0,,1,2004,,0.97,,,2006,1,0,1,,,9,2.58446,4.899,Large,1,9,2.58446,4.899,Large,1
allento01,Tony Allen,2210,"Jul 19, 2008",2008,BOS,5.0,standard,1,RFA,0.25,0.26,0,0,0,free_agency,BOS,1,0,,0,2008,,2.5,,,2009,1,0,1,,,9,2.58446,4.899,Large,1,9,2.58446,4.899,Large,1
allento01,Tony Allen,2210,"Jul 12, 2010",2010,MEM,9.45,standard,1,UFA,0.25,0.27,0,0,0,free_agency,MEM,1,0,,0,2010,,3.15,,,2012,1,0,1,,,51,0.6663,1.358,Small,0,51,0.6663,1.358,Small,0
allento01,Tony Allen,2210,"Jul 15, 2013",2013,MEM,20.0,standard,1,UFA,0.3,0.336,0,0,0,free_agency,MEM,1,0,,0,2013,,5.0,,,2016,1,0,1,,,51,0.6663,1.358,Small,0,51,0.6663,1.358,Small,0
alvarjo01,Jose Alvarado,74331,"Sep 30, 2024",2024,NOP,9.0,extension,1,,0.25,0.26,0,0,0,extension,NOP,1,0,,1,2025,154.647,4.5,0.029099,-3.537068,2026,0,1,1,,1.988598,50,0.67279,1.29,Small,0,50,0.67279,1.29,Small,0
alvarjo01,Jose Alvarado,74331,"Jul 06, 2026",2026,NYK,14.38,standard,1,UFA,0.25,0.27,0,0,0,free_agency,NYK,1,0,,0,2026,170.1117,4.793,0.028178,-3.569229,2028,0,3,1,,,1,7.49451,19.113,Large,1,1,7.49451,19.113,Large,1
aminual01,Al-Farouq Aminu,6890,"Jul 08, 2010",2010,LAC,5.31,standard,1,,0.25,0.26,0,0,0,free_agency,LAC,1,0,,3,2010,,2.655,,,2011,1,0,1,,,2,5.83579,12.901,Large,1,2,5.83579,12.901,Large,1
aminual01,Al-Farouq Aminu,6890,"Jul 28, 2014",2014,DAL,2.08,standard,1,RFA,0.25,0.26,0,0,0,free_agency,DAL,1,0,,1,2014,63.065,1.04,0.016491,-4.104945,2015,1,0,1,,,4,3.26449,7.943,Large,1,4,3.26449,7.943,Large,1
aminual01,Al-Farouq Aminu,6890,"Jul 09, 2015",2015,POR,30.0,standard,1,UFA,0.25,0.28,0,0,0,free_agency,POR,1,0,,1,2015,70.0,7.5,0.107143,-2.233592,2018,1,0,1,,7.5,23,1.27792,2.511,Small,0,23,1.27792,2.511,Small,0
aminual01,Al-Farouq Aminu,6890,"Jul 06, 2019",2019,ORL,29.2,standard,1,UFA,0.3,0.324,0,0,0,free_agency,POR,0,0,,1,2019,109.14,9.733,0.089182,-2.417075,2021,1,0,1,,9.258,15,1.90242,2.673,Medium,0,23,1.27792,2.511,Small,0
anderal01,Alan Anderson,9261,"Aug 05, 2005",2005,CHA,0.398762,standard,1,,0.25,0.25,0,0,0,free_agency,CHA,1,0,,1,2005,,0.399,,,2005,1,0,0,,,21,1.38202,2.66,Small,0,21,1.38202,2.66,Small,0
anderal01,Alan Anderson,9261,"Jul 27, 2012",2012,TOR,0.88512,standard,1,UFA,0.3,0.3,0,0,0,free_agency,TOR,1,0,,0,2012,,0.885,,,2012,1,0,0,,,,,6.202,Large,1,,,6.202,Large,1
anderal01,Alan Anderson,9261,"Jul 30, 2013",2013,BKN,2.0,standard,1,UFA,0.3,0.312,0,0,0,free_agency,BKN,1,0,,0,2013,,1.0,,,2014,1,0,1,,,1,7.49451,19.113,Large,1,1,7.49451,19.113,Large,1
anderal01,Alan Anderson,9261,"Jul 15, 2014",2014,BKN,2.6,standard,1,UFA,0.3,0.312,0,0,0,free_agency,BKN,1,1,,0,2014,63.065,1.3,0.020614,-3.881802,2015,1,0,1,,,1,7.49451,19.113,Large,1,1,7.49451,19.113,Large,1
anderal01,Alan Anderson,9261,"Jul 12, 2015",2015,WAS,4.0,standard,1,UFA,0.35,0.35,0,0,0,free_agency,WAS,1,0,,0,2015,70.0,4.0,0.057143,-2.862201,2015,1,0,0,,4.0,8,2.63064,6.385,Large,1,8,2.63064,6.385,Large,1
anderal01,Alan Anderson,9261,"Aug 02, 2016",2016,LAC,1.3,standard,1,UFA,0.35,0.35,0,0,0,free_agency,WAS,0,0,,0,2016,94.143,1.3,0.013809,-4.282451,2016,1,0,0,,1.315448,2,5.83579,12.901,Large,1,8,2.63064,6.385,Large,1
anderch01,Chris Andersen,6102,"Nov 21, 2001",2001,DEN,0.8,standard,1,,,,0,0,0,free_agency,DEN,1,0,,1,2001,,0.4,,,2002,1,0,1,,,17,1.80627,3.038,Medium,0,17,1.80627,3.038,Medium,0
anderch01,Chris Andersen,6102,"Nov 29, 2003",2003,DEN,0.638,standard,1,RFA,,,0,0,0,free_agency,DEN,1,0,,1,2003,,0.638,,,2003,1,0,0,,,17,1.80627,3.038,Medium,0,17,1.80627,3.038,Medium,0
anderch01,Chris Andersen,6102,"Jul 24, 2008",2008,DEN,0.998,standard,1,UFA,0.3,0.3,0,0,0,free_agency,DEN,1,0,,1,2008,,0.998,,,2008,1,0,0,,,17,1.80627,3.038,Medium,0,17,1.80627,3.038,Medium,0
anderch01,Chris Andersen,6102,"Jul 08, 2009",2009,DEN,21.17,standard,1,UFA,0.3,0.348,0,0,0,free_agency,DEN,1,0,,1,2009,,4.234,,,2013,1,0,1,,,17,1.80627,3.038,Medium,0,17,1.80627,3.038,Medium,0
anderch01,Chris Andersen,6102,"Jul 10, 2013",2013,MIA,2.85,standard,1,UFA,0.35,0.364,0,0,0,free_agency,MIA,1,0,,1,2013,,1.425,,,2014,1,0,1,,,18,1.75692,6.266,Medium,0,18,1.75692,6.266,Medium,0
anderch01,Chris Andersen,6102,"Jul 19, 2014",2014,MIA,10.375,standard,1,UFA,0.35,0.364,0,0,0,free_agency,MIA,1,0,,0,2014,63.065,5.188,0.082256,-2.497914,2015,1,0,1,,,18,1.75692,6.266,Medium,0,18,1.75692,6.266,Medium,0
anderch01,Chris Andersen,6102,"Jul 22, 2016",2016,CLE,1.55,standard,1,UFA,0.35,0.35,0,0,0,free_agency,MEM,0,0,,0,2016,94.143,1.55,0.016464,-4.10656,2016,1,0,0,,1.551659,19,1.55434,2.088,Medium,0,51,0.6663,1.358,Small,0
anderja01,James Anderson,1197,"Jul 13, 2006",2006,CAR,1.567,standard,1,,0.25,0.27,0,0,0,free_agency,CAR,1,0,,0,2006,,0.522,,,2008,1,0,1,,,,,,,,,,,,
anderja01,James Anderson,1197,"Apr 21, 2009",2009,CAR,1.01,standard,1,RFA,0.25,0.25,0,0,0,free_agency,CAR,1,0,,0,2009,,1.01,,,2009,1,0,0,,,,,,,,,,,,
anderja01,James Anderson,1197,"Apr 20, 2010",2010,CAR,1.176,standard,1,RFA,0.25,0.25,0,0,0,free_agency,CAR,1,0,,0,2010,,1.176,,,2010,1,0,0,,,,,,,,,,,,
anderja01,James Anderson,1197,"Jul 29, 2011",2011,CAR,22.0,standard,1,RFA,0.25,0.29,0,0,0,free_agency,CAR,1,0,,0,2011,,4.4,,,2015,1,0,1,,,,,,,,,,,,
anderja01,James Anderson,1197,"Mar 24, 2013",2013,CHI,1.25,standard,1,RFA,0.25,0.25,0,0,0,free_agency,CHI,1,0,,0,2013,,1.25,,,2013,1,0,0,,,3,3.65475,9.441,Large,1,3,3.65475,9.441,Large,1
anderju01,Justin Anderson,17849,"Aug 01, 2015",2015,DAL,2.96,standard,1,,0.25,0.26,0,0,0,free_agency,DAL,1,0,,2,2015,70.0,1.48,0.021143,-3.856453,2016,1,0,1,,1.449,4,3.26449,7.943,Large,1,4,3.26449,7.943,Large,1
anderju01,Justin Anderson,17849,"Nov 27, 2020",2020,PHI,4.01,standard,1,UFA,0.25,0.26,0,0,0,free_agency,BKN,0,0,,0,2020,109.14,2.005,0.018371,-3.996987,2021,1,0,1,,0.125,5,3.14592,6.228,Large,1,1,7.49451,19.113,Large,1
anderky01,Kyle Anderson,15382,"Jul 12, 2014",2014,SAS,2.24,standard,1,,0.25,0.26,0,0,0,free_agency,SAS,1,0,,2,2014,63.065,1.12,0.017759,-4.030837,2015,1,0,1,,,31,1.0964,2.602,Small,0,31,1.0964,2.602,Small,0
anderky01,Kyle Anderson,15382,"Jul 08, 2018",2018,MEM,37.2,standard,1,RFA,0.25,0.28,0,0,0,offer_sheet,SAS,0,0,,0,2018,101.869,9.3,0.091294,-2.393673,2021,1,0,1,,8.641,51,0.6663,1.358,Small,0,31,1.0964,2.602,Small,0
anderky01,Kyle Anderson,15382,"Jul 07, 2022",2022,MIN,18.0,standard,1,UFA,0.3,0.312,0,0,0,free_agency,MEM,0,0,,0,2022,123.655,9.0,0.072783,-2.620271,2023,1,0,1,,8.780488,16,1.88668,3.703,Medium,0,51,0.6663,1.358,Small,0
anderky01,Kyle Anderson,15382,"Jul 06, 2024",2024,MIN,27.66,standard,1,UFA,0.35,0.378,0,0,0,sign_and_trade,MIN,1,0,,0,2024,140.588,9.22,0.065582,-2.724459,2026,0,1,1,,8.780488,16,1.88668,3.703,Medium,0,16,1.88668,3.703,Medium,0
anderky01,Kyle Anderson,15382,"Jul 06, 2026",2026,TOR,3.88,standard,1,UFA,0.35,0.35,0,0,0,free_agency,MIN,0,0,,0,2026,170.1117,3.88,0.022809,-3.78062,2026,0,1,0,,,,,6.202,Large,1,16,1.88668,3.703,Medium,0
anderry01,Ryan Anderson,6133,"Jul 11, 2012",2012,ORL,34.0,standard,1,RFA,0.25,0.28,0,0,0,sign_and_trade,,,0,,0,2012,,8.5,,,2015,1,0,1,,,15,1.90242,2.673,Medium,0,,,,,
anderry01,Ryan Anderson,6133,"Jul 09, 2016",2016,HOU,80.0,standard,1,UFA,0.3,0.336,0,0,0,free_agency,NOP,0,0,,0,2016,94.143,20.0,0.212443,-1.549083,2019,1,0,1,,18.735364,6,2.79742,7.206,Large,1,50,0.67279,1.29,Small,0
anderry01,Ryan Anderson,6133,"Sep 26, 2019",2019,HOU,2.56,standard,1,UFA,0.35,0.35,0,0,0,free_agency,MIA,0,0,,0,2019,109.14,2.56,0.023456,-3.752624,2019,1,0,0,,0.5,6,2.79742,7.206,Large,1,18,1.75692,6.266,Medium,0
antetgi01,Giannis Antetokounmpo,13328,"Jul 30, 2013",2013,MIL,8.62,standard,1,,0.25,0.28,0,0,0,free_agency,MIL,1,0,,2,2013,,2.155,,,2016,1,0,1,,,38,0.9449,1.586,Small,0,38,0.9449,1.586,Small,0
antetgi01,Giannis Antetokounmpo,13328,"Sep 19, 2016",2016,MIL,100.0,extension,1,,0.25,0.28,0,0,0,extension,MIL,1,0,,0,2017,99.093,25.0,0.252288,-1.377183,2020,1,0,1,,2.995421,38,0.9449,1.586,Small,0,38,0.9449,1.586,Small,0
antetgi01,Giannis Antetokounmpo,13328,"Dec 15, 2020",2020,MIL,228.2,maximum,1,,0.35,0.406,0,1,1,extension,MIL,1,1,,0,2021,112.414,45.64,0.405999,-0.901404,2025,1,0,1,,27.528088,38,0.9449,1.586,Small,0,38,0.9449,1.586,Small,0
antetgi01,Giannis Antetokounmpo,13328,"Oct 23, 2023",2023,MIL,175.37,extension,1,,0.35,0.378,1,0,0,extension,MIL,1,0,,0,2024,140.588,58.457,0.415801,-0.877548,2026,0,1,1,,45.640084,38,0.9449,1.586,Small,0,38,0.9449,1.586,Small,0
antetth01,Thanasis Antetokounmpo,15403,"Aug 07, 2015",2015,NYK,1.4,standard,1,RFA,0.25,0.26,0,0,0,free_agency,NYK,1,0,,1,2015,70.0,0.7,0.01,-4.60517,2016,1,0,1,,0.105888,1,7.49451,19.113,Large,1,1,7.49451,19.113,Large,1
antetth01,Thanasis Antetokounmpo,15403,"Jul 16, 2019",2019,MIL,3.15,standard,1,RFA,0.25,0.26,0,0,0,free_agency,MIL,1,0,,1,2019,109.14,1.575,0.014431,-4.238376,2020,1,0,1,,1.445697,38,0.9449,1.586,Small,0,38,0.9449,1.586,Small,0
antetth01,Thanasis Antetokounmpo,15403,"Aug 13, 2021",2021,MIL,3.61,standard,1,UFA,0.25,0.26,0,0,0,free_agency,MIL,1,1,,1,2021,112.414,1.805,0.016057,-4.131628,2022,1,0,1,,1.729217,38,0.9449,1.586,Small,0,38,0.9449,1.586,Small,0
antetth01,Thanasis Antetokounmpo,15403,"Jul 28, 2023",2023,MIL,2.35,standard,1,UFA,0.3,0.3,0,0,0,free_agency,MIL,1,0,,0,2023,136.021,2.35,0.017277,-4.058394,2023,1,0,0,,2.019706,38,0.9449,1.586,Small,0,38,0.9449,1.586,Small,0
antetth01,Thanasis Antetokounmpo,15403,"Aug 31, 2025",2025,MIL,2.87,standard,1,UFA,0.3,0.3,0,0,0,free_agency,MIL,1,0,,0,2025,154.647,2.87,0.018558,-3.986833,2025,1,0,0,,2.296274,38,0.9449,1.586,Small,0,38,0.9449,1.586,Small,0
anthoca01,Carmelo Anthony,2283,"Jul 17, 2003",2003,DEN,10.4,standard,1,,0.25,0.27,0,0,0,free_agency,DEN,1,0,,3,2003,,3.467,,,2005,1,0,1,,,17,1.80627,3.038,Medium,0,17,1.80627,3.038,Medium,0
anthoca01,Carmelo Anthony,2283,"Jul 12, 2006",2006,DEN,80.0,extension,1,,0.25,0.29,0,0,0,extension,DEN,1,0,,2,2007,,16.0,,,2011,1,0,1,,,17,1.80627,3.038,Medium,0,17,1.80627,3.038,Medium,0
anthoca01,Carmelo Anthony,2283,"Feb 22, 2011",2011,DEN,64.2,extension,1,,0.3,0.324,0,0,0,extension,,,0,,2,2012,,21.4,,,2014,1,0,1,,,17,1.80627,3.038,Medium,0,,,,,
anthoca01,Carmelo Anthony,2283,"Jul 15, 2014",2014,NYK,124.1,standard,1,UFA,0.35,0.406,0,0,0,free_agency,NYK,1,0,,1,2014,63.065,24.82,0.393562,-0.932516,2018,1,0,1,,,1,7.49451,19.113,Large,1,1,7.49451,19.113,Large,1
anthoca01,Carmelo Anthony,2283,"Aug 13, 2018",2018,HOU,2.4,standard,1,UFA,0.35,0.35,0,0,0,free_agency,OKC,0,0,,0,2018,101.869,2.4,0.02356,-3.748219,2018,1,0,0,,2.393887,6,2.79742,7.206,Large,1,47,0.7627,1.435,Small,0
anthoca01,Carmelo Anthony,2283,"Nov 19, 2019",2019,POR,2.16,standard,1,UFA,0.35,0.35,0,0,0,free_agency,CHI,0,0,,0,2019,109.14,2.16,0.019791,-3.922523,2019,1,0,0,,2.159029,23,1.27792,2.511,Small,0,3,3.65475,9.441,Large,1
anthoca01,Carmelo Anthony,2283,"Nov 21, 2020",2020,POR,2.56,standard,1,UFA,0.35,0.35,0,0,0,free_agency,POR,1,0,,0,2020,109.14,2.56,0.023456,-3.752624,2020,1,0,0,,1.620564,23,1.27792,2.511,Small,0,23,1.27792,2.511,Small,0
anthoca01,Carmelo Anthony,2283,"Aug 06, 2021",2021,LAL,2.64,standard,1,UFA,0.35,0.35,0,0,0,free_agency,POR,0,0,,0,2021,112.414,2.64,0.023485,-3.75141,2021,1,0,0,,2.641691,2,5.83579,12.901,Large,1,23,1.27792,2.511,Small,0
anthoco01,Cole Anthony,70657,"Oct 23, 2023",2023,ORL,39.1,extension,1,,0.25,0.27,0,0,0,extension,ORL,1,0,,0,2024,140.588,13.033,0.092706,-2.378323,2026,0,1,1,,5.539771,15,1.90242,2.673,Medium,0,15,1.90242,2.673,Medium,0
anthoco01,Cole Anthony,70657,"Jul 16, 2025",2025,MIL,2.67,standard,1,UFA,0.25,0.25,0,0,0,free_agency,ORL,0,0,,0,2025,154.647,2.67,0.017265,-4.059067,2025,1,0,0,,2.296274,38,0.9449,1.586,Small,0,15,1.90242,2.673,Medium,0
anunoog01,OG Anunoby,23618,"Jul 09, 2017",2017,TOR,9.75,rookie-scale,1,,0.25,0.28,0,0,0,rookie_scale,TOR,1,0,,3,2017,99.093,2.438,0.024598,-3.705086,2020,1,0,0,,1.6452,,,6.202,Large,1,,,6.202,Large,1
anunoog01,OG Anunoby,23618,"Dec 21, 2020",2020,TOR,72.0,extension,1,,0.25,0.28,0,0,0,extension,TOR,1,1,,1,2021,112.414,18.0,0.160122,-1.831817,2024,1,0,1,,3.872215,,,6.202,Large,1,,,6.202,Large,1
anunoog01,OG Anunoby,23618,"Jul 06, 2024",2024,NYK,212.5,standard,1,UFA,0.3,0.348,0,0,0,free_agency,NYK,1,1,,0,2024,140.588,42.5,0.302302,-1.19633,2028,0,3,1,,36.637932,1,7.49451,19.113,Large,1,1,7.49451,19.113,Large,1
arcidry01,Ryan Arcidiacono,20275,"Jul 14, 2016",2016,SAS,1.44,standard,1,,,,0,0,0,free_agency,SAS,1,0,,1,2016,94.143,0.72,0.007648,-4.873319,2017,1,0,1,,0.075,31,1.0964,2.602,Small,0,31,1.0964,2.602,Small,0
arcidry01,Ryan Arcidiacono,20275,"Jul 11, 2019",2019,CHI,6.0,standard,1,RFA,0.25,0.26,0,0,0,free_agency,CHI,1,0,,1,2019,109.14,3.0,0.027488,-3.594019,2020,1,0,1,,3.0,3,3.65475,9.441,Large,1,3,3.65475,9.441,Large,1
arizatr01,Trevor Ariza,2513,"Aug 03, 2004",2004,NYK,1.06,standard,1,,0.25,0.26,0,0,0,free_agency,NYK,1,0,,2,2004,,0.53,,,2005,1,0,1,,,1,7.49451,19.113,Large,1,1,7.49451,19.113,Large,1
arizatr01,Trevor Ariza,2513,"Jul 27, 2006",2006,ORL,9.3,standard,1,RFA,0.25,0.27,0,0,0,free_agency,ORL,1,0,,2,2006,,3.1,,,2008,1,0,1,,,15,1.90242,2.673,Medium,0,15,1.90242,2.673,Medium,0
arizatr01,Trevor Ariza,2513,"Jul 08, 2009",2009,HOU,33.95,standard,1,UFA,0.25,0.29,0,0,0,free_agency,HOU,1,0,,1,2009,,6.79,,,2013,1,0,1,,,6,2.79742,7.206,Large,1,6,2.79742,7.206,Large,1
arizatr01,Trevor Ariza,2513,"Jul 13, 2014",2014,WAS,32.0,standard,1,UFA,0.35,0.392,0,0,0,sign_and_trade,,,0,,0,2014,63.065,8.0,0.126853,-2.064724,2017,1,0,1,,,8,2.63064,6.385,Large,1,,,,,
arizatr01,Trevor Ariza,2513,"Jul 06, 2018",2018,PHX,15.0,standard,1,UFA,0.35,0.35,0,0,0,free_agency,HOU,0,0,,0,2018,101.869,15.0,0.147248,-1.915637,2018,1,0,0,,15.0,12,2.1982,5.059,Large,0,6,2.79742,7.206,Large,1
arizatr01,Trevor Ariza,2513,"Jul 07, 2019",2019,SAC,25.0,standard,1,UFA,0.35,0.364,0,0,0,free_agency,WAS,0,0,,0,2019,109.14,12.5,0.114532,-2.166903,2020,1,0,1,,12.2,20,1.49792,2.453,Small,0,8,2.63064,6.385,Large,1
arizatr01,Trevor Ariza,2513,"Aug 06, 2021",2021,LAL,2.64,standard,1,UFA,0.35,0.35,0,0,0,free_agency,MIA,0,0,,0,2021,112.414,2.64,0.023485,-3.75141,2021,1,0,0,,2.641691,2,5.83579,12.901,Large,1,18,1.75692,6.266,Medium,0
artesro01,Metta World Peace,2687,"Jul 15, 1999",1999,CHI,3.48,standard,1,,0.25,0.27,0,0,0,free_agency,CHI,1,0,,2,1999,,1.16,,,2001,1,0,1,,,3,3.65475,9.441,Large,1,3,3.65475,9.441,Large,1
artesro01,Metta World Peace,2687,"Oct 31, 2002",2002,IND,40.8,rookie-scale,1,,0.25,0.3,0,0,0,extension,IND,1,0,,1,2003,,6.8,,,2008,1,0,1,,,25,1.23221,2.126,Small,0,25,1.23221,2.126,Small,0
artesro01,Metta World Peace,2687,"Jul 08, 2009",2009,LAL,33.95,standard,1,UFA,0.35,0.406,0,0,0,free_agency,LAL,1,0,,1,2009,,6.79,,,2013,1,0,1,,,2,5.83579,12.901,Large,1,2,5.83579,12.901,Large,1
artesro01,Metta World Peace,2687,"Jul 16, 2013",2013,NYK,3.25,standard,1,UFA,0.35,0.364,0,0,0,free_agency,NYK,1,0,,0,2013,,1.625,,,2014,1,0,1,,,1,7.49451,19.113,Large,1,1,7.49451,19.113,Large,1
artesro01,Metta World Peace,2687,"Sep 24, 2015",2015,LAL,1.5,standard,1,UFA,0.35,0.35,0,0,0,free_agency,LAL,1,0,,0,2015,70.0,1.5,0.021429,-3.84303,2015,1,0,0,,1.499187,2,5.83579,12.901,Large,1,2,5.83579,12.901,Large,1
artesro01,Metta World Peace,2687,"Sep 22, 2016",2016,LAL,1.55,standard,1,UFA,0.35,0.35,0,0,0,free_agency,LAL,1,0,,0,2016,94.143,1.55,0.016464,-4.10656,2016,1,0,0,,1.551659,2,5.83579,12.901,Large,1,2,5.83579,12.901,Large,1
arthuda01,Darrell Arthur,6121,"Jul 08, 2008",2008,MEM,2.03,standard,1,,0.25,0.26,0,0,0,free_agency,MEM,1,0,,4,2008,,1.015,,,2009,1,0,1,,,51,0.6663,1.358,Small,0,51,0.6663,1.358,Small,0
arthuda01,Darrell Arthur,6121,"Jul 13, 2012",2012,MEM,9.675,standard,1,RFA,0.25,0.26,0,0,0,free_agency,MEM,1,0,,2,2012,,4.838,,,2013,1,0,1,,,51,0.6663,1.358,Small,0,51,0.6663,1.358,Small,0
arthuda01,Darrell Arthur,6121,"Aug 07, 2015",2015,DEN,5.75,standard,1,UFA,0.3,0.312,0,0,0,free_agency,DEN,1,0,,1,2015,70.0,2.875,0.041071,-3.192443,2016,1,0,1,,2.814,17,1.80627,3.038,Medium,0,17,1.80627,3.038,Medium,0
asikom01,Ömer Aşık,7110,"Jul 13, 2010",2010,CHI,3.58,standard,1,RFA,0.25,0.26,0,0,0,free_agency,CHI,1,0,,0,2010,,1.79,,,2011,1,0,1,,,3,3.65475,9.441,Large,1,3,3.65475,9.441,Large,1
asikom01,Ömer Aşık,7110,"Jul 24, 2012",2012,HOU,25.1,standard,1,RFA,0.25,0.27,0,0,0,free_agency,HOU,1,0,,0,2012,,8.367,,,2014,1,0,1,,,6,2.79742,7.206,Large,1,6,2.79742,7.206,Large,1
asikom01,Ömer Aşık,7110,"Jul 09, 2015",2015,NOP,58.0,standard,1,UFA,0.25,0.29,0,0,0,free_agency,NOP,1,0,,0,2015,70.0,11.6,0.165714,-1.79749,2019,1,0,1,,11.0,50,0.67279,1.29,Small,0,50,0.67279,1.29,Small,0
augusdj01,D.J. Augustin,6088,"Jul 03, 2008",2008,CHA,4.59,standard,1,,0.25,0.26,0,0,0,free_agency,CHA,1,0,,2,2008,,2.295,,,2009,1,0,1,,,21,1.38202,2.66,Small,0,21,1.38202,2.66,Small,0
augusdj01,D.J. Augustin,6088,"Jul 13, 2012",2012,IND,3.5,standard,1,UFA,0.25,0.25,0,0,0,free_agency,IND,1,0,,0,2012,,3.5,,,2012,1,0,0,,,25,1.23221,2.126,Small,0,25,1.23221,2.126,Small,0
augusdj01,D.J. Augustin,6088,"Jul 22, 2013",2013,TOR,1.267,standard,1,UFA,0.25,0.25,0,0,0,free_agency,TOR,1,0,,0,2013,,1.267,,,2013,1,0,0,,,,,6.202,Large,1,,,6.202,Large,1
augusdj01,D.J. Augustin,6088,"Dec 13, 2013",2013,CHI,0.755459,standard,1,UFA,0.25,0.25,0,0,0,free_agency,CHI,1,0,,0,2013,,0.755,,,2013,1,0,0,,,3,3.65475,9.441,Large,1,3,3.65475,9.441,Large,1
augusdj01,D.J. Augustin,6088,"Jul 15, 2014",2014,DET,6.0,standard,1,UFA,0.25,0.26,0,0,0,free_agency,DET,1,0,,0,2014,63.065,3.0,0.04757,-3.045554,2015,1,0,1,,,14,1.94075,4.365,Medium,0,14,1.94075,4.365,Medium,0
augusdj01,D.J. Augustin,6088,"Jul 07, 2016",2016,ORL,29.0,standard,1,UFA,0.3,0.336,0,0,0,free_agency,DEN,0,0,,0,2016,94.143,7.25,0.077011,-2.563813,2019,1,0,1,,7.25,15,1.90242,2.673,Medium,0,17,1.80627,3.038,Medium,0
augusdj01,D.J. Augustin,6088,"Nov 25, 2020",2020,MIL,21.0,standard,1,UFA,0.35,0.378,0,0,0,free_agency,ORL,0,0,,0,2020,109.14,7.0,0.064138,-2.746721,2022,1,0,1,,6.666667,38,0.9449,1.586,Small,0,15,1.90242,2.673,Medium,0
avdijde01,Deni Avdija,70651,"Dec 01, 2020",2020,WAS,20.34,rookie-scale,1,,0.25,0.28,0,0,0,rookie_scale,WAS,1,0,,2,2020,109.14,5.085,0.046592,-3.066336,2023,1,0,0,,4.46916,8,2.63064,6.385,Large,1,8,2.63064,6.385,Large,1
avdijde01,Deni Avdija,70651,"Oct 22, 2023",2023,WAS,55.0,extension,1,,0.25,0.28,0,0,0,extension,WAS,1,0,,0,2024,140.588,13.75,0.097804,-2.324795,2027,0,2,1,,6.263188,8,2.63064,6.385,Large,1,8,2.63064,6.385,Large,1
aytonde01,Deandre Ayton,26967,"Jul 03, 2018",2018,PHX,40.38,rookie-scale,1,,0.25,0.28,0,0,0,rookie_scale,PHX,1,0,,3,2018,101.869,10.095,0.099098,-2.311647,2021,1,0,0,,8.16516,12,2.1982,5.059,Large,0,12,2.1982,5.059,Large,0
aytonde01,Deandre Ayton,26967,"Jul 18, 2022",2022,PHX,132.93,standard,1,RFA,0.25,0.28,0,0,0,offer_sheet,PHX,1,0,,1,2022,123.655,33.233,0.268752,-1.313967,2025,1,0,1,,30.91375,12,2.1982,5.059,Large,0,12,2.1982,5.059,Large,0
aytonde01,Deandre Ayton,26967,"Jul 06, 2025",2025,LAL,16.21,standard,1,UFA,0.3,0.312,0,0,0,free_agency,POR,0,1,,1,2025,154.647,8.105,0.05241,-2.948664,2026,0,1,1,,8.104,2,5.83579,12.901,Large,1,23,1.27792,2.511,Small,0
azubuud01,Udoka Azubuike,70669,"Nov 24, 2020",2020,UTH,10.15,rookie-scale,1,,0.25,0.28,0,0,0,rookie_scale,UTA,0,0,,2,2020,109.14,2.538,0.02325,-3.761452,2023,1,0,0,,1.977,28,1.16352,1.266,Small,0,28,1.16352,1.266,Small,0
babbilu01,Luke Babbitt,6898,"Jul 07, 2010",2010,POR,3.41,standard,1,,0.25,0.26,0,0,0,free_agency,POR,1,0,,2,2010,,1.705,,,2011,1,0,1,,,23,1.27792,2.511,Small,0,23,1.27792,2.511,Small,0
babbilu01,Luke Babbitt,6898,"Jul 20, 2015",2015,NOP,2.33,standard,1,UFA,0.25,0.26,0,0,0,free_agency,NOP,1,0,,0,2015,70.0,1.165,0.016643,-4.095774,2016,1,0,1,,1.1,50,0.67279,1.29,Small,0,50,0.67279,1.29,Small,0
babbilu01,Luke Babbitt,6898,"Aug 09, 2017",2017,ATL,1.97,standard,1,UFA,0.3,0.3,0,0,0,free_agency,MIA,0,0,,0,2017,99.093,1.97,0.01988,-3.918025,2017,1,0,0,,1.974159,7,2.75817,6.144,Large,1,18,1.75692,6.266,Medium,0
bacondw01,Dwayne Bacon,23640,"Jul 06, 2017",2017,CHA,3.81,standard,1,,0.25,0.27,0,0,0,free_agency,CHA,1,0,,0,2017,99.093,1.27,0.012816,-4.357042,2019,1,0,1,,0.815615,21,1.38202,2.66,Small,0,21,1.38202,2.66,Small,0
bacondw01,Dwayne Bacon,23640,"Nov 24, 2020",2020,ORL,3.5,standard,1,UFA,0.25,0.26,0,0,0,free_agency,CHA,0,0,,0,2020,109.14,1.75,0.016034,-4.133016,2021,1,0,1,,1.678854,15,1.90242,2.673,Medium,0,21,1.38202,2.66,Small,0
baglema01,Marvin Bagley III,26968,"Jul 01, 2018",2018,SAC,36.14,rookie-scale,1,,0.25,0.28,0,0,0,rookie_scale,SAC,1,0,,2,2018,101.869,9.035,0.088692,-2.422582,2021,1,0,0,,7.3056,20,1.49792,2.453,Small,0,20,1.49792,2.453,Small,0
baglema01,Marvin Bagley III,26968,"Jul 06, 2022",2022,DET,37.5,standard,1,RFA,0.25,0.27,0,0,0,free_agency,DET,1,0,,0,2022,123.655,12.5,0.101088,-2.291767,2024,1,0,1,,12.5,14,1.94075,4.365,Medium,0,14,1.94075,4.365,Medium,0
baglema01,Marvin Bagley III,26968,"Jul 10, 2025",2025,WAS,3.08,standard,1,UFA,0.3,0.3,0,0,0,free_agency,MEM,0,0,,0,2025,154.647,3.08,0.019916,-3.916216,2025,1,0,0,,2.296274,8,2.63064,6.385,Large,1,51,0.6663,1.358,Small,0
baglema01,Marvin Bagley III,26968,"Jul 15, 2026",2026,DEN,3.5,standard,1,UFA,0.3,0.3,0,0,0,free_agency,DAL,0,0,,0,2026,170.1117,3.5,0.020575,-3.883692,2026,0,1,0,,,17,1.80627,3.038,Medium,0,4,3.26449,7.943,Large,1
baileac01,Ace Bailey,98599,"Jul 02, 2025",2025,UTA,41.21,rookie-scale,1,,0.25,0.28,0,0,0,rookie_scale,UTA,1,0,,0,2025,154.647,10.303,0.066619,-2.708759,2028,0,3,0,,9.06984,28,1.16352,1.266,Small,0,28,1.16352,1.266,Small,0
bakerro01,Ron Baker,20278,"Jul 28, 2016",2016,NYK,0.543,standard,1,,0.25,0.25,0,0,0,free_agency,NYK,1,0,,1,2016,94.143,0.543,0.005768,-5.155461,2016,1,0,0,,0.543471,1,7.49451,19.113,Large,1,1,7.49451,19.113,Large,1
bakerro01,Ron Baker,20278,"Aug 07, 2017",2017,NYK,8.87,standard,1,UFA,0.25,0.26,0,0,0,free_agency,NYK,1,0,,1,2017,99.093,4.435,0.044756,-3.106531,2018,1,0,1,,4.328,1,7.49451,19.113,Large,1,1,7.49451,19.113,Large,1
bakerro01,Ron Baker,20278,"Dec 21, 2018",2018,WAS,0.949,standard,1,RFA,0.25,0.25,0,0,0,free_agency,NYK,0,0,,0,2018,101.869,0.949,0.009316,-4.676034,2018,1,0,0,,0.170915,8,2.63064,6.385,Large,1,1,7.49451,19.113,Large,1
baldwpa01,Patrick Baldwin Jr.,78139,"Jul 06, 2022",2022,GSW,11.43,rookie-scale,1,,0.25,0.28,0,0,0,rookie_scale,GSW,1,0,,2,2022,123.655,2.857,0.023109,-3.767548,2025,1,0,0,,2.226,10,2.54248,4.749,Large,1,10,2.54248,4.749,Large,1
baldwwa01,Wade Baldwin,20222,"Jul 16, 2016",2016,MEM,8.62,rookie-scale,1,,0.25,0.28,0,0,0,rookie_scale,MEM,1,0,,0,2016,94.143,2.155,0.022891,-3.777024,2019,1,0,0,,1.79376,51,0.6663,1.358,Small,0,51,0.6663,1.358,Small,0
ballla01,LaMelo Ball,70645,"Nov 30, 2020",2020,CHA,35.6,rookie-scale,1,,0.25,0.28,0,0,0,rookie_scale,CHA,1,0,,2,2020,109.14,8.9,0.081547,-2.50658,2023,1,0,0,,7.83996,21,1.38202,2.66,Small,0,21,1.38202,2.66,Small,0
ballla01,LaMelo Ball,70645,"Jul 06, 2023",2023,CHA,203.85,extension,1,,0.35,0.406,0,0,1,extension,CHA,1,0,,0,2024,140.588,40.77,0.289996,-1.237887,2028,0,3,1,,10.900635,21,1.38202,2.66,Small,0,21,1.38202,2.66,Small,0
balllo01,Lonzo Ball,23597,"Jul 03, 2017",2017,LAL,33.47,rookie-scale,1,,0.25,0.28,0,0,0,rookie_scale,LAL,1,0,,3,2017,99.093,8.367,0.084441,-2.471704,2020,1,0,0,,6.28656,2,5.83579,12.901,Large,1,2,5.83579,12.901,Large,1
balllo01,Lonzo Ball,23597,"Aug 08, 2021",2021,NOP,80.0,standard,1,RFA,0.25,0.28,0,0,0,sign_and_trade,NOP,1,0,,1,2021,112.414,20.0,0.177914,-1.726456,2024,1,0,1,,18.604651,50,0.67279,1.29,Small,0,50,0.67279,1.29,Small,0
balllo01,Lonzo Ball,23597,"Feb 14, 2025",2025,CHI,20.0,extension,1,,0.3,0.312,0,0,0,extension,CHI,1,0,,0,2026,170.1117,10.0,0.058785,-2.83387,2027,0,2,1,,10.0,3,3.65475,9.441,Large,1,3,3.65475,9.441,Large,1
bambamo01,Mo Bamba,26972,"Jul 03, 2018",2018,ORL,24.1,rookie-scale,1,,0.25,0.28,0,0,0,rookie_scale,ORL,1,0,,2,2018,101.869,6.025,0.059145,-2.82777,2021,1,0,0,,4.86504,15,1.90242,2.673,Medium,0,15,1.90242,2.673,Medium,0
bambamo01,Mo Bamba,26972,"Jul 07, 2022",2022,ORL,20.6,standard,1,UFA,0.25,0.26,0,0,0,free_agency,ORL,1,0,,0,2022,123.655,10.3,0.083296,-2.485352,2023,1,0,1,,10.3,15,1.90242,2.673,Medium,0,15,1.90242,2.673,Medium,0
bambamo01,Mo Bamba,26972,"Jul 09, 2023",2023,PHI,2.35,standard,1,UFA,0.25,0.25,0,0,0,free_agency,LAL,0,0,,0,2023,136.021,2.35,0.017277,-4.058394,2023,1,0,0,,2.019706,5,3.14592,6.228,Large,1,2,5.83579,12.901,Large,1
bambamo01,Mo Bamba,26972,"Jul 01, 2024",2024,LAC,2.61,standard,1,UFA,0.25,0.25,0,0,0,free_agency,PHI,0,0,,0,2024,140.588,2.61,0.018565,-3.986483,2024,1,0,0,,0.119972,2,5.83579,12.901,Large,1,5,3.14592,6.228,Large,1
bambamo01,Mo Bamba,26972,"Jul 08, 2026",2026,UTA,7.21,standard,1,UFA,0.3,0.312,0,0,0,free_agency,UTA,1,0,,0,2026,170.1117,3.605,0.021192,-3.854134,2027,0,2,1,,,28,1.16352,1.266,Small,0,28,1.16352,1.266,Small,0
banchpa01,Paolo Banchero,78110,"Jul 01, 2022",2022,ORL,50.16,rookie-scale,1,,0.25,0.28,0,0,0,rookie_scale,ORL,1,0,,2,2022,123.655,12.54,0.101411,-2.288572,2025,1,0,0,,11.05512,15,1.90242,2.673,Medium,0,15,1.90242,2.673,Medium,0
banchpa01,Paolo Banchero,78110,"Jul 07, 2025",2025,ORL,239.19,rookie-scale,1,,0.35,0.406,0,0,1,extension,ORL,1,1,,0,2026,170.1117,47.838,0.281215,-1.268635,2030,0,5,1,,15.334769,15,1.90242,2.673,Medium,0,15,1.90242,2.673,Medium,0
banede01,Desmond Bane,70672,"Nov 25, 2020",2020,MEM,9.94,rookie-scale,1,,0.25,0.28,0,0,0,rookie_scale,MEM,1,0,,2,2020,109.14,2.485,0.022769,-3.782359,2023,1,0,0,,1.93644,51,0.6663,1.358,Small,0,51,0.6663,1.358,Small,0
banede01,Desmond Bane,70672,"Jul 08, 2023",2023,MEM,197.23,rookie-scale,1,,0.25,0.29,0,0,0,extension,MEM,1,0,,0,2024,140.588,39.446,0.280579,-1.270901,2028,0,3,1,,3.845083,51,0.6663,1.358,Small,0,51,0.6663,1.358,Small,0
bantoda01,Dalano Banton,74153,"Aug 13, 2021",2021,TOR,2.49,standard,1,,0.25,0.26,0,0,0,free_agency,TOR,1,0,,2,2021,112.414,1.245,0.011075,-4.503053,2022,1,0,1,,0.925258,,,6.202,Large,1,,,6.202,Large,1
bantoda01,Dalano Banton,74153,"Jul 17, 2023",2023,BOS,4.22,standard,1,UFA,0.25,0.26,0,0,0,free_agency,TOR,0,0,,2,2023,136.021,2.11,0.015512,-4.166121,2024,1,0,1,,2.019706,9,2.58446,4.899,Large,1,,,6.202,Large,1
bantoda01,Dalano Banton,74153,"Apr 11, 2026",2026,BOS,2.83,standard,1,UFA,0.25,0.26,0,0,0,rest_of_season,BOS,1,0,,1,2026,170.1117,1.415,0.008318,-4.789326,2027,0,2,0,,,9,2.58446,4.899,Large,1,9,2.58446,4.899,Large,1
barbole01,Leandro Barbosa,2659,"Jul 16, 2003",2003,PHX,2.6,standard,1,,0.25,0.27,0,0,0,free_agency,PHX,1,0,,2,2003,,0.867,,,2005,1,0,1,,,12,2.1982,5.059,Large,0,12,2.1982,5.059,Large,0
barbole01,Leandro Barbosa,2659,"Aug 04, 2006",2006,PHX,33.0,rookie-scale,1,,0.25,0.29,0,0,0,extension,PHX,1,0,,1,2007,,6.6,,,2011,1,0,1,,,12,2.1982,5.059,Large,0,12,2.1982,5.059,Large,0
barbole01,Leandro Barbosa,2659,"Oct 17, 2012",2012,BOS,1.229255,standard,1,UFA,0.3,0.3,0,0,0,free_agency,BOS,1,0,,0,2012,,1.229,,,2012,1,0,0,,,9,2.58446,4.899,Large,1,9,2.58446,4.899,Large,1
barbole01,Leandro Barbosa,2659,"Sep 10, 2014",2014,GSW,1.45,standard,1,UFA,0.35,0.35,0,0,0,free_agency,GSW,1,0,,0,2014,63.065,1.45,0.022992,-3.772602,2014,1,0,0,,,10,2.54248,4.749,Large,1,10,2.54248,4.749,Large,1
barbole01,Leandro Barbosa,2659,"Jul 13, 2015",2015,GSW,2.5,standard,1,UFA,0.35,0.35,0,0,0,free_agency,GSW,1,0,,0,2015,70.0,2.5,0.035714,-3.332205,2015,1,0,0,,2.5,10,2.54248,4.749,Large,1,10,2.54248,4.749,Large,1
barbole01,Leandro Barbosa,2659,"Jul 19, 2016",2016,PHX,8.0,standard,1,UFA,0.35,0.364,0,0,0,free_agency,GSW,0,0,,0,2016,94.143,4.0,0.042489,-3.158521,2017,1,0,1,,4.0,12,2.1982,5.059,Large,0,10,2.54248,4.749,Large,1
bareajo01,J.J. Barea,2269,"Aug 16, 2006",2006,DAL,1.1,standard,1,,0.25,0.26,0,0,0,free_agency,DAL,1,0,,1,2006,,0.55,,,2007,1,0,1,,,4,3.26449,7.943,Large,1,4,3.26449,7.943,Large,1
bareajo01,J.J. Barea,2269,"Jul 09, 2008",2008,DAL,5.0,standard,1,RFA,0.25,0.27,0,0,0,free_agency,DAL,1,0,,1,2008,,1.667,,,2010,1,0,1,,,4,3.26449,7.943,Large,1,4,3.26449,7.943,Large,1
bareajo01,J.J. Barea,2269,"Dec 12, 2011",2011,MIN,18.0,standard,1,UFA,0.25,0.28,0,0,0,free_agency,MIN,1,0,,0,2011,,4.5,,,2014,1,0,1,,,16,1.88668,3.703,Medium,0,16,1.88668,3.703,Medium,0
bareajo01,J.J. Barea,2269,"Oct 29, 2014",2014,DAL,1.3,standard,1,UFA,0.3,0.3,0,0,0,free_agency,DAL,1,0,,0,2014,63.065,1.3,0.020614,-3.881802,2014,1,0,0,,,4,3.26449,7.943,Large,1,4,3.26449,7.943,Large,1
bareajo01,J.J. Barea,2269,"Jul 16, 2015",2015,DAL,16.0,standard,1,UFA,0.3,0.336,0,0,0,free_agency,DAL,1,0,,0,2015,70.0,4.0,0.057143,-2.862201,2018,1,0,1,,4.0,4,3.26449,7.943,Large,1,4,3.26449,7.943,Large,1
bareajo01,J.J. Barea,2269,"Aug 19, 2019",2019,DAL,2.56,standard,1,UFA,0.35,0.35,0,0,0,free_agency,DAL,1,0,,0,2019,109.14,2.56,0.023456,-3.752624,2019,1,0,0,,2.564753,4,3.26449,7.943,Large,1,4,3.26449,7.943,Large,1
bareajo01,J.J. Barea,2269,"Dec 01, 2020",2020,DAL,2.56,standard,1,UFA,0.35,0.35,0,0,0,free_agency,DAL,1,0,,0,2020,109.14,2.56,0.023456,-3.752624,2020,1,0,0,,1.620564,4,3.26449,7.943,Large,1,4,3.26449,7.943,Large,1
bargnan01,Andrea Bargnani,2730,"Jul 01, 2006",2006,TOR,9.34,standard,1,,0.25,0.26,0,0,0,free_agency,TOR,1,0,,2,2006,,4.67,,,2007,1,0,1,,,,,6.202,Large,1,,,6.202,Large,1
bargnan01,Andrea Bargnani,2730,"Jul 12, 2015",2015,BKN,2.91,standard,1,UFA,0.3,0.312,0,0,0,free_agency,BKN,1,0,,0,2015,70.0,1.455,0.020786,-3.873489,2016,1,0,1,,1.039298,1,7.49451,19.113,Large,1,1,7.49451,19.113,Large,1
barlodo01,Dominick Barlow,78565,"Mar 04, 2025",2025,ATL,2.76,two-way,1,RFA,0.25,0.26,0,0,0,rest_of_season,ATL,1,0,,2,2025,154.647,1.38,0.008924,-4.719062,2026,0,1,0,,3.415,7,2.75817,6.144,Large,1,7,2.75817,6.144,Large,1
barneha02,Harrison Barnes,10815,"Jul 03, 2012",2012,GSW,5.72,standard,1,,0.25,0.26,0,0,0,free_agency,GSW,1,0,,3,2012,,2.86,,,2013,1,0,1,,,10,2.54248,4.749,Large,1,10,2.54248,4.749,Large,1
barneha02,Harrison Barnes,10815,"Jul 07, 2016",2016,DAL,94.4,maximum,1,UFA,0.25,0.28,0,1,0,offer_sheet,GSW,0,0,,1,2016,94.143,23.6,0.250682,-1.383568,2019,1,0,1,,22.11675,4,3.26449,7.943,Large,1,10,2.54248,4.749,Large,1
barneha02,Harrison Barnes,10815,"Jul 08, 2019",2019,SAC,85.0,standard,1,UFA,0.3,0.336,0,0,0,free_agency,SAC,1,0,,0,2019,109.14,21.25,0.194704,-1.636275,2022,1,0,1,,24.147727,20,1.49792,2.453,Small,0,20,1.49792,2.453,Small,0
barneha02,Harrison Barnes,10815,"Jun 29, 2023",2023,SAC,54.0,extension,1,,0.35,0.378,0,0,0,extension,SAC,1,0,,0,2024,140.588,18.0,0.128034,-2.055462,2026,0,1,1,,17.0,20,1.49792,2.453,Small,0,20,1.49792,2.453,Small,0
barneha02,Harrison Barnes,10815,"Jul 08, 2026",2026,SAS,8.0,standard,1,UFA,0.35,0.35,0,0,0,free_agency,SAS,1,0,,0,2026,170.1117,8.0,0.047028,-3.057014,2026,0,1,0,,,31,1.0964,2.602,Small,0,31,1.0964,2.602,Small,0
barnema02,Matt Barnes,2313,"Oct 01, 2004",2004,SAC,0.695,standard,1,RFA,0.25,0.25,0,0,0,free_agency,SAC,1,0,,1,2004,,0.695,,,2004,1,0,0,,,20,1.49792,2.453,Small,0,20,1.49792,2.453,Small,0
barnema02,Matt Barnes,2313,"Oct 02, 2006",2006,GSW,0.771331,standard,1,RFA,0.25,0.25,0,0,0,free_agency,GSW,1,0,,1,2006,,0.771,,,2006,1,0,0,,,10,2.54248,4.749,Large,1,10,2.54248,4.749,Large,1
barnema02,Matt Barnes,2313,"Oct 03, 2007",2007,GSW,3.0,standard,1,RFA,0.25,0.25,0,0,0,free_agency,GSW,1,0,,1,2007,,3.0,,,2007,1,0,0,,,10,2.54248,4.749,Large,1,10,2.54248,4.749,Large,1
barnema02,Matt Barnes,2313,"Jul 22, 2008",2008,PHX,0.926678,standard,1,RFA,0.25,0.25,0,0,0,free_agency,PHX,1,0,,1,2008,,0.927,,,2008,1,0,0,,,12,2.1982,5.059,Large,0,12,2.1982,5.059,Large,0
barnema02,Matt Barnes,2313,"Jul 21, 2009",2009,ORL,1.6,standard,1,UFA,0.25,0.25,0,0,0,free_agency,ORL,1,0,,1,2009,,1.6,,,2009,1,0,0,,,15,1.90242,2.673,Medium,0,15,1.90242,2.673,Medium,0
barnema02,Matt Barnes,2313,"Jul 22, 2010",2010,LAL,3.6,standard,1,UFA,0.25,0.26,0,0,0,free_agency,LAL,1,0,,1,2010,,1.8,,,2011,1,0,1,,,2,5.83579,12.901,Large,1,2,5.83579,12.901,Large,1
barnema02,Matt Barnes,2313,"Sep 14, 2012",2012,LAC,1.229255,standard,1,UFA,0.3,0.3,0,0,0,free_agency,LAC,1,0,,0,2012,,1.229,,,2012,1,0,0,,,2,5.83579,12.901,Large,1,2,5.83579,12.901,Large,1
barnema02,Matt Barnes,2313,"Jul 10, 2013",2013,LAC,10.2,standard,1,UFA,0.3,0.324,0,0,0,free_agency,LAC,1,0,,0,2013,,3.4,,,2015,1,0,1,,,2,5.83579,12.901,Large,1,2,5.83579,12.901,Large,1
barnema02,Matt Barnes,2313,"Jul 09, 2016",2016,SAC,12.25,standard,1,UFA,0.35,0.364,0,0,0,free_agency,MEM,0,0,,0,2016,94.143,6.125,0.065061,-2.732436,2017,1,0,1,,0.383351,20,1.49792,2.453,Small,0,51,0.6663,1.358,Small,0
barnema02,Matt Barnes,2313,"Mar 02, 2017",2017,GSW,0.383,standard,1,UFA,0.35,0.35,0,0,0,free_agency,GSW,1,0,,0,2017,99.093,0.383,0.003865,-5.555779,2017,1,0,0,,2.133542,10,2.54248,4.749,Large,1,10,2.54248,4.749,Large,1
barnesc01,Scottie Barnes,74111,"Aug 08, 2021",2021,TOR,33.06,rookie-scale,1,,0.25,0.28,0,0,0,rookie_scale,TOR,1,0,,2,2021,112.414,8.265,0.073523,-2.610159,2024,1,0,0,,7.2804,,,6.202,Large,1,,,6.202,Large,1
barnesc01,Scottie Barnes,74111,"Jul 08, 2024",2024,TOR,224.23,rookie-scale,1,,0.35,0.406,0,0,1,extension,TOR,1,0,,0,2025,154.647,44.846,0.289989,-1.237911,2029,0,4,1,,10.13098,,,6.202,Large,1,,,6.202,Large,1
barrerj01,RJ Barrett,31560,"Jul 02, 2019",2019,NYK,35.6,rookie-scale,1,,0.25,0.28,0,0,0,rookie_scale,NYK,1,0,,2,2019,109.14,8.9,0.081547,-2.50658,2022,1,0,0,,7.83996,1,7.49451,19.113,Large,1,1,7.49451,19.113,Large,1
barrerj01,RJ Barrett,31560,"Sep 01, 2022",2022,NYK,120.0,rookie-scale,1,,0.25,0.28,0,0,0,extension,NYK,1,0,,0,2023,136.021,30.0,0.220554,-1.511612,2026,0,1,1,,10.900635,1,7.49451,19.113,Large,1,1,7.49451,19.113,Large,1
bartowi01,Will Barton,10865,"Jul 14, 2012",2012,POR,2.25,standard,1,,0.25,0.27,0,0,0,free_agency,POR,1,0,,0,2012,,0.75,,,2014,1,0,1,,,23,1.27792,2.511,Small,0,23,1.27792,2.511,Small,0
bartowi01,Will Barton,10865,"Jul 24, 2015",2015,DEN,10.6,standard,1,RFA,0.25,0.27,0,0,0,free_agency,DEN,1,0,,0,2015,70.0,3.533,0.050476,-2.986254,2017,1,0,1,,3.333333,17,1.80627,3.038,Medium,0,17,1.80627,3.038,Medium,0
bartowi01,Will Barton,10865,"Jul 09, 2018",2018,DEN,53.0,standard,1,UFA,0.25,0.28,0,0,0,free_agency,DEN,1,0,,0,2018,101.869,13.25,0.130069,-2.03969,2021,1,0,1,,11.830358,17,1.80627,3.038,Medium,0,17,1.80627,3.038,Medium,0
bartowi01,Will Barton,10865,"Aug 11, 2021",2021,DEN,30.0,standard,1,UFA,0.3,0.312,0,0,0,free_agency,DEN,1,0,,0,2021,112.414,15.0,0.133435,-2.014138,2022,1,0,1,,15.625,17,1.80627,3.038,Medium,0,17,1.80627,3.038,Medium,0
bassbr01,Brandon Bass,2270,"Aug 24, 2005",2005,NOH,1.06,standard,1,,0.25,0.26,0,0,0,free_agency,NOH,1,0,,2,2005,,0.53,,,2006,1,0,1,,,50,0.67279,1.29,Small,0,50,0.67279,1.29,Small,0
bassbr01,Brandon Bass,2270,"Jul 26, 2007",2007,DAL,1.6,standard,1,RFA,0.25,0.26,0,0,0,free_agency,DAL,1,0,,1,2007,,0.8,,,2008,1,0,1,,,4,3.26449,7.943,Large,1,4,3.26449,7.943,Large,1
bassbr01,Brandon Bass,2270,"Jul 10, 2009",2009,ORL,18.0,standard,1,RFA,0.25,0.28,0,0,0,free_agency,ORL,1,0,,1,2009,,4.5,,,2012,1,0,1,,,15,1.90242,2.673,Medium,0,15,1.90242,2.673,Medium,0
bassbr01,Brandon Bass,2270,"Jul 14, 2012",2012,BOS,19.35,standard,1,UFA,0.3,0.324,0,0,0,free_agency,BOS,1,0,,1,2012,,6.45,,,2014,1,0,1,,,9,2.58446,4.899,Large,1,9,2.58446,4.899,Large,1
bassbr01,Brandon Bass,2270,"Jul 09, 2015",2015,LAL,6.135,standard,1,UFA,0.35,0.364,0,0,0,free_agency,LAL,1,0,,1,2015,70.0,3.067,0.043821,-3.127632,2016,1,0,1,,3.0,2,5.83579,12.901,Large,1,2,5.83579,12.901,Large,1
bassbr01,Brandon Bass,2270,"Jul 19, 2016",2016,LAC,1.55,standard,1,UFA,0.35,0.35,0,0,0,free_agency,LAL,0,0,,0,2016,94.143,1.55,0.016464,-4.10656,2016,1,0,0,,1.551659,2,5.83579,12.901,Large,1,2,5.83579,12.901,Large,1
bassech01,Charles Bassey,74160,"Sep 24, 2021",2021,PHI,4.32,standard,1,,0.25,0.27,0,0,0,free_agency,PHI,1,0,,0,2021,112.414,1.44,0.01281,-4.357545,2023,1,0,1,,0.925258,5,3.14592,6.228,Large,1,5,3.14592,6.228,Large,1
bassech01,Charles Bassey,74160,"Feb 14, 2023",2023,SAS,10.2,two-way,1,RFA,0.25,0.28,0,0,0,rest_of_season,PHI,0,0,,0,2023,136.021,2.55,0.018747,-3.976716,2026,0,1,0,,2.6,31,1.0964,2.602,Small,0,5,3.14592,6.228,Large,1
bassech01,Charles Bassey,74160,"Jul 17, 2024",2024,SAS,2.16,standard,1,RFA,0.25,0.25,0,0,0,free_agency,SAS,1,0,,0,2024,140.588,2.16,0.015364,-4.175725,2024,1,0,0,,2.087519,31,1.0964,2.602,Small,0,31,1.0964,2.602,Small,0
bassech01,Charles Bassey,74160,"Jul 09, 2026",2026,GSW,2.85,standard,1,UFA,0.25,0.25,0,0,0,free_agency,GSW,1,0,,0,2026,170.1117,2.85,0.016754,-4.089136,2026,0,1,0,,,10,2.54248,4.749,Large,1,10,2.54248,4.749,Large,1
bateske01,Keita Bates-Diop,27014,"Jul 06, 2018",2018,MIN,3.9,standard,1,,0.25,0.27,0,0,0,free_agency,MIN,1,0,,1,2018,101.869,1.3,0.012761,-4.361323,2020,1,0,1,,0.838464,16,1.88668,3.703,Medium,0,16,1.88668,3.703,Medium,0
bateske01,Keita Bates-Diop,27014,"Sep 07, 2021",2021,SAS,3.61,standard,1,RFA,0.25,0.26,0,0,0,free_agency,SAS,1,0,,1,2021,112.414,1.805,0.016057,-4.131628,2022,1,0,1,,1.729217,31,1.0964,2.602,Small,0,31,1.0964,2.602,Small,0
bateske01,Keita Bates-Diop,27014,"Jul 02, 2023",2023,PHX,5.0,standard,1,UFA,0.25,0.26,0,0,0,free_agency,SAS,0,1,,1,2023,136.021,2.5,0.01838,-3.996519,2024,1,0,1,,2.346614,12,2.1982,5.059,Large,0,31,1.0964,2.602,Small,0
battlja01,Jamison Battle,95121,"Feb 07, 2025",2025,TOR,5.25,standard,1,RFA,0.25,0.27,0,0,0,rest_of_season,TOR,1,0,,0,2025,154.647,1.75,0.011316,-4.481529,2027,0,2,0,,1.955377,,,6.202,Large,1,,,6.202,Large,1
batumni01,Nicolas Batum,6149,"Jul 21, 2008",2008,POR,2.16,standard,1,,0.25,0.26,0,0,0,free_agency,POR,1,0,,6,2008,,1.08,,,2009,1,0,1,,,23,1.27792,2.511,Small,0,23,1.27792,2.511,Small,0
batumni01,Nicolas Batum,6149,"Jul 20, 2012",2012,POR,46.0,standard,1,RFA,0.25,0.28,0,0,0,offer_sheet,POR,1,0,,4,2012,,11.5,,,2015,1,0,1,,,23,1.27792,2.511,Small,0,23,1.27792,2.511,Small,0
batumni01,Nicolas Batum,6149,"Jul 07, 2016",2016,CHA,120.0,standard,1,UFA,0.3,0.348,0,0,0,free_agency,CHA,1,0,,4,2016,94.143,24.0,0.254931,-1.366761,2020,1,0,1,,20.869566,21,1.38202,2.66,Small,0,21,1.38202,2.66,Small,0
batumni01,Nicolas Batum,6149,"Dec 02, 2020",2020,LAC,2.56,standard,1,UFA,0.35,0.35,0,0,0,free_agency,CHA,0,0,,3,2020,109.14,2.56,0.023456,-3.752624,2020,1,0,0,,1.620564,2,5.83579,12.901,Large,1,21,1.38202,2.66,Small,0
batumni01,Nicolas Batum,6149,"Aug 13, 2021",2021,LAC,6.5,standard,1,UFA,0.35,0.364,0,0,0,free_agency,LAC,1,0,,3,2021,112.414,3.25,0.028911,-3.543533,2022,1,0,1,,3.170029,2,5.83579,12.901,Large,1,2,5.83579,12.901,Large,1
batumni01,Nicolas Batum,6149,"Jul 06, 2022",2022,LAC,22.55,standard,1,UFA,0.35,0.364,0,0,0,free_agency,LAC,1,0,,2,2022,123.655,11.275,0.091181,-2.394908,2023,1,0,1,,8.856969,2,5.83579,12.901,Large,1,2,5.83579,12.901,Large,1
batumni01,Nicolas Batum,6149,"Jul 09, 2024",2024,LAC,9.6,standard,1,UFA,0.35,0.364,0,0,0,free_agency,PHI,0,1,,2,2024,140.588,4.8,0.034142,-3.377218,2025,1,0,1,,4.668,2,5.83579,12.901,Large,1,5,3.14592,6.228,Large,1
batumni01,Nicolas Batum,6149,"Jul 06, 2025",2025,LAC,11.48,standard,1,UFA,0.35,0.364,0,0,0,free_agency,LAC,1,0,,1,2025,154.647,5.74,0.037117,-3.293686,2026,0,1,1,,5.6016,2,5.83579,12.901,Large,1,2,5.83579,12.901,Large,1
bayleje01,Jerryd Bayless,6150,"Jul 09, 2008",2008,POR,4.13,standard,1,,0.25,0.26,0,0,0,free_agency,POR,1,0,,3,2008,,2.065,,,2009,1,0,1,,,23,1.27792,2.511,Small,0,23,1.27792,2.511,Small,0
bayleje01,Jerryd Bayless,6150,"Jul 11, 2012",2012,MEM,6.135,standard,1,UFA,0.25,0.26,0,0,0,free_agency,MEM,1,0,,1,2012,,3.067,,,2013,1,0,1,,,51,0.6663,1.358,Small,0,51,0.6663,1.358,Small,0
bayleje01,Jerryd Bayless,6150,"Jul 31, 2014",2014,MIL,6.0,standard,1,UFA,0.25,0.26,0,0,0,free_agency,MIL,1,0,,0,2014,63.065,3.0,0.04757,-3.045554,2015,1,0,1,,,38,0.9449,1.586,Small,0,38,0.9449,1.586,Small,0
bayleje01,Jerryd Bayless,6150,"Jul 13, 2016",2016,PHI,3.0,standard,1,UFA,0.3,,0,0,0,free_agency,MIL,0,0,,0,2016,94.143,,,,,,,0,,9.424084,5,3.14592,6.228,Large,1,38,0.9449,1.586,Small,0
baynear01,Aron Baynes,11850,"Jan 22, 2013",2013,SAS,1.02,standard,1,RFA,0.25,0.26,0,0,0,free_agency,SAS,1,0,,2,2013,,0.51,,,2014,1,0,1,,,31,1.0964,2.602,Small,0,31,1.0964,2.602,Small,0
baynear01,Aron Baynes,11850,"Sep 26, 2014",2014,SAS,2.077,standard,1,RFA,0.25,0.25,0,0,0,free_agency,SAS,1,0,,2,2014,63.065,2.077,0.032934,-3.413241,2014,1,0,0,,,31,1.0964,2.602,Small,0,31,1.0964,2.602,Small,0
baynear01,Aron Baynes,11850,"Jul 12, 2015",2015,DET,19.5,standard,1,UFA,0.25,0.27,0,0,0,free_agency,DET,1,0,,2,2015,70.0,6.5,0.092857,-2.376693,2017,1,0,1,,6.5,14,1.94075,4.365,Medium,0,14,1.94075,4.365,Medium,0
baynear01,Aron Baynes,11850,"Jul 19, 2017",2017,BOS,4.3,standard,1,RFA,0.25,0.25,0,0,0,free_agency,DET,0,0,,1,2017,99.093,4.3,0.043394,-3.137444,2017,1,0,0,,4.328,9,2.58446,4.899,Large,1,14,1.94075,4.365,Medium,0
baynear01,Aron Baynes,11850,"Jul 06, 2018",2018,BOS,10.6,standard,1,UFA,0.25,0.26,0,0,0,free_agency,BOS,1,0,,1,2018,101.869,5.3,0.052028,-2.955981,2019,1,0,1,,5.1936,9,2.58446,4.899,Large,1,9,2.58446,4.899,Large,1
baynear01,Aron Baynes,11850,"Nov 24, 2020",2020,TOR,14.35,standard,1,UFA,0.3,0.312,0,0,0,free_agency,PHX,0,0,,0,2020,109.14,7.175,0.065741,-2.722029,2021,1,0,1,,7.0,,,6.202,Large,1,12,2.1982,5.059,Large,0
bazemke01,Kent Bazemore,11079,"Jul 26, 2012",2012,GSW,1.26,standard,1,,0.25,0.26,0,0,0,free_agency,GSW,1,0,,1,2012,,0.63,,,2013,1,0,1,,,10,2.54248,4.749,Large,1,10,2.54248,4.749,Large,1
bazemke01,Kent Bazemore,11079,"Sep 10, 2014",2014,ATL,4.0,standard,1,RFA,0.25,0.26,0,0,0,free_agency,ATL,1,0,,1,2014,63.065,2.0,0.031713,-3.451019,2015,1,0,1,,,7,2.75817,6.144,Large,1,7,2.75817,6.144,Large,1
bazemke01,Kent Bazemore,11079,"Jul 07, 2016",2016,ATL,70.0,standard,1,RFA,0.25,0.28,0,0,0,free_agency,ATL,1,0,,1,2016,94.143,17.5,0.185887,-1.682614,2019,1,0,1,,15.730338,7,2.75817,6.144,Large,1,7,2.75817,6.144,Large,1
bazemke01,Kent Bazemore,11079,"Aug 06, 2021",2021,LAL,2.4,standard,1,UFA,0.3,0.3,0,0,0,free_agency,GSW,0,0,,0,2021,112.414,2.4,0.02135,-3.84672,2021,1,0,0,,2.401537,2,5.83579,12.901,Large,1,10,2.54248,4.749,Large,1
bazemke01,Kent Bazemore,11079,"Sep 20, 2022",2022,SAC,2.91,standard,1,UFA,0.35,0.35,0,0,0,free_agency,LAL,0,0,,0,2022,123.655,2.91,0.023533,-3.749342,2022,1,0,0,,,20,1.49792,2.453,Small,0,2,5.83579,12.901,Large,1
bazleda01,Darius Bazley,31581,"Jul 07, 2019",2019,OKC,11.46,rookie-scale,1,,0.25,0.28,0,0,0,rookie_scale,OKC,1,0,,2,2019,109.14,2.865,0.026251,-3.640063,2022,1,0,0,,2.2848,47,0.7627,1.435,Small,0,47,0.7627,1.435,Small,0
bazleda01,Darius Bazley,31581,"Jul 16, 2023",2023,BKN,2.17,standard,1,UFA,0.25,0.25,0,0,0,free_agency,PHX,0,0,,0,2023,136.021,2.17,0.015953,-4.138082,2023,1,0,0,,0.116075,1,7.49451,19.113,Large,1,12,2.1982,5.059,Large,0
bazleda01,Darius Bazley,31581,"Mar 12, 2024",2024,UTA,5.74,standard,1,UFA,0.25,0.27,0,0,0,rest_of_season,PHI,0,0,,0,2024,140.588,1.913,0.01361,-4.296987,2026,0,1,0,,,28,1.16352,1.266,Small,0,5,3.14592,6.228,Large,1
bealbr01,Bradley Beal,10811,"Jul 06, 2012",2012,WAS,8.45,standard,1,,0.25,0.26,0,0,0,free_agency,WAS,1,0,,4,2012,,4.225,,,2013,1,0,1,,,8,2.63064,6.385,Large,1,8,2.63064,6.385,Large,1
bealbr01,Bradley Beal,10811,"Jul 26, 2016",2016,WAS,127.2,maximum,1,RFA,0.25,0.29,0,1,0,free_agency,WAS,1,0,,2,2016,94.143,25.44,0.270227,-1.308492,2020,1,0,1,,22.11675,8,2.63064,6.385,Large,1,8,2.63064,6.385,Large,1
bealbr01,Bradley Beal,10811,"Oct 17, 2019",2019,WAS,70.14,extension,1,,0.3,0.312,1,0,0,extension,WAS,1,1,,2,2020,109.14,35.07,0.32133,-1.135285,2021,1,0,1,,25.399705,8,2.63064,6.385,Large,1,8,2.63064,6.385,Large,1
bealbr01,Bradley Beal,10811,"Jul 06, 2022",2022,WAS,251.02,maximum,1,UFA,0.35,0.406,0,1,0,free_agency,WAS,1,0,,1,2022,123.655,50.204,0.406001,-0.901401,2026,0,1,1,,43.27925,8,2.63064,6.385,Large,1,8,2.63064,6.385,Large,1
bealbr01,Bradley Beal,10811,"Jul 18, 2025",2025,LAC,10.98,standard,1,UFA,0.35,0.364,0,0,0,free_agency,PHX,0,1,,1,2025,154.647,5.49,0.0355,-3.338217,2026,0,1,1,,5.354,2,5.83579,12.901,Large,1,12,2.1982,5.059,Large,0
beaslma01,Malik Beasley,20224,"Aug 09, 2016",2016,DEN,7.83,rookie-scale,1,,0.25,0.28,0,0,0,rookie_scale,DEN,1,0,,3,2016,94.143,1.958,0.020793,-3.873147,2019,1,0,0,,1.62732,17,1.80627,3.038,Medium,0,17,1.80627,3.038,Medium,0
beaslma01,Malik Beasley,20224,"Nov 27, 2020",2020,MIN,60.0,standard,1,RFA,0.25,0.28,0,0,0,free_agency,MIN,1,0,,1,2020,109.14,15.0,0.137438,-1.984581,2023,1,0,1,,13.425895,16,1.88668,3.703,Medium,0,16,1.88668,3.703,Medium,0
beaslma01,Malik Beasley,20224,"Jul 06, 2023",2023,MIL,2.71,standard,1,UFA,0.3,0.3,0,0,0,free_agency,LAL,0,0,,0,2023,136.021,2.71,0.019923,-3.915861,2023,1,0,0,,2.019706,38,0.9449,1.586,Small,0,2,5.83579,12.901,Large,1
beaslma01,Malik Beasley,20224,"Jul 11, 2024",2024,DET,6.0,standard,1,UFA,0.3,0.3,0,0,0,free_agency,MIL,0,0,,0,2024,140.588,6.0,0.042678,-3.154074,2024,1,0,0,,6.0,14,1.94075,4.365,Medium,0,38,0.9449,1.586,Small,0
beaslmi01,Michael Beasley,6127,"Jul 01, 2008",2008,MIA,8.95,standard,1,,0.25,0.26,0,0,0,free_agency,MIA,1,0,,2,2008,,4.475,,,2009,1,0,1,,,18,1.75692,6.266,Medium,0,18,1.75692,6.266,Medium,0
beaslmi01,Michael Beasley,6127,"Sep 11, 2013",2013,MIA,1.03,standard,1,UFA,0.25,0.25,0,0,0,free_agency,MIA,1,0,,0,2013,,1.03,,,2013,1,0,0,,,18,1.75692,6.266,Medium,0,18,1.75692,6.266,Medium,0
beaslmi01,Michael Beasley,6127,"Sep 24, 2014",2014,MEM,1.15,standard,1,UFA,0.25,0.25,0,0,0,free_agency,MEM,1,0,,0,2014,63.065,1.15,0.018235,-4.004404,2014,1,0,0,,,51,0.6663,1.358,Small,0,51,0.6663,1.358,Small,0
beaslmi01,Michael Beasley,6127,"Mar 18, 2015",2015,MIA,0.195,standard,1,UFA,0.3,0.3,0,0,0,free_agency,HOU,0,0,,0,2015,70.0,0.195,0.002786,-5.883251,2015,1,0,0,,0.306527,18,1.75692,6.266,Medium,0,6,2.79742,7.206,Large,1
beaslmi01,Michael Beasley,6127,"Mar 04, 2016",2016,HOU,0.307,standard,1,UFA,0.3,0.3,0,0,0,free_agency,HOU,1,0,,0,2016,94.143,0.307,0.003261,-5.725722,2016,1,0,0,,0.777777,6,2.79742,7.206,Large,1,6,2.79742,7.206,Large,1
beaslmi01,Michael Beasley,6127,"Jul 23, 2018",2018,LAL,3.5,standard,1,UFA,0.35,0.35,0,0,0,free_agency,NYK,0,0,,0,2018,101.869,3.5,0.034358,-3.370925,2018,1,0,0,,3.5,2,5.83579,12.901,Large,1,1,7.49451,19.113,Large,1
beaucma01,MarJon Beauchamp,78134,"Jul 07, 2022",2022,MIL,12.61,rookie-scale,1,,0.25,0.28,0,0,0,rookie_scale,MIL,1,0,,2,2022,123.655,3.152,0.025494,-3.6693,2025,1,0,0,,2.4852,38,0.9449,1.586,Small,0,38,0.9449,1.586,Small,0
belinma01,Marco Belinelli,2314,"Jul 13, 2007",2007,GSW,2.79,standard,1,,0.25,0.26,0,0,0,free_agency,GSW,1,0,,2,2007,,1.395,,,2008,1,0,1,,,10,2.54248,4.749,Large,1,10,2.54248,4.749,Large,1
belinma01,Marco Belinelli,2314,"Dec 13, 2011",2011,NOH,3.4,standard,1,RFA,0.25,,0,0,0,rfa_match,,,0,,0,2011,,,,,,,,0,,,50,0.67279,1.29,Small,0,,,,,
belinma01,Marco Belinelli,2314,"Jul 24, 2012",2012,CHI,1.957,standard,1,UFA,0.25,0.25,0,0,0,free_agency,CHI,1,0,,0,2012,,1.957,,,2012,1,0,0,,,3,3.65475,9.441,Large,1,3,3.65475,9.441,Large,1
belinma01,Marco Belinelli,2314,"Jul 11, 2013",2013,SAS,5.6,standard,1,UFA,0.25,0.26,0,0,0,free_agency,SAS,1,0,,0,2013,,2.8,,,2014,1,0,1,,,31,1.0964,2.602,Small,0,31,1.0964,2.602,Small,0
belinma01,Marco Belinelli,2314,"Feb 12, 2018",2018,PHI,0.776,standard,1,UFA,0.35,0.35,0,0,0,free_agency,PHI,1,0,,0,2018,101.869,0.776,0.007618,-4.87729,2018,1,0,0,,6.153846,5,3.14592,6.228,Large,1,5,3.14592,6.228,Large,1
belinma01,Marco Belinelli,2314,"Jul 20, 2018",2018,SAS,12.0,standard,1,UFA,0.35,0.364,0,0,0,free_agency,PHI,0,0,,0,2018,101.869,6.0,0.058899,-2.831928,2019,1,0,1,,6.153846,31,1.0964,2.602,Small,0,5,3.14592,6.228,Large,1
belljo01,Jordan Bell,23633,"Jul 08, 2017",2017,GSW,2.19,standard,1,,0.25,0.26,0,0,0,free_agency,GSW,1,0,,0,2017,99.093,1.095,0.01105,-4.505304,2018,1,0,1,,0.815615,10,2.54248,4.749,Large,1,10,2.54248,4.749,Large,1
bembrde01,DeAndre' Bembry,20226,"Jul 15, 2016",2016,ATL,7.31,rookie-scale,1,,0.25,0.28,0,0,0,rookie_scale,ATL,1,0,,2,2016,94.143,1.827,0.019412,-3.941866,2019,1,0,0,,1.49976,7,2.75817,6.144,Large,1,7,2.75817,6.144,Large,1
bembrde01,DeAndre' Bembry,20226,"Nov 25, 2020",2020,TOR,3.7,standard,1,UFA,0.25,0.26,0,0,0,free_agency,ATL,0,0,,0,2020,109.14,1.85,0.016951,-4.077446,2021,1,0,1,,1.737145,,,6.202,Large,1,7,2.75817,6.144,Large,1
bembrde01,DeAndre' Bembry,20226,"Aug 08, 2021",2021,BKN,1.94,standard,1,UFA,0.25,0.25,0,0,0,free_agency,TOR,0,0,,0,2021,112.414,1.94,0.017258,-4.059501,2021,1,0,0,,0.601867,1,7.49451,19.113,Large,1,,,6.202,Large,1
bendedr01,Dragan Bender,20209,"Jul 07, 2016",2016,PHX,19.3,rookie-scale,1,,0.25,0.28,0,0,0,rookie_scale,PHX,1,0,,2,2016,94.143,4.825,0.051252,-2.971004,2019,1,0,0,,4.27632,12,2.1982,5.059,Large,0,12,2.1982,5.059,Large,0
bendedr01,Dragan Bender,20209,"Jul 30, 2019",2019,MIL,3.5,standard,1,RFA,0.25,0.26,0,0,0,free_agency,PHX,0,0,,0,2019,109.14,1.75,0.016034,-4.133016,2020,1,0,1,,0.189702,38,0.9449,1.586,Small,0,12,2.1982,5.059,Large,0
bertada01,Dāvis Bertāns,8094,"Jul 14, 2016",2016,SAS,1.44,standard,1,UFA,0.25,,0,0,0,free_agency,SAS,1,0,,1,2016,94.143,,,,,,,0,,0.543471,31,1.0964,2.602,Small,0,31,1.0964,2.602,Small,0
bertada01,Dāvis Bertāns,8094,"Jul 11, 2018",2018,SAS,14.5,standard,1,RFA,0.25,0.26,0,0,0,free_agency,SAS,1,0,,1,2018,101.869,7.25,0.07117,-2.642686,2019,1,0,1,,7.0,31,1.0964,2.602,Small,0,31,1.0964,2.602,Small,0
bertada01,Dāvis Bertāns,8094,"Nov 22, 2020",2020,WAS,80.0,standard,1,RFA,0.25,0.29,0,0,0,free_agency,WAS,1,0,,1,2020,109.14,16.0,0.146601,-1.920043,2024,1,0,1,,15.0,8,2.63064,6.385,Large,1,8,2.63064,6.385,Large,1
beverpa01,Patrick Beverley,6297,"Aug 02, 2010",2010,MIA,1.26,standard,1,RFA,0.25,0.26,0,0,0,free_agency,MIA,1,0,,0,2010,,0.63,,,2011,1,0,1,,,18,1.75692,6.266,Medium,0,18,1.75692,6.266,Medium,0
beverpa01,Patrick Beverley,6297,"Jan 07, 2013",2013,HOU,1.99,standard,1,RFA,0.25,0.27,0,0,0,free_agency,HOU,1,0,,0,2013,,0.663,,,2015,1,0,1,,,6,2.79742,7.206,Large,1,6,2.79742,7.206,Large,1
beverpa01,Patrick Beverley,6297,"Jul 09, 2015",2015,HOU,23.0,standard,1,RFA,0.25,0.28,0,0,0,free_agency,HOU,1,0,,0,2015,70.0,5.75,0.082143,-2.499295,2018,1,0,1,,6.5,6,2.79742,7.206,Large,1,6,2.79742,7.206,Large,1
beverpa01,Patrick Beverley,6297,"Jul 12, 2019",2019,LAC,40.0,standard,1,UFA,0.25,0.27,0,0,0,free_agency,LAC,1,0,,0,2019,109.14,13.333,0.122167,-2.102364,2021,1,0,1,,12.345679,2,5.83579,12.901,Large,1,2,5.83579,12.901,Large,1
beverpa01,Patrick Beverley,6297,"Feb 15, 2022",2022,MIN,13.0,extension,1,,0.35,0.35,0,0,0,extension,MIN,1,0,,0,2023,136.021,13.0,0.095573,-2.34786,2023,1,0,0,,0.506508,16,1.88668,3.703,Medium,0,16,1.88668,3.703,Medium,0
beverpa01,Patrick Beverley,6297,"Jul 09, 2023",2023,PHI,3.2,standard,1,UFA,0.35,0.35,0,0,0,free_agency,CHI,0,0,,0,2023,136.021,3.2,0.023526,-3.749658,2023,1,0,0,,2.019706,5,3.14592,6.228,Large,1,3,3.65475,9.441,Large,1
beysa01,Saddiq Bey,70661,"Nov 30, 2020",2020,DET,13.03,rookie-scale,1,,0.25,0.28,0,0,0,rookie_scale,DET,1,0,,2,2020,109.14,3.257,0.029847,-3.511671,2023,1,0,0,,2.68992,14,1.94075,4.365,Medium,0,14,1.94075,4.365,Medium,0
beysa01,Saddiq Bey,70661,"Jul 11, 2024",2024,WAS,19.0,standard,1,UFA,0.25,0.27,0,0,0,free_agency,ATL,0,0,,0,2024,140.588,6.333,0.045049,-3.100007,2026,0,1,1,,6.440678,8,2.63064,6.385,Large,1,7,2.75817,6.144,Large,1
birchkh01,Khem Birch,15786,"Sep 02, 2014",2014,MIA,1.35,standard,1,,,,0,0,0,free_agency,MIA,1,0,,0,2014,63.065,0.675,0.010703,-4.537209,2015,1,0,1,,,18,1.75692,6.266,Medium,0,18,1.75692,6.266,Medium,0
birchkh01,Khem Birch,15786,"Jul 10, 2019",2019,ORL,6.0,standard,1,RFA,0.25,0.26,0,0,0,free_agency,ORL,1,0,,0,2019,109.14,3.0,0.027488,-3.594019,2020,1,0,1,,3.0,15,1.90242,2.673,Medium,0,15,1.90242,2.673,Medium,0
birchkh01,Khem Birch,15786,"Aug 06, 2021",2021,TOR,20.0,standard,1,RFA,0.25,0.27,0,0,0,free_agency,TOR,1,0,,0,2021,112.414,6.667,0.059305,-2.825068,2023,1,0,1,,6.35,,,6.202,Large,1,,,6.202,Large,1
bitadgo01,Goga Bitadze,31575,"Jul 15, 2019",2019,IND,13.64,rookie-scale,1,,0.25,0.28,0,0,0,rookie_scale,IND,1,0,,3,2019,109.14,3.41,0.031244,-3.465919,2022,1,0,0,,2.81676,25,1.23221,2.126,Small,0,25,1.23221,2.126,Small,0
bitadgo01,Goga Bitadze,31575,"Jul 06, 2024",2024,ORL,25.0,standard,1,UFA,0.25,0.27,0,0,0,free_agency,ORL,1,0,,0,2024,140.588,8.333,0.059275,-2.82557,2026,0,1,1,,9.057971,15,1.90242,2.673,Medium,0,15,1.90242,2.673,Medium,0
biyombi01,Bismack Biyombo,8057,"Dec 19, 2011",2011,CHA,5.72,standard,1,,0.25,0.26,0,0,0,free_agency,CHA,1,0,,4,2011,,2.86,,,2012,1,0,1,,,21,1.38202,2.66,Small,0,21,1.38202,2.66,Small,0
biyombi01,Bismack Biyombo,8057,"Jul 17, 2015",2015,TOR,5.75,standard,1,UFA,0.25,0.26,0,0,0,free_agency,TOR,1,0,,2,2015,70.0,2.875,0.041071,-3.192443,2016,1,0,1,,3.0,,,6.202,Large,1,,,6.202,Large,1
biyombi01,Bismack Biyombo,8057,"Jul 07, 2016",2016,ORL,72.0,standard,1,UFA,0.25,0.28,0,0,0,free_agency,TOR,0,0,,1,2016,94.143,18.0,0.191198,-1.654443,2019,1,0,1,,17.0,15,1.90242,2.673,Medium,0,,,6.202,Large,1
biyombi01,Bismack Biyombo,8057,"Nov 30, 2020",2020,CHA,3.5,standard,1,UFA,0.3,0.3,0,0,0,free_agency,CHA,1,0,,0,2020,109.14,3.5,0.032069,-3.439868,2020,1,0,0,,3.5,21,1.38202,2.66,Small,0,21,1.38202,2.66,Small,0
biyombi01,Bismack Biyombo,8057,"Jul 02, 2022",2022,PHX,2.91,standard,1,UFA,0.35,0.35,0,0,0,free_agency,PHX,1,0,,0,2022,123.655,2.91,0.023533,-3.749342,2022,1,0,0,,1.83609,12,2.1982,5.059,Large,0,12,2.1982,5.059,Large,0
biyombi01,Bismack Biyombo,8057,"Nov 02, 2023",2023,MEM,5.0,standard,1,UFA,0.35,0.35,0,0,0,free_agency,PHX,0,0,,0,2023,136.021,5.0,0.036759,-3.303371,2023,1,0,0,,0.754488,51,0.6663,1.358,Small,0,12,2.1982,5.059,Large,0
bjeline01,Nemanja Bjelica,6917,"Jul 21, 2018",2018,SAC,20.5,standard,1,RFA,0.25,0.27,0,0,0,free_agency,MIN,0,0,,0,2018,101.869,6.833,0.06708,-2.701875,2020,1,0,1,,6.5,20,1.49792,2.453,Small,0,16,1.88668,3.703,Medium,0
bjeline01,Nemanja Bjelica,6917,"Aug 06, 2021",2021,GSW,2.09,standard,1,UFA,0.25,0.25,0,0,0,free_agency,MIA,0,0,,0,2021,112.414,2.09,0.018592,-3.985024,2021,1,0,0,,2.089448,10,2.54248,4.749,Large,1,18,1.75692,6.266,Medium,0
blackan01,Anthony Black,82203,"Jul 01, 2023",2023,ORL,32.92,rookie-scale,1,,0.25,0.28,0,0,0,rookie_scale,ORL,1,0,,2,2023,136.021,8.23,0.060505,-2.805023,2026,0,1,0,,7.24548,15,1.90242,2.673,Medium,0,15,1.90242,2.673,Medium,0
blackta01,Tarik Black,15767,"Aug 28, 2014",2014,HOU,1.35,standard,1,,0.25,0.26,0,0,0,free_agency,HOU,1,0,,0,2014,63.065,0.675,0.010703,-4.537209,2015,1,0,1,,,6,2.79742,7.206,Large,1,6,2.79742,7.206,Large,1
blackta01,Tarik Black,15767,"Aug 24, 2016",2016,LAL,12.85,standard,1,RFA,0.25,0.26,0,0,0,free_agency,LAL,1,0,,0,2016,94.143,6.425,0.068247,-2.684618,2017,1,0,1,,6.191,2,5.83579,12.901,Large,1,2,5.83579,12.901,Large,1
blackta01,Tarik Black,15767,"Jul 17, 2017",2017,HOU,3.29,standard,1,RFA,0.25,0.25,0,0,0,free_agency,LAL,0,0,,0,2017,99.093,3.29,0.033201,-3.405171,2017,1,0,0,,3.29,6,2.79742,7.206,Large,1,2,5.83579,12.901,Large,1
blakean01,Antonio Blakeney,24223,"Jul 19, 2018",2018,CHI,2.9,standard,1,RFA,0.25,0.26,0,0,0,free_agency,CHI,1,0,,0,2018,101.869,1.45,0.014234,-4.252124,2019,1,0,1,,1.349383,3,3.65475,9.441,Large,1,3,3.65475,9.441,Large,1
blakest01,Steve Blake,2673,"Aug 21, 2005",2005,WAS,0.987,standard,1,RFA,0.25,0.26,0,0,0,free_agency,WAS,1,0,,1,2005,,0.493,,,2006,1,0,1,,,8,2.63064,6.385,Large,1,8,2.63064,6.385,Large,1
blakest01,Steve Blake,2673,"Sep 29, 2005",2005,POR,2.33,standard,1,RFA,0.25,0.26,0,0,0,free_agency,POR,1,0,,1,2005,,1.165,,,2006,1,0,1,,,23,1.27792,2.511,Small,0,23,1.27792,2.511,Small,0
blakest01,Steve Blake,2673,"Jul 13, 2007",2007,POR,13.43,standard,1,RFA,0.25,0.27,0,0,0,free_agency,POR,1,0,,1,2007,,4.477,,,2009,1,0,1,,,23,1.27792,2.511,Small,0,23,1.27792,2.511,Small,0
blakest01,Steve Blake,2673,"Jul 03, 2010",2010,LAL,16.0,standard,1,UFA,0.3,0.336,0,0,0,free_agency,LAL,1,0,,1,2010,,4.0,,,2013,1,0,1,,,2,5.83579,12.901,Large,1,2,5.83579,12.901,Large,1
blakest01,Steve Blake,2673,"Jul 10, 2014",2014,POR,4.25,standard,1,UFA,0.35,0.364,0,0,0,free_agency,POR,1,0,,1,2014,63.065,2.125,0.033695,-3.390394,2015,1,0,1,,,23,1.27792,2.511,Small,0,23,1.27792,2.511,Small,0
bledser01,Eric Bledsoe,6900,"Jul 10, 2010",2010,LAC,3.0,standard,1,,0.25,0.26,0,0,0,free_agency,LAC,1,0,,2,2010,,1.5,,,2011,1,0,1,,,2,5.83579,12.901,Large,1,2,5.83579,12.901,Large,1
bledser01,Eric Bledsoe,6900,"Sep 24, 2014",2014,PHX,70.0,extension,1,,0.25,0.29,0,0,0,extension,PHX,1,0,,0,2015,70.0,14.0,0.2,-1.609438,2019,1,0,1,,,12,2.1982,5.059,Large,0,12,2.1982,5.059,Large,0
bledser01,Eric Bledsoe,6900,"Mar 04, 2019",2019,MIL,70.0,extension,1,,0.35,0.392,0,0,0,extension,MIL,1,0,,0,2020,109.14,17.5,0.160345,-1.830431,2023,1,0,1,,15.625,38,0.9449,1.586,Small,0,38,0.9449,1.586,Small,0
bogdabo01,Bogdan Bogdanović,15379,"Jul 13, 2017",2017,SAC,27.0,standard,1,RFA,0.25,0.27,0,0,0,free_agency,SAC,1,0,,3,2017,99.093,9.0,0.090824,-2.398834,2019,1,0,1,,9.470614,20,1.49792,2.453,Small,0,20,1.49792,2.453,Small,0
bogdabo01,Bogdan Bogdanović,15379,"Nov 25, 2020",2020,ATL,72.0,standard,1,RFA,0.25,0.28,0,0,0,offer_sheet,SAC,0,1,,3,2020,109.14,18.0,0.164926,-1.80226,2023,1,0,1,,18.0,7,2.75817,6.144,Large,1,20,1.49792,2.453,Small,0
bogdabo01,Bogdan Bogdanović,15379,"Mar 16, 2023",2023,ATL,68.0,extension,1,,0.3,0.336,0,0,0,extension,ATL,1,0,,2,2024,140.588,17.0,0.120921,-2.11262,2027,0,2,1,,18.7,7,2.75817,6.144,Large,1,7,2.75817,6.144,Large,1
bogdabo01,Bogdan Bogdanović,15379,"Jul 08, 2026",2026,HOU,3.52,standard,1,UFA,0.3,0.3,0,0,0,free_agency,LAC,0,0,,0,2026,170.1117,3.52,0.020692,-3.877994,2026,0,1,0,,,6,2.79742,7.206,Large,1,2,5.83579,12.901,Large,1
bogdabo02,Bojan Bogdanović,8083,"Jul 22, 2014",2014,BKN,10.3,standard,1,RFA,0.25,0.27,0,0,0,free_agency,BKN,1,0,,0,2014,63.065,3.433,0.054441,-2.910634,2016,1,0,1,,,1,7.49451,19.113,Large,1,1,7.49451,19.113,Large,1
bogdabo02,Bojan Bogdanović,8083,"Jul 10, 2017",2017,IND,21.0,standard,1,UFA,0.25,0.26,0,0,0,free_agency,WAS,0,0,,0,2017,99.093,10.5,0.105961,-2.244684,2018,1,0,1,,10.5,25,1.23221,2.126,Small,0,8,2.63064,6.385,Large,1
bogdabo02,Bojan Bogdanović,8083,"Jul 07, 2019",2019,UTH,73.1,standard,1,UFA,0.25,0.28,0,0,0,free_agency,IND,0,0,,0,2019,109.14,18.275,0.167445,-1.787097,2022,1,0,1,,17.0,28,1.16352,1.266,Small,0,25,1.23221,2.126,Small,0
bogdabo02,Bojan Bogdanović,8083,"Oct 30, 2022",2022,DET,39.03,extension,1,,0.3,0.312,0,0,0,extension,UTA,0,0,,0,2023,136.021,19.515,0.14347,-1.941626,2024,1,0,1,,19.55,14,1.94075,4.365,Medium,0,28,1.16352,1.266,Small,0
bogutan01,Andrew Bogut,2560,"Jul 01, 2005",2005,MIL,9.0,standard,1,,0.25,0.26,0,0,0,free_agency,MIL,1,0,,2,2005,,4.5,,,2006,1,0,1,,,38,0.9449,1.586,Small,0,38,0.9449,1.586,Small,0
bogutan01,Andrew Bogut,2560,"Jun 11, 2008",2008,MIL,60.0,rookie-scale,1,,0.25,0.29,0,0,0,extension,MIL,1,0,,0,2009,,12.0,,,2013,1,0,1,,,38,0.9449,1.586,Small,0,38,0.9449,1.586,Small,0
bogutan01,Andrew Bogut,2560,"Oct 25, 2013",2013,GSW,36.0,extension,1,,0.3,0.324,0,0,0,extension,GSW,1,0,,0,2014,63.065,12.0,0.19028,-1.659259,2016,1,0,1,,,10,2.54248,4.749,Large,1,10,2.54248,4.749,Large,1
bogutan01,Andrew Bogut,2560,"Mar 02, 2017",2017,CLE,0.383,standard,1,UFA,0.35,0.35,0,0,0,free_agency,CLE,1,0,,0,2017,99.093,0.383,0.003865,-5.555779,2017,1,0,0,,1.105123,19,1.55434,2.088,Medium,0,19,1.55434,2.088,Medium,0
bogutan01,Andrew Bogut,2560,"Sep 19, 2017",2017,LAL,2.3,standard,1,UFA,0.35,0.35,0,0,0,free_agency,CLE,0,0,,0,2017,99.093,2.3,0.023211,-3.76315,2017,1,0,0,,1.105123,2,5.83579,12.901,Large,1,19,1.55434,2.088,Medium,0
bogutan01,Andrew Bogut,2560,"Mar 06, 2019",2019,GSW,0.487,standard,1,UFA,0.35,0.35,0,0,0,free_agency,GSW,1,0,,0,2019,109.14,0.487,0.004462,-5.412123,2019,1,0,0,,,10,2.54248,4.749,Large,1,10,2.54248,4.749,Large,1
bolbo01,Bol Bol,31603,"Jul 07, 2022",2022,ORL,4.4,standard,1,UFA,0.25,0.26,0,0,0,free_agency,ORL,1,0,,0,2022,123.655,2.2,0.017791,-4.029038,2023,1,0,1,,2.2,15,1.90242,2.673,Medium,0,15,1.90242,2.673,Medium,0
bolbo01,Bol Bol,31603,"Jul 18, 2023",2023,PHX,2.17,standard,1,RFA,0.25,0.25,0,0,0,free_agency,ORL,0,0,,0,2023,136.021,2.17,0.015953,-4.138082,2023,1,0,0,,2.019706,12,2.1982,5.059,Large,0,15,1.90242,2.673,Medium,0
bolbo01,Bol Bol,31603,"Jul 07, 2024",2024,PHX,2.43,standard,1,RFA,0.25,0.25,0,0,0,free_agency,PHX,1,0,,0,2024,140.588,2.43,0.017285,-4.057942,2024,1,0,0,,2.087519,12,2.1982,5.059,Large,0,12,2.1982,5.059,Large,0
boldejo01,Jonah Bolden,23631,"Jul 25, 2018",2018,PHI,7.0,standard,1,RFA,0.25,0.28,0,0,0,free_agency,PHI,1,0,,0,2018,101.869,1.75,0.017179,-4.064072,2021,1,0,1,,1.69,5,3.14592,6.228,Large,1,5,3.14592,6.228,Large,1
bonaad01,Adem Bona,91790,"Jul 21, 2024",2024,PHI,7.9,standard,1,,0.25,0.28,0,0,0,free_agency,PHI,1,0,,0,2024,140.588,1.975,0.014048,-4.265265,2027,0,2,1,,1.157153,5,3.14592,6.228,Large,1,5,3.14592,6.228,Large,1
bongais01,Isaac Bonga,27005,"Jul 06, 2018",2018,LAL,4.08,standard,1,,0.25,0.27,0,0,0,free_agency,LAL,1,0,,0,2018,101.869,1.36,0.01335,-4.316203,2020,1,0,1,,1.0,2,5.83579,12.901,Large,1,2,5.83579,12.901,Large,1
bookede01,Devin Booker,17841,"Jul 13, 2015",2015,PHX,4.35,standard,1,,0.25,0.26,0,0,0,free_agency,PHX,1,0,,2,2015,70.0,2.175,0.031071,-3.471467,2016,1,0,1,,2.12784,12,2.1982,5.059,Large,0,12,2.1982,5.059,Large,0
bookede01,Devin Booker,17841,"Jul 08, 2018",2018,PHX,158.25,maximum,1,,0.25,0.29,0,1,0,extension,PHX,1,0,,0,2019,109.14,31.65,0.289995,-1.237893,2023,1,0,1,,3.314365,12,2.1982,5.059,Large,0,12,2.1982,5.059,Large,0
bookede01,Devin Booker,17841,"Jul 06, 2022",2022,PHX,220.44,extension,1,,0.35,0.392,1,0,1,extension,PHX,1,0,,0,2023,136.021,55.11,0.405158,-0.903478,2026,0,1,1,,33.8334,12,2.1982,5.059,Large,0,12,2.1982,5.059,Large,0
bookede01,Devin Booker,17841,"Jul 10, 2025",2025,PHX,132.43,maximum,1,,0.35,0.364,1,1,0,extension,PHX,1,1,,0,2026,170.1117,66.215,0.389244,-0.943548,2027,0,2,1,,53.142264,12,2.1982,5.059,Large,0,12,2.1982,5.059,Large,0
booketr01,Trevor Booker,6905,"Jul 13, 2010",2010,WAS,2.54,standard,1,,0.25,0.26,0,0,0,free_agency,WAS,1,0,,2,2010,,1.27,,,2011,1,0,1,,,8,2.63064,6.385,Large,1,8,2.63064,6.385,Large,1
booketr01,Trevor Booker,6905,"Jul 21, 2014",2014,UTH,9.78,standard,1,UFA,0.25,0.26,0,0,0,free_agency,UTH,1,0,,0,2014,63.065,4.89,0.077539,-2.556974,2015,1,0,1,,,28,1.16352,1.266,Small,0,28,1.16352,1.266,Small,0
booketr01,Trevor Booker,6905,"Jul 08, 2016",2016,BKN,18.5,standard,1,UFA,0.25,0.26,0,0,0,free_agency,UTA,0,0,,0,2016,94.143,9.25,0.098255,-2.320191,2017,1,0,1,,9.25,1,7.49451,19.113,Large,1,28,1.16352,1.266,Small,0
booketr01,Trevor Booker,6905,"Mar 03, 2018",2018,IND,0.446,standard,1,UFA,0.3,0.3,0,0,0,free_agency,IND,1,0,,0,2018,101.869,0.446,0.004378,-5.431124,2018,1,0,0,,,25,1.23221,2.126,Small,0,25,1.23221,2.126,Small,0
boshch01,Chris Bosh,2732,"Jul 07, 2003",2003,TOR,9.3,standard,1,,0.25,0.27,0,0,0,free_agency,TOR,1,0,,2,2003,,3.1,,,2005,1,0,1,,,,,6.202,Large,1,,,6.202,Large,1
boshch01,Chris Bosh,2732,"Jul 14, 2006",2006,TOR,42.6,rookie-scale,1,,0.25,0.27,0,0,0,extension,TOR,1,0,,1,2007,,14.2,,,2009,1,0,1,,,,,6.202,Large,1,,,6.202,Large,1
boshch01,Chris Bosh,2732,"Jul 09, 2010",2010,TOR,110.0,standard,1,UFA,0.3,0.36,0,0,0,free_agency,TOR,1,0,,1,2010,,18.333,,,2015,1,0,1,,,,,6.202,Large,1,,,6.202,Large,1
bouchch01,Chris Boucher,23671,"Feb 10, 2019",2019,TOR,2.05,two-way,1,,0.25,0.26,0,0,0,two_way,TOR,1,0,,0,2019,109.14,1.025,0.009392,-4.667939,2020,1,0,0,,1.488967,,,6.202,Large,1,,,6.202,Large,1
bouchch01,Chris Boucher,23671,"Nov 25, 2020",2020,TOR,13.5,standard,1,RFA,0.25,0.26,0,0,0,free_agency,TOR,1,0,,0,2020,109.14,6.75,0.061847,-2.783089,2021,1,0,1,,6.5,,,6.202,Large,1,,,6.202,Large,1
bouchch01,Chris Boucher,23671,"Jul 07, 2022",2022,TOR,35.25,standard,1,RFA,0.25,0.27,0,0,0,free_agency,TOR,1,0,,0,2022,123.655,11.75,0.095022,-2.353642,2024,1,0,1,,12.69,,,6.202,Large,1,,,6.202,Large,1
bouchch01,Chris Boucher,23671,"Aug 10, 2025",2025,BOS,3.29,standard,1,UFA,0.3,0.3,0,0,0,free_agency,TOR,0,0,,0,2025,154.647,3.29,0.021274,-3.850258,2025,1,0,0,,2.296274,9,2.58446,4.899,Large,1,,,6.202,Large,1
bouknja01,James Bouknight,74118,"Aug 03, 2021",2021,CHA,19.15,rookie-scale,1,,0.25,0.28,0,0,0,rookie_scale,CHA,1,0,,2,2021,112.414,4.787,0.042588,-3.15618,2024,1,0,0,,4.1544,21,1.38202,2.66,Small,0,21,1.38202,2.66,Small,0
bouyeja01,Jamaree Bouyea,78578,"Mar 02, 2026",2026,PHX,3.16,two-way,1,RFA,0.25,0.26,0,0,0,rest_of_season,PHX,1,0,,1,2026,170.1117,1.58,0.009288,-4.67903,2027,0,2,0,,,12,2.1982,5.059,Large,0,12,2.1982,5.059,Large,0
bradlav01,Avery Bradley,6901,"Jul 02, 2010",2010,BOS,2.9,standard,1,,0.25,0.26,0,0,0,free_agency,BOS,1,0,,4,2010,,1.45,,,2011,1,0,1,,,9,2.58446,4.899,Large,1,9,2.58446,4.899,Large,1
bradlav01,Avery Bradley,6901,"Jul 15, 2014",2014,BOS,32.0,standard,1,RFA,0.25,0.28,0,0,0,free_agency,BOS,1,0,,2,2014,63.065,8.0,0.126853,-2.064724,2017,1,0,1,,,9,2.58446,4.899,Large,1,9,2.58446,4.899,Large,1
bradlav01,Avery Bradley,6901,"Jul 09, 2018",2018,LAC,24.96,standard,1,UFA,0.3,0.312,0,0,0,free_agency,LAC,1,0,,2,2018,101.869,12.48,0.12251,-2.09956,2019,1,0,1,,12.0,2,5.83579,12.901,Large,1,2,5.83579,12.901,Large,1
bradlav01,Avery Bradley,6901,"Jul 08, 2019",2019,LAL,9.77,standard,1,UFA,0.3,0.312,0,0,0,free_agency,MEM,0,1,,2,2019,109.14,4.885,0.044759,-3.106462,2020,1,0,1,,2.0,2,5.83579,12.901,Large,1,51,0.6663,1.358,Small,0
bradlav01,Avery Bradley,6901,"Nov 23, 2020",2020,MIA,5.63,standard,1,UFA,0.35,0.35,0,0,0,free_agency,MEM,0,0,,1,2020,109.14,5.63,0.051585,-2.964522,2020,1,0,0,,5.635,18,1.75692,6.266,Medium,0,51,0.6663,1.358,Small,0
bradlto01,Tony Bradley,23623,"Jul 05, 2017",2017,UTH,8.6,rookie-scale,1,,0.25,0.28,0,0,0,rookie_scale,UTA,0,0,,4,2017,99.093,2.15,0.021697,-3.830591,2020,1,0,0,,1.41492,28,1.16352,1.266,Small,0,28,1.16352,1.266,Small,0
bradlto01,Tony Bradley,23623,"Aug 11, 2021",2021,CHI,3.83,standard,1,UFA,0.25,0.26,0,0,0,free_agency,OKC,0,1,,2,2021,112.414,1.915,0.017035,-4.072471,2022,1,0,1,,1.789256,3,3.65475,9.441,Large,1,47,0.7627,1.435,Small,0
bradlto01,Tony Bradley,23623,"Mar 23, 2025",2025,IND,3.27,standard,1,UFA,0.3,0.312,0,0,0,rest_of_season,IND,1,0,,1,2025,154.647,1.635,0.010572,-4.549502,2026,0,1,0,,0.092379,25,1.23221,2.126,Small,0,25,1.23221,2.126,Small,0
branhma01,Malaki Branham,78120,"Jul 08, 2022",2022,SAS,14.18,rookie-scale,1,,0.25,0.28,0,0,0,rookie_scale,SAS,1,0,,2,2022,123.655,3.545,0.028668,-3.551957,2025,1,0,0,,2.9256,31,1.0964,2.602,Small,0,31,1.0964,2.602,Small,0
braunch01,Christian Braun,78148,"Jul 03, 2022",2022,DEN,13.77,rookie-scale,1,,0.25,0.28,0,0,0,rookie_scale,DEN,1,0,,2,2022,123.655,3.442,0.02784,-3.581297,2025,1,0,0,,2.8086,17,1.80627,3.038,Medium,0,17,1.80627,3.038,Medium,0
braunch01,Christian Braun,78148,"Oct 20, 2025",2025,DEN,125.0,rookie-scale,1,,0.25,0.29,0,0,0,extension,DEN,1,0,,0,2026,170.1117,25.0,0.146962,-1.917579,2030,0,5,1,,4.921797,17,1.80627,3.038,Medium,0,17,1.80627,3.038,Medium,0
brazdig01,Ignas Brazdeikis,31606,"Jul 06, 2019",2019,NYK,2.41,standard,1,,0.25,0.26,0,0,0,free_agency,NYK,1,0,,0,2019,109.14,1.205,0.011041,-4.506152,2020,1,0,1,,0.89831,1,7.49451,19.113,Large,1,1,7.49451,19.113,Large,1
breweco01,Corey Brewer,2573,"Jul 05, 2007",2007,MIN,5.26,standard,1,,0.25,0.26,0,0,0,free_agency,MIN,1,0,,2,2007,,2.63,,,2008,1,0,1,,,16,1.88668,3.703,Medium,0,16,1.88668,3.703,Medium,0
breweco01,Corey Brewer,2573,"Mar 04, 2011",2011,DAL,9.177,standard,1,RFA,0.25,0.27,0,0,0,free_agency,DAL,1,0,,0,2011,,3.059,,,2013,1,0,1,,,4,3.26449,7.943,Large,1,4,3.26449,7.943,Large,1
breweco01,Corey Brewer,2573,"Jul 12, 2013",2013,MIN,14.1,standard,1,UFA,0.25,0.27,0,0,0,free_agency,MIN,1,0,,0,2013,,4.7,,,2015,1,0,1,,,16,1.88668,3.703,Medium,0,16,1.88668,3.703,Medium,0
breweco01,Corey Brewer,2573,"Jul 09, 2015",2015,HOU,23.4,standard,1,UFA,0.3,0.324,0,0,0,free_agency,HOU,1,0,,0,2015,70.0,7.8,0.111429,-2.194372,2017,1,0,1,,8.2,6,2.79742,7.206,Large,1,6,2.79742,7.206,Large,1
breweco01,Corey Brewer,2573,"Mar 02, 2018",2018,OKC,0.539,standard,1,UFA,0.35,0.35,0,0,0,free_agency,OKC,1,0,,0,2018,101.869,0.539,0.005291,-5.241727,2018,1,0,0,,0.270496,47,0.7627,1.435,Small,0,47,0.7627,1.435,Small,0
bridgmi01,Mikal Bridges,26976,"Jul 03, 2018",2018,PHX,17.63,rookie-scale,1,,0.25,0.28,0,0,0,rookie_scale,PHX,1,0,,2,2018,101.869,4.407,0.043266,-3.14038,2021,1,0,0,,3.55296,12,2.1982,5.059,Large,0,12,2.1982,5.059,Large,0
bridgmi01,Mikal Bridges,26976,"Oct 17, 2021",2021,PHX,90.9,rookie-scale,1,,0.25,0.28,0,0,0,extension,PHX,1,0,,0,2022,123.655,22.725,0.183777,-1.69403,2025,1,0,1,,5.557725,12,2.1982,5.059,Large,0,12,2.1982,5.059,Large,0
bridgmi01,Mikal Bridges,26976,"Aug 01, 2025",2025,NYK,150.0,extension,1,,0.3,0.336,0,0,0,extension,NYK,1,1,,0,2026,170.1117,37.5,0.220443,-1.512114,2029,0,4,1,,24.9,1,7.49451,19.113,Large,1,1,7.49451,19.113,Large,1
bridgmi02,Miles Bridges,26978,"Jul 02, 2018",2018,CHA,16.32,rookie-scale,1,,0.25,0.28,0,0,0,rookie_scale,CHA,1,0,,2,2018,101.869,4.08,0.040051,-3.217591,2021,1,0,0,,3.20664,21,1.38202,2.66,Small,0,21,1.38202,2.66,Small,0
bridgmi02,Miles Bridges,26978,"Jul 02, 2023",2023,CHA,7.92,standard,1,UFA,0.25,0.25,0,0,0,rfa_match,CHA,1,0,,0,2023,136.021,7.92,0.058226,-2.843418,2023,1,0,0,,7.9213,21,1.38202,2.66,Small,0,21,1.38202,2.66,Small,0
bridgmi02,Miles Bridges,26978,"Jul 14, 2024",2024,CHA,75.0,standard,1,UFA,0.25,0.27,0,0,0,free_agency,CHA,1,0,,0,2024,140.588,25.0,0.177825,-1.726958,2026,0,1,1,,27.173913,21,1.38202,2.66,Small,0,21,1.38202,2.66,Small,0
briscis01,Isaiah Briscoe,24479,"Jul 06, 2018",2018,ORL,5.99,standard,1,,0.25,0.28,0,0,0,free_agency,ORL,1,0,,0,2018,101.869,1.498,0.0147,-4.219891,2021,1,0,1,,0.838464,15,1.90242,2.673,Medium,0,15,1.90242,2.673,Medium,0
brissos01,Oshae Brissett,32418,"Apr 21, 2021",2021,IND,4.31,standard,1,RFA,0.25,0.27,0,0,0,rest_of_season,TOR,0,0,,2,2021,112.414,1.437,0.01278,-4.359863,2023,1,0,0,,1.701593,25,1.23221,2.126,Small,0,,,6.202,Large,1
brissos01,Oshae Brissett,32418,"Jul 06, 2023",2023,BOS,4.63,standard,1,RFA,0.25,0.26,0,0,0,free_agency,IND,0,1,,1,2023,136.021,2.315,0.017019,-4.0734,2024,1,0,1,,2.165,9,2.58446,4.899,Large,1,25,1.23221,2.126,Small,0
broekry01,Ryan Broekhoff,27626,"Aug 06, 2018",2018,DAL,2.26,standard,1,,0.25,0.26,0,0,0,free_agency,DAL,1,0,,0,2018,101.869,1.13,0.011093,-4.50147,2019,1,0,1,,0.838464,4,3.26449,7.943,Large,1,4,3.26449,7.943,Large,1
brogdma01,Malcolm Brogdon,20242,"Jul 06, 2019",2019,MIL,85.0,standard,1,RFA,0.25,0.28,0,0,0,sign_and_trade,MIL,1,0,,0,2019,109.14,21.25,0.194704,-1.636275,2022,1,0,1,,20.0,38,0.9449,1.586,Small,0,38,0.9449,1.586,Small,0
brogdma01,Malcolm Brogdon,20242,"Oct 18, 2021",2021,IND,45.0,extension,1,,0.25,0.26,0,0,0,extension,IND,1,0,,0,2022,123.655,22.5,0.181958,-1.70398,2023,1,0,1,,21.7,25,1.23221,2.126,Small,0,25,1.23221,2.126,Small,0
brookaa01,Aaron Brooks,2390,"Jul 07, 2007",2007,HOU,2.01,standard,1,,0.25,0.26,0,0,0,free_agency,HOU,1,0,,2,2007,,1.005,,,2008,1,0,1,,,6,2.79742,7.206,Large,1,6,2.79742,7.206,Large,1
brookaa01,Aaron Brooks,2390,"Jul 16, 2012",2012,SAC,6.6,standard,1,UFA,0.25,0.26,0,0,0,free_agency,SAC,1,0,,0,2012,,3.3,,,2013,1,0,1,,,20,1.49792,2.453,Small,0,20,1.49792,2.453,Small,0
brookaa01,Aaron Brooks,2390,"Mar 05, 2013",2013,HOU,5.0,standard,1,UFA,0.25,0.26,0,0,0,free_agency,HOU,1,0,,0,2013,,2.5,,,2014,1,0,1,,,6,2.79742,7.206,Large,1,6,2.79742,7.206,Large,1
brookaa01,Aaron Brooks,2390,"Jul 19, 2013",2013,HOU,0.947907,standard,1,UFA,0.25,0.25,0,0,0,free_agency,HOU,1,0,,0,2013,,0.948,,,2013,1,0,0,,,6,2.79742,7.206,Large,1,6,2.79742,7.206,Large,1
brookaa01,Aaron Brooks,2390,"Jul 22, 2014",2014,CHI,1.46,standard,1,UFA,0.3,0.3,0,0,0,free_agency,CHI,1,0,,0,2014,63.065,1.46,0.023151,-3.76573,2014,1,0,0,,,3,3.65475,9.441,Large,1,3,3.65475,9.441,Large,1
brookaa01,Aaron Brooks,2390,"Jul 14, 2015",2015,CHI,2.25,standard,1,UFA,0.3,0.3,0,0,0,free_agency,CHI,1,0,,0,2015,70.0,2.25,0.032143,-3.437565,2015,1,0,0,,2.0,3,3.65475,9.441,Large,1,3,3.65475,9.441,Large,1
brookar01,Armoni Brooks,32812,"Oct 14, 2021",2021,HOU,7.2,standard,1,RFA,0.25,0.28,0,0,0,free_agency,HOU,1,0,,0,2021,112.414,1.8,0.016012,-4.134402,2024,1,0,1,,0.421156,6,2.79742,7.206,Large,1,6,2.79742,7.206,Large,1
brookdi01,Dillon Brooks,23646,"Feb 05, 2020",2020,MEM,35.0,extension,1,,0.25,0.27,0,0,0,extension,MEM,1,0,,0,2021,112.414,11.667,0.103783,-2.265453,2023,1,0,1,,11.4,51,0.6663,1.358,Small,0,51,0.6663,1.358,Small,0
brookdi01,Dillon Brooks,23646,"Jul 08, 2023",2023,MEM,86.0,standard,1,UFA,0.25,0.28,0,0,0,sign_and_trade,MEM,1,0,,0,2023,136.021,21.5,0.158064,-1.844756,2026,0,1,1,,22.627671,51,0.6663,1.358,Small,0,51,0.6663,1.358,Small,0
brownan02,Anthony Brown,17862,"Jul 09, 2015",2015,LAL,2.59,standard,1,,0.25,0.27,0,0,0,free_agency,LAL,1,0,,0,2015,70.0,0.863,0.012333,-4.39545,2017,1,0,1,,0.7,2,5.83579,12.901,Large,1,2,5.83579,12.901,Large,1
brownan02,Anthony Brown,17862,"Nov 21, 2016",2016,NOP,1.75,standard,1,RFA,0.25,0.26,0,0,0,free_agency,LAL,0,0,,0,2016,94.143,0.875,0.009294,-4.678346,2017,1,0,1,,0.051449,50,0.67279,1.29,Small,0,2,5.83579,12.901,Large,1
brownbr01,Bruce Brown,27008,"Jul 06, 2018",2018,DET,3.95,standard,1,,0.25,0.27,0,0,0,free_agency,DET,1,0,,2,2018,101.869,1.317,0.012925,-4.348584,2020,1,0,1,,0.838464,14,1.94075,4.365,Medium,0,14,1.94075,4.365,Medium,0
brownbr01,Bruce Brown,27008,"Aug 08, 2021",2021,BKN,4.74,standard,1,RFA,0.25,0.25,0,0,0,rfa_match,BKN,1,0,,2,2021,112.414,4.74,0.042166,-3.166151,2021,1,0,0,,4.736102,1,7.49451,19.113,Large,1,1,7.49451,19.113,Large,1
brownbr01,Bruce Brown,27008,"Jul 07, 2022",2022,DEN,13.28,standard,1,RFA,0.25,0.26,0,0,0,free_agency,BKN,0,1,,2,2022,123.655,6.64,0.053698,-2.924383,2023,1,0,1,,6.479,17,1.80627,3.038,Medium,0,1,7.49451,19.113,Large,1
brownbr01,Bruce Brown,27008,"Jul 06, 2023",2023,IND,45.0,standard,1,UFA,0.25,0.26,0,0,0,free_agency,DEN,0,0,,1,2023,136.021,22.5,0.165416,-1.799294,2024,1,0,1,,22.0,25,1.23221,2.126,Small,0,17,1.80627,3.038,Medium,0
brownbr01,Bruce Brown,27008,"Jul 09, 2025",2025,DEN,3.08,standard,1,UFA,0.3,0.3,0,0,0,free_agency,NOP,0,0,,0,2025,154.647,3.08,0.019916,-3.916216,2025,1,0,0,,2.296274,17,1.80627,3.038,Medium,0,50,0.67279,1.29,Small,0
browngr01,Greg Brown III,74150,"Aug 12, 2021",2021,POR,4.32,standard,1,,0.25,0.27,0,0,0,free_agency,POR,1,0,,0,2021,112.414,1.44,0.01281,-4.357545,2023,1,0,1,,0.925258,23,1.27792,2.511,Small,0,23,1.27792,2.511,Small,0
brownja02,Jaylen Brown,20208,"Jul 27, 2016",2016,BOS,21.4,rookie-scale,1,,0.25,0.28,0,0,0,rookie_scale,BOS,1,0,,2,2016,94.143,5.35,0.056828,-2.867718,2019,1,0,0,,4.743,9,2.58446,4.899,Large,1,9,2.58446,4.899,Large,1
brownja02,Jaylen Brown,20208,"Oct 21, 2019",2019,BOS,106.3,extension,1,,0.25,0.28,0,0,0,extension,BOS,1,0,,0,2020,109.14,26.575,0.243495,-1.412661,2023,1,0,1,,6.534829,9,2.58446,4.899,Large,1,9,2.58446,4.899,Large,1
brownja02,Jaylen Brown,20208,"Jul 25, 2023",2023,BOS,285.39,extension,1,,0.35,0.406,0,0,1,extension,BOS,1,0,,0,2024,140.588,57.078,0.405995,-0.901415,2028,0,3,1,,31.830357,9,2.58446,4.899,Large,1,9,2.58446,4.899,Large,1
brownko01,Kobe Brown,84464,"Jul 03, 2023",2023,LAC,12.39,rookie-scale,1,,0.25,0.28,0,0,0,rookie_scale,LAC,1,0,,2,2023,136.021,3.098,0.022772,-3.782214,2026,0,1,0,,2.41332,2,5.83579,12.901,Large,1,2,5.83579,12.901,Large,1
brownma02,Markel Brown,15396,"Jul 23, 2014",2014,BKN,1.35,standard,1,,0.25,0.26,0,0,0,free_agency,BKN,1,0,,0,2014,63.065,0.675,0.010703,-4.537209,2015,1,0,1,,,1,7.49451,19.113,Large,1,1,7.49451,19.113,Large,1
brownmo01,Moses Brown,32830,"Mar 28, 2021",2021,OKC,6.79,two-way,1,,0.25,0.28,0,0,0,two_way,OKC,1,0,,0,2021,112.414,1.698,0.0151,-4.193032,2024,1,0,0,,0.211046,47,0.7627,1.435,Small,0,47,0.7627,1.435,Small,0
brownmo01,Moses Brown,32830,"Aug 22, 2023",2023,POR,2.165,standard,1,RFA,0.25,0.25,0,0,0,free_agency,BKN,0,0,,0,2023,136.021,2.165,0.015917,-4.140389,2023,1,0,0,,2.019706,23,1.27792,2.511,Small,0,1,7.49451,19.113,Large,1
brownmo01,Moses Brown,32830,"Nov 20, 2024",2024,IND,4.76,standard,1,UFA,0.25,0.26,0,0,0,rest_of_season,POR,0,0,,0,2024,140.588,2.38,0.016929,-4.078733,2025,1,0,0,,0.119972,25,1.23221,2.126,Small,0,23,1.27792,2.511,Small,0
brownst02,Sterling Brown,23647,"Jul 07, 2017",2017,MIL,3.8,standard,1,,0.25,0.27,0,0,0,free_agency,MIL,1,0,,0,2017,99.093,1.267,0.012783,-4.35967,2019,1,0,1,,0.815615,38,0.9449,1.586,Small,0,38,0.9449,1.586,Small,0
brownst02,Sterling Brown,23647,"Nov 26, 2020",2020,HOU,1.68,standard,1,UFA,0.25,0.25,0,0,0,free_agency,MIL,0,0,,0,2020,109.14,1.68,0.015393,-4.173838,2020,1,0,0,,1.620564,6,2.79742,7.206,Large,1,38,0.9449,1.586,Small,0
brownst02,Sterling Brown,23647,"Aug 09, 2021",2021,DAL,6.0,standard,1,RFA,0.25,0.26,0,0,0,free_agency,HOU,0,0,,0,2021,112.414,3.0,0.026687,-3.623576,2022,1,0,1,,3.0,4,3.26449,7.943,Large,1,6,2.79742,7.206,Large,1
browntr01,Troy Brown Jr.,26981,"Jul 04, 2018",2018,WAS,14.51,rookie-scale,1,,0.25,0.28,0,0,0,rookie_scale,WAS,1,0,,2,2018,101.869,3.627,0.035609,-3.335144,2021,1,0,0,,2.74908,8,2.63064,6.385,Large,1,8,2.63064,6.385,Large,1
browntr01,Troy Brown Jr.,26981,"Jul 01, 2022",2022,LAL,1.97,standard,1,UFA,0.25,0.25,0,0,0,free_agency,CHI,0,0,,0,2022,123.655,1.97,0.015931,-4.139462,2022,1,0,0,,1.83609,2,5.83579,12.901,Large,1,3,3.65475,9.441,Large,1
browntr01,Troy Brown Jr.,26981,"Jul 08, 2023",2023,MIN,8.0,standard,1,UFA,0.25,0.26,0,0,0,free_agency,LAL,0,0,,0,2023,136.021,4.0,0.029407,-3.526515,2024,1,0,1,,4.0,16,1.88668,3.703,Medium,0,2,5.83579,12.901,Large,1
brunsja01,Jalen Brunson,26999,"Jul 16, 2018",2018,DAL,6.14,standard,1,,0.25,0.28,0,0,0,free_agency,DAL,1,0,,0,2018,101.869,1.535,0.015068,-4.195157,2021,1,0,1,,1.23,4,3.26449,7.943,Large,1,4,3.26449,7.943,Large,1
brunsja01,Jalen Brunson,26999,"Jul 12, 2022",2022,NYK,104.0,standard,1,RFA,0.25,0.28,0,0,0,free_agency,DAL,0,1,,0,2022,123.655,26.0,0.210262,-1.559399,2025,1,0,1,,27.733332,1,7.49451,19.113,Large,1,4,3.26449,7.943,Large,1
brunsja01,Jalen Brunson,26999,"Jul 12, 2024",2024,NYK,156.5,extension,1,,0.3,0.336,0,0,0,extension,NYK,1,1,,0,2025,154.647,39.125,0.252996,-1.374383,2028,0,3,1,,24.960001,1,7.49451,19.113,Large,1,1,7.49451,19.113,Large,1
brussni01,Nicolás Brussino,20754,"Jul 15, 2016",2016,DAL,2.5,standard,1,,0.25,0.27,0,0,0,free_agency,DAL,1,0,,0,2016,94.143,0.833,0.008852,-4.727136,2018,1,0,1,,0.543471,4,3.26449,7.943,Large,1,4,3.26449,7.943,Large,1
bryanca01,Carter Bryant,98614,"Jul 03, 2025",2025,SAS,23.42,rookie-scale,1,,0.25,0.28,0,0,0,rookie_scale,SAS,1,0,,0,2025,154.647,5.855,0.03786,-3.273849,2028,0,3,0,,4.90032,31,1.0964,2.602,Small,0,31,1.0964,2.602,Small,0
bryanko01,Kobe Bryant,2514,"Aug 25, 1996",1996,LAL,3.5,standard,1,,0.25,0.27,0,0,0,free_agency,LAL,1,0,,2,1996,,1.167,,,1998,1,0,1,,,2,5.83579,12.901,Large,1,2,5.83579,12.901,Large,1
bryanko01,Kobe Bryant,2514,"Jan 29, 1999",1999,LAL,70.88,rookie-scale,1,,0.25,0.3,0,0,0,extension,LAL,1,0,,2,2000,,11.813,,,2005,1,0,1,,,2,5.83579,12.901,Large,1,2,5.83579,12.901,Large,1
bryanko01,Kobe Bryant,2514,"Jul 15, 2004",2004,LAL,136.4,standard,1,UFA,0.3,0.372,0,0,0,free_agency,LAL,1,0,,1,2004,,19.486,,,2010,1,0,1,,,2,5.83579,12.901,Large,1,2,5.83579,12.901,Large,1
bryanko01,Kobe Bryant,2514,"Apr 02, 2010",2010,LAL,83.5,extension,1,,0.35,0.378,0,0,0,extension,LAL,1,0,,0,2011,,27.833,,,2013,1,0,1,,,2,5.83579,12.901,Large,1,2,5.83579,12.901,Large,1
bryanko01,Kobe Bryant,2514,"Nov 25, 2013",2013,LAL,48.0,extension,1,,0.35,0.364,1,0,0,extension,LAL,1,0,,0,2014,63.065,24.0,0.38056,-0.966112,2015,1,0,1,,,2,5.83579,12.901,Large,1,2,5.83579,12.901,Large,1
bryanth01,Thomas Bryant,23643,"Jul 30, 2017",2017,LAL,2.19,standard,1,,0.25,0.26,0,0,0,free_agency,LAL,1,0,,1,2017,99.093,1.095,0.01105,-4.505304,2018,1,0,1,,0.815615,2,5.83579,12.901,Large,1,2,5.83579,12.901,Large,1
bryanth01,Thomas Bryant,23643,"Jul 06, 2019",2019,WAS,25.0,standard,1,RFA,0.25,0.27,0,0,0,free_agency,WAS,1,0,,1,2019,109.14,8.333,0.076355,-2.572368,2021,1,0,1,,8.0,8,2.63064,6.385,Large,1,8,2.63064,6.385,Large,1
bryanth01,Thomas Bryant,23643,"Jul 02, 2023",2023,MIA,5.37,standard,1,UFA,0.25,0.26,0,0,0,free_agency,DEN,0,1,,1,2023,136.021,2.685,0.01974,-3.925129,2024,1,0,1,,2.528233,18,1.75692,6.266,Medium,0,17,1.80627,3.038,Medium,0
bryanth01,Thomas Bryant,23643,"Jul 03, 2024",2024,MIA,2.8,standard,1,UFA,0.3,0.3,0,0,0,free_agency,MIA,1,0,,0,2024,140.588,2.8,0.019916,-3.916214,2024,1,0,0,,2.087519,18,1.75692,6.266,Medium,0,18,1.75692,6.266,Medium,0
bryanth01,Thomas Bryant,23643,"Sep 25, 2025",2025,CLE,3.29,standard,1,UFA,0.3,0.3,0,0,0,free_agency,IND,0,0,,0,2025,154.647,3.29,0.021274,-3.850258,2025,1,0,0,,2.296274,19,1.55434,2.088,Medium,0,25,1.23221,2.126,Small,0
bryanth01,Thomas Bryant,23643,"Jul 07, 2026",2026,CLE,3.52,standard,1,UFA,0.3,0.3,0,0,0,free_agency,CLE,1,0,,0,2026,170.1117,3.52,0.020692,-3.877994,2026,0,1,0,,,19,1.55434,2.088,Medium,0,19,1.55434,2.088,Medium,0
budinch01,Chase Budinger,6288,"Aug 13, 2009",2009,HOU,1.508,standard,1,,0.25,0.26,0,0,0,free_agency,HOU,1,0,,2,2009,,0.754,,,2010,1,0,1,,,6,2.79742,7.206,Large,1,6,2.79742,7.206,Large,1
budinch01,Chase Budinger,6288,"Jul 12, 2013",2013,MIN,15.0,standard,1,RFA,0.25,0.27,0,0,0,free_agency,MIN,1,0,,1,2013,,5.0,,,2015,1,0,1,,,16,1.88668,3.703,Medium,0,16,1.88668,3.703,Medium,0
budinch01,Chase Budinger,6288,"Mar 08, 2016",2016,PHX,0.258,standard,1,UFA,0.3,0.3,0,0,0,free_agency,PHX,1,0,,0,2016,94.143,0.258,0.002741,-5.899611,2016,1,0,0,,,12,2.1982,5.059,Large,0,12,2.1982,5.059,Large,0
bullore01,Reggie Bullock,13338,"Jul 08, 2013",2013,LAC,2.35,standard,1,,0.25,0.26,0,0,0,free_agency,LAC,1,0,,2,2013,,1.175,,,2014,1,0,1,,,2,5.83579,12.901,Large,1,2,5.83579,12.901,Large,1
bullore01,Reggie Bullock,13338,"Jul 14, 2017",2017,DET,5.0,standard,1,RFA,0.25,0.26,0,0,0,free_agency,DET,1,0,,0,2017,99.093,2.5,0.025229,-3.679768,2018,1,0,1,,2.5,14,1.94075,4.365,Medium,0,14,1.94075,4.365,Medium,0
bullore01,Reggie Bullock,13338,"Jul 16, 2019",2019,NYK,8.2,standard,1,UFA,0.25,0.26,0,0,0,free_agency,LAL,0,0,,0,2019,109.14,4.1,0.037566,-3.281644,2020,1,0,1,,4.0,1,7.49451,19.113,Large,1,2,5.83579,12.901,Large,1
bullore01,Reggie Bullock,13338,"Aug 06, 2021",2021,DAL,30.04,standard,1,UFA,0.3,0.324,0,0,0,free_agency,NYK,0,0,,0,2021,112.414,10.013,0.089076,-2.418271,2023,1,0,1,,9.536,4,3.26449,7.943,Large,1,1,7.49451,19.113,Large,1
bullore01,Reggie Bullock,13338,"Oct 04, 2023",2023,HOU,3.2,standard,1,UFA,0.35,0.35,0,0,0,free_agency,DAL,0,0,,0,2023,136.021,3.2,0.023526,-3.749658,2023,1,0,0,,2.019706,6,2.79742,7.206,Large,1,4,3.26449,7.943,Large,1
burketr01,Trey Burke,13322,"Jul 06, 2013",2013,UTH,4.987,standard,1,,0.25,0.26,0,0,0,free_agency,UTH,1,0,,3,2013,,2.494,,,2014,1,0,1,,,28,1.16352,1.266,Small,0,28,1.16352,1.266,Small,0
burketr01,Trey Burke,13322,"Jan 14, 2018",2018,NYK,2.6,standard,1,UFA,0.25,0.26,0,0,0,free_agency,NYK,1,0,,1,2018,101.869,1.3,0.012761,-4.361323,2019,1,0,1,,1.795015,1,7.49451,19.113,Large,1,1,7.49451,19.113,Large,1
burketr01,Trey Burke,13322,"Jul 30, 2019",2019,PHI,2.03,standard,1,UFA,0.25,0.25,0,0,0,free_agency,DAL,0,0,,1,2019,109.14,2.03,0.0186,-3.984596,2019,1,0,0,,0.22922,5,3.14592,6.228,Large,1,4,3.26449,7.943,Large,1
burketr01,Trey Burke,13322,"Dec 01, 2020",2020,DAL,9.45,standard,1,UFA,0.3,0.324,0,0,0,free_agency,DAL,1,1,,1,2020,109.14,3.15,0.028862,-3.545229,2022,1,0,1,,3.0,4,3.26449,7.943,Large,1,4,3.26449,7.943,Large,1
burksal01,Alec Burks,8063,"Dec 10, 2011",2011,UTH,4.32,standard,1,,0.25,0.26,0,0,0,free_agency,UTH,1,0,,3,2011,,2.16,,,2012,1,0,1,,,28,1.16352,1.266,Small,0,28,1.16352,1.266,Small,0
burksal01,Alec Burks,8063,"Oct 31, 2014",2014,UTH,42.0,extension,1,,0.25,0.28,0,0,0,extension,UTH,1,0,,1,2015,70.0,10.5,0.15,-1.89712,2018,1,0,1,,,28,1.16352,1.266,Small,0,28,1.16352,1.266,Small,0
burksal01,Alec Burks,8063,"Jul 11, 2019",2019,GSW,2.32,standard,1,UFA,0.3,0.3,0,0,0,free_agency,SAC,0,0,,1,2019,109.14,2.32,0.021257,-3.851064,2019,1,0,0,,2.320044,10,2.54248,4.749,Large,1,20,1.49792,2.453,Small,0
burksal01,Alec Burks,8063,"Nov 22, 2020",2020,NYK,6.0,standard,1,UFA,0.3,0.3,0,0,0,free_agency,PHI,0,0,,1,2020,109.14,6.0,0.054975,-2.900872,2020,1,0,0,,6.0,1,7.49451,19.113,Large,1,5,3.14592,6.228,Large,1
burksal01,Alec Burks,8063,"Aug 17, 2021",2021,NYK,30.0,standard,1,UFA,0.35,0.378,0,0,0,free_agency,NYK,1,0,,1,2021,112.414,10.0,0.088957,-2.419603,2023,1,0,1,,9.536,1,7.49451,19.113,Large,1,1,7.49451,19.113,Large,1
burksal01,Alec Burks,8063,"Jul 03, 2024",2024,MIA,3.3,standard,1,UFA,0.35,0.35,0,0,0,free_agency,NYK,0,0,,0,2024,140.588,3.3,0.023473,-3.751911,2024,1,0,0,,2.087519,18,1.75692,6.266,Medium,0,1,7.49451,19.113,Large,1
butleja02,Jared Butler,74147,"Aug 11, 2021",2021,UTH,2.49,standard,1,,0.25,0.26,0,0,0,free_agency,UTA,0,0,,1,2021,112.414,1.245,0.011075,-4.503053,2022,1,0,1,,0.925258,28,1.16352,1.266,Small,0,28,1.16352,1.266,Small,0
butleja02,Jared Butler,74147,"Apr 06, 2024",2024,WAS,5.83,two-way,1,RFA,0.25,0.27,0,0,0,rest_of_season,WAS,1,0,,1,2024,140.588,1.943,0.013823,-4.281429,2026,0,1,0,,0.745726,8,2.63064,6.385,Large,1,8,2.63064,6.385,Large,1
butleji01,Jimmy Butler,8081,"Dec 09, 2011",2011,CHI,5.21,standard,1,,0.25,0.28,0,0,0,free_agency,CHI,1,0,,4,2011,,1.302,,,2014,1,0,1,,,3,3.65475,9.441,Large,1,3,3.65475,9.441,Large,1
butleji01,Jimmy Butler,8081,"Jul 09, 2015",2015,CHI,92.33,extension,1,,0.25,0.29,0,0,0,extension,CHI,1,1,,2,2016,94.143,18.466,0.196148,-1.628884,2020,1,0,1,,15.26,3,3.65475,9.441,Large,1,3,3.65475,9.441,Large,1
butleji01,Jimmy Butler,8081,"Jul 06, 2019",2019,PHI,140.79,maximum,1,UFA,0.3,0.336,0,1,0,sign_and_trade,PHI,1,0,,1,2019,109.14,35.197,0.322499,-1.131656,2022,1,0,1,,32.742,5,3.14592,6.228,Large,1,5,3.14592,6.228,Large,1
butleji01,Jimmy Butler,8081,"Aug 07, 2021",2021,MIA,146.4,extension,1,,0.35,0.378,1,0,0,extension,MIA,1,1,,1,2022,123.655,48.8,0.394646,-0.929765,2024,1,0,1,,36.0162,18,1.75692,6.266,Medium,0,18,1.75692,6.266,Medium,0
butleji01,Jimmy Butler,8081,"Feb 06, 2025",2025,GSW,110.96,maximum,1,,0.35,0.364,0,1,0,extension,GSW,1,0,,0,2026,170.1117,55.48,0.326139,-1.120433,2027,0,2,1,,54.12645,10,2.54248,4.749,Large,1,10,2.54248,4.749,Large,1
buzelma01,Matas Buzelis,91738,"Jul 03, 2024",2024,CHI,23.95,rookie-scale,1,,0.25,0.28,0,0,0,rookie_scale,CHI,1,0,,1,2024,140.588,5.987,0.042589,-3.15616,2027,0,2,0,,5.19552,3,3.65475,9.441,Large,1,3,3.65475,9.441,Large,1
cabocbr01,Bruno Caboclo,15372,"Jul 09, 2014",2014,TOR,2.98,standard,1,,0.25,0.26,0,0,0,free_agency,TOR,1,0,,2,2014,63.065,1.49,0.023626,-3.74539,2015,1,0,1,,,,,6.202,Large,1,,,6.202,Large,1
cabocbr01,Bruno Caboclo,15372,"Feb 13, 2019",2019,MEM,2.37,standard,1,UFA,0.25,0.26,0,0,0,free_agency,MEM,1,0,,0,2019,109.14,1.185,0.010858,-4.522889,2020,1,0,1,,1.845301,51,0.6663,1.358,Small,0,51,0.6663,1.358,Small,0
cabocbr01,Bruno Caboclo,15372,"Nov 26, 2020",2020,HOU,2.03,standard,1,UFA,0.25,0.25,0,0,0,free_agency,HOU,1,0,,0,2020,109.14,2.03,0.0186,-3.984596,2020,1,0,0,,0.361256,6,2.79742,7.206,Large,1,6,2.79742,7.206,Large,1
cainja01,Jamal Cain,78584,"Mar 20, 2026",2026,ORL,2.91,two-way,1,RFA,0.25,0.26,0,0,0,rest_of_season,ORL,1,0,,1,2026,170.1117,1.455,0.008553,-4.761449,2027,0,2,0,,,15,1.90242,2.673,Medium,0,15,1.90242,2.673,Medium,0
caldejo01,José Calderón,2734,"Aug 03, 2005",2005,TOR,6.99,standard,1,,0.25,0.27,0,0,0,free_agency,TOR,1,0,,0,2005,,2.33,,,2007,1,0,1,,,,,6.202,Large,1,,,6.202,Large,1
caldejo01,José Calderón,2734,"Jul 09, 2008",2008,TOR,45.0,standard,1,RFA,0.25,0.29,0,0,0,free_agency,TOR,1,0,,0,2008,,9.0,,,2012,1,0,1,,,,,6.202,Large,1,,,6.202,Large,1
caldejo01,José Calderón,2734,"Jul 11, 2013",2013,DAL,29.0,standard,1,UFA,0.3,0.336,0,0,0,free_agency,DAL,1,0,,0,2013,,7.25,,,2016,1,0,1,,,4,3.26449,7.943,Large,1,4,3.26449,7.943,Large,1
caldejo01,José Calderón,2734,"Jul 10, 2017",2017,CLE,2.3,standard,1,UFA,0.35,0.35,0,0,0,free_agency,ATL,0,0,,0,2017,99.093,2.3,0.023211,-3.76315,2017,1,0,0,,1.471382,19,1.55434,2.088,Medium,0,7,2.75817,6.144,Large,1
caldejo01,José Calderón,2734,"Jul 02, 2018",2018,DET,2.39,standard,1,UFA,0.35,0.35,0,0,0,free_agency,CLE,0,0,,0,2018,101.869,2.39,0.023462,-3.752394,2018,1,0,0,,2.393887,14,1.94075,4.365,Medium,0,19,1.55434,2.088,Medium,0
caldwke01,Kentavious Caldwell-Pope,13321,"Jul 19, 2013",2013,DET,5.43,standard,1,,0.25,0.26,0,0,0,free_agency,DET,1,0,,5,2013,,2.715,,,2014,1,0,1,,,14,1.94075,4.365,Medium,0,14,1.94075,4.365,Medium,0
caldwke01,Kentavious Caldwell-Pope,13321,"Jul 13, 2017",2017,LAL,17.75,standard,1,UFA,0.25,0.25,0,0,0,free_agency,DET,0,0,,3,2017,99.093,17.75,0.179125,-1.719673,2017,1,0,0,,17.745894,2,5.83579,12.901,Large,1,14,1.94075,4.365,Medium,0
caldwke01,Kentavious Caldwell-Pope,13321,"Jul 06, 2018",2018,LAL,12.0,standard,1,UFA,0.25,0.25,0,0,0,free_agency,LAL,1,0,,3,2018,101.869,12.0,0.117798,-2.138781,2018,1,0,0,,12.0,2,5.83579,12.901,Large,1,2,5.83579,12.901,Large,1
caldwke01,Kentavious Caldwell-Pope,13321,"Jul 06, 2019",2019,LAL,16.58,standard,1,UFA,0.25,0.26,0,0,0,free_agency,LAL,1,1,,3,2019,109.14,8.29,0.075957,-2.577581,2020,1,0,1,,8.089282,2,5.83579,12.901,Large,1,2,5.83579,12.901,Large,1
caldwke01,Kentavious Caldwell-Pope,13321,"Nov 22, 2020",2020,LAL,39.1,standard,1,UFA,0.3,0.324,0,0,0,free_agency,LAL,1,0,,2,2020,109.14,13.033,0.119418,-2.125121,2022,1,0,1,,12.07302,2,5.83579,12.901,Large,1,2,5.83579,12.901,Large,1
caldwke01,Kentavious Caldwell-Pope,13321,"Jul 16, 2022",2022,DEN,30.15,extension,1,,0.35,0.364,0,0,0,extension,WAS,0,1,,2,2023,136.021,15.075,0.110828,-2.199772,2024,1,0,1,,14.004703,17,1.80627,3.038,Medium,0,8,2.63064,6.385,Large,1
caldwke01,Kentavious Caldwell-Pope,13321,"Jul 06, 2024",2024,ORL,66.0,standard,1,UFA,0.35,0.378,0,0,0,free_agency,DEN,0,1,,1,2024,140.588,22.0,0.156486,-1.854791,2026,0,1,1,,22.757,15,1.90242,2.673,Medium,0,17,1.80627,3.038,Medium,0
caldwke01,Kentavious Caldwell-Pope,13321,"Aug 05, 2026",2026,PHI,3.88,standard,1,UFA,0.35,0.35,0,0,0,free_agency,MEM,0,0,,0,2026,170.1117,3.88,0.022809,-3.78062,2026,0,1,0,,,5,3.14592,6.228,Large,1,51,0.6663,1.358,Small,0
camarto01,Toumani Camara,84478,"Jul 03, 2023",2023,PHX,7.64,standard,1,,0.25,0.28,0,0,0,free_agency,POR,0,0,,0,2023,136.021,1.91,0.014042,-4.265706,2026,0,1,1,,1.119563,12,2.1982,5.059,Large,0,23,1.27792,2.511,Small,0
camarto01,Toumani Camara,84478,"Oct 19, 2025",2025,POR,81.0,extension,1,,0.25,0.28,0,0,0,extension,POR,1,0,,0,2026,170.1117,20.25,0.119039,-2.1283,2029,0,4,1,,2.221677,23,1.27792,2.511,Small,0,23,1.27792,2.511,Small,0
campafa01,Facundo Campazzo,70736,"Nov 30, 2020",2020,DEN,7.43,standard,1,,0.25,0.26,0,0,0,free_agency,DEN,1,0,,0,2020,109.14,3.715,0.034039,-3.380253,2021,1,0,1,,3.1,17,1.80627,3.038,Medium,0,17,1.80627,3.038,Medium,0
campafa01,Facundo Campazzo,70736,"Oct 18, 2022",2022,DAL,1.83,standard,1,UFA,0.25,0.25,0,0,0,free_agency,DEN,0,0,,0,2022,123.655,1.83,0.014799,-4.213179,2022,1,0,0,,0.464299,4,3.26449,7.943,Large,1,17,1.80627,3.038,Medium,0
canaais01,Isaiah Canaan,13347,"Jul 11, 2013",2013,HOU,2.33,standard,1,,0.25,0.27,0,0,0,free_agency,HOU,1,0,,0,2013,,0.777,,,2015,1,0,1,,,6,2.79742,7.206,Large,1,6,2.79742,7.206,Large,1
canaais01,Isaiah Canaan,13347,"Jul 20, 2016",2016,CHI,2.1,standard,1,UFA,0.25,0.26,0,0,0,free_agency,PHI,0,0,,0,2016,94.143,1.05,0.011153,-4.496025,2017,1,0,1,,1.015696,3,3.65475,9.441,Large,1,5,3.14592,6.228,Large,1
canaais01,Isaiah Canaan,13347,"Oct 24, 2017",2017,HOU,1.51,standard,1,RFA,0.25,0.25,0,0,0,free_agency,CHI,0,0,,0,2017,99.093,1.51,0.015238,-4.183949,2017,1,0,0,,0.053465,6,2.79742,7.206,Large,1,3,3.65475,9.441,Large,1
canaais01,Isaiah Canaan,13347,"Aug 03, 2018",2018,PHX,1.75,standard,1,UFA,0.25,0.25,0,0,0,free_agency,HOU,0,0,,0,2018,101.869,1.75,0.017179,-4.064072,2018,1,0,0,,0.09929,12,2.1982,5.059,Large,0,6,2.79742,7.206,Large,1
cancavl01,Vlatko Čančar,23650,"Aug 01, 2019",2019,DEN,4.2,standard,1,RFA,0.25,0.27,0,0,0,free_agency,DEN,1,0,,1,2019,109.14,1.4,0.012828,-4.356159,2021,1,0,1,,0.89831,17,1.80627,3.038,Medium,0,17,1.80627,3.038,Medium,0
cancavl01,Vlatko Čančar,23650,"Jul 07, 2022",2022,DEN,6.82,standard,1,RFA,0.25,0.27,0,0,0,free_agency,DEN,1,0,,1,2022,123.655,2.273,0.018384,-3.996248,2024,1,0,1,,2.234359,17,1.80627,3.038,Medium,0,17,1.80627,3.038,Medium,0
cancavl01,Vlatko Čančar,23650,"Jul 06, 2024",2024,DEN,2.42,standard,1,UFA,0.25,0.25,0,0,0,free_agency,DEN,1,0,,0,2024,140.588,2.42,0.017213,-4.062066,2024,1,0,0,,2.087519,17,1.80627,3.038,Medium,0,17,1.80627,3.038,Medium,0
capelca01,Clint Capela,15377,"Jul 23, 2014",2014,HOU,2.43,standard,1,,0.25,0.26,0,0,0,free_agency,HOU,1,0,,2,2014,63.065,1.215,0.019266,-3.949422,2015,1,0,1,,,6,2.79742,7.206,Large,1,6,2.79742,7.206,Large,1
capelca01,Clint Capela,15377,"Sep 01, 2021",2021,ATL,45.44,extension,1,,0.3,0.312,0,0,0,extension,ATL,1,0,,0,2022,123.655,22.72,0.183737,-1.69425,2023,1,0,1,,17.103448,7,2.75817,6.144,Large,1,7,2.75817,6.144,Large,1
capelca01,Clint Capela,15377,"Jul 06, 2025",2025,ATL,21.11,standard,1,UFA,0.35,0.378,0,0,0,sign_and_trade,ATL,1,0,,0,2025,154.647,7.037,0.045501,-3.090011,2027,0,2,1,,6.7,7,2.75817,6.144,Large,1,7,2.75817,6.144,Large,1
cardwdy01,Dylan Cardwell,99643,"Feb 05, 2026",2026,SAC,8.28,two-way,1,,0.25,0.28,0,0,0,two_way,SAC,1,0,,0,2026,170.1117,2.07,0.012168,-4.408907,2029,0,4,0,,,20,1.49792,2.453,Small,0,20,1.49792,2.453,Small,0
carlsbr01,Branden Carlson,94490,"Nov 16, 2024",2024,OKC,0.99,standard,1,,0.25,0.25,0,0,0,rest_of_season,OKC,1,0,,0,2024,140.588,0.99,0.007042,-4.955884,2024,1,0,0,,0.065376,47,0.7627,1.435,Small,0,47,0.7627,1.435,Small,0
carlsbr01,Branden Carlson,94490,"Jul 01, 2026",2026,POR,2.45,standard,1,UFA,0.25,0.25,0,0,0,free_agency,POR,1,0,,0,2026,170.1117,2.45,0.014402,-4.240367,2026,0,1,0,,,23,1.27792,2.511,Small,0,23,1.27792,2.511,Small,0
carrica01,Bub Carrington,91766,"Jul 07, 2024",2024,WAS,21.29,rookie-scale,1,,0.25,0.28,0,0,0,rookie_scale,WAS,1,0,,1,2024,140.588,5.322,0.037859,-3.273891,2027,0,2,0,,4.45488,8,2.63064,6.385,Large,1,8,2.63064,6.385,Large,1
carrode01,DeMarre Carroll,6294,"Jul 23, 2009",2009,MEM,2.1,standard,1,,0.25,0.26,0,0,0,free_agency,MEM,1,0,,0,2009,,1.05,,,2010,1,0,1,,,51,0.6663,1.358,Small,0,51,0.6663,1.358,Small,0
carrode01,DeMarre Carroll,6294,"Dec 13, 2011",2011,DEN,0.537438,standard,1,RFA,0.25,0.25,0,0,0,free_agency,DEN,1,0,,0,2011,,0.537,,,2011,1,0,0,,,17,1.80627,3.038,Medium,0,17,1.80627,3.038,Medium,0
carrode01,DeMarre Carroll,6294,"Feb 09, 2012",2012,UTH,0.88512,standard,1,RFA,0.25,0.25,0,0,0,free_agency,UTH,1,0,,0,2012,,0.885,,,2012,1,0,0,,,28,1.16352,1.266,Small,0,28,1.16352,1.266,Small,0
carrode01,DeMarre Carroll,6294,"Aug 03, 2013",2013,ATL,5.0,standard,1,RFA,0.25,0.26,0,0,0,free_agency,ATL,1,0,,0,2013,,2.5,,,2014,1,0,1,,,7,2.75817,6.144,Large,1,7,2.75817,6.144,Large,1
carrode01,DeMarre Carroll,6294,"Jul 09, 2015",2015,TOR,58.0,standard,1,UFA,0.25,0.28,0,0,0,free_agency,TOR,1,0,,0,2015,70.0,14.5,0.207143,-1.574347,2018,1,0,1,,13.5,,,6.202,Large,1,,,6.202,Large,1
carrode01,DeMarre Carroll,6294,"Jul 06, 2019",2019,BKN,21.0,standard,1,UFA,0.35,0.364,0,0,0,sign_and_trade,BKN,1,0,,0,2019,109.14,10.5,0.096207,-2.341256,2020,1,0,1,,0.811447,1,7.49451,19.113,Large,1,1,7.49451,19.113,Large,1
cartede02,Devin Carter,91758,"Jul 09, 2024",2024,SAC,22.14,rookie-scale,1,,0.25,0.28,0,0,0,rookie_scale,SAC,1,0,,1,2024,140.588,5.535,0.03937,-3.234742,2027,0,2,0,,4.689,20,1.49792,2.453,Small,0,20,1.49792,2.453,Small,0
carteje01,Jevon Carter,26998,"Nov 23, 2020",2020,PHX,11.5,standard,1,RFA,0.25,0.27,0,0,0,free_agency,PHX,1,0,,2,2020,109.14,3.833,0.035123,-3.348897,2022,1,0,1,,3.925,12,2.1982,5.059,Large,0,12,2.1982,5.059,Large,0
carteje01,Jevon Carter,26998,"Jul 06, 2022",2022,MIL,4.34,standard,1,RFA,0.25,0.26,0,0,0,free_agency,MIL,1,1,,2,2022,123.655,2.17,0.017549,-4.042768,2023,1,0,1,,2.1,38,0.9449,1.586,Small,0,38,0.9449,1.586,Small,0
carteje01,Jevon Carter,26998,"Jul 22, 2022",2022,MIL,4.34,standard,1,RFA,0.25,0.26,0,0,0,free_agency,MIL,1,1,,2,2022,123.655,2.17,0.017549,-4.042768,2023,1,0,1,,2.1,38,0.9449,1.586,Small,0,38,0.9449,1.586,Small,0
carteje01,Jevon Carter,26998,"Jul 10, 2023",2023,CHI,19.5,standard,1,UFA,0.25,0.27,0,0,0,free_agency,MIL,0,1,,1,2023,136.021,6.5,0.047787,-3.041007,2025,1,0,1,,6.190476,3,3.65475,9.441,Large,1,38,0.9449,1.586,Small,0
carteje01,Jevon Carter,26998,"Jul 01, 2026",2026,ORL,3.51,standard,1,UFA,0.3,0.3,0,0,0,free_agency,ORL,1,0,,0,2026,170.1117,3.51,0.020634,-3.880839,2026,0,1,0,,,15,1.90242,2.673,Medium,0,15,1.90242,2.673,Medium,0
cartemi01,Michael Carter-Williams,13324,"Sep 24, 2013",2013,PHI,4.5,standard,1,,0.25,0.26,0,0,0,free_agency,PHI,1,0,,3,2013,,2.25,,,2014,1,0,1,,,5,3.14592,6.228,Large,1,5,3.14592,6.228,Large,1
cartemi01,Michael Carter-Williams,13324,"Jul 07, 2017",2017,CHA,2.7,standard,1,UFA,0.25,0.25,0,0,0,free_agency,CHI,0,0,,1,2017,99.093,2.7,0.027247,-3.602807,2017,1,0,0,,2.7,21,1.38202,2.66,Small,0,3,3.65475,9.441,Large,1
cartemi01,Michael Carter-Williams,13324,"Jul 06, 2018",2018,HOU,1.76,standard,1,UFA,0.25,0.25,0,0,0,free_agency,CHA,0,0,,1,2018,101.869,1.76,0.017277,-4.058374,2018,1,0,0,,0.268083,6,2.79742,7.206,Large,1,21,1.38202,2.66,Small,0
cartemi01,Michael Carter-Williams,13324,"Nov 24, 2020",2020,ORL,6.6,standard,1,UFA,0.3,0.312,0,0,0,free_agency,ORL,1,0,,1,2020,109.14,3.3,0.030236,-3.498709,2021,1,0,1,,3.3,15,1.90242,2.673,Medium,0,15,1.90242,2.673,Medium,0
cartemi01,Michael Carter-Williams,13324,"Feb 26, 2023",2023,ORL,3.7,standard,1,UFA,0.35,0.364,0,0,0,rest_of_season,ORL,1,0,,1,2023,136.021,1.85,0.013601,-4.297624,2024,1,0,0,,,15,1.90242,2.673,Medium,0,15,1.90242,2.673,Medium,0
cartevi01,Vince Carter,2590,"Jan 22, 1999",1999,TOR,6.45,standard,1,RFA,0.25,0.27,0,0,0,free_agency,TOR,1,0,,2,1999,,2.15,,,2001,1,0,1,,,,,6.202,Large,1,,,6.202,Large,1
cartevi01,Vince Carter,2590,"Aug 01, 2001",2001,TOR,85.0,rookie-scale,1,,0.25,0.3,0,0,0,extension,TOR,1,0,,1,2002,,14.167,,,2007,1,0,1,,,,,6.202,Large,1,,,6.202,Large,1
cartevi01,Vince Carter,2590,"Jul 14, 2007",2007,NJN,61.6,standard,1,UFA,0.3,0.336,0,0,0,free_agency,NJN,1,0,,0,2007,,15.4,,,2010,1,0,1,,,1,7.49451,19.113,Large,1,1,7.49451,19.113,Large,1
cartevi01,Vince Carter,2590,"Dec 12, 2011",2011,DAL,9.27,standard,1,UFA,0.35,0.378,0,0,0,free_agency,DAL,1,0,,0,2011,,3.09,,,2013,1,0,1,,,4,3.26449,7.943,Large,1,4,3.26449,7.943,Large,1
cartevi01,Vince Carter,2590,"Jul 11, 2014",2014,MEM,12.0,standard,1,UFA,0.35,0.378,0,0,0,free_agency,MEM,1,0,,0,2014,63.065,4.0,0.063427,-2.757872,2016,1,0,1,,,51,0.6663,1.358,Small,0,51,0.6663,1.358,Small,0
cartevi01,Vince Carter,2590,"Jul 10, 2017",2017,SAC,8.0,standard,1,UFA,0.35,0.35,0,0,0,free_agency,MEM,0,0,,0,2017,99.093,8.0,0.080732,-2.516617,2017,1,0,0,,8.0,20,1.49792,2.453,Small,0,51,0.6663,1.358,Small,0
cartevi01,Vince Carter,2590,"Aug 24, 2018",2018,ATL,2.39,standard,1,UFA,0.35,0.35,0,0,0,free_agency,SAC,0,0,,0,2018,101.869,2.39,0.023462,-3.752394,2018,1,0,0,,2.393887,7,2.75817,6.144,Large,1,20,1.49792,2.453,Small,0
cartevi01,Vince Carter,2590,"Sep 20, 2019",2019,ATL,2.56,standard,1,UFA,0.35,0.35,0,0,0,free_agency,ATL,1,0,,0,2019,109.14,2.56,0.023456,-3.752624,2019,1,0,0,,2.564753,7,2.75817,6.144,Large,1,7,2.75817,6.144,Large,1
cartewe01,Wendell Carter Jr.,26973,"Jul 03, 2018",2018,CHI,22.01,rookie-scale,1,,0.25,0.28,0,0,0,rookie_scale,CHI,1,0,,2,2018,101.869,5.503,0.054015,-2.918485,2021,1,0,0,,4.4412,3,3.65475,9.441,Large,1,3,3.65475,9.441,Large,1
cartewe01,Wendell Carter Jr.,26973,"Oct 16, 2021",2021,ORL,50.0,extension,1,,0.25,0.28,0,0,0,extension,ORL,1,0,,0,2022,123.655,12.5,0.101088,-2.291767,2025,1,0,1,,6.920027,15,1.90242,2.673,Medium,0,15,1.90242,2.673,Medium,0
cartewe01,Wendell Carter Jr.,26973,"Oct 07, 2024",2024,ORL,58.65,extension,1,,0.3,0.324,0,0,0,extension,ORL,1,0,,0,2025,154.647,19.55,0.126417,-2.06817,2027,0,2,1,,11.95,15,1.90242,2.673,Medium,0,15,1.90242,2.673,Medium,0
carusal01,Alex Caruso,21076,"Jul 07, 2019",2019,LAL,5.5,standard,1,RFA,0.25,0.26,0,0,0,free_agency,LAL,1,0,,0,2019,109.14,2.75,0.025197,-3.681031,2020,1,0,1,,2.75,2,5.83579,12.901,Large,1,2,5.83579,12.901,Large,1
carusal01,Alex Caruso,21076,"Aug 10, 2021",2021,CHI,37.0,standard,1,RFA,0.25,0.28,0,0,0,free_agency,LAL,0,0,,0,2021,112.414,9.25,0.082285,-2.497565,2024,1,0,1,,8.604651,3,3.65475,9.441,Large,1,2,5.83579,12.901,Large,1
carusal01,Alex Caruso,21076,"Dec 22, 2024",2024,OKC,81.1,extension,1,,0.3,0.336,0,0,0,extension,CHI,0,0,,0,2025,154.647,20.275,0.131105,-2.031757,2028,0,3,1,,9.89,47,0.7627,1.435,Small,0,3,3.65475,9.441,Large,1
casspom01,Omri Casspi,6325,"Jul 10, 2009",2009,SAC,2.42,standard,1,,0.25,0.26,0,0,0,free_agency,SAC,1,0,,2,2009,,1.21,,,2010,1,0,1,,,20,1.49792,2.453,Small,0,20,1.49792,2.453,Small,0
casspom01,Omri Casspi,6325,"Jul 16, 2013",2013,HOU,2.01,standard,1,UFA,0.25,0.26,0,0,0,free_agency,HOU,1,0,,0,2013,,1.005,,,2014,1,0,1,,,6,2.79742,7.206,Large,1,6,2.79742,7.206,Large,1
casspom01,Omri Casspi,6325,"Sep 18, 2014",2014,SAC,1.06,standard,1,UFA,0.25,0.25,0,0,0,free_agency,SAC,1,0,,0,2014,63.065,1.06,0.016808,-4.085897,2014,1,0,0,,,20,1.49792,2.453,Small,0,20,1.49792,2.453,Small,0
casspom01,Omri Casspi,6325,"Jul 14, 2015",2015,SAC,6.0,standard,1,UFA,0.25,0.26,0,0,0,free_agency,SAC,1,0,,0,2015,70.0,3.0,0.042857,-3.149883,2016,1,0,1,,3.0,20,1.49792,2.453,Small,0,20,1.49792,2.453,Small,0
casspom01,Omri Casspi,6325,"Mar 20, 2017",2017,MIN,0.186,standard,1,UFA,0.3,0.3,0,0,0,free_agency,MIN,1,0,,0,2017,99.093,0.186,0.001877,-6.278067,2017,1,0,0,,1.471382,16,1.88668,3.703,Medium,0,16,1.88668,3.703,Medium,0
casspom01,Omri Casspi,6325,"Jul 12, 2017",2017,GSW,2.1,standard,1,UFA,0.3,0.3,0,0,0,free_agency,MIN,0,0,,0,2017,99.093,2.1,0.021192,-3.854121,2017,1,0,0,,1.471382,10,2.54248,4.749,Large,1,16,1.88668,3.703,Medium,0
casspom01,Omri Casspi,6325,"Jul 11, 2018",2018,MEM,2.18,standard,1,UFA,0.3,0.3,0,0,0,free_agency,GSW,0,0,,0,2018,101.869,2.18,0.0214,-3.844363,2018,1,0,0,,2.17626,51,0.6663,1.358,Small,0,10,2.54248,4.749,Large,1
castlco01,Colin Castleton,84736,,2026,ORL,0.678882,standard,1,RFA,0.25,0.25,0,0,0,free_agency,ORL,1,0,,0,2026,170.1117,0.679,0.003991,-5.523763,2026,0,1,0,,,15,1.90242,2.673,Medium,0,15,1.90242,2.673,Medium,0
castlst01,Stephon Castle,91750,"Jul 02, 2024",2024,SAS,41.35,rookie-scale,1,,0.25,0.28,0,0,0,rookie_scale,SAS,1,0,,1,2024,140.588,10.338,0.07353,-2.610056,2027,0,2,0,,9.10512,31,1.0964,2.602,Small,0,31,1.0964,2.602,Small,0
caulewi01,Willie Cauley-Stein,17834,"Jul 16, 2015",2015,SAC,6.95,standard,1,,0.25,0.26,0,0,0,free_agency,SAC,1,0,,4,2015,70.0,3.475,0.049643,-3.002901,2016,1,0,1,,3.39828,20,1.49792,2.453,Small,0,20,1.49792,2.453,Small,0
caulewi01,Willie Cauley-Stein,17834,"Jul 08, 2019",2019,GSW,4.46,standard,1,UFA,0.25,0.26,0,0,0,free_agency,SAC,0,1,,2,2019,109.14,2.23,0.020432,-3.89063,2020,1,0,1,,2.177483,10,2.54248,4.749,Large,1,20,1.49792,2.453,Small,0
caulewi01,Willie Cauley-Stein,17834,"Dec 01, 2020",2020,DAL,8.2,standard,1,UFA,0.25,0.26,0,0,0,free_agency,DAL,1,0,,1,2020,109.14,4.1,0.037566,-3.281644,2021,1,0,1,,4.1,4,3.26449,7.943,Large,1,4,3.26449,7.943,Large,1
cavanty01,Tyler Cavanaugh,24294,"Dec 18, 2017",2017,ATL,2.06,standard,1,,0.25,0.26,0,0,0,free_agency,ATL,1,0,,0,2017,99.093,1.03,0.010394,-4.5665,2018,1,0,1,,0.729919,7,2.75817,6.144,Large,1,7,2.75817,6.144,Large,1
chalmma01,Mario Chalmers,6128,"Jul 09, 2008",2008,MIA,1.47,standard,1,,0.25,0.26,0,0,0,free_agency,MIA,1,0,,2,2008,,0.735,,,2009,1,0,1,,,18,1.75692,6.266,Medium,0,18,1.75692,6.266,Medium,0
chalmma01,Mario Chalmers,6128,"Dec 09, 2011",2011,MIA,8.0,standard,1,RFA,0.25,0.26,0,0,0,free_agency,MIA,1,0,,1,2011,,4.0,,,2012,1,0,1,,,18,1.75692,6.266,Medium,0,18,1.75692,6.266,Medium,0
chalmma01,Mario Chalmers,6128,"Jul 14, 2014",2014,MIA,8.3,standard,1,UFA,0.25,0.26,0,0,0,free_agency,MIA,1,0,,0,2014,63.065,4.15,0.065805,-2.721058,2015,1,0,1,,,18,1.75692,6.266,Medium,0,18,1.75692,6.266,Medium,0
champju01,Justin Champagnie,74240,"Mar 03, 2025",2025,WAS,9.8,standard,1,RFA,0.25,0.28,0,0,0,rest_of_season,WAS,1,0,,0,2025,154.647,2.45,0.015843,-4.145057,2028,0,3,0,,2.349578,8,2.63064,6.385,Large,1,8,2.63064,6.385,Large,1
champju02,Julian Champagnie,78268,"Jul 06, 2023",2023,SAS,12.0,standard,1,RFA,0.25,0.28,0,0,0,free_agency,SAS,1,0,,1,2023,136.021,3.0,0.022055,-3.814197,2026,0,1,1,,3.0,31,1.0964,2.602,Small,0,31,1.0964,2.602,Small,0
champju02,Julian Champagnie,78268,"Jun 29, 2026",2026,SAS,45.0,extension,1,,0.25,0.27,0,0,0,extension,SAS,1,0,,0,2027,187.12287,15.0,0.080161,-2.523715,2029,0,4,1,,,31,1.0964,2.602,Small,0,31,1.0964,2.602,Small,0
chandke01,Kennedy Chandler,78127,"Jul 06, 2022",2022,MEM,7.13,standard,1,,0.25,0.28,0,0,0,free_agency,MEM,1,0,,0,2022,123.655,1.782,0.014415,-4.239479,2025,1,0,1,,1.2,51,0.6663,1.358,Small,0,51,0.6663,1.358,Small,0
chandty01,Tyson Chandler,2605,"Oct 01, 2001",2001,CHI,10.7,standard,1,,0.25,0.27,0,0,0,free_agency,CHI,1,0,,1,2001,,3.567,,,2003,1,0,1,,,3,3.65475,9.441,Large,1,3,3.65475,9.441,Large,1
chandty01,Tyson Chandler,2605,"Sep 20, 2005",2005,CHI,64.35,standard,1,RFA,0.25,0.3,0,0,0,free_agency,CHI,1,0,,0,2005,,10.725,,,2010,1,0,1,,,3,3.65475,9.441,Large,1,3,3.65475,9.441,Large,1
chandty01,Tyson Chandler,2605,"Dec 10, 2011",2011,DAL,55.4,standard,1,UFA,0.35,0.392,0,0,0,free_agency,,,0,,0,2011,,13.85,,,2014,1,0,1,,,4,3.26449,7.943,Large,1,,,,,
chandty01,Tyson Chandler,2605,"Jul 09, 2015",2015,PHX,52.0,standard,1,UFA,0.35,0.392,0,0,0,free_agency,PHX,1,0,,0,2015,70.0,13.0,0.185714,-1.683546,2018,1,0,1,,13.0,12,2.1982,5.059,Large,0,12,2.1982,5.059,Large,0
chandty01,Tyson Chandler,2605,"Nov 06, 2018",2018,LAL,2.1,standard,1,UFA,0.35,0.35,0,0,0,free_agency,PHX,0,0,,0,2018,101.869,2.1,0.020615,-3.88175,2018,1,0,0,,2.393887,2,5.83579,12.901,Large,1,12,2.1982,5.059,Large,0
chandty01,Tyson Chandler,2605,"Jul 19, 2019",2019,HOU,2.56,standard,1,UFA,0.35,0.35,0,0,0,free_agency,LAL,0,0,,0,2019,109.14,2.56,0.023456,-3.752624,2019,1,0,0,,2.564753,6,2.79742,7.206,Large,1,2,5.83579,12.901,Large,1
chandwi01,Wilson Chandler,2616,"Jul 27, 2007",2007,NYK,2.27,standard,1,,0.25,0.26,0,0,0,free_agency,NYK,1,0,,3,2007,,1.135,,,2008,1,0,1,,,1,7.49451,19.113,Large,1,1,7.49451,19.113,Large,1
chandwi01,Wilson Chandler,2616,"Mar 18, 2012",2012,DEN,31.7,standard,1,UFA,0.25,0.29,0,0,0,free_agency,DEN,1,0,,1,2012,,6.34,,,2016,1,0,1,,,17,1.80627,3.038,Medium,0,17,1.80627,3.038,Medium,0
chandwi01,Wilson Chandler,2616,"Jul 13, 2015",2015,DEN,46.5,extension,1,,0.3,0.336,0,0,0,extension,DEN,1,0,,1,2016,94.143,11.625,0.123482,-2.091657,2019,1,0,1,,10.5,17,1.80627,3.038,Medium,0,17,1.80627,3.038,Medium,0
chandwi01,Wilson Chandler,2616,"Jul 08, 2019",2019,BKN,2.56,standard,1,UFA,0.35,0.35,0,0,0,free_agency,LAC,0,0,,0,2019,109.14,2.56,0.023456,-3.752624,2019,1,0,0,,2.564753,1,7.49451,19.113,Large,1,2,5.83579,12.901,Large,1
chrisca02,Cam Christie,91777,"Jul 05, 2024",2024,LAC,7.9,standard,1,,0.25,0.28,0,0,0,free_agency,LAC,1,0,,0,2024,140.588,1.975,0.014048,-4.265265,2027,0,2,1,,1.157153,2,5.83579,12.901,Large,1,2,5.83579,12.901,Large,1
chrisjo01,Josh Christopher,74131,"Aug 07, 2021",2021,HOU,11.46,rookie-scale,1,,0.25,0.28,0,0,0,rookie_scale,HOU,1,0,,1,2021,112.414,2.865,0.025486,-3.66962,2024,1,0,0,,2.25924,6,2.79742,7.206,Large,1,6,2.79742,7.206,Large,1
chrisma01,Marquese Chriss,20213,"Jul 07, 2016",2016,PHX,13.3,rookie-scale,1,,0.25,0.28,0,0,0,rookie_scale,PHX,1,0,,2,2016,94.143,3.325,0.035319,-3.343345,2019,1,0,0,,2.94144,12,2.1982,5.059,Large,0,12,2.1982,5.059,Large,0
chrisma02,Max Christie,78136,"Jul 08, 2022",2022,LAL,2.74,standard,1,,0.25,0.26,0,0,0,free_agency,LAL,1,0,,0,2022,123.655,1.37,0.011079,-4.502685,2023,1,0,1,,1.017781,2,5.83579,12.901,Large,1,2,5.83579,12.901,Large,1
chrisma02,Max Christie,78136,"Jul 06, 2024",2024,LAL,32.0,standard,1,RFA,0.25,0.28,0,0,0,free_agency,LAL,1,0,,0,2024,140.588,8.0,0.056904,-2.866392,2027,0,2,1,,7.142857,2,5.83579,12.901,Large,1,2,5.83579,12.901,Large,1
chrisse01,Semaj Christon,15407,"Aug 20, 2016",2016,OKC,2.5,standard,1,RFA,0.25,0.27,0,0,0,free_agency,OKC,1,0,,0,2016,94.143,0.833,0.008852,-4.727136,2018,1,0,1,,0.543471,47,0.7627,1.435,Small,0,47,0.7627,1.435,Small,0
cissemo01,Moussa Cisse,99882,"Jul 22, 2026",2026,DAL,4.76,standard,1,RFA,0.25,0.26,0,0,0,offer_sheet,DAL,1,0,,0,2026,170.1117,2.38,0.013991,-4.269355,2027,0,2,1,,,4,3.26449,7.943,Large,1,4,3.26449,7.943,Large,1
cissosi01,Sidy Cissoko,84471,"Jul 27, 2023",2023,SAS,5.23,standard,1,,0.25,0.27,0,0,0,free_agency,SAS,1,0,,0,2023,136.021,1.743,0.012817,-4.35701,2025,1,0,1,,1.119563,31,1.0964,2.602,Small,0,31,1.0964,2.602,Small,0
cissosi01,Sidy Cissoko,84471,"Feb 20, 2026",2026,POR,3.18,two-way,1,RFA,0.25,0.26,0,0,0,rest_of_season,POR,1,0,,0,2026,170.1117,1.59,0.009347,-4.672721,2027,0,2,0,,,23,1.27792,2.511,Small,0,23,1.27792,2.511,Small,0
clarkbr01,Brandon Clarke,31578,"Jul 06, 2019",2019,MEM,12.15,rookie-scale,1,,0.25,0.28,0,0,0,rookie_scale,MEM,1,0,,2,2019,109.14,3.038,0.027831,-3.581597,2022,1,0,0,,2.47884,51,0.6663,1.358,Small,0,51,0.6663,1.358,Small,0
clarkbr01,Brandon Clarke,31578,"Oct 16, 2022",2022,MEM,50.0,extension,1,,0.25,0.28,0,0,0,extension,MEM,1,0,,0,2023,136.021,12.5,0.091898,-2.387081,2026,0,1,1,,4.34392,51,0.6663,1.358,Small,0,51,0.6663,1.358,Small,0
clarkga01,Gary Clark,27627,"Dec 06, 2018",2018,HOU,3.7,two-way,1,,0.25,0.27,0,0,0,two_way,HOU,1,0,,0,2018,101.869,1.233,0.012107,-4.413967,2020,1,0,0,,0.596873,6,2.79742,7.206,Large,1,6,2.79742,7.206,Large,1
clarkga01,Gary Clark,27627,"Nov 23, 2020",2020,ORL,4.1,standard,1,RFA,0.25,0.26,0,0,0,free_agency,HOU,0,0,,0,2020,109.14,2.05,0.018783,-3.974792,2021,1,0,1,,0.0,15,1.90242,2.673,Medium,0,6,2.79742,7.206,Large,1
clarkia01,Ian Clark,13442,"Jul 24, 2013",2013,UTH,1.3,standard,1,,0.25,0.26,0,0,0,free_agency,UTH,1,0,,0,2013,,0.65,,,2014,1,0,1,,,28,1.16352,1.266,Small,0,28,1.16352,1.266,Small,0
clarkia01,Ian Clark,13442,"Aug 03, 2017",2017,NOP,1.57,standard,1,RFA,0.25,0.25,0,0,0,free_agency,GSW,0,0,,0,2017,99.093,1.57,0.015844,-4.144983,2017,1,0,0,,1.471382,50,0.67279,1.29,Small,0,10,2.54248,4.749,Large,1
clarkja02,Jaylen Clark,84479,"Feb 27, 2025",2025,MIN,2.68,two-way,1,RFA,0.25,0.26,0,0,0,rest_of_season,MIN,1,0,,0,2025,154.647,1.34,0.008665,-4.748475,2026,0,1,0,,2.191897,16,1.88668,3.703,Medium,0,16,1.88668,3.703,Medium,0
clarkja02,Jaylen Clark,84479,"Jul 10, 2026",2026,MIN,10.0,standard,1,RFA,0.25,0.27,0,0,0,free_agency,MIN,1,0,,0,2026,170.1117,3.333,0.019595,-3.932482,2028,0,3,1,,,16,1.88668,3.703,Medium,0,16,1.88668,3.703,Medium,0
clarkjo01,Jordan Clarkson,15398,"Aug 25, 2014",2014,LAL,1.35,standard,1,,0.25,0.26,0,0,0,free_agency,LAL,1,0,,1,2014,63.065,0.675,0.010703,-4.537209,2015,1,0,1,,,2,5.83579,12.901,Large,1,2,5.83579,12.901,Large,1
clarkjo01,Jordan Clarkson,15398,"Jul 07, 2016",2016,LAL,50.0,standard,1,RFA,0.25,0.28,0,0,0,free_agency,LAL,1,0,,1,2016,94.143,12.5,0.132777,-2.019086,2019,1,0,1,,12.5,2,5.83579,12.901,Large,1,2,5.83579,12.901,Large,1
clarkjo01,Jordan Clarkson,15398,"Nov 23, 2020",2020,UTH,51.52,standard,1,UFA,0.25,0.28,0,0,0,free_agency,UTA,0,0,,1,2020,109.14,12.88,0.118014,-2.136956,2023,1,0,1,,11.5,28,1.16352,1.266,Small,0,28,1.16352,1.266,Small,0
clarkjo01,Jordan Clarkson,15398,"Jul 07, 2023",2023,UTA,28.37,extension,1,,0.3,0.312,0,0,0,renegotiation,UTA,1,0,,0,2023,136.021,14.185,0.104285,-2.260624,2024,1,0,0,,23.487629,28,1.16352,1.266,Small,0,28,1.16352,1.266,Small,0
clarkjo01,Jordan Clarkson,15398,"Jul 07, 2025",2025,NYK,3.63,standard,1,UFA,0.35,0.35,0,0,0,free_agency,UTA,0,0,,0,2025,154.647,3.63,0.023473,-3.751912,2025,1,0,0,,2.296274,1,7.49451,19.113,Large,1,28,1.16352,1.266,Small,0
clarkjo01,Jordan Clarkson,15398,"Jul 10, 2026",2026,NYK,3.88,standard,1,UFA,0.35,0.35,0,0,0,free_agency,NYK,1,0,,0,2026,170.1117,3.88,0.022809,-3.78062,2026,0,1,0,,,1,7.49451,19.113,Large,1,1,7.49451,19.113,Large,1
claxtni01,Nic Claxton,31590,"Jul 07, 2019",2019,BKN,4.2,standard,1,,0.25,0.27,0,0,0,free_agency,BKN,1,0,,0,2019,109.14,1.4,0.012828,-4.356159,2021,1,0,1,,0.89831,1,7.49451,19.113,Large,1,1,7.49451,19.113,Large,1
claxtni01,Nic Claxton,31590,"Jul 07, 2022",2022,BKN,17.25,standard,1,RFA,0.25,0.26,0,0,0,free_agency,BKN,1,0,,0,2022,123.655,8.625,0.069751,-2.66283,2023,1,0,1,,8.5,1,7.49451,19.113,Large,1,1,7.49451,19.113,Large,1
claxtni01,Nic Claxton,31590,"Jul 06, 2024",2024,BKN,97.0,standard,1,UFA,0.25,0.28,0,0,0,free_agency,BKN,1,0,,0,2024,140.588,24.25,0.17249,-1.757417,2027,0,2,1,,27.556817,1,7.49451,19.113,Large,1,1,7.49451,19.113,Large,1
claytwa01,Walter Clayton,98613,"Jul 02, 2025",2025,UTA,19.32,rookie-scale,1,,0.25,0.28,0,0,0,rookie_scale,MEM,0,0,,0,2025,154.647,4.83,0.031232,-3.466299,2028,0,3,0,,3.99132,28,1.16352,1.266,Small,0,51,0.6663,1.358,Small,0
cliffni01,Nique Clifford,98612,"Jul 03, 2025",2025,SAC,15.77,rookie-scale,1,,0.25,0.28,0,0,0,rookie_scale,SAC,1,0,,0,2025,154.647,3.942,0.025494,-3.66933,2028,0,3,0,,3.10812,20,1.49792,2.453,Small,0,20,1.49792,2.453,Small,0
clingdo01,Donovan Clingan,91735,"Jul 04, 2024",2024,POR,3.11,rookie-scale,1,,0.25,0.28,0,0,0,rookie_scale,POR,1,0,,1,2024,140.588,0.777,0.00553,-5.197505,2027,0,2,0,,6.8364,23,1.27792,2.511,Small,0,23,1.27792,2.511,Small,0
clownno01,Noah Clowney,82214,"Jul 11, 2023",2023,BKN,15.15,rookie-scale,1,,0.25,0.28,0,0,0,rookie_scale,BKN,1,0,,2,2023,136.021,3.788,0.027845,-3.581103,2026,0,1,0,,3.08952,1,7.49451,19.113,Large,1,1,7.49451,19.113,Large,1
coffeam01,Amir Coffey,32198,,2025,MIL,2.874436,standard,1,UFA,0.25,0.25,0,0,0,free_agency,LAC,0,0,,0,2025,154.647,2.874,0.018587,-3.985289,2025,1,0,0,,2.296274,38,0.9449,1.586,Small,0,2,5.83579,12.901,Large,1
coleno01,Norris Cole,8079,"Dec 10, 2011",2011,MIA,2.12,standard,1,,0.25,0.26,0,0,0,free_agency,MIA,1,0,,2,2011,,1.06,,,2012,1,0,1,,,18,1.75692,6.266,Medium,0,18,1.75692,6.266,Medium,0
coleno01,Norris Cole,8079,"Sep 16, 2015",2015,NOP,3.03,standard,1,RFA,0.25,0.25,0,0,0,rfa_match,NOP,1,0,,0,2015,70.0,3.03,0.043286,-3.139933,2015,1,0,0,,3.036927,50,0.67279,1.29,Small,0,50,0.67279,1.29,Small,0
collida01,Darren Collison,6307,"Jul 07, 2009",2009,NOH,2.6,standard,1,,0.25,0.26,0,0,0,free_agency,NOH,1,0,,2,2009,,1.3,,,2010,1,0,1,,,50,0.67279,1.29,Small,0,50,0.67279,1.29,Small,0
collida01,Darren Collison,6307,"Jul 10, 2013",2013,LAC,3.89,standard,1,UFA,0.25,0.26,0,0,0,free_agency,LAC,1,0,,0,2013,,1.945,,,2014,1,0,1,,,2,5.83579,12.901,Large,1,2,5.83579,12.901,Large,1
collida01,Darren Collison,6307,"Jul 07, 2017",2017,IND,20.0,standard,1,UFA,0.3,0.312,0,0,0,free_agency,SAC,0,0,,0,2017,99.093,10.0,0.100915,-2.293474,2018,1,0,1,,10.0,25,1.23221,2.126,Small,0,20,1.49792,2.453,Small,0
colliis01,Isaiah Collier,91753,"Jul 02, 2024",2024,UTA,12.9,standard,1,,0.25,0.28,0,0,0,free_agency,UTA,1,0,,1,2024,140.588,3.225,0.022939,-3.774901,2027,0,2,1,,2.51268,28,1.16352,1.266,Small,0,28,1.16352,1.266,Small,0
collijo01,John Collins,23614,"Jul 01, 2017",2017,ATL,11.06,rookie-scale,1,,0.25,0.28,0,0,0,rookie_scale,ATL,1,0,,3,2017,99.093,2.765,0.027903,-3.579018,2020,1,0,0,,1.93692,7,2.75817,6.144,Large,1,7,2.75817,6.144,Large,1
collijo01,John Collins,23614,"Aug 06, 2021",2021,ATL,125.0,standard,1,RFA,0.25,0.29,0,0,0,free_agency,ATL,1,1,,1,2021,112.414,25.0,0.222392,-1.503313,2025,1,0,1,,23.0,7,2.75817,6.144,Large,1,7,2.75817,6.144,Large,1
collijo01,John Collins,23614,"Jul 07, 2026",2026,LAC,51.0,standard,1,UFA,0.3,0.324,0,0,0,sign_and_trade,LAC,1,0,,0,2026,170.1117,17.0,0.099934,-2.303242,2028,0,3,1,,,2,5.83579,12.901,Large,1,2,5.83579,12.901,Large,1
collini01,Nick Collison,2715,"Jul 07, 2003",2003,SEA,5.36,standard,1,,0.25,0.27,0,0,0,free_agency,SEA,1,0,,1,2003,,1.787,,,2005,1,0,1,,,13,2.09824,4.04,Large,0,13,2.09824,4.04,Large,0
collini01,Nick Collison,2715,"Oct 31, 2006",2006,SEA,33.0,rookie-scale,1,,0.25,0.29,0,0,0,extension,SEA,1,0,,0,2007,,6.6,,,2011,1,0,1,,,13,2.09824,4.04,Large,0,13,2.09824,4.04,Large,0
collini01,Nick Collison,2715,"Nov 23, 2010",2010,OKC,11.0,extension,1,,0.3,0.336,0,0,0,extension,OKC,1,0,,0,2011,,2.75,,,2014,1,0,1,,,47,0.7627,1.435,Small,0,47,0.7627,1.435,Small,0
collini01,Nick Collison,2715,"Feb 03, 2015",2015,OKC,7.5,extension,1,,0.35,0.364,0,0,0,extension,OKC,1,0,,0,2016,94.143,3.75,0.039833,-3.223059,2017,1,0,1,,3.75,47,0.7627,1.435,Small,0,47,0.7627,1.435,Small,0
collini01,Nick Collison,2715,"Jul 21, 2017",2017,OKC,2.3,standard,1,UFA,0.35,0.35,0,0,0,free_agency,OKC,1,0,,0,2017,99.093,2.3,0.023211,-3.76315,2017,1,0,0,,2.328652,47,0.7627,1.435,Small,0,47,0.7627,1.435,Small,0
colliza01,Zach Collins,23605,"Jul 03, 2017",2017,POR,16.33,rookie-scale,1,,0.25,0.28,0,0,0,rookie_scale,POR,1,0,,2,2017,99.093,4.082,0.041199,-3.189349,2020,1,0,0,,3.05724,23,1.27792,2.511,Small,0,23,1.27792,2.511,Small,0
colliza01,Zach Collins,23605,"Aug 11, 2021",2021,SAS,22.05,standard,1,UFA,0.25,0.27,0,0,0,free_agency,POR,0,0,,0,2021,112.414,7.35,0.065383,-2.727488,2023,1,0,1,,7.0,31,1.0964,2.602,Small,0,23,1.27792,2.511,Small,0
colliza01,Zach Collins,23605,"Oct 22, 2023",2023,SAS,34.82,extension,1,,0.3,0.312,0,0,0,extension,SAS,1,0,,0,2024,140.588,17.41,0.123837,-2.088789,2025,1,0,1,,7.7,31,1.0964,2.602,Small,0,31,1.0964,2.602,Small,0
colliza01,Zach Collins,23605,"Jun 30, 2026",2026,CHI,17.0,extension,1,,0.35,0.364,0,0,0,extension,CHI,1,0,,0,2027,187.12287,8.5,0.045425,-3.091699,2028,0,3,1,,,3,3.65475,9.441,Large,1,3,3.65475,9.441,Large,1
conlemi01,Mike Conley,2532,"Jul 29, 2007",2007,MEM,7.0,standard,1,,0.25,0.26,0,0,0,free_agency,MEM,1,0,,3,2007,,3.5,,,2008,1,0,1,,,51,0.6663,1.358,Small,0,51,0.6663,1.358,Small,0
conlemi01,Mike Conley,2532,"Nov 02, 2010",2010,MEM,40.0,rookie-scale,1,,0.25,0.29,0,0,0,extension,MEM,1,0,,1,2011,,8.0,,,2015,1,0,1,,,51,0.6663,1.358,Small,0,51,0.6663,1.358,Small,0
conlemi01,Mike Conley,2532,"Jul 14, 2016",2016,MEM,152.6,maximum,1,UFA,0.3,0.348,0,1,0,free_agency,MEM,1,0,,1,2016,94.143,30.52,0.324188,-1.126433,2020,1,0,1,,26.5401,51,0.6663,1.358,Small,0,51,0.6663,1.358,Small,0
conlemi01,Mike Conley,2532,"Aug 06, 2021",2021,UTH,68.04,standard,1,UFA,0.35,0.378,0,0,0,free_agency,UTA,0,0,,0,2021,112.414,22.68,0.201754,-1.600705,2023,1,0,1,,21.0,28,1.16352,1.266,Small,0,28,1.16352,1.266,Small,0
conlemi01,Mike Conley,2532,"Feb 22, 2024",2024,MIN,20.75,extension,1,,0.35,0.364,0,0,0,extension,MIN,1,0,,0,2025,154.647,10.375,0.067088,-2.701746,2026,0,1,1,,9.975962,16,1.88668,3.703,Medium,0,16,1.88668,3.703,Medium,0
conlemi01,Mike Conley,2532,"Jul 06, 2026",2026,BOS,3.88,standard,1,UFA,0.35,0.35,0,0,0,free_agency,MIN,0,0,,0,2026,170.1117,3.88,0.022809,-3.78062,2026,0,1,0,,,9,2.58446,4.899,Large,1,16,1.88668,3.703,Medium,0
connapa01,Pat Connaughton,17869,"Jul 09, 2015",2015,POR,2.5,standard,1,,0.25,0.27,0,0,0,free_agency,POR,1,0,,3,2015,70.0,0.833,0.011905,-4.430817,2017,1,0,1,,0.525093,23,1.27792,2.511,Small,0,23,1.27792,2.511,Small,0
connapa01,Pat Connaughton,17869,"Nov 23, 2020",2020,MIL,16.0,standard,1,UFA,0.25,0.27,0,0,0,free_agency,MIL,1,0,,3,2020,109.14,5.333,0.048867,-3.018655,2022,1,0,1,,4.938273,38,0.9449,1.586,Small,0,38,0.9449,1.586,Small,0
connapa01,Pat Connaughton,17869,"Jul 18, 2022",2022,MIL,28.27,extension,1,,0.3,0.324,0,0,0,extension,MIL,1,1,,2,2023,136.021,9.423,0.069279,-2.66962,2025,1,0,1,,5.728393,38,0.9449,1.586,Small,0,38,0.9449,1.586,Small,0
cookqu01,Quinn Cook,18264,"Sep 28, 2015",2015,CLE,0.525,standard,1,,,,0,0,0,free_agency,CLE,1,0,,0,2015,70.0,0.525,0.0075,-4.892852,2015,1,0,0,,,19,1.55434,2.088,Medium,0,19,1.55434,2.088,Medium,0
cookqu01,Quinn Cook,18264,"Apr 08, 2017",2017,NOP,1.32,standard,1,RFA,0.25,0.26,0,0,0,free_agency,DAL,0,0,,0,2017,99.093,0.66,0.00666,-5.011574,2018,1,0,1,,0.014832,50,0.67279,1.29,Small,0,4,3.26449,7.943,Large,1
cookqu01,Quinn Cook,18264,"Jul 06, 2019",2019,LAL,6.0,standard,1,UFA,0.25,0.26,0,0,0,free_agency,GSW,0,0,,0,2019,109.14,3.0,0.027488,-3.594019,2020,1,0,1,,3.0,2,5.83579,12.901,Large,1,10,2.54248,4.749,Large,1
cookty01,Tyler Cook,32778,"Apr 07, 2021",2021,DET,2.1,standard,1,RFA,0.25,0.26,0,0,0,rest_of_season,BKN,0,0,,0,2021,112.414,1.05,0.00934,-4.673398,2022,1,0,0,,0.0,14,1.94075,4.365,Medium,0,1,7.49451,19.113,Large,1
coulibi01,Bilal Coulibaly,82317,"Jul 02, 2023",2023,WAS,30.08,rookie-scale,1,,0.25,0.28,0,0,0,rookie_scale,WAS,1,0,,2,2023,136.021,7.52,0.055286,-2.895243,2026,0,1,0,,6.61428,8,2.63064,6.385,Large,1,8,2.63064,6.385,Large,1
councri01,Ricky Council IV,84718,"Apr 13, 2024",2024,PHI,7.38,standard,1,RFA,0.25,0.28,0,0,0,rest_of_season,PHI,1,0,,0,2024,140.588,1.845,0.013123,-4.333354,2027,0,2,0,,1.891857,5,3.14592,6.228,Large,1,5,3.14592,6.228,Large,1
couside01,DeMarcus Cousins,6886,"Jul 07, 2010",2010,SAC,7.0,standard,1,,0.25,0.26,0,0,0,free_agency,SAC,1,0,,2,2010,,3.5,,,2011,1,0,1,,,20,1.49792,2.453,Small,0,20,1.49792,2.453,Small,0
couside01,DeMarcus Cousins,6886,"Sep 30, 2013",2013,SAC,65.6,maximum,1,,0.25,0.28,0,1,0,extension,SAC,1,0,,0,2014,63.065,16.4,0.260049,-1.346885,2017,1,0,1,,,20,1.49792,2.453,Small,0,20,1.49792,2.453,Small,0
couside01,DeMarcus Cousins,6886,"Jul 06, 2018",2018,GSW,5.34,standard,1,UFA,0.3,0.3,0,0,0,free_agency,NOP,0,0,,0,2018,101.869,5.34,0.05242,-2.948462,2018,1,0,0,,5.337,10,2.54248,4.749,Large,1,50,0.67279,1.29,Small,0
couside01,DeMarcus Cousins,6886,"Jul 06, 2019",2019,LAL,3.5,standard,1,UFA,0.3,0.3,0,0,0,free_agency,GSW,0,0,,0,2019,109.14,3.5,0.032069,-3.439868,2019,1,0,0,,3.5,2,5.83579,12.901,Large,1,10,2.54248,4.749,Large,1
covinro01,Robert Covington,13379,"Jul 14, 2013",2013,HOU,2.25,standard,1,,0.25,0.27,0,0,0,free_agency,HOU,1,0,,1,2013,,0.75,,,2015,1,0,1,,,6,2.79742,7.206,Large,1,6,2.79742,7.206,Large,1
covinro01,Robert Covington,13379,"Nov 15, 2014",2014,PHI,3.02,standard,1,RFA,0.25,0.27,0,0,0,free_agency,PHI,1,0,,1,2014,63.065,1.007,0.015962,-4.137521,2016,1,0,1,,,5,3.14592,6.228,Large,1,5,3.14592,6.228,Large,1
covinro01,Robert Covington,13379,"Nov 17, 2017",2017,PHI,62.0,extension,1,,0.25,0.28,0,0,0,extension,PHI,1,0,,0,2018,101.869,15.5,0.152156,-1.882848,2021,1,0,1,,16.698103,5,3.14592,6.228,Large,1,5,3.14592,6.228,Large,1
covinro01,Robert Covington,13379,"May 05, 2022",2022,LAC,24.0,extension,1,,0.3,0.312,0,0,0,extension,LAC,1,0,,0,2023,136.021,12.0,0.088222,-2.427903,2024,1,0,1,,12.307692,2,5.83579,12.901,Large,1,2,5.83579,12.901,Large,1
cowarce01,Cedric Coward,98639,"Jul 07, 2025",2025,MEM,26.35,rookie-scale,1,,0.25,0.28,0,0,0,rookie_scale,MEM,1,0,,0,2025,154.647,6.588,0.042597,-3.155971,2028,0,3,0,,5.71512,51,0.6663,1.358,Small,0,51,0.6663,1.358,Small,0
crabbal01,Allen Crabbe,13344,"Jul 10, 2013",2013,POR,2.63,standard,1,,0.25,0.27,0,0,0,free_agency,POR,1,0,,1,2013,,0.877,,,2015,1,0,1,,,23,1.27792,2.511,Small,0,23,1.27792,2.511,Small,0
crabbal01,Allen Crabbe,13344,"Jul 13, 2016",2016,POR,74.8,standard,1,RFA,0.25,0.28,0,0,0,offer_sheet,POR,1,0,,1,2016,94.143,18.7,0.198634,-1.616291,2019,1,0,1,,18.5,23,1.27792,2.511,Small,0,23,1.27792,2.511,Small,0
craigto01,Torrey Craig,24230,"Jul 09, 2018",2018,DEN,4.0,standard,1,RFA,0.25,0.26,0,0,0,free_agency,DEN,1,0,,1,2018,101.869,2.0,0.019633,-3.93054,2019,1,0,1,,2.0,17,1.80627,3.038,Medium,0,17,1.80627,3.038,Medium,0
craigto01,Torrey Craig,24230,"Nov 22, 2020",2020,MIL,1.68,standard,1,UFA,0.25,0.25,0,0,0,free_agency,DEN,0,0,,1,2020,109.14,1.68,0.015393,-4.173838,2020,1,0,0,,1.620564,38,0.9449,1.586,Small,0,17,1.80627,3.038,Medium,0
craigto01,Torrey Craig,24230,"Aug 20, 2021",2021,IND,10.0,standard,1,RFA,0.25,0.26,0,0,0,free_agency,PHX,0,0,,1,2021,112.414,5.0,0.044478,-3.112751,2022,1,0,1,,4.878049,25,1.23221,2.126,Small,0,12,2.1982,5.059,Large,0
craigto01,Torrey Craig,24230,"Jul 15, 2023",2023,CHI,5.37,standard,1,UFA,0.25,0.26,0,0,0,free_agency,PHX,0,1,,1,2023,136.021,2.685,0.01974,-3.925129,2024,1,0,1,,2.528233,3,3.65475,9.441,Large,1,12,2.1982,5.059,Large,0
crawfja01,Jamal Crawford,2618,"Sep 25, 2000",2000,CHI,5.6,standard,1,,0.25,0.27,0,0,0,free_agency,CHI,1,0,,2,2000,,1.867,,,2002,1,0,1,,,3,3.65475,9.441,Large,1,3,3.65475,9.441,Large,1
crawfja01,Jamal Crawford,2618,"Aug 05, 2004",2004,CHI,55.44,standard,1,RFA,0.25,0.31,0,0,0,free_agency,CHI,1,0,,1,2004,,7.92,,,2010,1,0,1,,,3,3.65475,9.441,Large,1,3,3.65475,9.441,Large,1
crawfja01,Jamal Crawford,2618,"Dec 15, 2011",2011,POR,10.225,standard,1,UFA,0.35,0.364,0,0,0,free_agency,POR,1,0,,1,2011,,5.112,,,2012,1,0,1,,,23,1.27792,2.511,Small,0,23,1.27792,2.511,Small,0
crawfja01,Jamal Crawford,2618,"Jul 11, 2012",2012,LAC,21.35,standard,1,UFA,0.35,0.392,0,0,0,free_agency,LAC,1,0,,1,2012,,5.338,,,2015,1,0,1,,,2,5.83579,12.901,Large,1,2,5.83579,12.901,Large,1
crawfja01,Jamal Crawford,2618,"Jul 08, 2016",2016,LAC,42.0,standard,1,UFA,0.35,0.378,0,0,0,free_agency,LAC,1,0,,1,2016,94.143,14.0,0.14871,-1.905758,2018,1,0,1,,13.253012,2,5.83579,12.901,Large,1,2,5.83579,12.901,Large,1
crawfja01,Jamal Crawford,2618,"Jul 19, 2017",2017,MIN,8.9,standard,1,UFA,0.35,0.364,0,0,0,free_agency,LAC,0,0,,1,2017,99.093,4.45,0.044907,-3.103155,2018,1,0,1,,4.328,16,1.88668,3.703,Medium,0,2,5.83579,12.901,Large,1
crawfja01,Jamal Crawford,2618,"Oct 17, 2018",2018,PHX,2.3,standard,1,UFA,0.35,0.35,0,0,0,free_agency,MIN,0,0,,0,2018,101.869,2.3,0.022578,-3.790779,2018,1,0,0,,2.304226,12,2.1982,5.059,Large,0,16,1.88668,3.703,Medium,0
crowdja01,Jae Crowder,10859,"Jul 20, 2012",2012,DAL,1.39,standard,1,,0.25,0.26,0,0,0,free_agency,DAL,1,0,,1,2012,,0.695,,,2013,1,0,1,,,4,3.26449,7.943,Large,1,4,3.26449,7.943,Large,1
crowdja01,Jae Crowder,10859,"Jul 27, 2015",2015,BOS,35.0,standard,1,RFA,0.25,0.29,0,0,0,free_agency,BOS,1,0,,0,2015,70.0,7.0,0.1,-2.302585,2019,1,0,1,,6.0,9,2.58446,4.899,Large,1,9,2.58446,4.899,Large,1
crowdja01,Jae Crowder,10859,"Nov 28, 2020",2020,PHX,29.16,standard,1,UFA,0.3,0.324,0,0,0,free_agency,MIA,0,0,,0,2020,109.14,9.72,0.08906,-2.418446,2022,1,0,1,,9.258,12,2.1982,5.059,Large,0,18,1.75692,6.266,Medium,0
crowdja01,Jae Crowder,10859,"Jul 08, 2023",2023,MIL,3.2,standard,1,UFA,0.35,0.35,0,0,0,free_agency,MIL,1,0,,0,2023,136.021,3.2,0.023526,-3.749658,2023,1,0,0,,2.019706,38,0.9449,1.586,Small,0,38,0.9449,1.586,Small,0
crowdja01,Jae Crowder,10859,"Nov 27, 2024",2024,SAC,2.262,standard,1,UFA,0.35,0.35,0,0,0,rest_of_season,MIL,0,0,,0,2024,140.588,2.262,0.01609,-4.129584,2024,1,0,0,,1.655619,20,1.49792,2.453,Small,0,38,0.9449,1.586,Small,0
culveja01,Jarrett Culver,31563,"Jul 08, 2019",2019,MIN,26.42,rookie-scale,1,,0.25,0.28,0,0,0,rookie_scale,MIN,1,0,,2,2019,109.14,6.605,0.060519,-2.804805,2022,1,0,0,,5.81364,16,1.88668,3.703,Medium,0,16,1.88668,3.703,Medium,0
cunnica01,Cade Cunningham,74108,"Aug 08, 2021",2021,DET,44.6,rookie-scale,1,,0.25,0.28,0,0,0,rookie_scale,DET,1,0,,1,2021,112.414,11.15,0.099187,-2.310749,2024,1,0,0,,10.05012,14,1.94075,4.365,Medium,0,14,1.94075,4.365,Medium,0
cunnica01,Cade Cunningham,74108,"Jul 10, 2024",2024,DET,269.09,rookie-scale,1,,0.35,0.406,0,0,1,extension,DET,1,0,,0,2025,154.647,53.818,0.348005,-1.055537,2029,0,4,1,,13.940809,14,1.94075,4.365,Medium,0,14,1.94075,4.365,Medium,0
cunnida01,Dante Cunningham,6321,"Aug 21, 2009",2009,POR,1.21,standard,1,,0.25,0.26,0,0,0,free_agency,POR,1,0,,1,2009,,0.605,,,2010,1,0,1,,,23,1.27792,2.511,Small,0,23,1.27792,2.511,Small,0
cunnida01,Dante Cunningham,6321,"Dec 23, 2011",2011,MEM,4.09,standard,1,RFA,0.25,0.26,0,0,0,free_agency,MEM,1,0,,1,2011,,2.045,,,2012,1,0,1,,,51,0.6663,1.358,Small,0,51,0.6663,1.358,Small,0
cunnida01,Dante Cunningham,6321,"Jul 09, 2015",2015,NOP,9.0,standard,1,UFA,0.25,0.27,0,0,0,free_agency,NOP,1,0,,0,2015,70.0,3.0,0.042857,-3.149883,2017,1,0,1,,3.0,50,0.67279,1.29,Small,0,50,0.67279,1.29,Small,0
cunnida01,Dante Cunningham,6321,"Sep 25, 2017",2017,NOP,2.3,standard,1,UFA,0.3,0.3,0,0,0,free_agency,NOP,1,0,,0,2017,99.093,2.3,0.023211,-3.76315,2017,1,0,0,,2.3,50,0.67279,1.29,Small,0,50,0.67279,1.29,Small,0
cunnida01,Dante Cunningham,6321,"Jul 20, 2018",2018,SAS,2.49,standard,1,UFA,0.3,0.3,0,0,0,free_agency,BKN,0,0,,0,2018,101.869,2.49,0.024443,-3.711405,2018,1,0,0,,2.487,31,1.0964,2.602,Small,0,1,7.49451,19.113,Large,1
curryse01,Seth Curry,13512,"Dec 24, 2013",2013,MEM,0.328709,standard,1,,0.25,0.25,0,0,0,free_agency,MEM,1,0,,1,2013,,0.329,,,2013,1,0,0,,,51,0.6663,1.358,Small,0,51,0.6663,1.358,Small,0
curryse01,Seth Curry,13512,"Sep 29, 2014",2014,ORL,0.816,standard,1,RFA,0.25,0.25,0,0,0,free_agency,ORL,1,0,,1,2014,63.065,0.816,0.012939,-4.347507,2014,1,0,0,,,15,1.90242,2.673,Medium,0,15,1.90242,2.673,Medium,0
curryse01,Seth Curry,13512,"Jul 22, 2015",2015,SAC,1.96,standard,1,RFA,0.25,0.26,0,0,0,free_agency,SAC,1,0,,1,2015,70.0,0.98,0.014,-4.268698,2016,1,0,1,,0.947276,20,1.49792,2.453,Small,0,20,1.49792,2.453,Small,0
curryse01,Seth Curry,13512,"Jul 15, 2016",2016,DAL,5.9,standard,1,UFA,0.25,0.26,0,0,0,free_agency,SAC,0,0,,0,2016,94.143,2.95,0.031335,-3.46301,2017,1,0,1,,2.898,4,3.26449,7.943,Large,1,20,1.49792,2.453,Small,0
curryse01,Seth Curry,13512,"Jul 06, 2018",2018,POR,2.8,standard,1,RFA,0.25,0.25,0,0,0,free_agency,DAL,0,0,,0,2018,101.869,2.8,0.027486,-3.594068,2018,1,0,0,,2.795,23,1.27792,2.511,Small,0,4,3.26449,7.943,Large,1
curryse01,Seth Curry,13512,"Jul 10, 2019",2019,DAL,32.0,standard,1,UFA,0.25,0.28,0,0,0,free_agency,POR,0,0,,0,2019,109.14,8.0,0.0733,-2.61319,2022,1,0,1,,7.46138,4,3.26449,7.943,Large,1,23,1.27792,2.511,Small,0
curryse01,Seth Curry,13512,"Jul 14, 2023",2023,DAL,8.0,standard,1,UFA,0.3,0.312,0,0,0,free_agency,BKN,0,0,,0,2023,136.021,4.0,0.029407,-3.526515,2024,1,0,1,,4.0,4,3.26449,7.943,Large,1,1,7.49451,19.113,Large,1
curryse01,Seth Curry,13512,"Jul 15, 2024",2024,CHA,3.3,standard,1,UFA,0.35,0.35,0,0,0,free_agency,CHA,1,0,,0,2024,140.588,3.3,0.023473,-3.751911,2024,1,0,0,,2.087519,21,1.38202,2.66,Small,0,21,1.38202,2.66,Small,0
curryst01,Stephen Curry,6287,"Jul 08, 2009",2009,GSW,12.7,standard,1,,0.25,0.28,0,0,0,free_agency,GSW,1,0,,2,2009,,3.175,,,2012,1,0,1,,,10,2.54248,4.749,Large,1,10,2.54248,4.749,Large,1
curryst01,Stephen Curry,6287,"Oct 31, 2012",2012,GSW,44.0,extension,1,,0.25,0.28,0,0,0,extension,GSW,1,0,,0,2013,,11.0,,,2016,1,0,1,,,10,2.54248,4.749,Large,1,10,2.54248,4.749,Large,1
curryst01,Stephen Curry,6287,"Jul 06, 2017",2017,GSW,201.2,standard,1,UFA,0.35,0.406,0,0,1,free_agency,GSW,1,0,,0,2017,99.093,40.24,0.406083,-0.901197,2021,1,0,1,,34.68255,10,2.54248,4.749,Large,1,10,2.54248,4.749,Large,1
curryst01,Stephen Curry,6287,"Aug 06, 2021",2021,GSW,215.35,maximum,1,,0.35,0.392,1,1,0,extension,GSW,1,0,,0,2022,123.655,53.837,0.435385,-0.831525,2025,1,0,1,,45.780966,10,2.54248,4.749,Large,1,10,2.54248,4.749,Large,1
curryst01,Stephen Curry,6287,"Aug 29, 2024",2024,GSW,62.59,extension,1,,0.35,0.35,1,0,0,extension,GSW,1,0,,0,2025,154.647,62.59,0.404728,-0.90454,2025,1,0,0,,55.761216,10,2.54248,4.749,Large,1,10,2.54248,4.749,Large,1
daniedy01,Dyson Daniels,78114,"Jul 08, 2022",2022,NOP,25.06,rookie-scale,1,,0.25,0.28,0,0,0,rookie_scale,NOP,1,0,,2,2022,123.655,6.265,0.050665,-2.982517,2025,1,0,0,,5.5086,50,0.67279,1.29,Small,0,50,0.67279,1.29,Small,0
daniedy01,Dyson Daniels,78114,"Oct 20, 2025",2025,ATL,100.0,rookie-scale,1,,0.25,0.28,0,0,0,extension,ATL,1,0,,0,2026,170.1117,25.0,0.146962,-1.917579,2029,0,4,1,,7.707709,7,2.75817,6.144,Large,1,7,2.75817,6.144,Large,1
danietr01,Troy Daniels,13383,"Sep 23, 2013",2013,CHA,0.49018,standard,1,,0.25,0.25,0,0,0,free_agency,CHA,1,0,,1,2013,,0.49,,,2013,1,0,0,,,21,1.38202,2.66,Small,0,21,1.38202,2.66,Small,0
danietr01,Troy Daniels,13383,"Oct 17, 2013",2013,HOU,0.49018,standard,1,,0.25,0.25,0,0,0,free_agency,HOU,1,0,,1,2013,,0.49,,,2013,1,0,0,,,6,2.79742,7.206,Large,1,6,2.79742,7.206,Large,1
danietr01,Troy Daniels,13383,"Feb 21, 2014",2014,HOU,1.59,standard,1,RFA,0.25,0.26,0,0,0,free_agency,HOU,1,0,,1,2014,63.065,0.795,0.012606,-4.373579,2015,1,0,1,,,6,2.79742,7.206,Large,1,6,2.79742,7.206,Large,1
danietr01,Troy Daniels,13383,"Jul 14, 2014",2014,HOU,1.76,standard,1,RFA,0.25,0.26,0,0,0,free_agency,HOU,1,0,,0,2014,63.065,0.88,0.013954,-4.271999,2015,1,0,1,,,6,2.79742,7.206,Large,1,6,2.79742,7.206,Large,1
danietr01,Troy Daniels,13383,"Jul 09, 2016",2016,CHA,10.0,standard,1,RFA,0.25,0.27,0,0,0,sign_and_trade,CHA,1,0,,0,2016,94.143,3.333,0.035407,-3.340842,2018,1,0,1,,3.33294,21,1.38202,2.66,Small,0,21,1.38202,2.66,Small,0
danietr01,Troy Daniels,13383,"Jul 07, 2019",2019,LAL,2.03,standard,1,UFA,0.25,0.25,0,0,0,free_agency,PHX,0,0,,0,2019,109.14,2.03,0.0186,-3.984596,2019,1,0,0,,0.481,2,5.83579,12.901,Large,1,12,2.1982,5.059,Large,0
dasiltr01,Tristan Da Silva,91759,"Jul 06, 2024",2024,ORL,17.57,rookie-scale,1,,0.25,0.28,0,0,0,rookie_scale,ORL,1,0,,1,2024,140.588,4.393,0.031244,-3.465935,2027,0,2,0,,3.62844,15,1.90242,2.673,Medium,0,15,1.90242,2.673,Medium,0
davisan02,Anthony Davis,10809,"Jul 24, 2012",2012,NOH,23.2,standard,1,,0.25,0.28,0,0,0,free_agency,NOH,1,0,,4,2012,,5.8,,,2015,1,0,1,,,50,0.67279,1.29,Small,0,50,0.67279,1.29,Small,0
davisan02,Anthony Davis,10809,"Jul 09, 2015",2015,NOP,127.2,maximum,1,,0.25,0.29,0,1,0,extension,NOP,1,0,,2,2016,94.143,25.44,0.270227,-1.308492,2020,1,0,1,,7.07073,50,0.67279,1.29,Small,0,50,0.67279,1.29,Small,0
davisan02,Anthony Davis,10809,"Dec 03, 2020",2020,LAL,189.9,standard,1,UFA,0.3,0.348,0,0,0,free_agency,LAL,1,0,,1,2020,109.14,37.98,0.347993,-1.055572,2024,1,0,1,,32.742,2,5.83579,12.901,Large,1,2,5.83579,12.901,Large,1
davisan02,Anthony Davis,10809,"Aug 06, 2023",2023,LAL,175.37,maximum,1,,0.35,0.378,1,1,0,extension,LAL,1,0,,0,2024,140.588,58.457,0.415801,-0.877548,2026,0,1,1,,40.60008,2,5.83579,12.901,Large,1,2,5.83579,12.901,Large,1
davisde01,Deyonta Davis,20237,"Jul 10, 2016",2016,MEM,4.0,standard,1,,0.25,0.27,0,0,0,free_agency,MEM,1,0,,0,2016,94.143,1.333,0.014163,-4.257133,2018,1,0,1,,1.369229,51,0.6663,1.358,Small,0,51,0.6663,1.358,Small,0
davised01,Ed Davis,6895,"Jul 06, 2010",2010,TOR,3.98,standard,1,,0.25,0.26,0,0,0,free_agency,TOR,1,0,,2,2010,,1.99,,,2011,1,0,1,,,,,6.202,Large,1,,,6.202,Large,1
davised01,Ed Davis,6895,"Jul 23, 2014",2014,LAL,2.08,standard,1,UFA,0.25,0.26,0,0,0,free_agency,LAL,1,1,,0,2014,63.065,1.04,0.016491,-4.104945,2015,1,0,1,,,2,5.83579,12.901,Large,1,2,5.83579,12.901,Large,1
davised01,Ed Davis,6895,"Jul 09, 2015",2015,POR,20.0,standard,1,UFA,0.25,0.27,0,0,0,free_agency,POR,1,0,,0,2015,70.0,6.667,0.095238,-2.351375,2017,1,0,1,,7.0,23,1.27792,2.511,Small,0,23,1.27792,2.511,Small,0
davised01,Ed Davis,6895,"Jul 23, 2018",2018,BKN,4.4,standard,1,UFA,0.3,0.3,0,0,0,free_agency,POR,0,0,,0,2018,101.869,4.4,0.043193,-3.142083,2018,1,0,0,,4.449,1,7.49451,19.113,Large,1,23,1.27792,2.511,Small,0
davised01,Ed Davis,6895,"Jul 20, 2019",2019,UTH,9.77,standard,1,UFA,0.3,0.312,0,0,0,free_agency,BKN,0,0,,0,2019,109.14,4.885,0.044759,-3.106462,2020,1,0,1,,4.767,28,1.16352,1.266,Small,0,1,7.49451,19.113,Large,1
davisjo06,Johnny Davis,78117,"Jul 01, 2022",2022,WAS,21.9,rookie-scale,1,,0.25,0.28,0,0,0,rookie_scale,WAS,1,0,,2,2022,123.655,5.475,0.044276,-3.117303,2025,1,0,0,,4.81032,8,2.63064,6.385,Large,1,8,2.63064,6.385,Large,1
daviste02,Terence Davis,32059,"Jul 11, 2019",2019,TOR,2.41,standard,1,,0.25,0.26,0,0,0,free_agency,TOR,1,0,,0,2019,109.14,1.205,0.011041,-4.506152,2020,1,0,1,,0.89831,,,6.202,Large,1,,,6.202,Large,1
daviste02,Terence Davis,32059,"Aug 06, 2021",2021,SAC,8.0,standard,1,RFA,0.25,0.26,0,0,0,free_agency,SAC,1,0,,0,2021,112.414,4.0,0.035583,-3.335894,2022,1,0,1,,4.0,20,1.49792,2.453,Small,0,20,1.49792,2.453,Small,0
dedmode01,Dewayne Dedmon,13536,"Sep 09, 2013",2013,GSW,0.49018,standard,1,,0.25,0.25,0,0,0,free_agency,GSW,1,0,,2,2013,,0.49,,,2013,1,0,0,,,10,2.54248,4.749,Large,1,10,2.54248,4.749,Large,1
dedmode01,Dewayne Dedmon,13536,"Nov 18, 2013",2013,GSW,0.432512,standard,1,,0.25,0.25,0,0,0,free_agency,GSW,1,0,,2,2013,,0.433,,,2013,1,0,0,,,10,2.54248,4.749,Large,1,10,2.54248,4.749,Large,1
dedmode01,Dewayne Dedmon,13536,"Jul 14, 2016",2016,SAS,5.9,standard,1,UFA,0.25,0.26,0,0,0,free_agency,ORL,0,0,,2,2016,94.143,2.95,0.031335,-3.46301,2017,1,0,1,,2.898,31,1.0964,2.602,Small,0,15,1.90242,2.673,Medium,0
dedmode01,Dewayne Dedmon,13536,"Jul 08, 2019",2019,SAC,40.0,standard,1,UFA,0.25,0.27,0,0,0,free_agency,ATL,0,0,,0,2019,109.14,13.333,0.122167,-2.102364,2021,1,0,1,,13.333333,20,1.49792,2.453,Small,0,7,2.75817,6.144,Large,1
dedmode01,Dewayne Dedmon,13536,"Aug 06, 2021",2021,MIA,2.39,standard,1,UFA,0.3,0.3,0,0,0,free_agency,MIA,1,0,,0,2021,112.414,2.39,0.021261,-3.850895,2021,1,0,0,,2.389641,18,1.75692,6.266,Medium,0,18,1.75692,6.266,Medium,0
dedmode01,Dewayne Dedmon,13536,"Jul 06, 2022",2022,MIA,9.02,standard,1,UFA,0.3,0.312,0,0,0,free_agency,MIA,1,0,,0,2022,123.655,4.51,0.036472,-3.311198,2023,1,0,1,,0.580373,18,1.75692,6.266,Medium,0,18,1.75692,6.266,Medium,0
dekkesa01,Sam Dekker,17846,"Jul 20, 2015",2015,HOU,3.37,standard,1,,0.25,0.26,0,0,0,free_agency,HOU,1,0,,2,2015,70.0,1.685,0.024071,-3.72673,2016,1,0,1,,1.6464,6,2.79742,7.206,Large,1,6,2.79742,7.206,Large,1
dekkesa01,Sam Dekker,17846,"Aug 09, 2021",2021,TOR,1.79,standard,1,UFA,0.25,0.25,0,0,0,free_agency,TOR,1,0,,0,2021,112.414,1.79,0.015923,-4.139973,2021,1,0,0,,0.35,,,6.202,Large,1,,,6.202,Large,1
delanma01,Malcolm Delaney,20666,"Jul 15, 2016",2016,ATL,5.0,standard,1,,0.25,0.26,0,0,0,free_agency,ATL,1,0,,0,2016,94.143,2.5,0.026555,-3.628524,2017,1,0,1,,2.5,7,2.75817,6.144,Large,1,7,2.75817,6.144,Large,1
dellama01,Matthew Dellavedova,13478,"Aug 07, 2013",2013,CLE,1.3,standard,1,,0.25,0.26,0,0,0,free_agency,CLE,1,0,,0,2013,,0.65,,,2014,1,0,1,,,19,1.55434,2.088,Medium,0,19,1.55434,2.088,Medium,0
dellama01,Matthew Dellavedova,13478,"Jul 27, 2015",2015,CLE,1.14,standard,1,RFA,0.25,0.25,0,0,0,rfa_match,CLE,1,0,,0,2015,70.0,1.14,0.016286,-4.117467,2015,1,0,0,,1.14728,19,1.55434,2.088,Medium,0,19,1.55434,2.088,Medium,0
dellama01,Matthew Dellavedova,13478,"Jul 01, 2016",2016,CLE,38.4,standard,1,RFA,0.25,0.28,0,0,0,sign_and_trade,CLE,1,0,,0,2016,94.143,9.6,0.101973,-2.283052,2019,1,0,1,,9.6075,19,1.55434,2.088,Medium,0,19,1.55434,2.088,Medium,0
dellama01,Matthew Dellavedova,13478,"Nov 24, 2020",2020,CLE,2.17,standard,1,UFA,0.3,0.3,0,0,0,free_agency,CLE,1,0,,0,2020,109.14,2.17,0.019883,-3.917904,2020,1,0,0,,1.620564,19,1.55434,2.088,Medium,0,19,1.55434,2.088,Medium,0
dellama01,Matthew Dellavedova,13478,"Jul 29, 2022",2022,SAC,2.63,standard,1,UFA,0.3,0.3,0,0,0,free_agency,SAC,1,0,,0,2022,123.655,2.63,0.021269,-3.850512,2022,1,0,0,,1.83609,20,1.49792,2.453,Small,0,20,1.49792,2.453,Small,0
demineg01,Egor Dёmin,98610,"Jul 03, 2025",2025,BKN,6.89,rookie-scale,1,,0.25,0.28,0,0,0,rookie_scale,BKN,1,0,,0,2025,154.647,1.722,0.011138,-4.497368,2028,0,3,0,,6.8892,1,7.49451,19.113,Large,1,1,7.49451,19.113,Large,1
denglu01,Luol Deng,2240,"Jul 16, 2004",2004,CHI,7.33,standard,1,,0.25,0.27,0,0,0,free_agency,CHI,1,0,,2,2004,,2.443,,,2006,1,0,1,,,3,3.65475,9.441,Large,1,3,3.65475,9.441,Large,1
denglu01,Luol Deng,2240,"Jul 01, 2008",2008,CHI,71.0,standard,1,RFA,0.25,0.3,0,0,0,free_agency,CHI,1,0,,1,2008,,11.833,,,2013,1,0,1,,,3,3.65475,9.441,Large,1,3,3.65475,9.441,Large,1
denglu01,Luol Deng,2240,"Jul 15, 2014",2014,MIA,19.87,standard,1,UFA,0.35,0.364,0,0,0,free_agency,MIA,1,1,,1,2014,63.065,9.935,0.157536,-1.848102,2015,1,0,1,,,18,1.75692,6.266,Medium,0,18,1.75692,6.266,Medium,0
denglu01,Luol Deng,2240,"Jul 07, 2016",2016,LAL,72.0,standard,1,UFA,0.35,0.392,0,0,0,free_agency,MIA,0,0,,0,2016,94.143,18.0,0.191198,-1.654443,2019,1,0,1,,18.0,2,5.83579,12.901,Large,1,18,1.75692,6.266,Medium,0
denglu01,Luol Deng,2240,"Sep 10, 2018",2018,MIN,2.4,standard,1,UFA,0.35,0.35,0,0,0,free_agency,LAL,0,0,,0,2018,101.869,2.4,0.02356,-3.748219,2018,1,0,0,,2.393887,16,1.88668,3.703,Medium,0,2,5.83579,12.901,Large,1
derozde01,DeMar DeRozan,6327,"Jul 09, 2009",2009,TOR,4.73,standard,1,,0.25,0.26,0,0,0,free_agency,TOR,1,0,,3,2009,,2.365,,,2010,1,0,1,,,,,6.202,Large,1,,,6.202,Large,1
derozde01,DeMar DeRozan,6327,"Oct 31, 2012",2012,TOR,40.0,rookie-scale,1,,0.25,0.28,0,0,0,extension,TOR,1,0,,1,2013,,10.0,,,2016,1,0,1,,,,,6.202,Large,1,,,6.202,Large,1
derozde01,DeMar DeRozan,6327,"Jul 14, 2016",2016,TOR,139.0,standard,1,UFA,0.3,0.348,0,0,0,free_agency,TOR,1,0,,1,2016,94.143,27.8,0.295295,-1.219779,2020,1,0,1,,26.5401,,,6.202,Large,1,,,6.202,Large,1
derozde01,DeMar DeRozan,6327,"Aug 11, 2021",2021,SAS,85.0,standard,1,UFA,0.35,0.378,0,0,0,sign_and_trade,SAS,1,0,,0,2021,112.414,28.333,0.252045,-1.37815,2023,1,0,1,,26.0,31,1.0964,2.602,Small,0,31,1.0964,2.602,Small,0
derozde01,DeMar DeRozan,6327,"Jul 08, 2024",2024,CHI,73.71,standard,1,UFA,0.35,0.378,0,0,0,sign_and_trade,CHI,1,0,,0,2024,140.588,24.57,0.174766,-1.744307,2026,0,1,1,,23.4,3,3.65475,9.441,Large,1,3,3.65475,9.441,Large,1
diabamo01,Moussa Diabaté,78154,,2024,CHA,5.68996,standard,1,UFA,0.25,0.27,0,0,0,free_agency,CHA,1,0,,0,2024,140.588,1.897,0.013491,-4.305743,2026,0,1,1,,0.957763,21,1.38202,2.66,Small,0,21,1.38202,2.66,Small,0
diakima01,Mamadi Diakite,70766,"Apr 21, 2021",2021,MIL,3.46,standard,1,RFA,0.25,0.27,0,0,0,rest_of_season,MIL,1,0,,0,2021,112.414,1.153,0.01026,-4.579532,2023,1,0,0,,1.040234,38,0.9449,1.586,Small,0,38,0.9449,1.586,Small,0
diallch01,Cheick Diallo,20239,"Jul 22, 2016",2016,NOP,2.5,standard,1,,0.25,0.27,0,0,0,free_agency,NOP,1,0,,1,2016,94.143,0.833,0.008852,-4.727136,2018,1,0,1,,0.543471,50,0.67279,1.29,Small,0,50,0.67279,1.29,Small,0
diallch01,Cheick Diallo,20239,"Jul 17, 2019",2019,PHX,1.68,standard,1,UFA,0.25,0.25,0,0,0,free_agency,NOP,0,0,,1,2019,109.14,1.68,0.015393,-4.173838,2019,1,0,0,,1.678854,12,2.1982,5.059,Large,0,50,0.67279,1.29,Small,0
diallha01,Hamidou Diallo,27011,"Jul 28, 2018",2018,OKC,2.28,standard,1,,0.25,0.26,0,0,0,free_agency,OKC,1,0,,2,2018,101.869,1.14,0.011191,-4.492659,2019,1,0,1,,0.838464,47,0.7627,1.435,Small,0,47,0.7627,1.435,Small,0
diallha01,Hamidou Diallo,27011,"Aug 20, 2021",2021,DET,10.4,standard,1,RFA,0.25,0.26,0,0,0,free_agency,DET,1,0,,1,2021,112.414,5.2,0.046258,-3.07353,2022,1,0,1,,5.2,14,1.94075,4.365,Medium,0,14,1.94075,4.365,Medium,0
diawamo01,Mohamed Diawara,99263,"Jul 06, 2026",2026,NYK,11.28,standard,1,RFA,0.25,0.28,0,0,0,free_agency,NYK,1,0,,0,2026,170.1117,2.82,0.016577,-4.099718,2029,0,4,1,,,1,7.49451,19.113,Large,1,1,7.49451,19.113,Large,1
diawbo01,Boris Diaw,6089,"Jul 10, 2003",2003,ATL,3.29,standard,1,,0.25,0.27,0,0,0,free_agency,ATL,1,0,,3,2003,,1.097,,,2005,1,0,1,,,7,2.75817,6.144,Large,1,7,2.75817,6.144,Large,1
diawbo01,Boris Diaw,6089,"Oct 19, 2006",2006,PHX,45.0,rookie-scale,1,,0.25,0.29,0,0,0,extension,PHX,1,0,,2,2007,,9.0,,,2011,1,0,1,,,12,2.1982,5.059,Large,0,12,2.1982,5.059,Large,0
diawbo01,Boris Diaw,6089,"Jul 16, 2014",2014,SAS,28.0,standard,1,UFA,0.35,0.392,0,0,0,free_agency,SAS,1,0,,0,2014,63.065,7.0,0.110997,-2.198256,2017,1,0,1,,,31,1.0964,2.602,Small,0,31,1.0964,2.602,Small,0
dickgr01,Gradey Dick,82204,"Jul 02, 2023",2023,TOR,21.42,standard,1,,0.25,0.28,0,0,0,free_agency,TOR,1,0,,2,2023,136.021,5.355,0.039369,-3.234779,2026,0,1,1,,4.53672,,,6.202,Large,1,,,6.202,Large,1
dienggo01,Gorgui Dieng,13334,"Jul 13, 2013",2013,MIN,2.77,standard,1,,0.25,0.26,0,0,0,free_agency,MIN,1,0,,2,2013,,1.385,,,2014,1,0,1,,,16,1.88668,3.703,Medium,0,16,1.88668,3.703,Medium,0
dienggo01,Gorgui Dieng,13334,"Oct 31, 2016",2016,MIN,62.8,standard,1,RFA,0.25,0.28,0,0,0,free_agency,MIN,1,0,,0,2016,94.143,15.7,0.166768,-1.791154,2019,1,0,1,,2.348783,16,1.88668,3.703,Medium,0,16,1.88668,3.703,Medium,0
dienggo01,Gorgui Dieng,13334,"Aug 09, 2021",2021,ATL,4.0,standard,1,UFA,0.3,0.3,0,0,0,free_agency,SAS,0,0,,0,2021,112.414,4.0,0.035583,-3.335894,2021,1,0,0,,4.0,7,2.75817,6.144,Large,1,31,1.0964,2.602,Small,0
dienggo01,Gorgui Dieng,13334,"Aug 09, 2022",2022,SAS,2.64,standard,1,UFA,0.3,0.3,0,0,0,free_agency,ATL,0,0,,0,2022,123.655,2.64,0.02135,-3.846717,2022,1,0,0,,0.105522,31,1.0964,2.602,Small,0,7,2.75817,6.144,Large,1
diengou01,Ousmane Dieng,78118,"Jul 05, 2022",2022,OKC,21.07,rookie-scale,1,,0.25,0.28,0,0,0,rookie_scale,OKC,1,0,,2,2022,123.655,5.268,0.042598,-3.15594,2025,1,0,0,,4.56984,47,0.7627,1.435,Small,0,47,0.7627,1.435,Small,0
diengou01,Ousmane Dieng,78118,"Jul 09, 2026",2026,MIL,17.5,standard,1,UFA,0.25,0.27,0,0,0,free_agency,MIL,1,0,,0,2026,170.1117,5.833,0.034291,-3.372867,2028,0,3,1,,,38,0.9449,1.586,Small,0,38,0.9449,1.586,Small,0
dilliro01,Rob Dillingham,91736,"Jul 08, 2024",2024,MIN,28.49,rookie-scale,1,,0.25,0.28,0,0,0,rookie_scale,MIN,1,0,,1,2024,140.588,7.122,0.050662,-2.982575,2027,0,2,0,,6.26292,16,1.88668,3.703,Medium,0,16,1.88668,3.703,Medium,0
dinwisp01,Spencer Dinwiddie,15390,"Jul 28, 2014",2014,DET,2.53,standard,1,,0.25,0.27,0,0,0,free_agency,DET,1,0,,1,2014,63.065,0.843,0.013372,-4.314559,2016,1,0,1,,,14,1.94075,4.365,Medium,0,14,1.94075,4.365,Medium,0
dinwisp01,Spencer Dinwiddie,15390,"Jul 28, 2016",2016,CHI,2.03,standard,1,RFA,0.25,0.26,0,0,0,free_agency,DET,0,0,,1,2016,94.143,1.015,0.010781,-4.529926,2017,1,0,1,,0.726672,3,3.65475,9.441,Large,1,14,1.94075,4.365,Medium,0
dinwisp01,Spencer Dinwiddie,15390,"Dec 08, 2016",2016,BKN,2.9,standard,1,RFA,0.25,0.27,0,0,0,free_agency,DET,0,0,,1,2016,94.143,0.967,0.010268,-4.578716,2018,1,0,1,,0.726672,1,7.49451,19.113,Large,1,14,1.94075,4.365,Medium,0
dinwisp01,Spencer Dinwiddie,15390,"Dec 13, 2018",2018,BKN,34.4,extension,1,,0.25,0.27,0,0,0,extension,BKN,1,1,,1,2019,109.14,11.467,0.105064,-2.253187,2021,1,0,1,,1.656092,1,7.49451,19.113,Large,1,1,7.49451,19.113,Large,1
dinwisp01,Spencer Dinwiddie,15390,"Aug 06, 2021",2021,BKN,54.0,standard,1,UFA,0.3,0.324,0,0,0,sign_and_trade,BKN,1,0,,0,2021,112.414,18.0,0.160122,-1.831817,2023,1,0,1,,17.142857,1,7.49451,19.113,Large,1,1,7.49451,19.113,Large,1
dinwisp01,Spencer Dinwiddie,15390,"Aug 03, 2024",2024,DAL,3.3,standard,1,UFA,0.35,0.35,0,0,0,free_agency,LAL,0,0,,0,2024,140.588,3.3,0.023473,-3.751911,2024,1,0,0,,2.087519,4,3.26449,7.943,Large,1,2,5.83579,12.901,Large,1
dinwisp01,Spencer Dinwiddie,15390,"Jul 13, 2025",2025,CHA,3.63,standard,1,UFA,0.35,0.35,0,0,0,free_agency,DAL,0,0,,0,2025,154.647,3.63,0.023473,-3.751912,2025,1,0,0,,,21,1.38202,2.66,Small,0,4,3.26449,7.943,Large,1
divindo01,Donte DiVincenzo,26983,"Jul 10, 2018",2018,MIL,13.11,rookie-scale,1,,0.25,0.28,0,0,0,rookie_scale,MIL,1,0,,2,2018,101.869,3.277,0.032174,-3.436607,2021,1,0,0,,2.481,38,0.9449,1.586,Small,0,38,0.9449,1.586,Small,0
divindo01,Donte DiVincenzo,26983,"Jul 08, 2022",2022,GSW,9.23,standard,1,UFA,0.25,0.26,0,0,0,free_agency,SAC,0,1,,1,2022,123.655,4.615,0.037322,-3.288184,2023,1,0,1,,4.5,10,2.54248,4.749,Large,1,20,1.49792,2.453,Small,0
divindo01,Donte DiVincenzo,26983,"Jul 08, 2023",2023,NYK,46.87,standard,1,UFA,0.25,0.28,0,0,0,free_agency,GSW,0,0,,0,2023,136.021,11.717,0.086145,-2.451726,2026,0,1,1,,10.9,1,7.49451,19.113,Large,1,10,2.54248,4.749,Large,1
doncilu01,Luka Dončić,26969,"Jul 09, 2018",2018,DAL,32.46,rookie-scale,1,,0.25,0.28,0,0,0,rookie_scale,DAL,1,0,,3,2018,101.869,8.115,0.079661,-2.529973,2021,1,0,0,,6.56064,4,3.26449,7.943,Large,1,4,3.26449,7.943,Large,1
doncilu01,Luka Dončić,26969,"Aug 10, 2021",2021,DAL,215.16,extension,1,,0.35,0.406,0,0,1,extension,DAL,1,1,,1,2022,123.655,43.032,0.348,-1.055551,2026,0,1,1,,10.174391,4,3.26449,7.943,Large,1,4,3.26449,7.943,Large,1
doncilu01,Luka Dončić,26969,"Aug 02, 2025",2025,LAL,160.34,extension,1,,0.3,0.324,0,0,0,extension,LAL,1,1,,0,2026,170.1117,53.447,0.314186,-1.157771,2028,0,3,1,,45.99966,2,5.83579,12.901,Large,1,2,5.83579,12.901,Large,1
dorsety01,Tyler Dorsey,23642,"Jul 14, 2017",2017,ATL,2.19,standard,1,,0.25,0.26,0,0,0,free_agency,ATL,1,0,,0,2017,99.093,1.095,0.01105,-4.505304,2018,1,0,1,,0.815615,7,2.75817,6.144,Large,1,7,2.75817,6.144,Large,1
dortlu01,Luguentz Dort,33033,"Jun 24, 2020",2020,OKC,5.4,standard,1,RFA,0.25,0.28,0,0,0,rest_of_season,OKC,1,0,,2,2020,109.14,1.35,0.012369,-4.392527,2023,1,0,0,,1.517981,47,0.7627,1.435,Small,0,47,0.7627,1.435,Small,0
dortlu01,Luguentz Dort,33033,"Jul 06, 2022",2022,OKC,82.5,standard,1,RFA,0.25,0.29,0,0,0,free_agency,OKC,1,0,,1,2022,123.655,16.5,0.133436,-2.014135,2026,0,1,1,,15.277778,47,0.7627,1.435,Small,0,47,0.7627,1.435,Small,0
dosunay01,Ayo Dosunmu,74145,"Aug 13, 2021",2021,CHI,2.49,standard,1,,0.25,0.26,0,0,0,free_agency,CHI,1,0,,0,2021,112.414,1.245,0.011075,-4.503053,2022,1,0,1,,0.925258,3,3.65475,9.441,Large,1,3,3.65475,9.441,Large,1
dosunay01,Ayo Dosunmu,74145,"Jul 21, 2023",2023,CHI,21.0,standard,1,RFA,0.25,0.27,0,0,0,free_agency,CHI,1,0,,0,2023,136.021,7.0,0.051463,-2.966899,2025,1,0,1,,6.481482,3,3.65475,9.441,Large,1,3,3.65475,9.441,Large,1
dosunay01,Ayo Dosunmu,74145,"Jul 10, 2026",2026,MIN,112.0,standard,1,UFA,0.25,0.29,0,0,0,free_agency,MIN,1,1,,0,2026,170.1117,22.4,0.131678,-2.027394,2030,0,5,1,,,16,1.88668,3.703,Medium,0,16,1.88668,3.703,Medium,0
dotsoda01,Damyean Dotson,23645,"Aug 07, 2017",2017,NYK,4.1,standard,1,,0.25,0.27,0,0,0,free_agency,NYK,1,0,,0,2017,99.093,1.367,0.013792,-4.283684,2019,1,0,1,,1.1,1,7.49451,19.113,Large,1,1,7.49451,19.113,Large,1
douglto01,Toney Douglas,6309,"Jul 02, 2009",2009,NYK,2.08,standard,1,,0.25,0.26,0,0,0,free_agency,NYK,1,0,,2,2009,,1.04,,,2010,1,0,1,,,1,7.49451,19.113,Large,1,1,7.49451,19.113,Large,1
douglto01,Toney Douglas,6309,"Jul 18, 2013",2013,GSW,1.6,standard,1,UFA,0.25,0.25,0,0,0,free_agency,GSW,1,0,,0,2013,,1.6,,,2013,1,0,0,,,10,2.54248,4.749,Large,1,10,2.54248,4.749,Large,1
douglto01,Toney Douglas,6309,"Mar 24, 2015",2015,NOP,1.33,standard,1,UFA,0.25,,0,0,0,free_agency,IND,0,0,,0,2015,70.0,,,,,,,0,,0.6,50,0.67279,1.29,Small,0,25,1.23221,2.126,Small,0
douglto01,Toney Douglas,6309,"Aug 11, 2015",2015,IND,1.19,standard,1,UFA,0.25,0.25,0,0,0,free_agency,IND,1,0,,0,2015,70.0,1.19,0.017,-4.074542,2015,1,0,0,,0.6,25,1.23221,2.126,Small,0,25,1.23221,2.126,Small,0
douglto01,Toney Douglas,6309,"Oct 30, 2015",2015,NOP,2.48,standard,1,UFA,0.25,0.26,0,0,0,free_agency,IND,0,0,,0,2015,70.0,1.24,0.017714,-4.033384,2016,1,0,1,,0.6,50,0.67279,1.29,Small,0,25,1.23221,2.126,Small,0
douglto01,Toney Douglas,6309,"Dec 05, 2016",2016,MEM,0.998,standard,1,UFA,0.3,0.3,0,0,0,free_agency,IND,0,0,,0,2016,94.143,0.998,0.010601,-4.546817,2016,1,0,0,,0.603558,51,0.6663,1.358,Small,0,25,1.23221,2.126,Small,0
douglto01,Toney Douglas,6309,"Feb 23, 2017",2017,MEM,0.379,standard,1,UFA,0.3,0.3,0,0,0,free_agency,MEM,1,0,,0,2017,99.093,0.379,0.003825,-5.566278,2017,1,0,0,,,51,0.6663,1.358,Small,0,51,0.6663,1.358,Small,0
doumbse01,Sekou Doumbouya,31572,"Jul 04, 2019",2019,DET,15.89,rookie-scale,1,,0.25,0.28,0,0,0,rookie_scale,DET,1,0,,1,2019,109.14,3.973,0.036398,-3.313236,2022,1,0,0,,3.28512,14,1.94075,4.365,Medium,0,14,1.94075,4.365,Medium,0
dowtije01,Jeff Dowtin Jr.,70872,"Jul 22, 2023",2023,TOR,2.02,standard,1,RFA,0.25,0.25,0,0,0,free_agency,PHI,0,0,,1,2023,136.021,2.02,0.014851,-4.209712,2023,1,0,0,,0.127683,,,6.202,Large,1,5,3.14592,6.228,Large,1
doziepj01,PJ Dozier,23668,"Feb 25, 2023",2023,SAC,2.95,standard,1,UFA,0.25,0.26,0,0,0,rest_of_season,SAC,1,0,,0,2023,136.021,1.475,0.010844,-4.524151,2024,1,0,0,,,20,1.49792,2.453,Small,0,20,1.49792,2.453,Small,0
doziepj01,PJ Dozier,23668,"Jul 16, 2024",2024,MIN,2.6,standard,1,UFA,0.25,0.25,0,0,0,free_agency,MIN,1,0,,0,2024,140.588,2.6,0.018494,-3.990322,2024,1,0,0,,1.051255,16,1.88668,3.703,Medium,0,16,1.88668,3.703,Medium,0
dragigo01,Goran Dragić,6146,"Sep 22, 2008",2008,PHX,5.5,standard,1,,0.25,0.27,0,0,0,free_agency,PHX,1,0,,2,2008,,1.833,,,2010,1,0,1,,,12,2.1982,5.059,Large,0,12,2.1982,5.059,Large,0
dragigo01,Goran Dragić,6146,"Jul 19, 2012",2012,PHX,30.0,standard,1,RFA,0.25,0.28,0,0,0,free_agency,PHX,1,0,,1,2012,,7.5,,,2015,1,0,1,,,12,2.1982,5.059,Large,0,12,2.1982,5.059,Large,0
dragigo01,Goran Dragić,6146,"Jul 09, 2015",2015,MIA,85.0,extension,1,,0.3,0.348,0,0,0,extension,MIA,1,0,,1,2016,94.143,17.0,0.180576,-1.711602,2020,1,0,1,,14.78,18,1.75692,6.266,Medium,0,18,1.75692,6.266,Medium,0
dragigo01,Goran Dragić,6146,"Nov 22, 2020",2020,MIA,18.0,standard,1,UFA,0.35,0.35,0,0,0,free_agency,MIA,1,0,,1,2020,109.14,18.0,0.164926,-1.80226,2020,1,0,0,,18.0,18,1.75692,6.266,Medium,0,18,1.75692,6.266,Medium,0
dragigo01,Goran Dragić,6146,"Aug 02, 2022",2022,CHI,2.9,standard,1,UFA,0.35,0.35,0,0,0,free_agency,BKN,0,0,,0,2022,123.655,2.9,0.023452,-3.752785,2022,1,0,0,,0.390433,3,3.65475,9.441,Large,1,1,7.49451,19.113,Large,1
drumman01,Andre Drummond,10817,"Jul 03, 2012",2012,DET,4.8,standard,1,,0.25,0.26,0,0,0,free_agency,DET,1,0,,5,2012,,2.4,,,2013,1,0,1,,,14,1.94075,4.365,Medium,0,14,1.94075,4.365,Medium,0
drumman01,Andre Drummond,10817,"Jul 15, 2016",2016,DET,127.0,standard,1,RFA,0.25,0.29,0,0,0,free_agency,DET,1,0,,3,2016,94.143,25.4,0.269802,-1.310066,2020,1,0,1,,22.11675,14,1.94075,4.365,Medium,0,14,1.94075,4.365,Medium,0
drumman01,Andre Drummond,10817,"Aug 04, 2021",2021,PHI,2.4,standard,1,UFA,0.3,0.3,0,0,0,free_agency,LAL,0,0,,2,2021,112.414,2.4,0.02135,-3.84672,2021,1,0,0,,2.401537,5,3.14592,6.228,Large,1,2,5.83579,12.901,Large,1
drumman01,Andre Drummond,10817,"Jul 06, 2022",2022,CHI,6.56,standard,1,UFA,0.35,0.364,0,0,0,free_agency,BKN,0,1,,2,2022,123.655,3.28,0.026525,-3.629652,2023,1,0,1,,3.2,3,3.65475,9.441,Large,1,1,7.49451,19.113,Large,1
drumman01,Andre Drummond,10817,"Jul 07, 2024",2024,PHI,10.0,standard,1,UFA,0.35,0.364,0,0,0,free_agency,CHI,0,0,,1,2024,140.588,5.0,0.035565,-3.336396,2025,1,0,1,,5.0,5,3.14592,6.228,Large,1,3,3.65475,9.441,Large,1
drumman01,Andre Drummond,10817,"Jul 06, 2026",2026,NYK,3.88,standard,1,UFA,0.35,0.35,0,0,0,free_agency,PHI,0,0,,0,2026,170.1117,3.88,0.022809,-3.78062,2026,0,1,0,,,1,7.49451,19.113,Large,1,5,3.14592,6.228,Large,1
duartch01,Chris Duarte,74120,"Aug 04, 2021",2021,IND,17.7,rookie-scale,1,,0.25,0.28,0,0,0,rookie_scale,IND,1,0,,2,2021,112.414,4.425,0.039363,-3.234918,2024,1,0,0,,3.74952,25,1.23221,2.126,Small,0,25,1.23221,2.126,Small,0
dudleja01,Jared Dudley,2228,"Jul 03, 2007",2007,CHA,2.35,standard,1,,0.25,0.26,0,0,0,free_agency,CHA,1,0,,3,2007,,1.175,,,2008,1,0,1,,,21,1.38202,2.66,Small,0,21,1.38202,2.66,Small,0
dudleja01,Jared Dudley,2228,"Nov 02, 2010",2010,PHX,22.5,rookie-scale,1,,0.25,0.29,0,0,0,extension,PHX,1,0,,1,2011,,4.5,,,2015,1,0,1,,,12,2.1982,5.059,Large,0,12,2.1982,5.059,Large,0
dudleja01,Jared Dudley,2228,"Jul 08, 2016",2016,PHX,30.0,standard,1,UFA,0.3,0.324,0,0,0,free_agency,WAS,0,0,,0,2016,94.143,10.0,0.106221,-2.24223,2018,1,0,1,,10.47,12,2.1982,5.059,Large,0,8,2.63064,6.385,Large,1
dudleja01,Jared Dudley,2228,"Jul 07, 2019",2019,LAL,2.56,standard,1,UFA,0.35,0.35,0,0,0,free_agency,BKN,0,0,,0,2019,109.14,2.56,0.023456,-3.752624,2019,1,0,0,,2.564753,2,5.83579,12.901,Large,1,1,7.49451,19.113,Large,1
dudleja01,Jared Dudley,2228,"Dec 01, 2020",2020,LAL,2.56,standard,1,UFA,0.35,0.35,0,0,0,free_agency,LAL,1,0,,0,2020,109.14,2.56,0.023456,-3.752624,2020,1,0,0,,1.620564,2,5.83579,12.901,Large,1,2,5.83579,12.901,Large,1
duncati01,Tim Duncan,2703,"Aug 01, 2000",2000,SAS,31.9,standard,1,RFA,0.25,0.27,0,0,0,free_agency,SAS,1,0,,3,2000,,10.633,,,2002,1,0,1,,,31,1.0964,2.602,Small,0,31,1.0964,2.602,Small,0
duncati01,Tim Duncan,2703,"Nov 05, 2007",2007,SAS,40.0,extension,1,,0.35,0.364,0,0,0,extension,SAS,1,0,,2,2008,,20.0,,,2009,1,0,1,,,31,1.0964,2.602,Small,0,31,1.0964,2.602,Small,0
duncati01,Tim Duncan,2703,"Jul 11, 2012",2012,SAS,30.4,standard,1,UFA,0.35,0.378,0,0,0,free_agency,SAS,1,1,,2,2012,,10.133,,,2014,1,0,1,,,31,1.0964,2.602,Small,0,31,1.0964,2.602,Small,0
duncati01,Tim Duncan,2703,"Jul 09, 2015",2015,SAS,10.85,standard,1,UFA,0.35,0.364,0,0,0,free_agency,SAS,1,1,,1,2015,70.0,5.425,0.0775,-2.557477,2016,1,0,1,,5.0,31,1.0964,2.602,Small,0,31,1.0964,2.602,Small,0
dunlemi02,Mike Dunleavy,2406,"Jul 07, 2002",2002,GSW,10.0,standard,1,,0.25,0.27,0,0,0,free_agency,GSW,1,0,,1,2002,,3.333,,,2004,1,0,1,,,10,2.54248,4.749,Large,1,10,2.54248,4.749,Large,1
dunlemi02,Mike Dunleavy,2406,"Oct 31, 2005",2005,GSW,45.0,rookie-scale,1,,0.25,0.29,0,0,0,extension,GSW,1,0,,0,2006,,9.0,,,2010,1,0,1,,,10,2.54248,4.749,Large,1,10,2.54248,4.749,Large,1
dunlemi02,Mike Dunleavy,2406,"Dec 10, 2011",2011,MIL,7.5,standard,1,UFA,0.3,0.312,0,0,0,free_agency,MIL,1,0,,0,2011,,3.75,,,2012,1,0,1,,,38,0.9449,1.586,Small,0,38,0.9449,1.586,Small,0
dunlemi02,Mike Dunleavy,2406,"Jul 10, 2013",2013,CHI,6.5,standard,1,UFA,0.35,0.364,0,0,0,free_agency,CHI,1,0,,0,2013,,3.25,,,2014,1,0,1,,,3,3.65475,9.441,Large,1,3,3.65475,9.441,Large,1
dunlemi02,Mike Dunleavy,2406,"Jul 01, 2015",2015,CHI,14.5,extension,1,,0.35,0.378,0,0,0,extension,CHI,1,0,,0,2016,94.143,4.833,0.05134,-2.969279,2018,1,0,1,,4.5,3,3.65475,9.441,Large,1,3,3.65475,9.441,Large,1
dunnkr01,Kris Dunn,20210,"Jul 05, 2016",2016,MIN,17.49,rookie-scale,1,,0.25,0.28,0,0,0,rookie_scale,MIN,1,0,,3,2016,94.143,4.372,0.046445,-3.06948,2019,1,0,0,,3.87252,16,1.88668,3.703,Medium,0,16,1.88668,3.703,Medium,0
dunnkr01,Kris Dunn,20210,"Nov 28, 2020",2020,ATL,10.0,standard,1,UFA,0.25,0.26,0,0,0,free_agency,CHI,0,1,,1,2020,109.14,5.0,0.045813,-3.083194,2021,1,0,1,,4.767,7,2.75817,6.144,Large,1,3,3.65475,9.441,Large,1
dunnkr01,Kris Dunn,20210,"Mar 14, 2023",2023,UTH,3.32,standard,1,UFA,0.3,0.312,0,0,0,rest_of_season,UTA,0,0,,0,2023,136.021,1.66,0.012204,-4.405992,2024,1,0,0,,2.586665,28,1.16352,1.266,Small,0,28,1.16352,1.266,Small,0
dunnkr01,Kris Dunn,20210,"Jul 18, 2024",2024,UTA,16.28,standard,1,UFA,0.3,0.324,0,0,0,sign_and_trade,UTA,1,0,,0,2024,140.588,5.427,0.0386,-3.254509,2026,0,1,1,,5.168,28,1.16352,1.266,Small,0,28,1.16352,1.266,Small,0
dunnry01,Ryan Dunn,91771,"Jul 02, 2024",2024,PHX,13.0,rookie-scale,1,,0.25,0.28,0,0,0,rookie_scale,PHX,1,0,,1,2024,140.588,3.25,0.023117,-3.767179,2027,0,2,0,,2.5308,12,2.1982,5.059,Large,0,12,2.1982,5.059,Large,0
duranke01,Kevin Durant,2717,"Jul 02, 2007",2007,SEA,19.5,standard,1,,0.25,0.28,0,0,0,free_agency,SEA,1,0,,5,2007,,4.875,,,2010,1,0,1,,,13,2.09824,4.04,Large,0,13,2.09824,4.04,Large,0
duranke01,Kevin Durant,2717,"Jul 07, 2010",2010,OKC,89.0,maximum,1,,0.25,0.29,0,1,0,extension,OKC,1,0,,3,2011,,17.8,,,2015,1,0,1,,,47,0.7627,1.435,Small,0,47,0.7627,1.435,Small,0
duranke01,Kevin Durant,2717,"Jul 04, 2016",2016,GSW,54.3,maximum,1,UFA,0.3,0.312,0,1,0,free_agency,OKC,0,0,,3,2016,94.143,27.15,0.288391,-1.243438,2017,1,0,1,,26.5401,10,2.54248,4.749,Large,1,47,0.7627,1.435,Small,0
duranke01,Kevin Durant,2717,"Jul 06, 2017",2017,GSW,51.25,standard,1,UFA,0.35,0.364,0,0,0,free_agency,GSW,1,1,,2,2017,99.093,25.625,0.258595,-1.35249,2018,1,0,1,,25.0,10,2.54248,4.749,Large,1,10,2.54248,4.749,Large,1
duranke01,Kevin Durant,2717,"Jul 07, 2018",2018,GSW,61.5,standard,1,UFA,0.35,0.364,0,0,0,free_agency,GSW,1,0,,1,2018,101.869,30.75,0.301858,-1.197798,2019,1,0,1,,30.0,10,2.54248,4.749,Large,1,10,2.54248,4.749,Large,1
duranke01,Kevin Durant,2717,"Jul 07, 2019",2019,GSW,164.26,standard,1,UFA,0.35,0.392,0,0,0,sign_and_trade,GSW,1,1,,0,2019,109.14,41.065,0.37626,-0.977475,2022,1,0,1,,37.199,10,2.54248,4.749,Large,1,10,2.54248,4.749,Large,1
duranke01,Kevin Durant,2717,"Aug 08, 2021",2021,BKN,194.22,extension,1,,0.35,0.392,0,0,0,extension,BKN,1,0,,0,2022,123.655,48.555,0.392665,-0.934798,2025,1,0,1,,40.9189,1,7.49451,19.113,Large,1,1,7.49451,19.113,Large,1
duranke01,Kevin Durant,2717,"Oct 19, 2025",2025,HOU,90.0,extension,1,,0.35,0.364,0,0,0,extension,PHX,0,1,,0,2026,170.1117,45.0,0.264532,-1.329793,2027,0,2,1,,54.708609,6,2.79742,7.206,Large,1,12,2.1982,5.059,Large,0
durenja01,Jalen Duren,78116,,2022,DET,19.474944,standard,1,,0.25,0.28,0,0,0,free_agency,DET,1,0,,2,2022,123.655,4.869,0.039374,-3.234661,2025,1,0,1,,4.12428,14,1.94075,4.365,Medium,0,14,1.94075,4.365,Medium,0
easonta01,Tari Eason,78123,"Jul 01, 2022",2022,HOU,16.26,rookie-scale,1,,0.25,0.28,0,0,0,rookie_scale,HOU,1,0,,2,2022,123.655,4.065,0.032874,-3.415082,2025,1,0,0,,3.35916,6,2.79742,7.206,Large,1,6,2.79742,7.206,Large,1
easonta01,Tari Eason,78123,"Jul 09, 2026",2026,HOU,81.45,standard,1,RFA,0.25,0.29,0,0,0,free_agency,HOU,1,1,,0,2026,170.1117,16.29,0.095761,-2.345904,2030,0,5,1,,,6,2.79742,7.206,Large,1,6,2.79742,7.206,Large,1
edeyza01,Zach Edey,91755,"Jul 06, 2024",2024,MEM,26.2,rookie-scale,1,,0.25,0.28,0,0,0,rookie_scale,MEM,1,0,,1,2024,140.588,6.55,0.04659,-3.066369,2027,0,2,0,,5.75688,51,0.6663,1.358,Small,0,51,0.6663,1.358,Small,0
edgecvj01,VJ Edgecombe,98600,"Jul 01, 2025",2025,PHI,50.44,rookie-scale,1,,0.25,0.28,0,0,0,rookie_scale,PHI,1,0,,0,2025,154.647,12.61,0.081541,-2.506655,2028,0,3,0,,11.10888,5,3.14592,6.228,Large,1,5,3.14592,6.228,Large,1
edwaran01,Anthony Edwards,70643,"Nov 29, 2020",2020,MIN,44.27,rookie-scale,1,,0.25,0.28,0,0,0,rookie_scale,MIN,1,0,,2,2020,109.14,11.068,0.101406,-2.288619,2023,1,0,0,,9.75744,16,1.88668,3.703,Medium,0,16,1.88668,3.703,Medium,0
edwaran01,Anthony Edwards,70643,"Jul 08, 2023",2023,MIN,244.62,extension,1,,0.25,0.29,1,0,0,extension,MIN,1,0,,0,2024,140.588,48.924,0.347996,-1.055566,2028,0,3,1,,13.534817,16,1.88668,3.703,Medium,0,16,1.88668,3.703,Medium,0
edwarca01,Carsen Edwards,31592,"Jul 13, 2019",2019,BOS,4.5,standard,1,,0.25,0.27,0,0,0,free_agency,BOS,1,0,,1,2019,109.14,1.5,0.013744,-4.287166,2021,1,0,1,,1.228026,9,2.58446,4.899,Large,1,9,2.58446,4.899,Large,1
edwarju01,Justin Edwards,91770,"Jul 06, 2025",2025,PHI,7.08,standard,1,RFA,0.25,0.27,0,0,0,free_agency,PHI,1,0,,0,2025,154.647,2.36,0.015261,-4.182483,2027,0,2,1,,2.048494,5,3.14592,6.228,Large,1,5,3.14592,6.228,Large,1
edwarke02,Kessler Edwards,74151,"Jul 06, 2022",2022,BKN,3.57,standard,1,UFA,0.25,0.26,0,0,0,free_agency,BKN,1,0,,1,2022,123.655,1.785,0.014435,-4.238077,2023,1,0,1,,1.637966,1,7.49451,19.113,Large,1,1,7.49451,19.113,Large,1
ellebcj01,CJ Elleby,70688,"Nov 22, 2020",2020,POR,2.41,standard,1,,0.25,0.26,0,0,0,free_agency,POR,1,0,,0,2020,109.14,1.205,0.011041,-4.506152,2021,1,0,1,,0.89831,23,1.27792,2.511,Small,0,23,1.27792,2.511,Small,0
ellenhe01,Henry Ellenson,20223,"Jul 19, 2016",2016,DET,8.2,rookie-scale,1,,0.25,0.28,0,0,0,rookie_scale,DET,1,0,,2,2016,94.143,2.05,0.021775,-3.826975,2019,1,0,0,,1.70412,14,1.94075,4.365,Medium,0,14,1.94075,4.365,Medium,0
ellenhe01,Henry Ellenson,20223,"Mar 02, 2019",2019,NYK,1.99,standard,1,RFA,0.25,0.26,0,0,0,free_agency,NYK,1,0,,1,2019,109.14,0.995,0.009117,-4.697644,2020,1,0,1,,,1,7.49451,19.113,Large,1,1,7.49451,19.113,Large,1
ellenhe01,Henry Ellenson,20223,"Nov 26, 2020",2020,TOR,3.7,standard,1,RFA,0.25,0.26,0,0,0,free_agency,TOR,1,0,,0,2020,109.14,1.85,0.016951,-4.077446,2021,1,0,1,,0.160998,,,6.202,Large,1,,,6.202,Large,1
ellinwa01,Wayne Ellington,6302,"Jul 09, 2009",2009,MIN,2.08,standard,1,,0.25,0.26,0,0,0,free_agency,MIN,1,0,,2,2009,,1.04,,,2010,1,0,1,,,16,1.88668,3.703,Medium,0,16,1.88668,3.703,Medium,0
ellinwa01,Wayne Ellington,6302,"Jul 26, 2013",2013,DAL,5.42,standard,1,UFA,0.25,0.26,0,0,0,free_agency,DAL,1,0,,0,2013,,2.71,,,2014,1,0,1,,,4,3.26449,7.943,Large,1,4,3.26449,7.943,Large,1
ellinwa01,Wayne Ellington,6302,"Sep 22, 2014",2014,LAL,1.06,standard,1,UFA,0.25,0.25,0,0,0,free_agency,LAL,1,0,,0,2014,63.065,1.06,0.016808,-4.085897,2014,1,0,0,,,2,5.83579,12.901,Large,1,2,5.83579,12.901,Large,1
ellinwa01,Wayne Ellington,6302,"Jul 09, 2015",2015,BKN,3.07,standard,1,UFA,0.25,0.26,0,0,0,free_agency,SAC,0,0,,0,2015,70.0,1.535,0.021929,-3.819965,2016,1,0,1,,0.92367,1,7.49451,19.113,Large,1,20,1.49792,2.453,Small,0
ellinwa01,Wayne Ellington,6302,"Jul 10, 2016",2016,MIA,12.27,standard,1,UFA,0.3,0.312,0,0,0,free_agency,SAC,0,0,,0,2016,94.143,6.135,0.065167,-2.730805,2017,1,0,1,,0.92367,18,1.75692,6.266,Medium,0,20,1.49792,2.453,Small,0
ellinwa01,Wayne Ellington,6302,"Jul 13, 2018",2018,MIA,6.27,standard,1,UFA,0.3,0.3,0,0,0,free_agency,MIA,1,0,,0,2018,101.869,6.27,0.06155,-2.787911,2018,1,0,0,,2.383076,18,1.75692,6.266,Medium,0,18,1.75692,6.266,Medium,0
ellinwa01,Wayne Ellington,6302,"Feb 09, 2019",2019,DET,2.38,standard,1,UFA,0.35,0.35,0,0,0,free_agency,DET,1,0,,0,2019,109.14,2.38,0.021807,-3.825531,2019,1,0,0,,8.0,14,1.94075,4.365,Medium,0,14,1.94075,4.365,Medium,0
ellinwa01,Wayne Ellington,6302,"Jul 08, 2019",2019,NYK,16.0,standard,1,UFA,0.35,0.364,0,0,0,free_agency,DET,0,0,,0,2019,109.14,8.0,0.0733,-2.61319,2020,1,0,1,,8.0,1,7.49451,19.113,Large,1,14,1.94075,4.365,Medium,0
ellinwa01,Wayne Ellington,6302,"Dec 02, 2020",2020,DET,2.56,standard,1,UFA,0.35,0.35,0,0,0,free_agency,NYK,0,0,,0,2020,109.14,2.56,0.023456,-3.752624,2020,1,0,0,,1.0,14,1.94075,4.365,Medium,0,1,7.49451,19.113,Large,1
ellinwa01,Wayne Ellington,6302,"Aug 06, 2021",2021,LAL,2.64,standard,1,UFA,0.35,0.35,0,0,0,free_agency,NYK,0,0,,0,2021,112.414,2.64,0.023485,-3.75141,2021,1,0,0,,2.641691,2,5.83579,12.901,Large,1,1,7.49451,19.113,Large,1
elliske01,Keon Ellis,78267,"Jul 06, 2026",2026,BKN,18.0,standard,1,RFA,0.25,0.26,0,0,0,free_agency,CLE,0,0,,0,2026,170.1117,9.0,0.052906,-2.939231,2027,0,2,1,,,1,7.49451,19.113,Large,1,19,1.55434,2.088,Medium,0
ellismo01,Monta Ellis,2318,"Aug 05, 2005",2005,GSW,1.88,standard,1,,0.25,0.27,0,0,0,free_agency,GSW,1,0,,1,2005,,0.627,,,2007,1,0,1,,,10,2.54248,4.749,Large,1,10,2.54248,4.749,Large,1
ellismo01,Monta Ellis,2318,"Jul 24, 2008",2008,GSW,66.0,standard,1,RFA,0.25,0.3,0,0,0,free_agency,GSW,1,0,,1,2008,,11.0,,,2013,1,0,1,,,10,2.54248,4.749,Large,1,10,2.54248,4.749,Large,1
ellismo01,Monta Ellis,2318,"Jul 23, 2013",2013,DAL,25.0,standard,1,UFA,0.3,0.324,0,0,0,free_agency,DAL,1,0,,0,2013,,8.333,,,2015,1,0,1,,,4,3.26449,7.943,Large,1,4,3.26449,7.943,Large,1
ellismo01,Monta Ellis,2318,"Jul 14, 2015",2015,IND,44.0,standard,1,UFA,0.35,0.392,0,0,0,free_agency,IND,1,0,,0,2015,70.0,11.0,0.157143,-1.8506,2018,1,0,1,,10.3,25,1.23221,2.126,Small,0,25,1.23221,2.126,Small,0
embiijo01,Joel Embiid,15355,"Aug 26, 2014",2014,PHI,19.98,standard,1,,0.25,0.28,0,0,0,free_agency,PHI,1,0,,2,2014,63.065,4.995,0.079204,-2.535729,2017,1,0,1,,,5,3.14592,6.228,Large,1,5,3.14592,6.228,Large,1
embiijo01,Joel Embiid,15355,"Oct 10, 2017",2017,PHI,147.7,maximum,1,,0.25,0.29,0,1,0,extension,PHI,1,0,,0,2018,101.869,29.54,0.28998,-1.237942,2022,1,0,1,,6.100266,5,3.14592,6.228,Large,1,5,3.14592,6.228,Large,1
embiijo01,Joel Embiid,15355,"Aug 17, 2021",2021,PHI,213.28,maximum,1,,0.25,0.28,1,1,0,extension,PHI,1,1,,0,2022,123.655,53.32,0.4312,-0.841184,2025,1,0,1,,31.57939,5,3.14592,6.228,Large,1,5,3.14592,6.228,Large,1
embiijo01,Joel Embiid,15355,"Sep 20, 2024",2024,PHI,187.87,maximum,1,,0.3,0.324,1,1,0,extension,PHI,1,1,,0,2025,154.647,62.623,0.404944,-0.904007,2027,0,2,1,,51.415938,5,3.14592,6.228,Large,1,5,3.14592,6.228,Large,1
ennisja01,James Ennis III,13363,"Jul 15, 2014",2014,MIA,2.33,standard,1,RFA,0.25,0.27,0,0,0,free_agency,MIA,1,0,,2,2014,63.065,0.777,0.012315,-4.39691,2016,1,0,1,,,18,1.75692,6.266,Medium,0,18,1.75692,6.266,Medium,0
ennisja01,James Ennis III,13363,"Apr 09, 2016",2016,NOP,0.025,standard,1,RFA,0.25,0.25,0,0,0,free_agency,NOP,1,0,,2,2016,94.143,0.025,0.000266,-8.233694,2016,1,0,0,,2.898,50,0.67279,1.29,Small,0,50,0.67279,1.29,Small,0
ennisja01,James Ennis III,13363,"Jul 13, 2016",2016,MEM,5.9,standard,1,UFA,0.25,0.26,0,0,0,free_agency,NOP,0,0,,2,2016,94.143,2.95,0.031335,-3.46301,2017,1,0,1,,2.898,51,0.6663,1.358,Small,0,50,0.67279,1.29,Small,0
ennisja01,James Ennis III,13363,"Jul 13, 2018",2018,HOU,3.47,standard,1,RFA,0.25,0.26,0,0,0,free_agency,DET,0,0,,2,2018,101.869,1.735,0.017032,-4.07268,2019,1,0,1,,1.621415,6,2.79742,7.206,Large,1,14,1.94075,4.365,Medium,0
ennisja01,James Ennis III,13363,"Jul 12, 2019",2019,PHI,4.1,standard,1,UFA,0.25,0.26,0,0,0,free_agency,PHI,1,1,,1,2019,109.14,2.05,0.018783,-3.974792,2020,1,0,1,,1.882867,5,3.14592,6.228,Large,1,5,3.14592,6.228,Large,1
ennisja01,James Ennis III,13363,"Nov 25, 2020",2020,ORL,3.0,standard,1,UFA,0.25,0.25,0,0,0,free_agency,ORL,1,0,,0,2020,109.14,3.0,0.027488,-3.594019,2020,1,0,0,,3.3,15,1.90242,2.673,Medium,0,15,1.90242,2.673,Medium,0
ennisty01,Tyler Ennis,6454,"Sep 16, 2009",2009,BUF,2.625,standard,1,RFA,0.25,0.27,0,0,0,free_agency,BUF,1,0,,0,2009,,0.875,,,2011,1,0,1,,,,,,,,,,,,
ennisty01,Tyler Ennis,6454,"Sep 15, 2012",2012,BUF,5.625,standard,1,RFA,0.25,0.26,0,0,0,free_agency,BUF,1,0,,0,2012,,2.812,,,2013,1,0,1,,,,,,,,,,,,
ennisty01,Tyler Ennis,6454,"Jul 16, 2014",2014,BUF,23.0,standard,1,UFA,0.25,0.29,0,0,0,free_agency,BUF,1,0,,0,2014,63.065,4.6,0.072941,-2.61811,2018,1,0,1,,,,,,,,,,,,
ennisty01,Tyler Ennis,6454,"Jul 06, 2018",2018,TOR,0.65,standard,1,RFA,0.25,0.25,0,0,0,free_agency,LAL,0,0,,0,2018,101.869,0.65,0.006381,-5.054471,2018,1,0,0,,,,,6.202,Large,1,2,5.83579,12.901,Large,1
ennisty01,Tyler Ennis,6454,"Jul 01, 2019",2019,OTT,0.8,standard,1,UFA,0.25,0.25,0,0,0,free_agency,OTT,1,0,,0,2019,109.14,0.8,0.00733,-4.915775,2019,1,0,0,,,,,,,,,,,,
ennisty01,Tyler Ennis,6454,"Oct 09, 2020",2020,EDM,1.0,standard,1,UFA,0.25,0.25,0,0,0,free_agency,EDM,1,0,,0,2020,109.14,1.0,0.009163,-4.692631,2020,1,0,0,,,,,,,,,,,,
ennisty01,Tyler Ennis,6454,"Oct 08, 2021",2021,OTT,0.9,standard,1,UFA,0.3,0.3,0,0,0,free_agency,OTT,1,0,,0,2021,112.414,0.9,0.008006,-4.827549,2021,1,0,0,,,,,,,,,,,,
eubandr01,Drew Eubanks,28052,"Nov 23, 2020",2020,SAS,5.29,standard,1,RFA,0.25,0.27,0,0,0,free_agency,SAS,1,0,,1,2020,109.14,1.763,0.016157,-4.125426,2022,1,0,1,,1.620564,31,1.0964,2.602,Small,0,31,1.0964,2.602,Small,0
eubandr01,Drew Eubanks,28052,"Jul 07, 2022",2022,POR,1.97,standard,1,RFA,0.25,0.25,0,0,0,free_agency,POR,1,0,,1,2022,123.655,1.97,0.015931,-4.139462,2022,1,0,0,,1.83609,23,1.27792,2.511,Small,0,23,1.27792,2.511,Small,0
eubandr01,Drew Eubanks,28052,"Jul 02, 2023",2023,PHX,5.0,standard,1,UFA,0.25,0.26,0,0,0,free_agency,POR,0,1,,1,2023,136.021,2.5,0.01838,-3.996519,2024,1,0,1,,2.346614,12,2.1982,5.059,Large,0,23,1.27792,2.511,Small,0
eubandr01,Drew Eubanks,28052,"Aug 10, 2024",2024,UTA,9.75,standard,1,UFA,0.25,0.26,0,0,0,free_agency,PHX,0,0,,0,2024,140.588,4.875,0.034676,-3.361714,2025,1,0,1,,5.0,28,1.16352,1.266,Small,0,12,2.1982,5.059,Large,0
eubandr01,Drew Eubanks,28052,"Jul 08, 2025",2025,SAC,3.08,standard,1,UFA,0.3,0.3,0,0,0,free_agency,LAC,0,0,,0,2025,154.647,3.08,0.019916,-3.916216,2025,1,0,0,,2.296274,20,1.49792,2.453,Small,0,2,5.83579,12.901,Large,1
evansja01,Jawun Evans,23634,"Jul 11, 2017",2017,LAC,2.19,standard,1,,0.25,0.26,0,0,0,free_agency,LAC,1,0,,0,2017,99.093,1.095,0.01105,-4.505304,2018,1,0,1,,0.815615,2,5.83579,12.901,Large,1,2,5.83579,12.901,Large,1
evansja02,Jacob Evans,26994,"Jul 02, 2018",2018,GSW,9.23,rookie-scale,1,,0.25,0.28,0,0,0,rookie_scale,GSW,1,0,,1,2018,101.869,2.308,0.022652,-3.787523,2021,1,0,0,,1.64424,10,2.54248,4.749,Large,1,10,2.54248,4.749,Large,1
evansty01,Tyreke Evans,6326,"Jul 08, 2009",2009,SAC,7.49,standard,1,,0.25,0.26,0,0,0,free_agency,SAC,1,0,,2,2009,,3.745,,,2010,1,0,1,,,20,1.49792,2.453,Small,0,20,1.49792,2.453,Small,0
evansty01,Tyreke Evans,6326,"Jul 10, 2013",2013,SAC,44.0,standard,1,RFA,0.25,0.28,0,0,0,sign_and_trade,,,0,,0,2013,,11.0,,,2016,1,0,1,,,20,1.49792,2.453,Small,0,,,,,
evansty01,Tyreke Evans,6326,"Jul 10, 2017",2017,MEM,3.29,standard,1,UFA,0.3,0.3,0,0,0,free_agency,SAC,0,0,,0,2017,99.093,3.29,0.033201,-3.405171,2017,1,0,0,,3.29,51,0.6663,1.358,Small,0,20,1.49792,2.453,Small,0
evansty01,Tyreke Evans,6326,"Jul 06, 2018",2018,IND,12.4,standard,1,UFA,0.3,0.3,0,0,0,free_agency,MEM,0,0,,0,2018,101.869,12.4,0.121725,-2.105991,2018,1,0,0,,12.4,25,1.23221,2.126,Small,0,51,0.6663,1.358,Small,0
exumda01,Danté Exum,15357,"Jul 11, 2014",2014,UTH,7.39,standard,1,,0.25,0.26,0,0,0,free_agency,UTH,1,0,,2,2014,63.065,3.695,0.05859,-2.837185,2015,1,0,1,,,28,1.16352,1.266,Small,0,28,1.16352,1.266,Small,0
exumda01,Danté Exum,15357,"Jul 06, 2018",2018,UTH,33.0,standard,1,RFA,0.25,0.27,0,0,0,free_agency,UTA,0,0,,0,2018,101.869,11.0,0.107982,-2.225792,2020,1,0,1,,9.1,28,1.16352,1.266,Small,0,28,1.16352,1.266,Small,0
exumda01,Danté Exum,15357,"Sep 17, 2021",2021,HOU,8.1,standard,1,UFA,0.3,0.324,0,0,0,free_agency,HOU,1,0,,0,2021,112.414,2.7,0.024018,-3.728937,2023,1,0,1,,,6,2.79742,7.206,Large,1,6,2.79742,7.206,Large,1
exumda01,Danté Exum,15357,"Jul 14, 2023",2023,DAL,6.15,standard,1,UFA,0.3,0.312,0,0,0,free_agency,DAL,1,0,,0,2023,136.021,3.075,0.022607,-3.789504,2024,1,0,1,,3.0,4,3.26449,7.943,Large,1,4,3.26449,7.943,Large,1
exumda01,Danté Exum,15357,"Aug 30, 2025",2025,DAL,3.3,standard,1,UFA,0.35,0.35,0,0,0,free_agency,DAL,1,0,,0,2025,154.647,3.3,0.021339,-3.847223,2025,1,0,0,,2.296274,4,3.26449,7.943,Large,1,4,3.26449,7.943,Large,1
ezelife01,Festus Ezeli,10855,"Jul 06, 2012",2012,GSW,2.09,standard,1,,0.25,0.26,0,0,0,free_agency,GSW,1,0,,2,2012,,1.045,,,2013,1,0,1,,,10,2.54248,4.749,Large,1,10,2.54248,4.749,Large,1
ezelife01,Festus Ezeli,10855,"Jul 07, 2016",2016,POR,15.13,standard,1,RFA,0.25,0.26,0,0,0,free_agency,GSW,0,0,,0,2016,94.143,7.565,0.080356,-2.521283,2017,1,0,1,,7.4,23,1.27792,2.511,Small,0,10,2.54248,4.749,Large,1
farieke01,Kenneth Faried,8073,"Dec 13, 2011",2011,DEN,2.57,standard,1,,0.25,0.26,0,0,0,free_agency,DEN,1,0,,2,2011,,1.285,,,2012,1,0,1,,,17,1.80627,3.038,Medium,0,17,1.80627,3.038,Medium,0
farieke01,Kenneth Faried,8073,"Oct 08, 2014",2014,DEN,50.0,extension,1,,0.25,0.28,0,0,0,extension,DEN,1,0,,0,2015,70.0,12.5,0.178571,-1.722767,2018,1,0,1,,,17,1.80627,3.038,Medium,0,17,1.80627,3.038,Medium,0
farieke01,Kenneth Faried,8073,"Jan 21, 2019",2019,HOU,0.917,standard,1,UFA,0.3,0.3,0,0,0,free_agency,HOU,1,0,,0,2019,109.14,0.917,0.008402,-4.779279,2019,1,0,0,,,6,2.79742,7.206,Large,1,6,2.79742,7.206,Large,1
favorde01,Derrick Favors,6884,"Jul 15, 2010",2010,NJN,8.58,standard,1,,0.25,0.26,0,0,0,free_agency,NJN,1,0,,3,2010,,4.29,,,2011,1,0,1,,,1,7.49451,19.113,Large,1,1,7.49451,19.113,Large,1
favorde01,Derrick Favors,6884,"Oct 19, 2013",2013,UTH,46.95,extension,1,,0.25,0.28,0,0,0,extension,UTH,1,0,,1,2014,63.065,11.738,0.186117,-1.681377,2017,1,0,1,,,28,1.16352,1.266,Small,0,28,1.16352,1.266,Small,0
favorde01,Derrick Favors,6884,"Jul 06, 2018",2018,UTH,37.6,standard,1,UFA,0.3,0.312,0,0,0,free_agency,UTA,0,0,,1,2018,101.869,18.8,0.184551,-1.689831,2019,1,0,1,,16.0,28,1.16352,1.266,Small,0,28,1.16352,1.266,Small,0
favorde01,Derrick Favors,6884,"Nov 24, 2020",2020,UTH,29.16,standard,1,UFA,0.35,0.378,0,0,0,free_agency,NOP,0,1,,1,2020,109.14,9.72,0.08906,-2.418446,2022,1,0,1,,9.258,28,1.16352,1.266,Small,0,50,0.67279,1.29,Small,0
fearsje01,Jeremiah Fears,98603,"Jul 05, 2025",2025,NOP,34.29,rookie-scale,1,,0.25,0.28,0,0,0,rookie_scale,NOP,1,0,,0,2025,154.647,8.572,0.055433,-2.892586,2028,0,3,0,,7.52004,50,0.67279,1.29,Small,0,50,0.67279,1.29,Small,0
feldeka01,Kay Felder,20260,"Aug 06, 2016",2016,CLE,2.5,standard,1,,0.25,0.27,0,0,0,free_agency,CLE,1,0,,0,2016,94.143,0.833,0.008852,-4.727136,2018,1,0,1,,0.543471,19,1.55434,2.088,Medium,0,19,1.55434,2.088,Medium,0
feldeka01,Kay Felder,20260,"Aug 21, 2018",2018,TOR,1.52,standard,1,RFA,0.25,0.25,0,0,0,free_agency,DET,0,0,,0,2018,101.869,1.52,0.014921,-4.204977,2018,1,0,0,,,,,6.202,Large,1,14,1.94075,4.365,Medium,0
feliccr01,Cristiano Felício,17990,"Jul 12, 2015",2015,CHI,1.4,standard,1,,0.25,0.26,0,0,0,free_agency,CHI,1,0,,0,2015,70.0,0.7,0.01,-4.60517,2016,1,0,1,,0.52509,3,3.65475,9.441,Large,1,3,3.65475,9.441,Large,1
feliccr01,Cristiano Felício,17990,,2017,CHI,32.0,standard,1,RFA,0.25,0.28,0,0,0,free_agency,CHI,1,0,,0,2017,99.093,8.0,0.080732,-2.516617,2020,1,0,1,,7.8435,3,3.65475,9.441,Large,1,3,3.65475,9.441,Large,1
feltora01,Raymond Felton,2229,"Jul 07, 2005",2005,CHA,5.9,standard,1,,0.25,0.26,0,0,0,free_agency,CHA,1,0,,3,2005,,2.95,,,2006,1,0,1,,,21,1.38202,2.66,Small,0,21,1.38202,2.66,Small,0
feltora01,Raymond Felton,2229,"Sep 22, 2009",2009,CHA,5.5,standard,1,RFA,0.25,0.25,0,0,0,free_agency,CHA,1,0,,1,2009,,5.5,,,2009,1,0,0,,,21,1.38202,2.66,Small,0,21,1.38202,2.66,Small,0
feltora01,Raymond Felton,2229,"Jul 10, 2010",2010,NYK,15.8,standard,1,UFA,0.25,0.26,0,0,0,free_agency,NYK,1,0,,1,2010,,7.9,,,2011,1,0,1,,,1,7.49451,19.113,Large,1,1,7.49451,19.113,Large,1
feltora01,Raymond Felton,2229,"Jul 15, 2012",2012,POR,14.86,standard,1,UFA,0.3,0.336,0,0,0,free_agency,,,0,,1,2012,,3.715,,,2015,1,0,1,,,23,1.27792,2.511,Small,0,,,,,
feltora01,Raymond Felton,2229,"Jul 25, 2016",2016,LAC,1.55,standard,1,UFA,0.35,0.35,0,0,0,free_agency,DAL,0,0,,0,2016,94.143,1.55,0.016464,-4.10656,2016,1,0,0,,1.551659,2,5.83579,12.901,Large,1,4,3.26449,7.943,Large,1
feltora01,Raymond Felton,2229,"Jul 10, 2017",2017,OKC,2.3,standard,1,UFA,0.35,0.35,0,0,0,free_agency,LAC,0,0,,0,2017,99.093,2.3,0.023211,-3.76315,2017,1,0,0,,1.471382,47,0.7627,1.435,Small,0,2,5.83579,12.901,Large,1
feltora01,Raymond Felton,2229,"Jul 11, 2018",2018,OKC,2.39,standard,1,UFA,0.35,0.35,0,0,0,free_agency,OKC,1,0,,0,2018,101.869,2.39,0.023462,-3.752394,2018,1,0,0,,2.393887,47,0.7627,1.435,Small,0,47,0.7627,1.435,Small,0
fergute01,Terrance Ferguson,23616,"Jul 27, 2017",2017,OKC,10.32,rookie-scale,1,,0.25,0.28,0,0,0,rookie_scale,OKC,1,0,,2,2017,99.093,2.58,0.026036,-3.648269,2020,1,0,0,,1.785,47,0.7627,1.435,Small,0,47,0.7627,1.435,Small,0
fernabr01,Bruno Fernando,31593,"Jul 07, 2019",2019,ATL,4.7,standard,1,,0.25,0.27,0,0,0,free_agency,ATL,1,0,,0,2019,109.14,1.567,0.014355,-4.243681,2021,1,0,1,,1.4,7,2.75817,6.144,Large,1,7,2.75817,6.144,Large,1
fernabr01,Bruno Fernando,31593,"Oct 02, 2022",2022,HOU,10.9,extension,1,,0.25,0.28,0,0,0,extension,HOU,1,0,,0,2023,136.021,2.725,0.020034,-3.910341,2026,0,1,1,,2.717391,6,2.79742,7.206,Large,1,6,2.79742,7.206,Large,1
ferreyo01,Yogi Ferrell,20283,"Aug 05, 2016",2016,BKN,0.543,standard,1,,0.25,0.25,0,0,0,free_agency,BKN,1,0,,1,2016,94.143,0.543,0.005768,-5.155461,2016,1,0,0,,0.2023,1,7.49451,19.113,Large,1,1,7.49451,19.113,Large,1
ferreyo01,Yogi Ferrell,20283,"Nov 09, 2016",2016,BKN,1.4,standard,1,,0.25,0.26,0,0,0,free_agency,BKN,1,0,,1,2016,94.143,0.7,0.007435,-4.90149,2017,1,0,1,,0.2023,1,7.49451,19.113,Large,1,1,7.49451,19.113,Large,1
ferreyo01,Yogi Ferrell,20283,"Feb 07, 2017",2017,DAL,0.208,standard,1,RFA,0.25,0.25,0,0,0,free_agency,BKN,0,0,,1,2017,99.093,0.208,0.002099,-6.166276,2017,1,0,0,,1.312611,4,3.26449,7.943,Large,1,1,7.49451,19.113,Large,1
filipky01,Kyle Filipowski,91757,"Aug 12, 2024",2024,UTA,12.0,standard,1,,0.25,0.28,0,0,0,free_agency,UTA,1,0,,0,2024,140.588,3.0,0.021339,-3.847221,2027,0,2,1,,3.0,28,1.16352,1.266,Small,0,28,1.16352,1.266,Small,0
finnedo01,Dorian Finney-Smith,20757,"Jul 08, 2016",2016,DAL,2.5,standard,1,,0.25,0.27,0,0,0,free_agency,DAL,1,0,,1,2016,94.143,0.833,0.008852,-4.727136,2018,1,0,1,,0.543471,4,3.26449,7.943,Large,1,4,3.26449,7.943,Large,1
finnedo01,Dorian Finney-Smith,20757,"Jul 11, 2019",2019,DAL,12.0,standard,1,RFA,0.25,0.27,0,0,0,free_agency,DAL,1,0,,1,2019,109.14,4.0,0.03665,-3.306337,2021,1,0,1,,4.0,4,3.26449,7.943,Large,1,4,3.26449,7.943,Large,1
finnedo01,Dorian Finney-Smith,20757,"Feb 10, 2022",2022,DAL,52.0,extension,1,,0.3,0.336,0,0,0,extension,DAL,1,0,,1,2023,136.021,13.0,0.095573,-2.34786,2026,0,1,1,,12.939848,4,3.26449,7.943,Large,1,4,3.26449,7.943,Large,1
finnedo01,Dorian Finney-Smith,20757,"Jul 06, 2025",2025,HOU,52.71,standard,1,UFA,0.3,0.336,0,0,0,free_agency,LAL,0,1,,0,2025,154.647,13.178,0.08521,-2.462634,2028,0,3,1,,12.7,6,2.79742,7.206,Large,1,2,5.83579,12.901,Large,1
flaggco01,Cooper Flagg,98597,"Jul 02, 2025",2025,DAL,62.73,rookie-scale,1,,0.25,0.28,0,0,0,rookie_scale,DAL,1,0,,0,2025,154.647,15.682,0.101408,-2.2886,2028,0,3,0,,13.82592,4,3.26449,7.943,Large,1,4,3.26449,7.943,Large,1
flemira01,Rasheer Fleming,98617,"Jul 07, 2025",2025,PHX,8.69,standard,1,,0.25,0.28,0,0,0,free_agency,PHX,1,0,,0,2025,154.647,2.172,0.014048,-4.265267,2028,0,3,1,,1.27287,12,2.1982,5.059,Large,0,12,2.1982,5.059,Large,0
flynnma01,Malachi Flynn,70671,"Nov 26, 2020",2020,TOR,10.02,rookie-scale,1,,0.25,0.28,0,0,0,rookie_scale,TOR,1,0,,2,2020,109.14,2.505,0.022952,-3.774343,2023,1,0,0,,1.9506,,,6.202,Large,1,,,6.202,Large,1
fontesi01,Simone Fontecchio,78654,"Jul 27, 2022",2022,UTH,6.25,standard,1,,0.25,0.26,0,0,0,free_agency,UTA,0,0,,0,2022,123.655,3.125,0.025272,-3.678061,2023,1,0,1,,3.205128,28,1.16352,1.266,Small,0,28,1.16352,1.266,Small,0
fontesi01,Simone Fontecchio,78654,"Jul 12, 2024",2024,DET,16.0,standard,1,RFA,0.25,0.26,0,0,0,free_agency,DET,1,0,,0,2024,140.588,8.0,0.056904,-2.866392,2025,1,0,1,,7.692308,14,1.94075,4.365,Medium,0,14,1.94075,4.365,Medium,0
fontesi01,Simone Fontecchio,78654,"Jul 02, 2026",2026,MIA,2.63,standard,1,RFA,0.25,0.25,0,0,0,free_agency,MIA,1,0,,0,2026,170.1117,2.63,0.01546,-4.169471,2026,0,1,0,,,18,1.75692,6.266,Medium,0,18,1.75692,6.266,Medium,0
forbebr01,Bryn Forbes,20796,"Jul 14, 2016",2016,SAS,1.45,standard,1,,0.25,0.26,0,0,0,free_agency,SAS,1,0,,1,2016,94.143,0.725,0.007701,-4.866399,2017,1,0,1,,0.543471,31,1.0964,2.602,Small,0,31,1.0964,2.602,Small,0
forbebr01,Bryn Forbes,20796,"Jul 20, 2018",2018,SAS,6.0,standard,1,RFA,0.25,0.26,0,0,0,free_agency,SAS,1,0,,1,2018,101.869,3.0,0.02945,-3.525075,2019,1,0,1,,3.125,31,1.0964,2.602,Small,0,31,1.0964,2.602,Small,0
forbebr01,Bryn Forbes,20796,"Nov 24, 2020",2020,MIL,4.79,standard,1,RFA,0.25,0.26,0,0,0,free_agency,SAS,0,0,,1,2020,109.14,2.395,0.021944,-3.819248,2021,1,0,1,,2.337145,38,0.9449,1.586,Small,0,31,1.0964,2.602,Small,0
forbebr01,Bryn Forbes,20796,"Aug 25, 2021",2021,SAS,4.5,standard,1,UFA,0.25,0.25,0,0,0,free_agency,MIL,0,0,,0,2021,112.414,4.5,0.040031,-3.218111,2021,1,0,0,,4.5,31,1.0964,2.602,Small,0,38,0.9449,1.586,Small,0
fournev01,Evan Fournier,10845,"Jul 11, 2012",2012,DEN,2.78,standard,1,,0.25,0.26,0,0,0,free_agency,DEN,1,0,,4,2012,,1.39,,,2013,1,0,1,,,17,1.80627,3.038,Medium,0,17,1.80627,3.038,Medium,0
fournev01,Evan Fournier,10845,"Jul 07, 2016",2016,ORL,85.0,standard,1,RFA,0.25,0.29,0,0,0,free_agency,ORL,1,0,,2,2016,94.143,17.0,0.180576,-1.711602,2020,1,0,1,,17.0,15,1.90242,2.673,Medium,0,15,1.90242,2.673,Medium,0
fournev01,Evan Fournier,10845,"Aug 17, 2021",2021,BOS,73.0,standard,1,UFA,0.3,0.336,0,0,0,sign_and_trade,BOS,1,0,,1,2021,112.414,18.25,0.162346,-1.818023,2024,1,0,1,,17.142857,9,2.58446,4.899,Large,1,9,2.58446,4.899,Large,1
foxde01,De'Aaron Fox,23600,"Jul 07, 2017",2017,SAC,24.57,rookie-scale,1,,0.25,0.28,0,0,0,rookie_scale,SAC,1,0,,1,2017,99.093,6.143,0.061987,-2.780827,2020,1,0,0,,4.6092,20,1.49792,2.453,Small,0,20,1.49792,2.453,Small,0
foxde01,De'Aaron Fox,23600,"Nov 24, 2020",2020,SAC,163.0,maximum,1,,0.35,0.406,0,1,1,extension,SAC,1,0,,0,2021,112.414,32.6,0.289999,-1.237876,2025,1,0,1,,8.099627,20,1.49792,2.453,Small,0,20,1.49792,2.453,Small,0
foxde01,De'Aaron Fox,23600,"Aug 04, 2025",2025,SAS,221.71,extension,1,,0.3,0.336,0,0,0,extension,SAS,1,0,,0,2026,170.1117,55.428,0.32583,-1.121379,2029,0,4,1,,37.09662,31,1.0964,2.602,Small,0,31,1.0964,2.602,Small,0
foyera01,Randy Foye,2576,"Jul 01, 2006",2006,MIN,5.08,standard,1,,0.25,0.26,0,0,0,free_agency,MIN,1,0,,2,2006,,2.54,,,2007,1,0,1,,,16,1.88668,3.703,Medium,0,16,1.88668,3.703,Medium,0
foyera01,Randy Foye,2576,"Jul 09, 2010",2010,LAC,8.5,standard,1,RFA,0.25,0.26,0,0,0,free_agency,LAC,1,0,,0,2010,,4.25,,,2011,1,0,1,,,2,5.83579,12.901,Large,1,2,5.83579,12.901,Large,1
foyera01,Randy Foye,2576,"Jul 24, 2012",2012,UTH,2.5,standard,1,UFA,0.25,0.25,0,0,0,free_agency,UTH,1,0,,0,2012,,2.5,,,2012,1,0,0,,,28,1.16352,1.266,Small,0,28,1.16352,1.266,Small,0
foyera01,Randy Foye,2576,"Jul 08, 2013",2013,UTH,9.135,standard,1,UFA,0.3,0.324,0,0,0,sign_and_trade,UTH,1,0,,0,2013,,3.045,,,2015,1,0,1,,,28,1.16352,1.266,Small,0,28,1.16352,1.266,Small,0
foyera01,Randy Foye,2576,"Jul 15, 2016",2016,BKN,2.5,standard,1,UFA,0.35,0.35,0,0,0,free_agency,OKC,0,0,,0,2016,94.143,2.5,0.026555,-3.628524,2016,1,0,0,,2.5,1,7.49451,19.113,Large,1,47,0.7627,1.435,Small,0
fraziti01,Tim Frazier,15755,"Aug 20, 2014",2014,BOS,0.507,standard,1,,0.25,0.25,0,0,0,free_agency,BOS,1,0,,0,2014,63.065,0.507,0.008039,-4.82341,2014,1,0,0,,,9,2.58446,4.899,Large,1,9,2.58446,4.899,Large,1
fraziti01,Tim Frazier,15755,"Mar 30, 2015",2015,POR,0.895,standard,1,RFA,0.25,0.26,0,0,0,free_agency,NOP,0,0,,0,2015,70.0,0.448,0.006393,-5.052574,2016,1,0,1,,0.144157,23,1.27792,2.511,Small,0,50,0.67279,1.29,Small,0
fraziti01,Tim Frazier,15755,"Mar 26, 2016",2016,NOP,0.094,standard,1,RFA,0.25,0.25,0,0,0,free_agency,NOP,1,0,,0,2016,94.143,0.094,0.000998,-6.909275,2016,1,0,0,,2.09,50,0.67279,1.29,Small,0,50,0.67279,1.29,Small,0
fraziti01,Tim Frazier,15755,"Jul 22, 2016",2016,NOP,4.1,standard,1,UFA,0.25,0.26,0,0,0,free_agency,NOP,1,0,,0,2016,94.143,2.05,0.021775,-3.826975,2017,1,0,1,,2.09,50,0.67279,1.29,Small,0,50,0.67279,1.29,Small,0
fraziti01,Tim Frazier,15755,"Mar 19, 2019",2019,MIL,0.211,standard,1,RFA,0.25,0.25,0,0,0,free_agency,MIL,1,0,,0,2019,109.14,0.211,0.001933,-6.248529,2019,1,0,0,,1.882867,38,0.9449,1.586,Small,0,38,0.9449,1.586,Small,0
fryech01,Channing Frye,2674,"Jul 02, 2005",2005,NYK,4.49,standard,1,,0.25,0.26,0,0,0,free_agency,NYK,1,0,,3,2005,,2.245,,,2006,1,0,1,,,1,7.49451,19.113,Large,1,1,7.49451,19.113,Large,1
fryech01,Channing Frye,2674,"Jul 14, 2009",2009,PHX,4.0,standard,1,RFA,0.25,0.26,0,0,0,free_agency,PHX,1,0,,1,2009,,2.0,,,2010,1,0,1,,,12,2.1982,5.059,Large,0,12,2.1982,5.059,Large,0
fryech01,Channing Frye,2674,"Jul 03, 2010",2010,PHX,30.0,standard,1,UFA,0.25,0.29,0,0,0,free_agency,PHX,1,0,,1,2010,,6.0,,,2014,1,0,1,,,12,2.1982,5.059,Large,0,12,2.1982,5.059,Large,0
fryech01,Channing Frye,2674,"Jul 14, 2014",2014,ORL,32.0,standard,1,UFA,0.3,0.336,0,0,0,free_agency,ORL,1,0,,0,2014,63.065,8.0,0.126853,-2.064724,2017,1,0,1,,,15,1.90242,2.673,Medium,0,15,1.90242,2.673,Medium,0
fryech01,Channing Frye,2674,"Jul 19, 2018",2018,CLE,2.39,standard,1,UFA,0.35,0.35,0,0,0,free_agency,LAL,0,0,,0,2018,101.869,2.39,0.023462,-3.752394,2018,1,0,0,,2.393887,19,1.55434,2.088,Medium,0,2,5.83579,12.901,Large,1
fultzma01,Markelle Fultz,23596,"Jul 08, 2017",2017,PHI,37.4,rookie-scale,1,,0.25,0.28,0,0,0,rookie_scale,PHI,1,0,,2,2017,99.093,9.35,0.094356,-2.360682,2020,1,0,0,,7.02624,5,3.14592,6.228,Large,1,5,3.14592,6.228,Large,1
fultzma01,Markelle Fultz,23596,"Dec 21, 2020",2020,ORL,50.0,extension,1,,0.25,0.27,0,0,0,extension,ORL,1,0,,0,2021,112.414,16.667,0.148261,-1.908778,2023,1,0,1,,12.288697,15,1.90242,2.673,Medium,0,15,1.90242,2.673,Medium,0
furphjo01,Johnny Furphy,91768,"Jul 06, 2024",2024,IND,8.59,standard,1,,0.25,0.28,0,0,0,free_agency,IND,1,0,,0,2024,140.588,2.147,0.015275,-4.181529,2027,0,2,1,,1.850842,25,1.23221,2.126,Small,0,25,1.23221,2.126,Small,0
gabriwe01,Wenyen Gabriel,27806,"Nov 23, 2020",2020,NOP,3.38,standard,1,UFA,0.25,0.26,0,0,0,free_agency,POR,0,0,,1,2020,109.14,1.69,0.015485,-4.167903,2021,1,0,1,,1.620564,50,0.67279,1.29,Small,0,23,1.27792,2.511,Small,0
gaffoda01,Daniel Gafford,31597,"Jul 07, 2019",2019,CHI,6.1,standard,1,,0.25,0.28,0,0,0,free_agency,CHI,1,0,,1,2019,109.14,1.525,0.013973,-4.270637,2022,1,0,1,,0.89831,3,3.65475,9.441,Large,1,3,3.65475,9.441,Large,1
gaffoda01,Daniel Gafford,31597,"Oct 19, 2021",2021,WAS,40.18,extension,1,,0.25,0.27,0,0,0,extension,WAS,1,0,,0,2022,123.655,13.393,0.108312,-2.222738,2024,1,0,1,,1.782621,8,2.63064,6.385,Large,1,8,2.63064,6.385,Large,1
gaffoda01,Daniel Gafford,31597,"Jul 12, 2025",2025,DAL,54.38,extension,1,,0.3,0.324,0,0,0,extension,DAL,1,0,,0,2026,170.1117,18.127,0.106557,-2.239071,2028,0,3,1,,14.38632,4,3.26449,7.943,Large,1,4,3.26449,7.943,Large,1
gallida01,Danilo Gallinari,6138,"Jul 08, 2008",2008,NYK,5.96,standard,1,,0.25,0.26,0,0,0,free_agency,NYK,1,0,,3,2008,,2.98,,,2009,1,0,1,,,1,7.49451,19.113,Large,1,1,7.49451,19.113,Large,1
gallida01,Danilo Gallinari,6138,"Jan 25, 2012",2012,DEN,42.0,rookie-scale,1,,0.25,0.28,0,0,0,extension,DEN,1,0,,1,2013,,10.5,,,2016,1,0,1,,,17,1.80627,3.038,Medium,0,17,1.80627,3.038,Medium,0
gallida01,Danilo Gallinari,6138,"Jul 31, 2015",2015,DEN,45.15,extension,1,,0.3,0.324,0,0,0,extension,DEN,1,0,,1,2016,94.143,15.05,0.159863,-1.833437,2018,1,0,1,,14.0,17,1.80627,3.038,Medium,0,17,1.80627,3.038,Medium,0
gallida01,Danilo Gallinari,6138,"Jul 04, 2017",2017,DEN,64.76,standard,1,UFA,0.3,0.324,0,0,0,sign_and_trade,DEN,1,0,,0,2017,99.093,21.587,0.217842,-1.523983,2019,1,0,1,,20.559599,17,1.80627,3.038,Medium,0,17,1.80627,3.038,Medium,0
gallida01,Danilo Gallinari,6138,"Nov 24, 2020",2020,ATL,61.4,standard,1,UFA,0.35,0.378,0,0,0,sign_and_trade,OKC,0,0,,0,2020,109.14,20.467,0.187527,-1.673834,2022,1,0,1,,19.5,7,2.75817,6.144,Large,1,47,0.7627,1.435,Small,0
gallida01,Danilo Gallinari,6138,"Jul 12, 2022",2022,BOS,13.28,standard,1,UFA,0.35,0.364,0,0,0,free_agency,ATL,0,0,,0,2022,123.655,6.64,0.053698,-2.924383,2023,1,0,1,,6.479,9,2.58446,4.899,Large,1,7,2.75817,6.144,Large,1
gallola01,Langston Galloway,15824,"Sep 09, 2014",2014,NYK,0.507,standard,1,,0.25,0.25,0,0,0,free_agency,NYK,1,0,,0,2014,63.065,0.507,0.008039,-4.82341,2014,1,0,0,,,1,7.49451,19.113,Large,1,1,7.49451,19.113,Large,1
gallola01,Langston Galloway,15824,"Jan 27, 2015",2015,NYK,1.08,standard,1,RFA,0.25,0.26,0,0,0,free_agency,NYK,1,0,,0,2015,70.0,0.54,0.007714,-4.864681,2016,1,0,1,,0.845059,1,7.49451,19.113,Large,1,1,7.49451,19.113,Large,1
gallola01,Langston Galloway,15824,"Jul 21, 2016",2016,NOP,10.6,standard,1,UFA,0.25,0.26,0,0,0,free_agency,NYK,0,0,,0,2016,94.143,5.3,0.056297,-2.877108,2017,1,0,1,,5.2,50,0.67279,1.29,Small,0,1,7.49451,19.113,Large,1
garlada01,Darius Garland,31562,"Jul 01, 2019",2019,CLE,29.08,rookie-scale,1,,0.25,0.28,0,0,0,rookie_scale,CLE,1,0,,2,2019,109.14,7.27,0.066612,-2.708875,2022,1,0,0,,6.40092,19,1.55434,2.088,Medium,0,19,1.55434,2.088,Medium,0
garlada01,Darius Garland,31562,"Jul 08, 2022",2022,CLE,197.23,extension,1,,0.35,0.406,0,0,1,extension,CLE,1,0,,0,2023,136.021,39.446,0.289999,-1.237877,2027,0,2,1,,8.920795,19,1.55434,2.088,Medium,0,19,1.55434,2.088,Medium,0
garneke01,Kevin Garnett,2214,"Oct 02, 1995",1995,MIN,5.39712,standard,1,,0.25,0.27,0,0,0,free_agency,MIN,1,0,,0,1995,,1.799,,,1997,1,0,1,,,16,1.88668,3.703,Medium,0,16,1.88668,3.703,Medium,0
garneke01,Kevin Garnett,2214,"Oct 01, 1997",1997,MIN,126.0163,rookie-scale,1,,0.25,0.3,0,0,0,extension,MIN,1,0,,0,1998,,21.003,,,2003,1,0,1,,,16,1.88668,3.703,Medium,0,16,1.88668,3.703,Medium,0
garneke01,Kevin Garnett,2214,"Oct 01, 2003",2003,MIN,100.0,extension,1,,0.3,0.348,0,0,0,extension,MIN,1,0,,0,2004,,20.0,,,2008,1,0,1,,,16,1.88668,3.703,Medium,0,16,1.88668,3.703,Medium,0
garneke01,Kevin Garnett,2214,"Jul 31, 2007",2007,MIN,51.3,extension,1,,0.35,0.378,0,0,0,extension,MIN,1,0,,0,2008,,17.1,,,2010,1,0,1,,,16,1.88668,3.703,Medium,0,16,1.88668,3.703,Medium,0
garneke01,Kevin Garnett,2214,"Jul 14, 2012",2012,BOS,36.0,standard,1,UFA,0.35,0.378,0,0,0,free_agency,BOS,1,0,,0,2012,,12.0,,,2014,1,0,1,,,9,2.58446,4.899,Large,1,9,2.58446,4.899,Large,1
garneke01,Kevin Garnett,2214,"Jul 09, 2015",2015,MIN,16.5,standard,1,UFA,0.35,0.364,0,0,0,free_agency,MIN,1,0,,0,2015,70.0,8.25,0.117857,-2.138282,2016,1,0,1,,8.5,16,1.88668,3.703,Medium,0,16,1.88668,3.703,Medium,0
garubus01,Usman Garuba,74130,"Aug 15, 2021",2021,HOU,11.81,rookie-scale,1,,0.25,0.28,0,0,0,rookie_scale,HOU,1,0,,1,2021,112.414,2.953,0.026265,-3.639536,2024,1,0,0,,2.35332,6,2.79742,7.206,Large,1,6,2.79742,7.206,Large,1
garzalu01,Luka Garza,74159,"Sep 24, 2021",2021,DET,2.49,standard,1,,0.25,0.26,0,0,0,free_agency,DET,1,0,,2,2021,112.414,1.245,0.011075,-4.503053,2022,1,0,1,,0.925258,14,1.94075,4.365,Medium,0,14,1.94075,4.365,Medium,0
garzalu01,Luka Garza,74159,"Jul 05, 2024",2024,MIN,4.51,standard,1,UFA,0.25,0.26,0,0,0,free_agency,MIN,1,0,,1,2024,140.588,2.255,0.01604,-4.132684,2025,1,0,1,,2.162606,16,1.88668,3.703,Medium,0,16,1.88668,3.703,Medium,0
garzalu01,Luka Garza,74159,"Jul 07, 2025",2025,BOS,5.26,standard,1,RFA,0.25,0.26,0,0,0,free_agency,MIN,0,0,,0,2025,154.647,2.63,0.017006,-4.074161,2026,0,1,1,,2.461463,9,2.58446,4.899,Large,1,16,1.88668,3.703,Medium,0
gasolma01,Marc Gasol,6122,"Jul 09, 2008",2008,MEM,9.8,standard,1,RFA,0.25,0.27,0,0,0,free_agency,MEM,1,0,,1,2008,,3.267,,,2010,1,0,1,,,51,0.6663,1.358,Small,0,51,0.6663,1.358,Small,0
gasolma01,Marc Gasol,6122,"Dec 12, 2011",2011,MEM,57.5,standard,1,RFA,0.25,0.28,0,0,0,free_agency,MEM,1,0,,1,2011,,14.375,,,2014,1,0,1,,,51,0.6663,1.358,Small,0,51,0.6663,1.358,Small,0
gasolma01,Marc Gasol,6122,"Jul 13, 2015",2015,MEM,113.2,standard,1,UFA,0.3,0.348,0,0,0,free_agency,MEM,1,0,,1,2015,70.0,22.64,0.323429,-1.128777,2019,1,0,1,,19.7,51,0.6663,1.358,Small,0,51,0.6663,1.358,Small,0
gasolma01,Marc Gasol,6122,"Nov 24, 2020",2020,LAL,5.26,standard,1,UFA,0.35,0.364,0,0,0,free_agency,TOR,0,0,,0,2020,109.14,2.63,0.024097,-3.725648,2021,1,0,1,,2.564753,2,5.83579,12.901,Large,1,,,6.202,Large,1
gasolpa01,Pau Gasol,2518,"Sep 06, 2001",2001,MEM,8.78,standard,1,,0.25,0.27,0,0,0,free_agency,MEM,1,0,,2,2001,,2.927,,,2003,1,0,1,,,51,0.6663,1.358,Small,0,51,0.6663,1.358,Small,0
gasolpa01,Pau Gasol,2518,"Dec 23, 2009",2009,LAL,57.0,extension,1,,0.3,0.324,0,0,0,extension,LAL,1,0,,1,2010,,19.0,,,2012,1,0,1,,,2,5.83579,12.901,Large,1,2,5.83579,12.901,Large,1
gasolpa01,Pau Gasol,2518,"Jul 18, 2014",2014,CHI,22.3,standard,1,UFA,0.35,0.378,0,0,0,free_agency,CHI,1,0,,1,2014,63.065,7.433,0.117868,-2.138192,2016,1,0,1,,,3,3.65475,9.441,Large,1,3,3.65475,9.441,Large,1
gasolpa01,Pau Gasol,2518,"Jul 14, 2016",2016,SAS,31.7,standard,1,UFA,0.35,0.364,0,0,0,free_agency,CHI,0,0,,1,2016,94.143,15.85,0.168361,-1.781645,2017,1,0,1,,15.5,31,1.0964,2.602,Small,0,3,3.65475,9.441,Large,1
gasolpa01,Pau Gasol,2518,"Jul 21, 2017",2017,SAS,48.8,standard,1,UFA,0.35,0.378,0,0,0,free_agency,SAS,1,0,,0,2017,99.093,16.267,0.164156,-1.806941,2019,1,0,1,,16.0,31,1.0964,2.602,Small,0,31,1.0964,2.602,Small,0
gasolpa01,Pau Gasol,2518,"Mar 03, 2019",2019,MIL,0.527,standard,1,UFA,0.35,0.35,0,0,0,free_agency,MIL,1,0,,0,2019,109.14,0.527,0.004829,-5.333186,2019,1,0,0,,0.463684,38,0.9449,1.586,Small,0,38,0.9449,1.586,Small,0
gasolpa01,Pau Gasol,2518,"Jul 24, 2019",2019,POR,2.56,standard,1,UFA,0.35,0.35,0,0,0,free_agency,MIL,0,0,,0,2019,109.14,2.56,0.023456,-3.752624,2019,1,0,0,,0.463684,23,1.27792,2.511,Small,0,38,0.9449,1.586,Small,0
gayru01,Rudy Gay,2534,"Jul 12, 2006",2006,MEM,4.65,standard,1,,0.25,0.26,0,0,0,free_agency,,,0,,6,2006,,2.325,,,2007,1,0,1,,,51,0.6663,1.358,Small,0,,,,,
gayru01,Rudy Gay,2534,"Jul 08, 2010",2010,MEM,82.3,standard,1,RFA,0.25,0.29,0,0,0,free_agency,MEM,1,0,,4,2010,,16.46,,,2014,1,0,1,,,51,0.6663,1.358,Small,0,51,0.6663,1.358,Small,0
gayru01,Rudy Gay,2534,"Nov 18, 2014",2014,SAC,40.0,extension,1,,0.3,0.324,0,0,0,extension,SAC,1,0,,3,2015,70.0,13.333,0.190476,-1.658228,2017,1,0,1,,,20,1.49792,2.453,Small,0,20,1.49792,2.453,Small,0
gayru01,Rudy Gay,2534,"Jul 06, 2017",2017,SAS,17.2,standard,1,UFA,0.35,0.364,0,0,0,free_agency,SAC,0,0,,2,2017,99.093,8.6,0.086787,-2.444297,2018,1,0,1,,8.406,31,1.0964,2.602,Small,0,20,1.49792,2.453,Small,0
gayru01,Rudy Gay,2534,"Jul 11, 2018",2018,SAS,10.0,standard,1,UFA,0.35,,0,0,0,free_agency,SAS,1,0,,1,2018,101.869,,,,,,,0,,10.0872,31,1.0964,2.602,Small,0,31,1.0964,2.602,Small,0
gayru01,Rudy Gay,2534,"Jul 08, 2019",2019,SAS,32.0,standard,1,UFA,0.35,0.364,0,0,0,free_agency,SAS,1,0,,1,2019,109.14,16.0,0.146601,-1.920043,2020,1,0,1,,14.0,31,1.0964,2.602,Small,0,31,1.0964,2.602,Small,0
gayru01,Rudy Gay,2534,"Aug 06, 2021",2021,UTH,18.55,standard,1,UFA,0.35,0.364,0,0,0,free_agency,SAS,0,1,,1,2021,112.414,9.275,0.082508,-2.494866,2022,1,0,1,,5.89,28,1.16352,1.266,Small,0,31,1.0964,2.602,Small,0
geeal01,Alonzo Gee,6486,"Dec 28, 2010",2010,CLE,1.39,standard,1,RFA,0.25,0.26,0,0,0,free_agency,CLE,1,0,,0,2010,,0.695,,,2011,1,0,1,,,19,1.55434,2.088,Medium,0,19,1.55434,2.088,Medium,0
geeal01,Alonzo Gee,6486,"Sep 30, 2014",2014,DEN,1.06,standard,1,RFA,0.25,0.25,0,0,0,free_agency,DEN,1,0,,0,2014,63.065,1.06,0.016808,-4.085897,2014,1,0,0,,,17,1.80627,3.038,Medium,0,17,1.80627,3.038,Medium,0
geeal01,Alonzo Gee,6486,"Jul 16, 2015",2015,NOP,2.7,standard,1,UFA,0.25,0.26,0,0,0,free_agency,NOP,1,0,,0,2015,70.0,1.35,0.019286,-3.948391,2016,1,0,1,,1.375,50,0.67279,1.29,Small,0,50,0.67279,1.29,Small,0
geeal01,Alonzo Gee,6486,"Jul 21, 2016",2016,NOP,1.4,standard,1,UFA,0.25,0.25,0,0,0,free_agency,NOP,1,0,,0,2016,94.143,1.4,0.014871,-4.208343,2016,1,0,0,,0.495227,50,0.67279,1.29,Small,0,50,0.67279,1.29,Small,0
geeal01,Alonzo Gee,6486,"Nov 16, 2016",2016,DEN,1.15,standard,1,UFA,0.25,0.25,0,0,0,free_agency,NOP,0,0,,0,2016,94.143,1.15,0.012215,-4.405053,2016,1,0,0,,0.495227,17,1.80627,3.038,Medium,0,50,0.67279,1.29,Small,0
georgke01,Keyonte George,82209,"Jul 02, 2023",2023,UTA,18.82,rookie-scale,1,,0.25,0.28,0,0,0,rookie_scale,UTA,1,0,,2,2023,136.021,4.705,0.03459,-3.364184,2026,0,1,0,,3.8898,28,1.16352,1.266,Small,0,28,1.16352,1.266,Small,0
georgky01,Kyshawn George,91765,"Jul 06, 2024",2024,WAS,14.34,rookie-scale,1,,0.25,0.28,0,0,0,rookie_scale,WAS,1,0,,1,2024,140.588,3.585,0.0255,-3.669075,2027,0,2,0,,2.82552,8,2.63064,6.385,Large,1,8,2.63064,6.385,Large,1
georgpa01,Paul George,6892,"Jul 01, 2010",2010,IND,10.5,standard,1,,0.25,0.28,0,0,0,free_agency,IND,1,0,,4,2010,,2.625,,,2013,1,0,1,,,25,1.23221,2.126,Small,0,25,1.23221,2.126,Small,0
georgpa01,Paul George,6892,"Sep 25, 2013",2013,IND,91.57,maximum,1,,0.25,0.29,0,1,0,extension,IND,1,0,,2,2014,63.065,18.314,0.290399,-1.2365,2018,1,0,1,,,25,1.23221,2.126,Small,0,25,1.23221,2.126,Small,0
georgpa01,Paul George,6892,"Jul 06, 2018",2018,OKC,136.9,maximum,1,UFA,0.3,0.336,0,1,0,free_agency,OKC,1,1,,1,2018,101.869,34.225,0.335971,-1.090731,2021,1,0,1,,30.5607,47,0.7627,1.435,Small,0,47,0.7627,1.435,Small,0
georgpa01,Paul George,6892,"Dec 10, 2020",2020,LAC,176.0,maximum,1,,0.35,0.392,0,1,0,extension,LAC,1,0,,1,2021,112.414,44.0,0.39141,-0.937999,2024,1,0,1,,35.450412,2,5.83579,12.901,Large,1,2,5.83579,12.901,Large,1
georgpa01,Paul George,6892,"Jul 06, 2024",2024,PHI,211.58,maximum,1,UFA,0.35,0.392,0,1,0,free_agency,LAC,0,1,,0,2024,140.588,52.895,0.376241,-0.977525,2027,0,2,1,,49.2058,5,3.14592,6.228,Large,1,2,5.83579,12.901,Large,1
gibsota01,Taj Gibson,6278,"Jul 08, 2009",2009,CHI,2.15,standard,1,,0.25,0.26,0,0,0,free_agency,CHI,1,0,,2,2009,,1.075,,,2010,1,0,1,,,3,3.65475,9.441,Large,1,3,3.65475,9.441,Large,1
gibsota01,Taj Gibson,6278,"Oct 31, 2012",2012,CHI,33.0,rookie-scale,1,,0.25,0.28,0,0,0,extension,CHI,1,0,,0,2013,,8.25,,,2016,1,0,1,,,3,3.65475,9.441,Large,1,3,3.65475,9.441,Large,1
gibsota01,Taj Gibson,6278,"Jul 10, 2017",2017,MIN,28.0,standard,1,UFA,0.3,0.312,0,0,0,free_agency,OKC,0,0,,0,2017,99.093,14.0,0.141281,-1.957001,2018,1,0,1,,14.0,16,1.88668,3.703,Medium,0,47,0.7627,1.435,Small,0
gibsota01,Taj Gibson,6278,"Jul 08, 2019",2019,NYK,20.0,standard,1,UFA,0.35,0.364,0,0,0,free_agency,MIN,0,0,,0,2019,109.14,10.0,0.091625,-2.390046,2020,1,0,1,,9.8,1,7.49451,19.113,Large,1,16,1.88668,3.703,Medium,0
gibsota01,Taj Gibson,6278,"Jan 07, 2021",2021,NYK,2.28,standard,1,UFA,0.35,0.35,0,0,0,rest_of_season,NYK,1,0,,0,2021,112.414,2.28,0.020282,-3.898013,2021,1,0,0,,4.91,1,7.49451,19.113,Large,1,1,7.49451,19.113,Large,1
gibsota01,Taj Gibson,6278,"Aug 18, 2021",2021,NYK,10.1,standard,1,UFA,0.35,0.364,0,0,0,free_agency,NYK,1,0,,0,2021,112.414,5.05,0.044923,-3.1028,2022,1,0,1,,4.91,1,7.49451,19.113,Large,1,1,7.49451,19.113,Large,1
gibsota01,Taj Gibson,6278,"Jul 19, 2022",2022,NYK,2.91,standard,1,UFA,0.35,0.35,0,0,0,free_agency,NYK,1,0,,0,2022,123.655,2.91,0.023533,-3.749342,2022,1,0,0,,1.83609,1,7.49451,19.113,Large,1,1,7.49451,19.113,Large,1
gibsota01,Taj Gibson,6278,"Jul 13, 2024",2024,CHA,3.3,standard,1,UFA,0.35,0.35,0,0,0,free_agency,DET,0,0,,0,2024,140.588,3.3,0.023473,-3.751911,2024,1,0,0,,2.087519,21,1.38202,2.66,Small,0,14,1.94075,4.365,Medium,0
gibsota01,Taj Gibson,6278,"Feb 26, 2026",2026,MEM,4.78,standard,1,UFA,0.35,0.364,0,0,0,rest_of_season,MEM,1,0,,0,2026,170.1117,2.39,0.01405,-4.265162,2027,0,2,0,,,51,0.6663,1.358,Small,0,51,0.6663,1.358,Small,0
giddejo01,Josh Giddey,74113,"Aug 07, 2021",2021,OKC,27.21,rookie-scale,1,,0.25,0.28,0,0,0,rookie_scale,OKC,1,0,,2,2021,112.414,6.803,0.060513,-2.804898,2024,1,0,0,,5.988,47,0.7627,1.435,Small,0,47,0.7627,1.435,Small,0
giddejo01,Josh Giddey,74113,"Sep 24, 2025",2025,CHI,100.0,standard,1,RFA,0.25,0.28,0,0,0,free_agency,CHI,1,0,,0,2025,154.647,25.0,0.161658,-1.822269,2028,0,3,1,,25.0,3,3.65475,9.441,Large,1,3,3.65475,9.441,Large,1
gilesha01,Harry Giles,23615,"Jul 03, 2017",2017,SAC,10.62,rookie-scale,1,,0.25,0.28,0,0,0,rookie_scale,SAC,1,0,,2,2017,99.093,2.655,0.026793,-3.619614,2020,1,0,0,,1.8594,20,1.49792,2.453,Small,0,20,1.49792,2.453,Small,0
gilesha01,Harry Giles,23615,"Nov 22, 2020",2020,POR,1.68,standard,1,RFA,0.25,0.25,0,0,0,free_agency,SAC,0,0,,0,2020,109.14,1.68,0.015393,-4.173838,2020,1,0,0,,1.620564,23,1.27792,2.511,Small,0,20,1.49792,2.453,Small,0
gilgesh01,Shai Gilgeous-Alexander,26977,"Jul 04, 2018",2018,LAC,16.97,rookie-scale,1,,0.25,0.28,0,0,0,rookie_scale,LAC,1,0,,2,2018,101.869,4.242,0.041647,-3.178535,2021,1,0,0,,3.37536,2,5.83579,12.901,Large,1,2,5.83579,12.901,Large,1
gilgesh01,Shai Gilgeous-Alexander,26977,"Aug 06, 2021",2021,OKC,179.3,maximum,1,,0.25,0.29,0,1,0,extension,OKC,1,0,,0,2022,123.655,35.86,0.29,-1.237873,2026,0,1,1,,5.495532,47,0.7627,1.435,Small,0,47,0.7627,1.435,Small,0
gilgesh01,Shai Gilgeous-Alexander,26977,"Jul 07, 2025",2025,OKC,271.66,extension,1,,0.35,0.392,1,0,1,extension,OKC,1,1,,0,2026,170.1117,67.915,0.399238,-0.918198,2029,0,4,1,,38.33305,47,0.7627,1.435,Small,0,47,0.7627,1.435,Small,0
gillan01,Anthony Gill,70741,"Nov 30, 2020",2020,WAS,2.4,standard,1,,0.25,0.26,0,0,0,free_agency,WAS,1,0,,0,2020,109.14,1.2,0.010995,-4.51031,2021,1,0,1,,0.89831,8,2.63064,6.385,Large,1,8,2.63064,6.385,Large,1
gillan01,Anthony Gill,70741,"Jul 01, 2022",2022,WAS,3.83,standard,1,RFA,0.25,0.26,0,0,0,free_agency,WAS,1,0,,0,2022,123.655,1.915,0.015487,-4.167778,2023,1,0,1,,1.83609,8,2.63064,6.385,Large,1,8,2.63064,6.385,Large,1
gillan01,Anthony Gill,70741,"Jul 25, 2024",2024,WAS,4.78,standard,1,RFA,0.25,0.26,0,0,0,free_agency,WAS,1,0,,0,2024,140.588,2.39,0.017,-4.07454,2025,1,0,1,,2.237691,8,2.63064,6.385,Large,1,8,2.63064,6.385,Large,1
gillan01,Anthony Gill,70741,"Aug 07, 2025",2025,WAS,2.67,standard,1,UFA,0.25,0.25,0,0,0,free_agency,WAS,1,0,,0,2025,154.647,2.67,0.017265,-4.059067,2025,1,0,0,,2.296274,8,2.63064,6.385,Large,1,8,2.63064,6.385,Large,1
gilleco01,Collin Gillespie,78276,"Jul 02, 2025",2025,PHX,2.38,standard,1,RFA,0.25,0.25,0,0,0,free_agency,PHX,1,0,,0,2025,154.647,2.38,0.01539,-4.174045,2025,1,0,0,,2.296274,12,2.1982,5.059,Large,0,12,2.1982,5.059,Large,0
gilleco01,Collin Gillespie,78276,"Jul 07, 2026",2026,PHX,48.0,standard,1,RFA,0.25,0.28,0,0,0,free_agency,PHX,1,0,,0,2026,170.1117,12.0,0.070542,-2.651549,2029,0,4,1,,,12,2.1982,5.059,Large,0,12,2.1982,5.059,Large,0
gillefr01,Freddie Gillespie,70712,"Apr 28, 2021",2021,TOR,3.7,standard,1,RFA,0.25,0.26,0,0,0,rest_of_season,TOR,1,0,,0,2021,112.414,1.85,0.016457,-4.107003,2022,1,0,0,,0.171156,,,6.202,Large,1,,,6.202,Large,1
ginobma01,Manu Ginóbili,2705,"Jul 18, 2002",2002,SAS,2.782,standard,1,RFA,0.25,0.26,0,0,0,free_agency,SAS,1,0,,0,2002,,1.391,,,2003,1,0,1,,,31,1.0964,2.602,Small,0,31,1.0964,2.602,Small,0
ginobma01,Manu Ginóbili,2705,"Jul 15, 2004",2004,SAS,52.0,standard,1,UFA,0.25,0.3,0,0,0,free_agency,SAS,1,0,,0,2004,,8.667,,,2009,1,0,1,,,31,1.0964,2.602,Small,0,31,1.0964,2.602,Small,0
ginobma01,Manu Ginóbili,2705,"Jul 11, 2013",2013,SAS,14.5,standard,1,UFA,0.35,0.364,0,0,0,free_agency,SAS,1,0,,0,2013,,7.25,,,2014,1,0,1,,,31,1.0964,2.602,Small,0,31,1.0964,2.602,Small,0
ginobma01,Manu Ginóbili,2705,"Jul 20, 2015",2015,SAS,5.75,standard,1,UFA,0.35,0.364,0,0,0,free_agency,SAS,1,0,,0,2015,70.0,2.875,0.041071,-3.192443,2016,1,0,1,,2.814,31,1.0964,2.602,Small,0,31,1.0964,2.602,Small,0
ginobma01,Manu Ginóbili,2705,"Jul 14, 2016",2016,SAS,14.0,standard,1,UFA,0.35,0.35,0,0,0,free_agency,SAS,1,0,,0,2016,94.143,14.0,0.14871,-1.905758,2016,1,0,0,,14.0,31,1.0964,2.602,Small,0,31,1.0964,2.602,Small,0
goberru01,Rudy Gobert,13340,"Jul 06, 2013",2013,UTH,5.5,standard,1,,0.25,0.28,0,0,0,free_agency,UTH,1,0,,3,2013,,1.375,,,2016,1,0,1,,,28,1.16352,1.266,Small,0,28,1.16352,1.266,Small,0
goberru01,Rudy Gobert,13340,"Oct 31, 2016",2016,UTH,102.0,extension,1,,0.25,0.28,0,0,0,extension,UTA,0,0,,1,2017,99.093,25.5,0.257334,-1.35738,2020,1,0,1,,2.121288,28,1.16352,1.266,Small,0,28,1.16352,1.266,Small,0
goberru01,Rudy Gobert,13340,"Dec 20, 2020",2020,UTH,205.0,extension,1,,0.3,0.348,1,0,0,extension,UTA,0,1,,1,2021,112.414,41.0,0.364723,-1.008616,2025,1,0,1,,27.525281,28,1.16352,1.266,Small,0,28,1.16352,1.266,Small,0
goberru01,Rudy Gobert,13340,"Oct 24, 2024",2024,MIN,109.5,extension,1,,0.35,0.378,0,0,0,extension,MIN,1,1,,0,2025,154.647,36.5,0.236021,-1.443833,2027,0,2,1,,43.827586,16,1.88668,3.703,Medium,0,16,1.88668,3.703,Medium,0
gonzahu01,Hugo González,98623,"Jul 01, 2025",2025,BOS,14.3,rookie-scale,1,,0.25,0.28,0,0,0,rookie_scale,BOS,1,0,,0,2025,154.647,3.575,0.023117,-3.76718,2028,0,3,0,,2.78388,9,2.58446,4.899,Large,1,9,2.58446,4.899,Large,1
goodwar01,Archie Goodwin,13342,"Jul 14, 2013",2013,PHX,2.18,standard,1,,0.25,0.26,0,0,0,free_agency,PHX,1,0,,2,2013,,1.09,,,2014,1,0,1,,,12,2.1982,5.059,Large,0,12,2.1982,5.059,Large,0
goodwar01,Archie Goodwin,13342,"Nov 07, 2016",2016,NOP,2.03,standard,1,RFA,0.25,0.26,0,0,0,free_agency,PHX,0,0,,0,2016,94.143,1.015,0.010781,-4.529926,2017,1,0,1,,0.0956,50,0.67279,1.29,Small,0,12,2.1982,5.059,Large,0
goodwar01,Archie Goodwin,13342,"Apr 04, 2017",2017,BKN,1.65,standard,1,RFA,0.25,0.26,0,0,0,free_agency,NOP,0,0,,0,2017,99.093,0.825,0.008326,-4.788431,2018,1,0,1,,,1,7.49451,19.113,Large,1,50,0.67279,1.29,Small,0
goodwjo01,Jordan Goodwin,74333,"Feb 24, 2023",2023,WAS,4.92,two-way,1,RFA,0.25,0.27,0,0,0,rest_of_season,WAS,1,0,,1,2023,136.021,1.64,0.012057,-4.418113,2025,1,0,0,,0.116075,8,2.63064,6.385,Large,1,8,2.63064,6.385,Large,1
goodwjo01,Jordan Goodwin,74333,"Jul 07, 2026",2026,PHX,19.0,standard,1,UFA,0.25,0.27,0,0,0,free_agency,PHX,1,0,,0,2026,170.1117,6.333,0.03723,-3.290629,2028,0,3,1,,,12,2.1982,5.059,Large,0,12,2.1982,5.059,Large,0
gordoaa01,Aaron Gordon,15356,"Jul 02, 2014",2014,ORL,8.16,standard,1,,0.25,0.26,0,0,0,free_agency,ORL,1,0,,3,2014,63.065,4.08,0.064695,-2.738069,2015,1,0,1,,,15,1.90242,2.673,Medium,0,15,1.90242,2.673,Medium,0
gordoaa01,Aaron Gordon,15356,"Jul 06, 2018",2018,ORL,80.0,standard,1,RFA,0.25,0.28,0,0,0,free_agency,ORL,1,0,,1,2018,101.869,20.0,0.196331,-1.627955,2021,1,0,1,,21.590909,15,1.90242,2.673,Medium,0,15,1.90242,2.673,Medium,0
gordoaa01,Aaron Gordon,15356,"Sep 27, 2021",2021,DEN,86.6,extension,1,,0.3,0.336,0,0,0,extension,DEN,1,1,,1,2022,123.655,21.65,0.175084,-1.74249,2025,1,0,1,,16.409091,17,1.80627,3.038,Medium,0,17,1.80627,3.038,Medium,0
gordoaa01,Aaron Gordon,15356,"Oct 21, 2024",2024,DEN,103.6,extension,1,,0.35,0.378,0,0,0,extension,DEN,1,1,,0,2025,154.647,34.533,0.223304,-1.49922,2027,0,2,1,,22.841455,17,1.80627,3.038,Medium,0,17,1.80627,3.038,Medium,0
gordoer01,Eric Gordon,6116,"Jul 02, 2008",2008,LAC,5.44,standard,1,,0.25,0.26,0,0,0,free_agency,LAC,1,0,,5,2008,,2.72,,,2009,1,0,1,,,2,5.83579,12.901,Large,1,2,5.83579,12.901,Large,1
gordoer01,Eric Gordon,6116,"Jul 14, 2012",2012,NOH,58.4,standard,1,RFA,0.25,0.28,0,0,0,free_agency,NOH,1,0,,3,2012,,14.6,,,2015,1,0,1,,,50,0.67279,1.29,Small,0,50,0.67279,1.29,Small,0
gordoer01,Eric Gordon,6116,"Jul 09, 2016",2016,HOU,53.0,standard,1,UFA,0.3,0.336,0,0,0,free_agency,NOP,0,0,,2,2016,94.143,13.25,0.140743,-1.960817,2019,1,0,1,,12.385364,6,2.79742,7.206,Large,1,50,0.67279,1.29,Small,0
gordoer01,Eric Gordon,6116,"Sep 03, 2019",2019,HOU,75.6,extension,1,,0.35,0.392,0,0,0,extension,HOU,1,0,,2,2020,109.14,18.9,0.173172,-1.75347,2023,1,0,1,,14.05773,6,2.79742,7.206,Large,1,6,2.79742,7.206,Large,1
gordoer01,Eric Gordon,6116,"Jul 06, 2023",2023,PHX,6.55,standard,1,UFA,0.35,0.364,0,0,0,free_agency,LAC,0,0,,2,2023,136.021,3.275,0.024077,-3.726491,2024,1,0,1,,3.196448,12,2.1982,5.059,Large,0,2,5.83579,12.901,Large,1
gordoer01,Eric Gordon,6116,"Jul 10, 2024",2024,PHI,6.77,standard,1,UFA,0.35,0.364,0,0,0,free_agency,PHX,0,1,,1,2024,140.588,3.385,0.024077,-3.72648,2025,1,0,1,,3.303771,5,3.14592,6.228,Large,1,12,2.1982,5.059,Large,0
gordoer01,Eric Gordon,6116,"Jul 02, 2025",2025,PHI,6.36,standard,1,UFA,0.35,0.35,0,0,0,free_agency,PHI,1,0,,0,2025,154.647,6.36,0.041126,-3.191117,2025,1,0,0,,2.296274,5,3.14592,6.228,Large,1,5,3.14592,6.228,Large,1
gortama01,Marcin Gortat,2639,"Aug 02, 2007",2007,ORL,1.13,standard,1,RFA,0.25,0.26,0,0,0,free_agency,ORL,1,0,,0,2007,,0.565,,,2008,1,0,1,,,15,1.90242,2.673,Medium,0,15,1.90242,2.673,Medium,0
gortama01,Marcin Gortat,2639,"Jul 08, 2009",2009,DAL,34.0,standard,1,RFA,0.25,0.29,0,0,0,free_agency,DAL,1,0,,0,2009,,6.8,,,2013,1,0,1,,,4,3.26449,7.943,Large,1,4,3.26449,7.943,Large,1
gortama01,Marcin Gortat,2639,"Jul 10, 2014",2014,WAS,60.0,standard,1,UFA,0.25,0.29,0,0,0,free_agency,WAS,1,0,,0,2014,63.065,12.0,0.19028,-1.659259,2018,1,0,1,,,8,2.63064,6.385,Large,1,8,2.63064,6.385,Large,1
grahade01,Devonte' Graham,27000,"Jul 06, 2018",2018,CHA,4.07,standard,1,,0.25,0.27,0,0,0,free_agency,CHA,1,0,,0,2018,101.869,1.357,0.013318,-4.318657,2020,1,0,1,,0.988464,21,1.38202,2.66,Small,0,21,1.38202,2.66,Small,0
grahade01,Devonte' Graham,27000,"Aug 07, 2021",2021,CHA,47.3,standard,1,RFA,0.25,0.28,0,0,0,sign_and_trade,CHA,1,0,,0,2021,112.414,11.825,0.105192,-2.251973,2024,1,0,1,,11.0,21,1.38202,2.66,Small,0,21,1.38202,2.66,Small,0
grahade01,Devonte' Graham,27000,"Jul 31, 2024",2024,POR,2.61,standard,1,UFA,0.25,0.25,0,0,0,free_agency,SAS,0,0,,0,2024,140.588,2.61,0.018565,-3.986483,2024,1,0,0,,2.85,23,1.27792,2.511,Small,0,31,1.0964,2.602,Small,0
grahatr01,Treveon Graham,18124,"Aug 17, 2015",2015,UTH,0.525,standard,1,,,,0,0,0,free_agency,UTA,0,0,,0,2015,70.0,0.525,0.0075,-4.892852,2015,1,0,0,,0.075,28,1.16352,1.266,Small,0,28,1.16352,1.266,Small,0
grahatr01,Treveon Graham,18124,"Jul 26, 2016",2016,CHA,0.543,standard,1,,0.25,0.25,0,0,0,free_agency,UTA,0,0,,0,2016,94.143,0.543,0.005768,-5.155461,2016,1,0,0,,0.543471,21,1.38202,2.66,Small,0,28,1.16352,1.266,Small,0
grahatr01,Treveon Graham,18124,"Jul 30, 2018",2018,BKN,3.16,standard,1,UFA,0.25,0.26,0,0,0,free_agency,CHA,0,0,,0,2018,101.869,1.58,0.01551,-4.166263,2019,1,0,1,,1.512601,1,7.49451,19.113,Large,1,21,1.38202,2.66,Small,0
grantje01,Jerami Grant,15391,"Sep 29, 2014",2014,PHI,2.7,standard,1,,0.25,0.27,0,0,0,free_agency,PHI,1,0,,1,2014,63.065,0.9,0.014271,-4.249526,2016,1,0,1,,,5,3.14592,6.228,Large,1,5,3.14592,6.228,Large,1
grantje01,Jerami Grant,15391,"Jul 10, 2018",2018,OKC,27.0,standard,1,RFA,0.25,0.27,0,0,0,free_agency,OKC,1,1,,0,2018,101.869,9.0,0.088349,-2.426463,2020,1,0,1,,8.653847,47,0.7627,1.435,Small,0,47,0.7627,1.435,Small,0
grantje01,Jerami Grant,15391,"Nov 22, 2020",2020,DEN,60.0,standard,1,UFA,0.25,0.27,0,0,0,sign_and_trade,DEN,1,0,,0,2020,109.14,20.0,0.183251,-1.696899,2022,1,0,1,,19.05,17,1.80627,3.038,Medium,0,17,1.80627,3.038,Medium,0
grantje01,Jerami Grant,15391,"Jul 09, 2023",2023,POR,160.0,standard,1,UFA,0.3,0.348,0,0,0,free_agency,POR,1,1,,0,2023,136.021,32.0,0.235258,-1.447073,2027,0,2,1,,27.586207,23,1.27792,2.511,Small,0,23,1.27792,2.511,Small,0
grantje02,Jerian Grant,17847,"Jul 30, 2015",2015,NYK,3.22,standard,1,,0.25,0.26,0,0,0,free_agency,NYK,1,0,,2,2015,70.0,1.61,0.023,-3.772261,2016,1,0,1,,1.57236,1,7.49451,19.113,Large,1,1,7.49451,19.113,Large,1
grantje02,Jerian Grant,17847,"Nov 30, 2020",2020,HOU,4.0,standard,1,UFA,0.25,0.26,0,0,0,free_agency,WAS,0,0,,0,2020,109.14,2.0,0.018325,-3.999484,2021,1,0,1,,0.05,6,2.79742,7.206,Large,1,8,2.63064,6.385,Large,1
greenaj01,A.J. Green,78250,"Jul 07, 2023",2023,MIL,6.32,standard,1,RFA,0.25,0.27,0,0,0,free_agency,MIL,1,0,,0,2023,136.021,2.107,0.015488,-4.167702,2025,1,0,1,,1.901769,38,0.9449,1.586,Small,0,38,0.9449,1.586,Small,0
greenaj01,A.J. Green,78250,"Oct 17, 2025",2025,MIL,45.0,extension,1,,0.25,0.28,0,0,0,extension,MIL,1,0,,0,2026,170.1117,11.25,0.066133,-2.716087,2029,0,4,1,,2.301587,38,0.9449,1.586,Small,0,38,0.9449,1.586,Small,0
greenda02,Danny Green,6277,"Aug 25, 2009",2009,CLE,1.21,standard,1,,0.25,0.26,0,0,0,free_agency,CLE,1,0,,1,2009,,0.605,,,2010,1,0,1,,,19,1.55434,2.088,Medium,0,19,1.55434,2.088,Medium,0
greenda02,Danny Green,6277,"Nov 17, 2010",2010,SAS,1.62,standard,1,RFA,0.25,0.26,0,0,0,free_agency,SAS,1,0,,1,2010,,0.81,,,2011,1,0,1,,,31,1.0964,2.602,Small,0,31,1.0964,2.602,Small,0
greenda02,Danny Green,6277,"Mar 16, 2011",2011,SAS,0.948,standard,1,RFA,0.25,0.26,0,0,0,free_agency,SAS,1,0,,1,2011,,0.474,,,2012,1,0,1,,,31,1.0964,2.602,Small,0,31,1.0964,2.602,Small,0
greenda02,Danny Green,6277,"Jul 16, 2012",2012,SAS,11.2875,standard,1,RFA,0.25,0.27,0,0,0,free_agency,SAS,1,0,,1,2012,,3.762,,,2014,1,0,1,,,31,1.0964,2.602,Small,0,31,1.0964,2.602,Small,0
greenda02,Danny Green,6277,"Jul 14, 2015",2015,SAS,40.0,extension,1,,0.3,0.336,0,0,0,extension,SAS,1,0,,1,2016,94.143,10.0,0.106221,-2.24223,2019,1,0,1,,10.0,31,1.0964,2.602,Small,0,31,1.0964,2.602,Small,0
greenda02,Danny Green,6277,"Aug 07, 2021",2021,PHI,20.0,standard,1,UFA,0.35,0.364,0,0,0,free_agency,PHI,1,0,,0,2021,112.414,10.0,0.088957,-2.419603,2022,1,0,1,,10.0,5,3.14592,6.228,Large,1,5,3.14592,6.228,Large,1
greenda02,Danny Green,6277,"Sep 13, 2023",2023,PHI,3.2,standard,1,UFA,0.35,0.35,0,0,0,free_agency,CLE,0,0,,0,2023,136.021,3.2,0.023526,-3.749658,2023,1,0,0,,0.2,5,3.14592,6.228,Large,1,19,1.55434,2.088,Medium,0
greendr01,Draymond Green,10860,"Jul 30, 2012",2012,GSW,2.64,standard,1,,0.25,0.27,0,0,0,free_agency,GSW,1,0,,2,2012,,0.88,,,2014,1,0,1,,,10,2.54248,4.749,Large,1,10,2.54248,4.749,Large,1
greendr01,Draymond Green,10860,"Aug 03, 2019",2019,GSW,99.67,extension,1,,0.3,0.336,0,0,0,extension,GSW,1,0,,2,2020,109.14,24.918,0.228308,-1.477061,2023,1,0,1,,18.53913,10,2.54248,4.749,Large,1,10,2.54248,4.749,Large,1
greendr01,Draymond Green,10860,"Jul 08, 2023",2023,GSW,100.0,standard,1,UFA,0.35,0.392,0,0,0,free_agency,GSW,1,1,,1,2023,136.021,25.0,0.183795,-1.693933,2026,0,1,1,,22.321429,10,2.54248,4.749,Large,1,10,2.54248,4.749,Large,1
greendr01,Draymond Green,10860,"Jul 29, 2026",2026,GSW,27.7,standard,1,UFA,0.35,0.35,0,0,0,free_agency,GSW,1,0,,0,2026,170.1117,27.7,0.162834,-1.815023,2026,0,1,0,,,10,2.54248,4.749,Large,1,10,2.54248,4.749,Large,1
greenge01,Gerald Green,6100,"Jul 03, 2005",2005,BOS,2.6,standard,1,,0.25,0.26,0,0,0,free_agency,BOS,1,0,,1,2005,,1.3,,,2006,1,0,1,,,9,2.58446,4.899,Large,1,9,2.58446,4.899,Large,1
greenge01,Gerald Green,6100,"Jul 02, 2008",2008,DAL,0.854957,standard,1,RFA,0.25,,0,0,0,free_agency,DAL,1,0,,0,2008,,,,,,,,0,,,4,3.26449,7.943,Large,1,4,3.26449,7.943,Large,1
greenge01,Gerald Green,6100,"Jul 12, 2012",2012,IND,10.5,standard,1,UFA,0.25,0.27,0,0,0,free_agency,IND,1,0,,0,2012,,3.5,,,2014,1,0,1,,,25,1.23221,2.126,Small,0,25,1.23221,2.126,Small,0
greenge01,Gerald Green,6100,"Jul 09, 2015",2015,MIA,1.35,standard,1,UFA,0.3,0.3,0,0,0,free_agency,MIA,1,0,,0,2015,70.0,1.35,0.019286,-3.948391,2015,1,0,0,,1.356,18,1.75692,6.266,Medium,0,18,1.75692,6.266,Medium,0
greenge01,Gerald Green,6100,"Jul 27, 2016",2016,BOS,1.4,standard,1,UFA,0.35,0.35,0,0,0,free_agency,MIA,0,0,,0,2016,94.143,1.4,0.014871,-4.208343,2016,1,0,0,,1.410598,9,2.58446,4.899,Large,1,18,1.75692,6.266,Medium,0
greenge01,Gerald Green,6100,"Dec 28, 2017",2017,HOU,1.38,standard,1,UFA,0.35,0.35,0,0,0,free_agency,BOS,0,0,,0,2017,99.093,1.38,0.013926,-4.273975,2017,1,0,0,,0.872854,6,2.79742,7.206,Large,1,9,2.58446,4.899,Large,1
greenge01,Gerald Green,6100,"Jul 09, 2018",2018,HOU,2.4,standard,1,UFA,0.35,,0,0,0,free_agency,HOU,1,0,,0,2018,101.869,,,,,,,0,,2.393887,6,2.79742,7.206,Large,1,6,2.79742,7.206,Large,1
greenge01,Gerald Green,6100,"Nov 30, 2020",2020,HOU,2.56,standard,1,UFA,0.35,0.35,0,0,0,free_agency,DEN,0,0,,0,2020,109.14,2.56,0.023456,-3.752624,2020,1,0,0,,,6,2.79742,7.206,Large,1,17,1.80627,3.038,Medium,0
greenja01,JaMychal Green,11666,"Sep 25, 2013",2013,LAC,0.49018,standard,1,,,,0,0,0,free_agency,LAC,1,0,,2,2013,,0.49,,,2013,1,0,0,,,2,5.83579,12.901,Large,1,2,5.83579,12.901,Large,1
greenja01,JaMychal Green,11666,"Aug 05, 2014",2014,SAS,1.35,standard,1,,0.25,0.26,0,0,0,free_agency,SAS,1,0,,2,2014,63.065,0.675,0.010703,-4.537209,2015,1,0,1,,,31,1.0964,2.602,Small,0,31,1.0964,2.602,Small,0
greenja01,JaMychal Green,11666,"Sep 27, 2017",2017,MEM,16.2,standard,1,RFA,0.25,0.26,0,0,0,free_agency,MEM,1,0,,2,2017,99.093,8.1,0.081741,-2.504195,2018,1,0,1,,8.533333,51,0.6663,1.358,Small,0,51,0.6663,1.358,Small,0
greenja01,JaMychal Green,11666,"Jul 18, 2019",2019,LAC,9.77,standard,1,RFA,0.25,0.26,0,0,0,free_agency,LAC,1,1,,2,2019,109.14,4.885,0.044759,-3.106462,2020,1,0,1,,4.767,2,5.83579,12.901,Large,1,2,5.83579,12.901,Large,1
greenja01,JaMychal Green,11666,"Nov 30, 2020",2020,DEN,14.76,standard,1,UFA,0.25,0.26,0,0,0,free_agency,LAC,0,0,,1,2020,109.14,7.38,0.06762,-2.693858,2021,1,0,1,,7.19976,17,1.80627,3.038,Medium,0,2,5.83579,12.901,Large,1
greenja01,JaMychal Green,11666,"Aug 19, 2021",2021,DEN,16.4,standard,1,UFA,0.25,0.26,0,0,0,free_agency,DEN,1,0,,1,2021,112.414,8.2,0.072945,-2.618054,2022,1,0,1,,8.2,17,1.80627,3.038,Medium,0,17,1.80627,3.038,Medium,0
greenja02,Javonte Green,32409,"Jul 18, 2019",2019,BOS,2.4,standard,1,,0.25,0.26,0,0,0,free_agency,BOS,1,0,,0,2019,109.14,1.2,0.010995,-4.51031,2020,1,0,1,,0.89831,9,2.58446,4.899,Large,1,9,2.58446,4.899,Large,1
greenja02,Javonte Green,32409,"Aug 11, 2021",2021,CHI,3.48,standard,1,RFA,0.25,0.26,0,0,0,free_agency,CHI,1,0,,0,2021,112.414,1.74,0.015478,-4.168303,2022,1,0,1,,1.669178,3,3.65475,9.441,Large,1,3,3.65475,9.441,Large,1
greenja02,Javonte Green,32409,"Aug 22, 2024",2024,NOP,2.43,standard,1,UFA,0.25,0.25,0,0,0,free_agency,CHI,0,0,,0,2024,140.588,2.43,0.017285,-4.057942,2024,1,0,0,,0.599862,50,0.67279,1.29,Small,0,3,3.65475,9.441,Large,1
greenja02,Javonte Green,32409,"Aug 14, 2025",2025,DET,2.87,standard,1,UFA,0.25,0.25,0,0,0,free_agency,CLE,0,0,,0,2025,154.647,2.87,0.018558,-3.986833,2025,1,0,0,,2.296274,14,1.94075,4.365,Medium,0,19,1.55434,2.088,Medium,0
greenja02,Javonte Green,32409,"Jul 08, 2026",2026,DET,3.94,standard,1,UFA,0.3,0.3,0,0,0,free_agency,DET,1,0,,0,2026,170.1117,3.94,0.023161,-3.765275,2026,0,1,0,,,14,1.94075,4.365,Medium,0,14,1.94075,4.365,Medium,0
greenja05,Jalen Green,74109,"Aug 04, 2021",2021,HOU,40.8,rookie-scale,1,,0.25,0.28,0,0,0,rookie_scale,HOU,1,0,,2,2021,112.414,10.2,0.090736,-2.399801,2024,1,0,0,,8.9922,6,2.79742,7.206,Large,1,6,2.79742,7.206,Large,1
greenja05,Jalen Green,74109,"Oct 21, 2024",2024,HOU,105.33,rookie-scale,1,,0.25,0.27,0,0,0,extension,HOU,1,1,,0,2025,154.647,35.11,0.227033,-1.482659,2027,0,2,1,,12.483048,6,2.79742,7.206,Large,1,6,2.79742,7.206,Large,1
greenje02,Jeff Green,2720,"Jul 02, 2007",2007,SEA,6.35,standard,1,,0.25,0.26,0,0,0,free_agency,SEA,1,0,,5,2007,,3.175,,,2008,1,0,1,,,13,2.09824,4.04,Large,0,13,2.09824,4.04,Large,0
greenje02,Jeff Green,2720,"Dec 10, 2011",2011,BOS,9.0,standard,1,RFA,0.25,0.25,0,0,0,free_agency,BOS,1,0,,3,2011,,9.0,,,2011,1,0,0,,,9,2.58446,4.899,Large,1,9,2.58446,4.899,Large,1
greenje02,Jeff Green,2720,"Aug 22, 2012",2012,BOS,35.2,standard,1,UFA,0.25,0.28,0,0,0,free_agency,BOS,1,0,,3,2012,,8.8,,,2015,1,0,1,,,9,2.58446,4.899,Large,1,9,2.58446,4.899,Large,1
greenje02,Jeff Green,2720,"Jul 07, 2016",2016,ORL,15.0,standard,1,UFA,0.3,0.3,0,0,0,free_agency,LAC,0,0,,2,2016,94.143,15.0,0.159332,-1.836765,2016,1,0,0,,15.0,15,1.90242,2.673,Medium,0,2,5.83579,12.901,Large,1
greenje02,Jeff Green,2720,"Jul 11, 2017",2017,CLE,2.3,standard,1,UFA,0.35,0.35,0,0,0,free_agency,ORL,0,0,,2,2017,99.093,2.3,0.023211,-3.76315,2017,1,0,0,,2.116955,19,1.55434,2.088,Medium,0,15,1.90242,2.673,Medium,0
greenje02,Jeff Green,2720,"Jul 10, 2018",2018,WAS,2.39,standard,1,UFA,0.35,0.35,0,0,0,free_agency,CLE,0,0,,2,2018,101.869,2.39,0.023462,-3.752394,2018,1,0,0,,2.393887,8,2.63064,6.385,Large,1,19,1.55434,2.088,Medium,0
greenje02,Jeff Green,2720,"Jul 20, 2019",2019,UTH,2.56,standard,1,UFA,0.35,0.35,0,0,0,free_agency,WAS,0,0,,2,2019,109.14,2.56,0.023456,-3.752624,2019,1,0,0,,0.840427,28,1.16352,1.266,Small,0,8,2.63064,6.385,Large,1
greenje02,Jeff Green,2720,"Nov 23, 2020",2020,BKN,2.56,standard,1,UFA,0.35,0.35,0,0,0,free_agency,HOU,0,0,,2,2020,109.14,2.56,0.023456,-3.752624,2020,1,0,0,,2.564753,1,7.49451,19.113,Large,1,6,2.79742,7.206,Large,1
greenje02,Jeff Green,2720,"Aug 11, 2021",2021,DEN,9.0,standard,1,UFA,0.35,0.364,0,0,0,free_agency,BKN,0,0,,2,2021,112.414,4.5,0.040031,-3.218111,2022,1,0,1,,4.5,17,1.80627,3.038,Medium,0,1,7.49451,19.113,Large,1
greenje02,Jeff Green,2720,"Jul 06, 2023",2023,HOU,16.0,standard,1,UFA,0.35,0.364,0,0,0,free_agency,DEN,0,0,,1,2023,136.021,8.0,0.058814,-2.833368,2024,1,0,1,,9.6,6,2.79742,7.206,Large,1,17,1.80627,3.038,Medium,0
greenje02,Jeff Green,2720,"Jul 09, 2025",2025,HOU,3.63,standard,1,UFA,0.35,0.35,0,0,0,free_agency,HOU,1,0,,0,2025,154.647,3.63,0.023473,-3.751912,2025,1,0,0,,2.296274,6,2.79742,7.206,Large,1,6,2.79742,7.206,Large,1
greenjo02,Josh Green,70660,"Nov 30, 2020",2020,DAL,13.64,rookie-scale,1,,0.25,0.28,0,0,0,rookie_scale,DAL,1,0,,2,2020,109.14,3.41,0.031244,-3.465919,2023,1,0,0,,2.81676,4,3.26449,7.943,Large,1,4,3.26449,7.943,Large,1
greenjo02,Josh Green,70660,"Oct 23, 2023",2023,DAL,41.0,extension,1,,0.25,0.27,0,0,0,extension,DAL,1,0,,0,2024,140.588,13.667,0.097211,-2.330874,2026,0,1,1,,4.765339,4,3.26449,7.943,Large,1,4,3.26449,7.943,Large,1
griffaj01,AJ Griffin,78119,"Jul 03, 2022",2022,ATL,17.1,rookie-scale,1,,0.25,0.28,0,0,0,rookie_scale,ATL,1,0,,1,2022,123.655,4.275,0.034572,-3.364711,2025,1,0,0,,3.53616,7,2.75817,6.144,Large,1,7,2.75817,6.144,Large,1
griffbl01,Blake Griffin,6501,"Jul 08, 2009",2009,LAC,23.3,standard,1,,0.25,0.28,0,0,0,free_agency,LAC,1,0,,3,2009,,5.825,,,2012,1,0,1,,,2,5.83579,12.901,Large,1,2,5.83579,12.901,Large,1
griffbl01,Blake Griffin,6501,"Jul 11, 2012",2012,LAC,94.5,maximum,1,,0.25,0.29,0,1,0,extension,LAC,1,0,,1,2013,,18.9,,,2017,1,0,1,,,2,5.83579,12.901,Large,1,2,5.83579,12.901,Large,1
griffbl01,Blake Griffin,6501,"Jul 17, 2017",2017,LAC,171.2,standard,1,UFA,0.3,0.348,0,0,0,free_agency,LAC,1,0,,0,2017,99.093,34.24,0.345534,-1.062664,2021,1,0,1,,29.7279,2,5.83579,12.901,Large,1,2,5.83579,12.901,Large,1
griffbl01,Blake Griffin,6501,"Aug 09, 2021",2021,BKN,2.64,standard,1,UFA,0.35,0.35,0,0,0,free_agency,BKN,1,0,,0,2021,112.414,2.64,0.023485,-3.75141,2021,1,0,0,,2.641691,1,7.49451,19.113,Large,1,1,7.49451,19.113,Large,1
griffbl01,Blake Griffin,6501,"Oct 03, 2022",2022,BOS,2.91,standard,1,UFA,0.35,0.35,0,0,0,free_agency,BKN,0,0,,0,2022,123.655,2.91,0.023533,-3.749342,2022,1,0,0,,1.83609,9,2.58446,4.899,Large,1,1,7.49451,19.113,Large,1
grimequ01,Quentin Grimes,74132,"Aug 06, 2021",2021,NYK,11.13,rookie-scale,1,,0.25,0.28,0,0,0,rookie_scale,NYK,1,0,,2,2021,112.414,2.783,0.024752,-3.698839,2024,1,0,0,,2.16876,1,7.49451,19.113,Large,1,1,7.49451,19.113,Large,1
grimequ01,Quentin Grimes,74132,"Oct 01, 2025",2025,PHI,8.74,standard,1,RFA,0.25,0.25,0,0,0,rfa_match,PHI,1,0,,0,2025,154.647,8.74,0.056516,-2.873235,2025,1,0,0,,8.741209,5,3.14592,6.228,Large,1,5,3.14592,6.228,Large,1
grimequ01,Quentin Grimes,74132,"Jul 07, 2026",2026,LAL,60.0,standard,1,UFA,0.25,0.28,0,0,0,free_agency,PHI,0,1,,0,2026,170.1117,15.0,0.088177,-2.428405,2029,0,4,1,,,2,5.83579,12.901,Large,1,5,3.14592,6.228,Large,1
gueyemo02,Mouhamed Gueye,84468,"Jul 03, 2023",2023,ATL,7.64,standard,1,,0.25,0.28,0,0,0,free_agency,ATL,1,0,,1,2023,136.021,1.91,0.014042,-4.265706,2026,0,1,1,,1.119563,7,2.75817,6.144,Large,1,7,2.75817,6.144,Large,1
hachiru01,Rui Hachimura,31566,"Jul 01, 2019",2019,WAS,20.34,rookie-scale,1,,0.25,0.28,0,0,0,rookie_scale,WAS,1,0,,2,2019,109.14,5.085,0.046592,-3.066336,2022,1,0,0,,4.46916,8,2.63064,6.385,Large,1,8,2.63064,6.385,Large,1
hachiru01,Rui Hachimura,31566,"Jul 06, 2023",2023,LAL,51.0,standard,1,RFA,0.25,0.27,0,0,0,free_agency,LAL,1,0,,0,2023,136.021,17.0,0.124981,-2.079596,2025,1,0,1,,15.740741,2,5.83579,12.901,Large,1,2,5.83579,12.901,Large,1
hachiru01,Rui Hachimura,31566,"Jul 06, 2026",2026,LAC,28.0,standard,1,UFA,0.3,0.312,0,0,0,free_agency,LAL,0,0,,0,2026,170.1117,14.0,0.082299,-2.497398,2027,0,2,1,,,2,5.83579,12.901,Large,1,2,5.83579,12.901,Large,1
hairspj02,P.J. Hairston,15378,"Aug 22, 2014",2014,CHA,2.35,standard,1,,0.25,0.26,0,0,0,free_agency,CHA,1,0,,1,2014,63.065,1.175,0.018632,-3.982898,2015,1,0,1,,,21,1.38202,2.66,Small,0,21,1.38202,2.66,Small,0
halibty01,Tyrese Haliburton,70654,"Nov 26, 2020",2020,SAC,17.88,rookie-scale,1,,0.25,0.28,0,0,0,rookie_scale,SAC,1,0,,2,2020,109.14,4.47,0.040957,-3.195243,2023,1,0,0,,3.83184,20,1.49792,2.453,Small,0,20,1.49792,2.453,Small,0
halibty01,Tyrese Haliburton,70654,"Jul 01, 2023",2023,IND,244.62,extension,1,,0.35,0.406,0,0,1,extension,IND,1,0,,0,2024,140.588,48.924,0.347996,-1.055566,2028,0,3,1,,5.808435,25,1.23221,2.126,Small,0,25,1.23221,2.126,Small,0
hamilju01,Justin Hamilton,10870,"Sep 10, 2013",2013,MIA,0.49018,standard,1,RFA,0.25,0.25,0,0,0,free_agency,MIA,1,0,,0,2013,,0.49,,,2013,1,0,0,,,18,1.75692,6.266,Medium,0,18,1.75692,6.266,Medium,0
hamilju01,Justin Hamilton,10870,"Mar 14, 2014",2014,MIA,0.914518,standard,1,RFA,0.25,0.26,0,0,0,free_agency,MIA,1,0,,0,2014,63.065,0.457,0.007251,-4.926671,2015,1,0,1,,,18,1.75692,6.266,Medium,0,18,1.75692,6.266,Medium,0
hamilju01,Justin Hamilton,10870,"Jul 11, 2016",2016,BKN,6.0,standard,1,RFA,0.25,0.26,0,0,0,free_agency,BKN,1,0,,0,2016,94.143,3.0,0.031866,-3.446203,2017,1,0,1,,3.0,1,7.49451,19.113,Large,1,1,7.49451,19.113,Large,1
hamptrj01,R.J. Hampton,70666,"Nov 30, 2020",2020,DEN,11.13,rookie-scale,1,,0.25,0.28,0,0,0,rookie_scale,ORL,0,0,,2,2020,109.14,2.783,0.025495,-3.669282,2023,1,0,0,,2.19348,17,1.80627,3.038,Medium,0,15,1.90242,2.673,Medium,0
hamptrj01,R.J. Hampton,70666,"Feb 23, 2023",2023,DET,2.48,standard,1,RFA,0.25,0.26,0,0,0,rest_of_season,DET,1,0,,0,2023,136.021,1.24,0.009116,-4.697698,2024,1,0,0,,0.116075,14,1.94075,4.365,Medium,0,14,1.94075,4.365,Medium,0
hardati02,Tim Hardaway Jr.,13337,"Jul 08, 2013",2013,NYK,2.45,standard,1,,0.25,0.26,0,0,0,free_agency,NYK,1,0,,3,2013,,1.225,,,2014,1,0,1,,,1,7.49451,19.113,Large,1,1,7.49451,19.113,Large,1
hardati02,Tim Hardaway Jr.,13337,"Jul 06, 2017",2017,NYK,70.95,standard,1,RFA,0.25,0.28,0,0,0,offer_sheet,ATL,0,0,,1,2017,99.093,17.738,0.178999,-1.720378,2020,1,0,1,,16.5,1,7.49451,19.113,Large,1,7,2.75817,6.144,Large,1
hardati02,Tim Hardaway Jr.,13337,"Aug 09, 2021",2021,DAL,75.0,standard,1,UFA,0.3,0.336,0,0,0,free_agency,DAL,1,0,,0,2021,112.414,18.75,0.166794,-1.790995,2024,1,0,1,,21.306816,4,3.26449,7.943,Large,1,4,3.26449,7.943,Large,1
hardati02,Tim Hardaway Jr.,13337,"Jul 10, 2025",2025,DEN,3.63,standard,1,UFA,0.35,0.35,0,0,0,free_agency,DET,0,0,,0,2025,154.647,3.63,0.023473,-3.751912,2025,1,0,0,,2.296274,17,1.80627,3.038,Medium,0,14,1.94075,4.365,Medium,0
hardati02,Tim Hardaway Jr.,13337,"Jul 06, 2026",2026,MIA,6.07,standard,1,UFA,0.35,0.35,0,0,0,free_agency,DEN,0,0,,0,2026,170.1117,6.07,0.035682,-3.333097,2026,0,1,0,,,18,1.75692,6.266,Medium,0,17,1.80627,3.038,Medium,0
hardeja01,James Harden,6312,"Jul 06, 2009",2009,OKC,4.76,standard,1,,0.25,0.26,0,0,0,free_agency,OKC,1,0,,6,2009,,2.38,,,2010,1,0,1,,,47,0.7627,1.435,Small,0,47,0.7627,1.435,Small,0
hardeja01,James Harden,6312,"Oct 31, 2012",2012,HOU,78.78,maximum,1,,0.25,0.29,0,1,0,extension,HOU,1,0,,4,2013,,15.756,,,2017,1,0,1,,,6,2.79742,7.206,Large,1,6,2.79742,7.206,Large,1
hardeja01,James Harden,6312,"Jul 09, 2016",2016,HOU,118.0,maximum,1,,0.3,0.336,0,1,0,extension,HOU,1,0,,4,2017,99.093,29.5,0.2977,-1.211669,2020,1,0,1,,26.5401,6,2.79742,7.206,Large,1,6,2.79742,7.206,Large,1
hardeja01,James Harden,6312,"Jul 08, 2017",2017,HOU,171.0,extension,1,,0.35,0.392,1,0,1,extension,HOU,1,0,,4,2018,101.869,42.75,0.419657,-0.868318,2021,1,0,1,,28.299399,6,2.79742,7.206,Large,1,6,2.79742,7.206,Large,1
hardeja01,James Harden,6312,"Jul 27, 2022",2022,PHI,68.64,standard,1,UFA,0.35,0.364,0,0,0,free_agency,PHI,1,1,,3,2022,123.655,34.32,0.277546,-1.281767,2023,1,0,1,,33.0,5,3.14592,6.228,Large,1,5,3.14592,6.228,Large,1
hardeja01,James Harden,6312,"Jul 09, 2024",2024,LAC,70.0,standard,1,UFA,0.35,0.364,0,0,0,free_agency,LAC,1,1,,2,2024,140.588,35.0,0.248954,-1.390486,2025,1,0,1,,33.653846,2,5.83579,12.901,Large,1,2,5.83579,12.901,Large,1
hardeja01,James Harden,6312,"Jul 06, 2025",2025,LAC,81.5,standard,1,UFA,0.35,0.364,0,0,0,free_agency,LAC,1,1,,1,2025,154.647,40.75,0.263503,-1.333689,2026,0,1,1,,39.44609,2,5.83579,12.901,Large,1,2,5.83579,12.901,Large,1
hardyja02,Jaden Hardy,78130,"Jul 06, 2022",2022,DAL,4.76,standard,1,,0.25,0.27,0,0,0,free_agency,DAL,1,0,,0,2022,123.655,1.587,0.012831,-4.35586,2024,1,0,1,,1.017781,4,3.26449,7.943,Large,1,4,3.26449,7.943,Large,1
hardyja02,Jaden Hardy,78130,"Oct 22, 2024",2024,DAL,18.0,extension,1,,0.25,0.27,0,0,0,extension,DAL,1,0,,0,2025,154.647,6.0,0.038798,-3.249386,2027,0,2,1,,2.019699,4,3.26449,7.943,Large,1,4,3.26449,7.943,Large,1
harklej01,Elijah Harkless,95564,,2026,DET,0.678882,standard,1,UFA,0.25,0.25,0,0,0,free_agency,UTA,0,0,,0,2026,170.1117,0.679,0.003991,-5.523763,2026,0,1,0,,,14,1.94075,4.365,Medium,0,28,1.16352,1.266,Small,0
harklma01,Maurice Harkless,10823,"Jul 09, 2012",2012,PHI,3.54,standard,1,,0.25,0.26,0,0,0,free_agency,PHI,1,0,,2,2012,,1.77,,,2013,1,0,1,,,5,3.14592,6.228,Large,1,5,3.14592,6.228,Large,1
harklma01,Maurice Harkless,10823,"Jul 27, 2016",2016,POR,42.0,standard,1,RFA,0.25,0.28,0,0,0,free_agency,POR,1,0,,0,2016,94.143,10.5,0.111532,-2.19344,2019,1,0,1,,8.988764,23,1.27792,2.511,Small,0,23,1.27792,2.511,Small,0
harklma01,Maurice Harkless,10823,"Nov 23, 2020",2020,MIA,3.6,standard,1,UFA,0.3,0.3,0,0,0,free_agency,NYK,0,0,,0,2020,109.14,3.6,0.032985,-3.411698,2020,1,0,0,,3.623,18,1.75692,6.266,Medium,0,1,7.49451,19.113,Large,1
harklma01,Maurice Harkless,10823,"Aug 07, 2021",2021,SAC,9.0,standard,1,UFA,0.3,0.312,0,0,0,free_agency,SAC,1,0,,0,2021,112.414,4.5,0.040031,-3.218111,2022,1,0,1,,4.3476,20,1.49792,2.453,Small,0,20,1.49792,2.453,Small,0
harpedy01,Dylan Harper,98598,"Jul 03, 2025",2025,SAS,56.14,rookie-scale,1,,0.25,0.28,0,0,0,rookie_scale,SAS,1,0,,0,2025,154.647,14.035,0.090755,-2.399591,2028,0,3,0,,12.37032,31,1.0964,2.602,Small,0,31,1.0964,2.602,Small,0
harremo01,Montrezl Harrell,17860,"Sep 18, 2015",2015,HOU,3.14,standard,1,,0.25,0.27,0,0,0,free_agency,HOU,1,0,,2,2015,70.0,1.047,0.014952,-4.202885,2017,1,0,1,,1.0,6,2.79742,7.206,Large,1,6,2.79742,7.206,Large,1
harremo01,Montrezl Harrell,17860,"Jul 24, 2018",2018,LAC,12.0,standard,1,RFA,0.25,0.26,0,0,0,free_agency,LAC,1,0,,2,2018,101.869,6.0,0.058899,-2.831928,2019,1,0,1,,6.0,2,5.83579,12.901,Large,1,2,5.83579,12.901,Large,1
harremo01,Montrezl Harrell,17860,"Nov 22, 2020",2020,LAL,18.98,standard,1,UFA,0.25,0.26,0,0,0,free_agency,LAC,0,1,,2,2020,109.14,9.49,0.086953,-2.442393,2021,1,0,1,,9.258,2,5.83579,12.901,Large,1,2,5.83579,12.901,Large,1
harremo01,Montrezl Harrell,17860,"Sep 13, 2022",2022,PHI,5.22,standard,1,UFA,0.3,0.312,0,0,0,free_agency,CHA,0,1,,1,2022,123.655,2.61,0.021107,-3.858145,2023,1,0,1,,2.46349,5,3.14592,6.228,Large,1,21,1.38202,2.66,Small,0
harremo01,Montrezl Harrell,17860,"Jul 17, 2023",2023,PHI,2.89,standard,1,UFA,0.3,0.3,0,0,0,free_agency,PHI,1,0,,0,2023,136.021,2.89,0.021247,-3.851553,2023,1,0,0,,2.019706,5,3.14592,6.228,Large,1,5,3.14592,6.228,Large,1
harrian01,Andrew Harrison,17872,"Jul 12, 2016",2016,MEM,3.0,standard,1,RFA,0.25,0.27,0,0,0,free_agency,MEM,1,0,,0,2016,94.143,1.0,0.010622,-4.544815,2018,1,0,1,,0.945,51,0.6663,1.358,Small,0,51,0.6663,1.358,Small,0
harride01,Devin Harris,2592,"Jul 02, 2004",2004,DAL,8.842,standard,1,,0.25,0.27,0,0,0,free_agency,DAL,1,0,,1,2004,,2.947,,,2006,1,0,1,,,4,3.26449,7.943,Large,1,4,3.26449,7.943,Large,1
harride01,Devin Harris,2592,"Sep 21, 2007",2007,DAL,43.0,extension,1,,0.25,0.29,0,0,0,extension,DAL,1,0,,0,2008,,8.6,,,2012,1,0,1,,,4,3.26449,7.943,Large,1,4,3.26449,7.943,Large,1
harride01,Devin Harris,2592,"Jul 31, 2013",2013,DAL,1.27,standard,1,UFA,0.3,0.3,0,0,0,free_agency,DAL,1,0,,0,2013,,1.27,,,2013,1,0,0,,,4,3.26449,7.943,Large,1,4,3.26449,7.943,Large,1
harride01,Devin Harris,2592,"Jul 17, 2014",2014,DAL,16.56,standard,1,UFA,0.35,0.392,0,0,0,free_agency,DAL,1,0,,0,2014,63.065,4.14,0.065647,-2.72347,2017,1,0,1,,,4,3.26449,7.943,Large,1,4,3.26449,7.943,Large,1
harride01,Devin Harris,2592,"Aug 08, 2018",2018,DAL,2.4,standard,1,UFA,0.35,0.35,0,0,0,free_agency,DEN,0,0,,0,2018,101.869,2.4,0.02356,-3.748219,2018,1,0,0,,2.393887,4,3.26449,7.943,Large,1,17,1.80627,3.038,Medium,0
harriga01,Gary Harris,15371,"Jul 09, 2014",2014,DEN,3.11,standard,1,,0.25,0.26,0,0,0,free_agency,DEN,1,0,,4,2014,63.065,1.555,0.024657,-3.70269,2015,1,0,1,,,17,1.80627,3.038,Medium,0,17,1.80627,3.038,Medium,0
harriga01,Gary Harris,15371,"Oct 12, 2017",2017,DEN,84.0,extension,1,,0.25,0.28,0,0,0,extension,DEN,1,0,,2,2018,101.869,21.0,0.206147,-1.579165,2021,1,0,1,,2.550055,17,1.80627,3.038,Medium,0,17,1.80627,3.038,Medium,0
harriga01,Gary Harris,15371,"Jun 30, 2022",2022,ORL,26.0,extension,1,,0.3,0.312,0,0,0,extension,ORL,1,0,,2,2023,136.021,13.0,0.095573,-2.34786,2024,1,0,1,,13.0,15,1.90242,2.673,Medium,0,15,1.90242,2.673,Medium,0
harriga01,Gary Harris,15371,"Jul 01, 2024",2024,ORL,15.0,standard,1,UFA,0.35,0.364,0,0,0,free_agency,ORL,1,0,,2,2024,140.588,7.5,0.053347,-2.930931,2025,1,0,1,,7.5,15,1.90242,2.673,Medium,0,15,1.90242,2.673,Medium,0
harriga01,Gary Harris,15371,"Jul 08, 2025",2025,MIL,7.45,standard,1,UFA,0.35,0.364,0,0,0,free_agency,ORL,0,1,,1,2025,154.647,3.725,0.024087,-3.726078,2026,0,1,1,,3.634153,38,0.9449,1.586,Small,0,15,1.90242,2.673,Medium,0
harrijo01,Joe Harris,15385,"Jul 22, 2014",2014,CLE,2.7,standard,1,,0.25,0.27,0,0,0,free_agency,CLE,1,0,,0,2014,63.065,0.9,0.014271,-4.249526,2016,1,0,1,,,19,1.55434,2.088,Medium,0,19,1.55434,2.088,Medium,0
harrijo01,Joe Harris,15385,"Jul 19, 2016",2016,BKN,2.03,standard,1,RFA,0.25,0.26,0,0,0,free_agency,ORL,0,0,,0,2016,94.143,1.015,0.010781,-4.529926,2017,1,0,1,,0.980431,1,7.49451,19.113,Large,1,15,1.90242,2.673,Medium,0
harrijo01,Joe Harris,15385,"Jul 25, 2018",2018,BKN,16.0,standard,1,RFA,0.25,0.26,0,0,0,free_agency,BKN,1,0,,0,2018,101.869,8.0,0.078532,-2.544246,2019,1,0,1,,8.333333,1,7.49451,19.113,Large,1,1,7.49451,19.113,Large,1
harrijo01,Joe Harris,15385,"Nov 23, 2020",2020,BKN,75.0,standard,1,UFA,0.25,0.28,0,0,0,free_agency,BKN,1,0,,0,2020,109.14,18.75,0.171798,-1.761438,2023,1,0,1,,16.071429,1,7.49451,19.113,Large,1,1,7.49451,19.113,Large,1
harrish01,Shaquille Harrison,21066,"Mar 13, 2018",2018,PHX,1.52,standard,1,RFA,0.25,0.26,0,0,0,free_agency,PHX,1,0,,0,2018,101.869,0.76,0.007461,-4.898125,2019,1,0,1,,0.05,12,2.1982,5.059,Large,0,12,2.1982,5.059,Large,0
harrish01,Shaquille Harrison,21066,"Oct 21, 2018",2018,CHI,2.9,standard,1,RFA,0.25,0.26,0,0,0,free_agency,PHX,0,0,,0,2018,101.869,1.45,0.014234,-4.252124,2019,1,0,1,,0.05,3,3.65475,9.441,Large,1,12,2.1982,5.059,Large,0
harrish01,Shaquille Harrison,21066,"Apr 09, 2023",2023,LAL,2.43,standard,1,UFA,0.25,0.26,0,0,0,rest_of_season,LAL,1,0,,0,2023,136.021,1.215,0.008932,-4.718065,2024,1,0,0,,0.116075,2,5.83579,12.901,Large,1,2,5.83579,12.901,Large,1
harrito02,Tobias Harris,8070,"Dec 11, 2011",2011,MIL,6.83,standard,1,,0.25,0.28,0,0,0,free_agency,MIL,1,0,,2,2011,,1.708,,,2014,1,0,1,,,38,0.9449,1.586,Small,0,38,0.9449,1.586,Small,0
harrito02,Tobias Harris,8070,"Jul 14, 2015",2015,ORL,64.0,standard,1,RFA,0.25,0.28,0,0,0,free_agency,DET,0,0,,0,2015,70.0,16.0,0.228571,-1.475907,2018,1,0,1,,16.0,15,1.90242,2.673,Medium,0,14,1.94075,4.365,Medium,0
harrito02,Tobias Harris,8070,"Jul 10, 2019",2019,PHI,180.0,maximum,1,UFA,0.3,0.348,0,1,0,free_agency,PHI,1,0,,0,2019,109.14,36.0,0.329852,-1.109113,2023,1,0,1,,32.742,5,3.14592,6.228,Large,1,5,3.14592,6.228,Large,1
harrito02,Tobias Harris,8070,"Jul 08, 2024",2024,DET,52.0,standard,1,UFA,0.35,0.364,0,0,0,free_agency,PHI,0,0,,0,2024,140.588,26.0,0.184938,-1.687737,2025,1,0,1,,25.365854,14,1.94075,4.365,Medium,0,5,3.14592,6.228,Large,1
harrito02,Tobias Harris,8070,"Jul 01, 2026",2026,SAS,30.84,standard,1,UFA,0.35,0.364,0,0,0,free_agency,DET,0,0,,0,2026,170.1117,15.42,0.090646,-2.40079,2027,0,2,1,,,31,1.0964,2.602,Small,0,14,1.94075,4.365,Medium,0
harteis01,Isaiah Hartenstein,23644,"Nov 30, 2020",2020,DEN,3.38,standard,1,RFA,0.25,0.26,0,0,0,free_agency,HOU,0,1,,2,2020,109.14,1.69,0.015485,-4.167903,2021,1,0,1,,1.620564,17,1.80627,3.038,Medium,0,6,2.79742,7.206,Large,1
harteis01,Isaiah Hartenstein,23644,"Jul 12, 2022",2022,NYK,16.0,standard,1,RFA,0.25,0.26,0,0,0,free_agency,LAC,0,0,,1,2022,123.655,8.0,0.064696,-2.738054,2023,1,0,1,,7.804879,1,7.49451,19.113,Large,1,2,5.83579,12.901,Large,1
harteis01,Isaiah Hartenstein,23644,"Jul 06, 2024",2024,OKC,87.0,standard,1,UFA,0.25,0.27,0,0,0,free_agency,NYK,0,0,,1,2024,140.588,29.0,0.206276,-1.578538,2026,0,1,1,,30.0,47,0.7627,1.435,Small,0,1,7.49451,19.113,Large,1
harteis01,Isaiah Hartenstein,23644,"Jul 06, 2026",2026,OKC,75.0,standard,1,UFA,0.3,0.324,0,0,0,free_agency,OKC,1,0,,0,2026,170.1117,25.0,0.146962,-1.917579,2028,0,3,1,,,47,0.7627,1.435,Small,0,47,0.7627,1.435,Small,0
hartjo01,Josh Hart,23625,"Jul 03, 2017",2017,LAL,8.47,rookie-scale,1,,0.25,0.28,0,0,0,rookie_scale,LAL,1,0,,3,2017,99.093,2.118,0.021369,-3.845823,2020,1,0,0,,1.39452,2,5.83579,12.901,Large,1,2,5.83579,12.901,Large,1
hartjo01,Josh Hart,23625,"Aug 19, 2021",2021,NOP,37.92,standard,1,RFA,0.25,0.27,0,0,0,free_agency,NOP,1,0,,1,2021,112.414,12.64,0.112442,-2.185322,2023,1,0,1,,12.0,50,0.67279,1.29,Small,0,50,0.67279,1.29,Small,0
hartjo01,Josh Hart,23625,"Aug 10, 2023",2023,NYK,80.92,extension,1,,0.3,0.336,0,0,0,extension,NYK,1,0,,0,2024,140.588,20.23,0.143896,-1.938667,2027,0,2,1,,12.96,1,7.49451,19.113,Large,1,1,7.49451,19.113,Large,1
hasleud01,Udonis Haslem,2549,"Aug 01, 2003",2003,MIA,0.987,standard,1,,,,0,0,0,free_agency,MIA,1,0,,1,2003,,0.493,,,2004,1,0,1,,,18,1.75692,6.266,Medium,0,18,1.75692,6.266,Medium,0
hasleud01,Udonis Haslem,2549,"Aug 02, 2005",2005,MIA,30.25,standard,1,RFA,0.25,0.29,0,0,0,free_agency,MIA,1,0,,1,2005,,6.05,,,2009,1,0,1,,,18,1.75692,6.266,Medium,0,18,1.75692,6.266,Medium,0
hasleud01,Udonis Haslem,2549,"Jul 12, 2010",2010,MIA,20.3,standard,1,UFA,0.3,0.348,0,0,0,free_agency,MIA,1,0,,1,2010,,4.06,,,2014,1,0,1,,,18,1.75692,6.266,Medium,0,18,1.75692,6.266,Medium,0
hasleud01,Udonis Haslem,2549,"Jul 18, 2014",2014,MIA,5.59,standard,1,UFA,0.35,0.364,0,0,0,free_agency,MIA,1,0,,0,2014,63.065,2.795,0.044319,-3.116334,2015,1,0,1,,,18,1.75692,6.266,Medium,0,18,1.75692,6.266,Medium,0
hasleud01,Udonis Haslem,2549,"Jul 10, 2016",2016,MIA,4.0,standard,1,UFA,0.35,0.35,0,0,0,free_agency,MIA,1,0,,0,2016,94.143,4.0,0.042489,-3.158521,2016,1,0,0,,4.0,18,1.75692,6.266,Medium,0,18,1.75692,6.266,Medium,0
hasleud01,Udonis Haslem,2549,"Jul 20, 2017",2017,MIA,2.3,standard,1,UFA,0.35,0.35,0,0,0,free_agency,MIA,1,0,,0,2017,99.093,2.3,0.023211,-3.76315,2017,1,0,0,,1.471382,18,1.75692,6.266,Medium,0,18,1.75692,6.266,Medium,0
hasleud01,Udonis Haslem,2549,"Sep 10, 2018",2018,MIA,2.4,standard,1,UFA,0.35,0.35,0,0,0,free_agency,MIA,1,0,,0,2018,101.869,2.4,0.02356,-3.748219,2018,1,0,0,,2.393887,18,1.75692,6.266,Medium,0,18,1.75692,6.266,Medium,0
hasleud01,Udonis Haslem,2549,"Aug 06, 2019",2019,MIA,2.56,standard,1,UFA,0.35,0.35,0,0,0,free_agency,MIA,1,0,,0,2019,109.14,2.56,0.023456,-3.752624,2019,1,0,0,,2.564753,18,1.75692,6.266,Medium,0,18,1.75692,6.266,Medium,0
hasleud01,Udonis Haslem,2549,"Nov 28, 2020",2020,MIA,2.56,standard,1,UFA,0.35,0.35,0,0,0,free_agency,MIA,1,0,,0,2020,109.14,2.56,0.023456,-3.752624,2020,1,0,0,,1.620564,18,1.75692,6.266,Medium,0,18,1.75692,6.266,Medium,0
hasleud01,Udonis Haslem,2549,"Aug 15, 2021",2021,MIA,2.64,standard,1,UFA,0.35,0.35,0,0,0,free_agency,MIA,1,0,,0,2021,112.414,2.64,0.023485,-3.75141,2021,1,0,0,,2.641691,18,1.75692,6.266,Medium,0,18,1.75692,6.266,Medium,0
hasleud01,Udonis Haslem,2549,"Aug 23, 2022",2022,MIA,2.91,standard,1,UFA,0.35,0.35,0,0,0,free_agency,MIA,1,0,,0,2022,123.655,2.91,0.023533,-3.749342,2022,1,0,0,,1.83609,18,1.75692,6.266,Medium,0,18,1.75692,6.266,Medium,0
hausesa01,Sam Hauser,74311,"Feb 11, 2022",2022,BOS,1.88,two-way,1,RFA,0.25,0.26,0,0,0,rest_of_season,BOS,1,0,,2,2022,123.655,0.94,0.007602,-4.879371,2023,1,0,0,,1.637966,9,2.58446,4.899,Large,1,9,2.58446,4.899,Large,1
hausesa01,Sam Hauser,74311,"Jul 09, 2022",2022,BOS,5.65,standard,1,RFA,0.25,0.27,0,0,0,free_agency,BOS,1,0,,1,2022,123.655,1.883,0.015231,-4.184452,2024,1,0,1,,1.637966,9,2.58446,4.899,Large,1,9,2.58446,4.899,Large,1
hausesa01,Sam Hauser,74311,"Jul 23, 2024",2024,BOS,45.0,extension,1,,0.25,0.28,0,0,0,extension,BOS,1,0,,0,2025,154.647,11.25,0.072746,-2.620777,2028,0,3,1,,2.092344,9,2.58446,4.899,Large,1,9,2.58446,4.899,Large,1
hawessp01,Spencer Hawes,2690,"Jul 05, 2007",2007,SAC,4.2,standard,1,,0.25,0.26,0,0,0,free_agency,SAC,1,0,,3,2007,,2.1,,,2008,1,0,1,,,20,1.49792,2.453,Small,0,20,1.49792,2.453,Small,0
hawessp01,Spencer Hawes,2690,"Dec 10, 2011",2011,PHI,4.05,standard,1,RFA,0.25,0.25,0,0,0,rfa_match,,,0,,1,2011,,4.05,,,2011,1,0,0,,,5,3.14592,6.228,Large,1,,,,,
hawessp01,Spencer Hawes,2690,"Jul 13, 2012",2012,PHI,13.1,standard,1,UFA,0.25,0.26,0,0,0,free_agency,PHI,1,0,,1,2012,,6.55,,,2013,1,0,1,,,5,3.14592,6.228,Large,1,5,3.14592,6.228,Large,1
hawessp01,Spencer Hawes,2690,"Jul 10, 2014",2014,LAC,22.7,standard,1,UFA,0.3,0.336,0,0,0,free_agency,LAC,1,0,,1,2014,63.065,5.675,0.089987,-2.408095,2017,1,0,1,,,2,5.83579,12.901,Large,1,2,5.83579,12.901,Large,1
hawkijo01,Jordan Hawkins,82208,"Jul 03, 2023",2023,NOP,20.6,rookie-scale,1,,0.25,0.28,0,0,0,rookie_scale,NOP,1,0,,2,2023,136.021,5.15,0.037862,-3.273813,2026,0,1,0,,4.31016,50,0.67279,1.29,Small,0,50,0.67279,1.29,Small,0
hayesja02,Jaxson Hayes,31565,"Jul 07, 2019",2019,NOP,22.11,rookie-scale,1,,0.25,0.28,0,0,0,rookie_scale,NOP,1,0,,2,2019,109.14,5.527,0.050646,-2.982896,2022,1,0,0,,4.86204,50,0.67279,1.29,Small,0,50,0.67279,1.29,Small,0
hayesja02,Jaxson Hayes,31565,"Jul 06, 2023",2023,LAL,4.63,standard,1,UFA,0.25,0.26,0,0,0,free_agency,NOP,0,1,,1,2023,136.021,2.315,0.017019,-4.0734,2024,1,0,1,,2.165,2,5.83579,12.901,Large,1,50,0.67279,1.29,Small,0
hayesja02,Jaxson Hayes,31565,"Jul 06, 2025",2025,LAL,3.45,standard,1,UFA,0.25,0.25,0,0,0,free_agency,LAL,1,0,,0,2025,154.647,3.45,0.022309,-3.802771,2025,1,0,0,,3.449323,2,5.83579,12.901,Large,1,2,5.83579,12.901,Large,1
hayesja02,Jaxson Hayes,31565,"Jul 09, 2026",2026,UTA,12.0,standard,1,UFA,0.3,0.312,0,0,0,free_agency,LAL,0,0,,0,2026,170.1117,6.0,0.035271,-3.344696,2027,0,2,1,,,28,1.16352,1.266,Small,0,2,5.83579,12.901,Large,1
hayeski01,Killian Hayes,70649,"Nov 30, 2020",2020,DET,24.13,rookie-scale,1,,0.25,0.28,0,0,0,rookie_scale,DET,1,0,,3,2020,109.14,6.032,0.055273,-2.89547,2023,1,0,0,,5.30712,14,1.94075,4.365,Medium,0,14,1.94075,4.365,Medium,0
hayeski01,Killian Hayes,70649,"Mar 15, 2026",2026,SAC,3.46,standard,1,UFA,0.25,0.26,0,0,0,rest_of_season,SAC,1,0,,1,2026,170.1117,1.73,0.01017,-4.588334,2027,0,2,0,,,20,1.49792,2.453,Small,0,20,1.49792,2.453,Small,0
haywago01,Gordon Hayward,6891,"Jul 02, 2010",2010,UTH,4.9,standard,1,,0.25,0.26,0,0,0,free_agency,UTH,1,0,,5,2010,,2.45,,,2011,1,0,1,,,28,1.16352,1.266,Small,0,28,1.16352,1.266,Small,0
haywago01,Gordon Hayward,6891,"Jul 12, 2014",2014,UTH,62.97,standard,1,RFA,0.25,0.28,0,0,0,offer_sheet,UTH,1,0,,3,2014,63.065,15.742,0.249623,-1.387802,2017,1,0,1,,,28,1.16352,1.266,Small,0,28,1.16352,1.266,Small,0
haywago01,Gordon Hayward,6891,"Jul 14, 2017",2017,BOS,127.8,standard,1,UFA,0.3,0.336,0,0,0,free_agency,UTA,0,0,,2,2017,99.093,31.95,0.322424,-1.131887,2020,1,0,1,,29.7279,9,2.58446,4.899,Large,1,28,1.16352,1.266,Small,0
haywago01,Gordon Hayward,6891,"Nov 29, 2020",2020,BOS,120.0,standard,1,UFA,0.35,0.392,0,0,0,sign_and_trade,BOS,1,0,,0,2020,109.14,30.0,0.274876,-1.291434,2023,1,0,1,,28.5,9,2.58446,4.899,Large,1,9,2.58446,4.899,Large,1
hendege02,Gerald Henderson,6275,"Jul 07, 2009",2009,CHA,4.06,standard,1,,0.25,0.26,0,0,0,free_agency,CHA,1,0,,3,2009,,2.03,,,2010,1,0,1,,,21,1.38202,2.66,Small,0,21,1.38202,2.66,Small,0
hendege02,Gerald Henderson,6275,"Jul 30, 2013",2013,CHA,18.0,standard,1,RFA,0.25,0.27,0,0,0,free_agency,CHA,1,0,,1,2013,,6.0,,,2015,1,0,1,,,21,1.38202,2.66,Small,0,21,1.38202,2.66,Small,0
hendege02,Gerald Henderson,6275,"Jul 09, 2016",2016,PHI,18.0,standard,1,UFA,0.3,0.312,0,0,0,free_agency,POR,0,0,,0,2016,94.143,9.0,0.095599,-2.34759,2017,1,0,1,,9.0,5,3.14592,6.228,Large,1,23,1.27792,2.511,Small,0
hendesc01,Scoot Henderson,82198,"Jul 01, 2023",2023,POR,44.36,rookie-scale,1,,0.25,0.28,0,0,0,rookie_scale,POR,1,0,,2,2023,136.021,11.09,0.081532,-2.506765,2026,0,1,0,,9.77088,23,1.27792,2.511,Small,0,23,1.27792,2.511,Small,0
hendrta01,Taylor Hendricks,82205,"Jul 02, 2023",2023,UTA,25.35,rookie-scale,1,,0.25,0.28,0,0,0,rookie_scale,UTA,1,0,,2,2023,136.021,6.338,0.046592,-3.066325,2026,0,1,0,,5.56992,28,1.16352,1.266,Small,0,28,1.16352,1.266,Small,0
hensojo01,John Henson,10822,"Jul 10, 2012",2012,MIL,3.73,standard,1,,0.25,0.26,0,0,0,free_agency,MIL,1,0,,2,2012,,1.865,,,2013,1,0,1,,,38,0.9449,1.586,Small,0,38,0.9449,1.586,Small,0
hensojo01,John Henson,10822,"Oct 01, 2015",2015,MIL,48.0,extension,1,,0.25,0.28,0,0,0,extension,MIL,1,0,,0,2016,94.143,12.0,0.127466,-2.059908,2019,1,0,1,,2.943221,38,0.9449,1.586,Small,0,38,0.9449,1.586,Small,0
hernaju01,Juancho Hernangómez,20220,"Aug 09, 2016",2016,DEN,9.55,rookie-scale,1,,0.25,0.28,0,0,0,rookie_scale,DEN,1,0,,2,2016,94.143,2.388,0.02536,-3.674568,2019,1,0,0,,1.98744,17,1.80627,3.038,Medium,0,17,1.80627,3.038,Medium,0
hernaju01,Juancho Hernangómez,20220,"Nov 28, 2020",2020,MIN,21.0,standard,1,RFA,0.25,0.27,0,0,0,free_agency,MIN,1,0,,0,2020,109.14,7.0,0.064138,-2.746721,2022,1,0,1,,5.718,16,1.88668,3.703,Medium,0,16,1.88668,3.703,Medium,0
hernaju01,Juancho Hernangómez,20220,"Jul 28, 2022",2022,TOR,2.3,standard,1,UFA,0.25,0.25,0,0,0,free_agency,UTA,0,0,,0,2022,123.655,2.3,0.0186,-3.984586,2022,1,0,0,,1.83609,,,6.202,Large,1,28,1.16352,1.266,Small,0
hernawi01,Willy Hernangómez,17863,"Jul 08, 2016",2016,NYK,5.8,standard,1,RFA,0.25,0.28,0,0,0,free_agency,NYK,1,0,,1,2016,94.143,1.45,0.015402,-4.173251,2019,1,0,1,,1.375,1,7.49451,19.113,Large,1,1,7.49451,19.113,Large,1
hernawi01,Willy Hernangómez,17863,"Nov 22, 2020",2020,NOP,1.73,standard,1,RFA,0.25,0.25,0,0,0,free_agency,CHA,0,0,,1,2020,109.14,1.73,0.015851,-4.14451,2020,1,0,0,,1.620564,50,0.67279,1.29,Small,0,21,1.38202,2.66,Small,0
hernawi01,Willy Hernangómez,17863,"Aug 16, 2021",2021,NOP,7.33,standard,1,UFA,0.25,0.27,0,0,0,free_agency,NOP,1,0,,1,2021,112.414,2.443,0.021735,-3.828825,2023,1,0,1,,2.32722,50,0.67279,1.29,Small,0,50,0.67279,1.29,Small,0
herroty01,Tyler Herro,31570,"Jul 10, 2019",2019,MIA,17.19,rookie-scale,1,,0.25,0.28,0,0,0,rookie_scale,MIA,1,0,,2,2019,109.14,4.298,0.039376,-3.234598,2022,1,0,0,,3.6402,18,1.75692,6.266,Medium,0,18,1.75692,6.266,Medium,0
herroty01,Tyler Herro,31570,"Oct 02, 2022",2022,MIA,120.0,extension,1,,0.25,0.28,0,0,0,extension,MIA,1,0,,0,2023,136.021,30.0,0.220554,-1.511612,2026,0,1,1,,5.722116,18,1.75692,6.266,Medium,0,18,1.75692,6.266,Medium,0
hezonma01,Mario Hezonja,17833,"Jul 10, 2015",2015,ORL,7.65,standard,1,,0.25,0.26,0,0,0,free_agency,ORL,1,0,,3,2015,70.0,3.825,0.054643,-2.906937,2016,1,0,1,,3.74148,15,1.90242,2.673,Medium,0,15,1.90242,2.673,Medium,0
hezonma01,Mario Hezonja,17833,"Jul 31, 2026",2026,CLE,2.85,standard,1,UFA,0.35,0.35,0,0,0,free_agency,CLE,1,0,,0,2026,170.1117,2.85,0.016754,-4.089136,2026,0,1,0,,,19,1.55434,2.088,Medium,0,19,1.55434,2.088,Medium,0
hibbero01,Roy Hibbert,6113,"Jul 15, 2008",2008,IND,3.0,standard,1,,0.25,0.26,0,0,0,free_agency,IND,1,0,,3,2008,,1.5,,,2009,1,0,1,,,25,1.23221,2.126,Small,0,25,1.23221,2.126,Small,0
hibbero01,Roy Hibbert,6113,"Jul 13, 2012",2012,IND,58.37,standard,1,RFA,0.25,0.28,0,0,0,free_agency,IND,1,0,,1,2012,,14.592,,,2015,1,0,1,,,25,1.23221,2.126,Small,0,25,1.23221,2.126,Small,0
hibbero01,Roy Hibbert,6113,"Jul 07, 2016",2016,CHA,5.0,standard,1,UFA,0.3,0.3,0,0,0,free_agency,LAL,0,0,,0,2016,94.143,5.0,0.053111,-2.935377,2016,1,0,0,,5.0,21,1.38202,2.66,Small,0,2,5.83579,12.901,Large,1
hieldbu01,Buddy Hield,20211,"Jul 22, 2016",2016,NOP,15.89,standard,1,,0.25,0.28,0,0,0,free_agency,SAC,0,0,,2,2016,94.143,3.973,0.042196,-3.165419,2019,1,0,1,,3.5172,50,0.67279,1.29,Small,0,20,1.49792,2.453,Small,0
hieldbu01,Buddy Hield,20211,"Oct 21, 2019",2019,SAC,94.0,extension,1,,0.25,0.28,0,0,0,extension,SAC,1,0,,0,2020,109.14,23.5,0.21532,-1.535631,2023,1,0,1,,4.861208,20,1.49792,2.453,Small,0,20,1.49792,2.453,Small,0
hieldbu01,Buddy Hield,20211,"Jul 06, 2024",2024,PHI,37.76,standard,1,UFA,0.3,0.336,0,0,0,free_agency,PHI,1,0,,0,2024,140.588,9.44,0.067147,-2.700878,2027,0,2,1,,8.780488,5,3.14592,6.228,Large,1,5,3.14592,6.228,Large,1
highsha01,Haywood Highsmith,28301,"Jul 08, 2024",2024,MIA,10.82,standard,1,UFA,0.25,0.26,0,0,0,free_agency,MIA,1,0,,0,2024,140.588,5.41,0.038481,-3.257585,2025,1,0,1,,5.2,18,1.75692,6.266,Medium,0,18,1.75692,6.266,Medium,0
highsha01,Haywood Highsmith,28301,"Feb 18, 2026",2026,PHX,3.85,standard,1,UFA,0.3,0.312,0,0,0,rest_of_season,PHX,1,0,,0,2026,170.1117,1.925,0.011316,-4.481529,2027,0,2,0,,,12,2.1982,5.059,Large,0,12,2.1982,5.059,Large,0
hilarne01,Nenê,6103,"Jul 23, 2002",2002,DEN,6.3,standard,1,,0.25,0.27,0,0,0,free_agency,DEN,1,0,,1,2002,,2.1,,,2004,1,0,1,,,17,1.80627,3.038,Medium,0,17,1.80627,3.038,Medium,0
hilarne01,Nenê,6103,"Jul 20, 2006",2006,DEN,60.0,standard,1,RFA,0.25,0.3,0,0,0,free_agency,DEN,1,0,,1,2006,,10.0,,,2011,1,0,1,,,17,1.80627,3.038,Medium,0,17,1.80627,3.038,Medium,0
hilarne01,Nenê,6103,"Jul 20, 2016",2016,HOU,2.9,standard,1,UFA,0.35,0.35,0,0,0,free_agency,WAS,0,0,,0,2016,94.143,2.9,0.030804,-3.480104,2016,1,0,0,,2.898,6,2.79742,7.206,Large,1,8,2.63064,6.385,Large,1
hilarne01,Nenê,6103,"Jul 06, 2017",2017,HOU,10.9,standard,1,UFA,0.35,0.378,0,0,0,free_agency,HOU,1,0,,0,2017,99.093,3.633,0.036666,-3.305908,2019,1,0,1,,3.4776,6,2.79742,7.206,Large,1,6,2.79742,7.206,Large,1
hilarne01,Nenê,6103,"Sep 06, 2019",2019,HOU,20.0,standard,1,UFA,0.35,0.364,0,0,0,free_agency,HOU,1,0,,0,2019,109.14,10.0,0.091625,-2.390046,2020,1,0,1,,2.564753,6,2.79742,7.206,Large,1,6,2.79742,7.206,Large,1
hillge01,George Hill,6154,"Sep 23, 2008",2008,SAS,2.08,standard,1,,0.25,0.26,0,0,0,free_agency,SAS,1,0,,2,2008,,1.04,,,2009,1,0,1,,,31,1.0964,2.602,Small,0,31,1.0964,2.602,Small,0
hillge01,George Hill,6154,"Jul 13, 2012",2012,IND,40.0,standard,1,RFA,0.25,0.29,0,0,0,free_agency,IND,1,0,,0,2012,,8.0,,,2016,1,0,1,,,25,1.23221,2.126,Small,0,25,1.23221,2.126,Small,0
hillge01,George Hill,6154,"Jul 10, 2017",2017,SAC,57.0,standard,1,UFA,0.3,0.324,0,0,0,free_agency,UTA,0,0,,0,2017,99.093,19.0,0.191739,-1.65162,2019,1,0,1,,20.0,20,1.49792,2.453,Small,0,28,1.16352,1.266,Small,0
hillge01,George Hill,6154,"Jul 09, 2019",2019,MIL,28.77,standard,1,UFA,0.35,0.378,0,0,0,free_agency,MIL,1,0,,0,2019,109.14,9.59,0.087869,-2.431911,2021,1,0,1,,10.133907,38,0.9449,1.586,Small,0,38,0.9449,1.586,Small,0
hillge01,George Hill,6154,"Aug 06, 2021",2021,MIL,8.0,standard,1,UFA,0.35,0.364,0,0,0,free_agency,PHI,0,0,,0,2021,112.414,4.0,0.035583,-3.335894,2022,1,0,1,,1.275491,38,0.9449,1.586,Small,0,5,3.14592,6.228,Large,1
hillida01,Darrun Hilliard,17866,"Jul 20, 2015",2015,DET,2.5,standard,1,,0.25,0.27,0,0,0,free_agency,DET,1,0,,0,2015,70.0,0.833,0.011905,-4.430817,2017,1,0,1,,0.525093,14,1.94075,4.365,Medium,0,14,1.94075,4.365,Medium,0
hilljo01,Jordan Hill,6310,"Jul 10, 2009",2009,NYK,5.15,standard,1,,0.25,0.26,0,0,0,free_agency,NYK,1,0,,2,2009,,2.575,,,2010,1,0,1,,,1,7.49451,19.113,Large,1,1,7.49451,19.113,Large,1
hilljo01,Jordan Hill,6310,"Jul 21, 2012",2012,LAL,7.13,standard,1,RFA,0.25,0.26,0,0,0,free_agency,LAL,1,0,,0,2012,,3.565,,,2013,1,0,1,,,2,5.83579,12.901,Large,1,2,5.83579,12.901,Large,1
hilljo01,Jordan Hill,6310,"Jul 23, 2014",2014,LAL,9.0,standard,1,UFA,0.25,0.25,0,0,0,free_agency,LAL,1,0,,0,2014,63.065,9.0,0.14271,-1.946941,2014,1,0,0,,,2,5.83579,12.901,Large,1,2,5.83579,12.901,Large,1
hilljo01,Jordan Hill,6310,"Jul 14, 2015",2015,IND,4.0,standard,1,UFA,0.25,0.25,0,0,0,free_agency,IND,1,0,,0,2015,70.0,4.0,0.057143,-2.862201,2015,1,0,0,,4.0,25,1.23221,2.126,Small,0,25,1.23221,2.126,Small,0
hilljo01,Jordan Hill,6310,"Jul 20, 2016",2016,MIN,8.0,standard,1,UFA,0.3,0.312,0,0,0,free_agency,IND,0,0,,0,2016,94.143,4.0,0.042489,-3.158521,2017,1,0,1,,3.91138,16,1.88668,3.703,Medium,0,25,1.23221,2.126,Small,0
hillso01,Solomon Hill,13336,"Jul 03, 2013",2013,IND,2.55,standard,1,,0.25,0.26,0,0,0,free_agency,IND,1,0,,2,2013,,1.275,,,2014,1,0,1,,,25,1.23221,2.126,Small,0,25,1.23221,2.126,Small,0
hillso01,Solomon Hill,13336,"Jul 21, 2016",2016,NOP,48.0,standard,1,RFA,0.25,0.28,0,0,0,free_agency,IND,0,0,,0,2016,94.143,12.0,0.127466,-2.059908,2019,1,0,1,,11.241218,50,0.67279,1.29,Small,0,25,1.23221,2.126,Small,0
hillso01,Solomon Hill,13336,"Nov 25, 2020",2020,ATL,2.17,standard,1,UFA,0.3,0.3,0,0,0,free_agency,MIA,0,0,,0,2020,109.14,2.17,0.019883,-3.917904,2020,1,0,0,,1.620564,7,2.75817,6.144,Large,1,18,1.75692,6.266,Medium,0
hillso01,Solomon Hill,13336,"Aug 05, 2021",2021,ATL,2.39,standard,1,UFA,0.3,0.3,0,0,0,free_agency,ATL,1,0,,0,2021,112.414,2.39,0.021261,-3.850895,2021,1,0,0,,2.389641,7,2.75817,6.144,Large,1,7,2.75817,6.144,Large,1
hinriki01,Kirk Hinrich,2245,"Jul 14, 2003",2003,CHI,7.0,standard,1,,0.25,0.27,0,0,0,free_agency,CHI,1,0,,2,2003,,2.333,,,2005,1,0,1,,,3,3.65475,9.441,Large,1,3,3.65475,9.441,Large,1
hinriki01,Kirk Hinrich,2245,"Oct 31, 2006",2006,CHI,47.75,rookie-scale,1,,0.25,0.29,0,0,0,extension,CHI,1,0,,1,2007,,9.55,,,2011,1,0,1,,,3,3.65475,9.441,Large,1,3,3.65475,9.441,Large,1
hinriki01,Kirk Hinrich,2245,"Jul 21, 2014",2014,CHI,5.6,standard,1,UFA,0.35,0.364,0,0,0,free_agency,CHI,1,0,,1,2014,63.065,2.8,0.044399,-3.114547,2015,1,0,1,,,3,3.65475,9.441,Large,1,3,3.65475,9.441,Large,1
holidaa01,Aaron Holiday,26989,"Jul 01, 2018",2018,IND,10.48,rookie-scale,1,,0.25,0.28,0,0,0,rookie_scale,IND,1,0,,3,2018,101.869,2.62,0.025719,-3.660513,2021,1,0,0,,1.91196,25,1.23221,2.126,Small,0,25,1.23221,2.126,Small,0
holidaa01,Aaron Holiday,26989,"Jul 06, 2022",2022,ATL,1.97,standard,1,UFA,0.25,0.25,0,0,0,free_agency,PHX,0,0,,1,2022,123.655,1.97,0.015931,-4.139462,2022,1,0,0,,1.83609,7,2.75817,6.144,Large,1,12,2.1982,5.059,Large,0
holidaa01,Aaron Holiday,26989,"Jul 10, 2023",2023,HOU,2.35,standard,1,UFA,0.25,0.25,0,0,0,free_agency,ATL,0,0,,1,2023,136.021,2.35,0.017277,-4.058394,2023,1,0,0,,2.019706,6,2.79742,7.206,Large,1,7,2.75817,6.144,Large,1
holidaa01,Aaron Holiday,26989,"Jul 06, 2024",2024,HOU,9.57,standard,1,UFA,0.25,0.26,0,0,0,free_agency,HOU,1,0,,1,2024,140.588,4.785,0.034036,-3.380348,2025,1,0,1,,4.668,6,2.79742,7.206,Large,1,6,2.79742,7.206,Large,1
holidaa01,Aaron Holiday,26989,"Jul 08, 2025",2025,HOU,3.08,standard,1,UFA,0.3,0.3,0,0,0,free_agency,HOU,1,0,,0,2025,154.647,3.08,0.019916,-3.916216,2025,1,0,0,,2.296274,6,2.79742,7.206,Large,1,6,2.79742,7.206,Large,1
holidjr01,Jrue Holiday,6316,"Jul 20, 2009",2009,PHI,3.14,standard,1,,0.25,0.26,0,0,0,free_agency,PHI,1,0,,2,2009,,1.57,,,2010,1,0,1,,,5,3.14592,6.228,Large,1,5,3.14592,6.228,Large,1
holidjr01,Jrue Holiday,6316,"Oct 31, 2012",2012,PHI,41.0,rookie-scale,1,,0.25,0.28,0,0,0,extension,PHI,1,0,,0,2013,,10.25,,,2016,1,0,1,,,5,3.14592,6.228,Large,1,5,3.14592,6.228,Large,1
holidjr01,Jrue Holiday,6316,"Jul 06, 2017",2017,NOP,126.0,standard,1,UFA,0.3,0.348,0,0,0,free_agency,NOP,1,0,,0,2017,99.093,25.2,0.254307,-1.369215,2021,1,0,1,,25.686667,50,0.67279,1.29,Small,0,50,0.67279,1.29,Small,0
holidjr01,Jrue Holiday,6316,"Apr 04, 2021",2021,MIL,135.0,extension,1,,0.35,0.392,0,0,0,extension,MIL,1,1,,0,2022,123.655,33.75,0.272937,-1.298515,2025,1,0,1,,30.133333,38,0.9449,1.586,Small,0,38,0.9449,1.586,Small,0
holidjr01,Jrue Holiday,6316,"Apr 11, 2024",2024,BOS,135.0,extension,1,,0.35,0.392,0,0,0,extension,BOS,1,1,,0,2025,154.647,33.75,0.218239,-1.522165,2028,0,3,1,,30.0,9,2.58446,4.899,Large,1,9,2.58446,4.899,Large,1
holidju01,Justin Holiday,11441,"Oct 01, 2012",2012,CLE,0.473604,standard,1,,0.25,0.25,0,0,0,free_agency,CLE,1,0,,0,2012,,0.474,,,2012,1,0,0,,,19,1.55434,2.088,Medium,0,19,1.55434,2.088,Medium,0
holidju01,Justin Holiday,11441,"Apr 01, 2013",2013,PHI,0.836232,standard,1,RFA,0.25,0.26,0,0,0,free_agency,PHI,1,0,,0,2013,,0.418,,,2014,1,0,1,,,5,3.14592,6.228,Large,1,5,3.14592,6.228,Large,1
holidju01,Justin Holiday,11441,"Sep 30, 2013",2013,UTH,0.788872,standard,1,RFA,0.25,0.25,0,0,0,free_agency,UTH,1,0,,0,2013,,0.789,,,2013,1,0,0,,,28,1.16352,1.266,Small,0,28,1.16352,1.266,Small,0
holidju01,Justin Holiday,11441,"Sep 08, 2014",2014,GSW,0.816,standard,1,RFA,0.25,0.25,0,0,0,free_agency,GSW,1,0,,0,2014,63.065,0.816,0.012939,-4.347507,2014,1,0,0,,,10,2.54248,4.749,Large,1,10,2.54248,4.749,Large,1
holidju01,Justin Holiday,11441,"Jul 09, 2015",2015,ATL,1.96,standard,1,RFA,0.25,0.26,0,0,0,free_agency,CHI,0,0,,0,2015,70.0,0.98,0.014,-4.268698,2016,1,0,1,,0.9473,7,2.75817,6.144,Large,1,3,3.65475,9.441,Large,1
holidju01,Justin Holiday,11441,"Jul 10, 2017",2017,CHI,9.0,standard,1,RFA,0.25,0.26,0,0,0,free_agency,NYK,0,0,,0,2017,99.093,4.5,0.045412,-3.091981,2018,1,0,1,,4.615385,3,3.65475,9.441,Large,1,1,7.49451,19.113,Large,1
holidju01,Justin Holiday,11441,"Jul 31, 2019",2019,IND,4.8,standard,1,UFA,0.25,0.25,0,0,0,free_agency,MEM,0,0,,0,2019,109.14,4.8,0.04398,-3.124016,2019,1,0,0,,4.767,25,1.23221,2.126,Small,0,51,0.6663,1.358,Small,0
holidju01,Justin Holiday,11441,"Nov 22, 2020",2020,IND,18.02,standard,1,UFA,0.3,0.324,0,0,0,free_agency,IND,1,0,,0,2020,109.14,6.007,0.055036,-2.899761,2022,1,0,1,,5.7204,25,1.23221,2.126,Small,0,25,1.23221,2.126,Small,0
holidju01,Justin Holiday,11441,"Jul 06, 2023",2023,DEN,3.2,standard,1,UFA,0.35,0.35,0,0,0,free_agency,DAL,0,0,,0,2023,136.021,3.2,0.023526,-3.749658,2023,1,0,0,,2.019706,17,1.80627,3.038,Medium,0,4,3.26449,7.943,Large,1
hollaro01,Ron Holland,91751,"Jul 06, 2024",2024,DET,37.46,rookie-scale,1,,0.25,0.28,0,0,0,rookie_scale,DET,1,0,,1,2024,140.588,9.365,0.066613,-2.708854,2027,0,2,0,,8.24532,14,1.94075,4.365,Medium,0,14,1.94075,4.365,Medium,0
holliro01,Rondae Hollis-Jefferson,17851,"Jul 06, 2015",2015,BKN,2.73,standard,1,,0.25,0.26,0,0,0,free_agency,BKN,1,0,,2,2015,70.0,1.365,0.0195,-3.937341,2016,1,0,1,,1.33548,1,7.49451,19.113,Large,1,1,7.49451,19.113,Large,1
holliro01,Rondae Hollis-Jefferson,17851,"Jul 18, 2019",2019,TOR,2.5,standard,1,UFA,0.25,0.25,0,0,0,free_agency,BKN,0,0,,0,2019,109.14,2.5,0.022906,-3.776341,2019,1,0,0,,2.5,,,6.202,Large,1,1,7.49451,19.113,Large,1
holmeri01,Richaun Holmes,17865,"Jul 29, 2015",2015,PHI,3.11,standard,1,,0.25,0.27,0,0,0,free_agency,PHI,1,0,,2,2015,70.0,1.037,0.01481,-4.212485,2017,1,0,1,,1.05,5,3.14592,6.228,Large,1,5,3.14592,6.228,Large,1
holmeri01,Richaun Holmes,17865,"Jul 16, 2019",2019,SAC,9.77,standard,1,RFA,0.25,0.26,0,0,0,free_agency,PHX,0,0,,1,2019,109.14,4.885,0.044759,-3.106462,2020,1,0,1,,4.767,20,1.49792,2.453,Small,0,12,2.1982,5.059,Large,0
holmeri01,Richaun Holmes,17865,"Aug 06, 2021",2021,SAC,46.52,standard,1,UFA,0.25,0.28,0,0,0,free_agency,SAC,1,1,,1,2021,112.414,11.63,0.103457,-2.268601,2024,1,0,1,,10.3845,20,1.49792,2.453,Small,0,20,1.49792,2.453,Small,0
holmeri01,Richaun Holmes,17865,"Jun 29, 2024",2024,WAS,25.93,extension,1,,0.35,0.364,0,0,0,extension,WAS,1,0,,0,2025,154.647,12.965,0.083836,-2.478892,2026,0,1,1,,12.648321,8,2.63064,6.385,Large,1,8,2.63064,6.385,Large,1
holmgch01,Chet Holmgren,78108,"Jul 01, 2022",2022,OKC,44.89,rookie-scale,1,,0.25,0.28,0,0,0,rookie_scale,OKC,1,0,,2,2022,123.655,11.223,0.090757,-2.399575,2025,1,0,0,,9.89124,47,0.7627,1.435,Small,0,47,0.7627,1.435,Small,0
holmgch01,Chet Holmgren,78108,"Jul 13, 2025",2025,OKC,293.19,maximum,1,,0.25,0.29,1,1,0,extension,OKC,1,0,,0,2026,170.1117,58.638,0.344703,-1.065072,2030,0,5,1,,13.731368,47,0.7627,1.435,Small,0,47,0.7627,1.435,Small,0
hoodro01,Rodney Hood,15375,"Jul 11, 2014",2014,UTH,2.64,standard,1,,0.25,0.26,0,0,0,free_agency,UTH,1,0,,3,2014,63.065,1.32,0.020931,-3.866534,2015,1,0,1,,,28,1.16352,1.266,Small,0,28,1.16352,1.266,Small,0
hoodro01,Rodney Hood,15375,"Sep 09, 2018",2018,CLE,3.4,standard,1,RFA,0.25,0.25,0,0,0,rfa_match,CLE,1,0,,1,2018,101.869,3.4,0.033376,-3.399912,2018,1,0,0,,3.472888,19,1.55434,2.088,Medium,0,19,1.55434,2.088,Medium,0
hoodro01,Rodney Hood,15375,"Jul 06, 2019",2019,POR,11.7,standard,1,UFA,0.25,0.26,0,0,0,free_agency,POR,1,1,,1,2019,109.14,5.85,0.053601,-2.92619,2020,1,0,1,,5.718,23,1.27792,2.511,Small,0,23,1.27792,2.511,Small,0
hoodro01,Rodney Hood,15375,"Nov 22, 2020",2020,POR,20.9,standard,1,UFA,0.25,0.26,0,0,0,free_agency,POR,1,0,,0,2020,109.14,10.45,0.095749,-2.346029,2021,1,0,1,,10.04745,23,1.27792,2.511,Small,0,23,1.27792,2.511,Small,0
hoodro01,Rodney Hood,15375,"Aug 06, 2021",2021,MIL,2.24,standard,1,UFA,0.3,0.3,0,0,0,free_agency,TOR,0,0,,0,2021,112.414,2.24,0.019926,-3.915713,2021,1,0,0,,2.239544,38,0.9449,1.586,Small,0,,,6.202,Large,1
horfoal01,Al Horford,2199,"Jul 09, 2007",2007,ATL,7.77,standard,1,,0.25,0.26,0,0,0,free_agency,ATL,1,0,,4,2007,,3.885,,,2008,1,0,1,,,7,2.75817,6.144,Large,1,7,2.75817,6.144,Large,1
horfoal01,Al Horford,2199,"Nov 02, 2010",2010,ATL,60.0,extension,1,,0.25,0.29,0,0,0,extension,ATL,1,0,,2,2011,,12.0,,,2015,1,0,1,,,7,2.75817,6.144,Large,1,7,2.75817,6.144,Large,1
horfoal01,Al Horford,2199,"Jul 08, 2016",2016,BOS,113.0,standard,1,UFA,0.3,0.336,0,0,0,free_agency,ATL,0,0,,2,2016,94.143,28.25,0.300075,-1.203721,2019,1,0,1,,26.5401,9,2.58446,4.899,Large,1,7,2.75817,6.144,Large,1
horfoal01,Al Horford,2199,"Jul 10, 2019",2019,PHI,109.0,standard,1,UFA,0.35,0.392,0,0,0,free_agency,BOS,0,0,,1,2019,109.14,27.25,0.249679,-1.387578,2022,1,0,1,,28.0,5,3.14592,6.228,Large,1,9,2.58446,4.899,Large,1
horfoal01,Al Horford,2199,"Dec 01, 2022",2022,BOS,19.5,extension,1,,0.35,0.364,0,0,0,extension,BOS,1,0,,1,2023,136.021,9.75,0.07168,-2.635542,2024,1,0,1,,26.5,9,2.58446,4.899,Large,1,9,2.58446,4.899,Large,1
horfoal01,Al Horford,2199,"Oct 01, 2025",2025,GSW,11.65,standard,1,UFA,0.35,0.364,0,0,0,free_agency,BOS,0,1,,1,2025,154.647,5.825,0.037666,-3.278986,2026,0,1,1,,5.685,10,2.54248,4.749,Large,1,9,2.58446,4.899,Large,1
horfoal01,Al Horford,2199,"Jul 06, 2026",2026,GSW,13.99,standard,1,UFA,0.35,0.364,0,0,0,free_agency,GSW,1,1,,0,2026,170.1117,6.995,0.04112,-3.19126,2027,0,2,1,,,10,2.54248,4.749,Large,1,10,2.54248,4.749,Large,1
hortota01,Talen Horton-Tucker,31605,"Jul 13, 2019",2019,LAL,2.4,standard,1,,0.25,0.26,0,0,0,free_agency,LAL,1,0,,1,2019,109.14,1.2,0.010995,-4.51031,2020,1,0,1,,0.89831,2,5.83579,12.901,Large,1,2,5.83579,12.901,Large,1
hortota01,Talen Horton-Tucker,31605,"Aug 06, 2021",2021,LAL,30.87,standard,1,RFA,0.25,0.27,0,0,0,free_agency,LAL,1,0,,1,2021,112.414,10.29,0.091537,-2.391016,2023,1,0,1,,9.5,2,5.83579,12.901,Large,1,2,5.83579,12.901,Large,1
houseda01,Danuel House Jr.,20800,"Jul 15, 2016",2016,WAS,1.44,standard,1,,0.25,0.26,0,0,0,free_agency,WAS,1,0,,1,2016,94.143,0.72,0.007648,-4.873319,2017,1,0,1,,0.543471,8,2.63064,6.385,Large,1,8,2.63064,6.385,Large,1
houseda01,Danuel House Jr.,20800,"Nov 26, 2018",2018,HOU,1.16,standard,1,RFA,0.25,0.25,0,0,0,free_agency,PHX,0,0,,1,2018,101.869,1.16,0.011387,-4.475268,2018,1,0,0,,0.34183,6,2.79742,7.206,Large,1,12,2.1982,5.059,Large,0
houseda01,Danuel House Jr.,20800,"Mar 13, 2019",2019,HOU,0.248,two-way,1,,0.25,0.25,0,0,0,two_way,HOU,1,0,,1,2019,109.14,0.248,0.002272,-6.086958,2019,1,0,0,,3.54,6,2.79742,7.206,Large,1,6,2.79742,7.206,Large,1
houseda01,Danuel House Jr.,20800,"Jul 17, 2019",2019,HOU,11.15,standard,1,RFA,0.25,0.27,0,0,0,free_agency,HOU,1,0,,1,2019,109.14,3.717,0.034054,-3.379804,2021,1,0,1,,3.54,6,2.79742,7.206,Large,1,6,2.79742,7.206,Large,1
houseda01,Danuel House Jr.,20800,"Jul 06, 2022",2022,PHI,8.42,standard,1,UFA,0.25,0.26,0,0,0,free_agency,NYK,0,1,,1,2022,123.655,4.21,0.034046,-3.380033,2023,1,0,1,,4.105,5,3.14592,6.228,Large,1,1,7.49451,19.113,Large,1
houstca01,Caleb Houstan,78142,"Jul 10, 2022",2022,ORL,8.21,standard,1,,0.25,0.28,0,0,0,free_agency,ORL,1,0,,1,2022,123.655,2.053,0.016599,-4.098437,2025,1,0,1,,2.0,15,1.90242,2.673,Medium,0,15,1.90242,2.673,Medium,0
howardw01,Dwight Howard,2640,"Jul 07, 2004",2004,ORL,13.5,standard,1,,0.25,0.27,0,0,0,free_agency,ORL,1,0,,2,2004,,4.5,,,2006,1,0,1,,,15,1.90242,2.673,Medium,0,15,1.90242,2.673,Medium,0
howardw01,Dwight Howard,2640,"Jul 12, 2007",2007,ORL,83.2,rookie-scale,1,,0.25,0.29,0,0,0,extension,ORL,1,0,,1,2008,,16.64,,,2012,1,0,1,,,15,1.90242,2.673,Medium,0,15,1.90242,2.673,Medium,0
howardw01,Dwight Howard,2640,"Jul 13, 2013",2013,HOU,87.5,maximum,1,UFA,0.3,0.336,0,1,0,free_agency,HOU,1,0,,1,2013,,21.875,,,2016,1,0,1,,,6,2.79742,7.206,Large,1,6,2.79742,7.206,Large,1
howardw01,Dwight Howard,2640,"Jul 12, 2016",2016,ATL,70.5,standard,1,UFA,0.35,0.378,0,0,0,free_agency,HOU,0,0,,1,2016,94.143,23.5,0.24962,-1.387814,2018,1,0,1,,23.180275,7,2.75817,6.144,Large,1,6,2.79742,7.206,Large,1
howardw01,Dwight Howard,2640,"Jul 11, 2018",2018,WAS,10.9,standard,1,UFA,0.35,0.364,0,0,0,free_agency,CHA,0,0,,1,2018,101.869,5.45,0.0535,-2.928072,2019,1,0,1,,5.337,8,2.63064,6.385,Large,1,21,1.38202,2.66,Small,0
howardw01,Dwight Howard,2640,"Aug 26, 2019",2019,LAL,2.56,standard,1,UFA,0.35,0.35,0,0,0,free_agency,WAS,0,0,,0,2019,109.14,2.56,0.023456,-3.752624,2019,1,0,0,,2.564753,2,5.83579,12.901,Large,1,8,2.63064,6.385,Large,1
howardw01,Dwight Howard,2640,"Nov 21, 2020",2020,PHI,2.6,standard,1,UFA,0.35,0.35,0,0,0,free_agency,LAL,0,0,,0,2020,109.14,2.6,0.023823,-3.73712,2020,1,0,0,,1.620564,5,3.14592,6.228,Large,1,2,5.83579,12.901,Large,1
howardw01,Dwight Howard,2640,"Aug 06, 2021",2021,LAL,2.64,standard,1,UFA,0.35,0.35,0,0,0,free_agency,PHI,0,0,,0,2021,112.414,2.64,0.023485,-3.75141,2021,1,0,0,,2.641691,2,5.83579,12.901,Large,1,5,3.14592,6.228,Large,1
howarje01,Jett Howard,82211,"Jul 01, 2023",2023,ORL,23.17,rookie-scale,1,,0.25,0.28,0,0,0,rookie_scale,ORL,1,0,,2,2023,136.021,5.793,0.042585,-3.156245,2026,0,1,0,,5.0268,15,1.90242,2.673,Medium,0,15,1.90242,2.673,Medium,0
huertke01,Kevin Huerter,26985,"Jul 01, 2018",2018,ATL,11.9,rookie-scale,1,,0.25,0.28,0,0,0,rookie_scale,ATL,1,0,,2,2018,101.869,2.975,0.029204,-3.533444,2021,1,0,0,,2.25096,7,2.75817,6.144,Large,1,7,2.75817,6.144,Large,1
huertke01,Kevin Huerter,26985,"Oct 18, 2021",2021,ATL,65.0,rookie-scale,1,,0.25,0.28,0,0,0,extension,ATL,1,0,,0,2022,123.655,16.25,0.131414,-2.029403,2025,1,0,1,,4.253357,7,2.75817,6.144,Large,1,7,2.75817,6.144,Large,1
huertke01,Kevin Huerter,26985,"Jul 09, 2026",2026,DET,27.0,standard,1,UFA,0.3,0.324,0,0,0,free_agency,DET,1,0,,0,2026,170.1117,9.0,0.052906,-2.939231,2028,0,3,1,,,14,1.94075,4.365,Medium,0,14,1.94075,4.365,Medium,0
huertma01,Marcelo Huertas,18207,"Sep 09, 2015",2015,LAL,0.525,standard,1,,0.25,0.25,0,0,0,free_agency,LAL,1,0,,0,2015,70.0,0.525,0.0075,-4.892852,2015,1,0,0,,0.525093,2,5.83579,12.901,Large,1,2,5.83579,12.901,Large,1
huertma01,Marcelo Huertas,18207,"Aug 05, 2016",2016,LAL,3.07,standard,1,RFA,0.25,0.26,0,0,0,free_agency,LAL,1,0,,0,2016,94.143,1.535,0.016305,-4.116285,2017,1,0,1,,1.5,2,5.83579,12.901,Large,1,2,5.83579,12.901,Large,1
huestjo01,Josh Huestis,15381,"Jul 30, 2015",2015,OKC,2.33,standard,1,RFA,0.25,0.26,0,0,0,free_agency,OKC,1,0,,2,2015,70.0,1.165,0.016643,-4.095774,2016,1,0,1,,1.14024,47,0.7627,1.435,Small,0,47,0.7627,1.435,Small,0
huffja01,Jay Huff,74262,"Oct 28, 2024",2024,MEM,10.11,two-way,1,,0.25,0.28,0,0,0,two_way,MEM,1,0,,0,2024,140.588,2.527,0.017978,-4.018603,2027,0,2,0,,2.088033,51,0.6663,1.358,Small,0,51,0.6663,1.358,Small,0
hukpoar01,Ariel Hukporti,93962,"Nov 04, 2024",2024,NYK,5.75,two-way,1,,0.25,0.26,0,0,0,rest_of_season,NYK,1,0,,1,2024,140.588,2.875,0.02045,-3.889781,2025,1,0,0,,1.064049,1,7.49451,19.113,Large,1,1,7.49451,19.113,Large,1
hukpoar01,Ariel Hukporti,93962,"Jul 06, 2026",2026,PHI,3.4,standard,1,UFA,0.25,0.25,0,0,0,free_agency,NYK,0,0,,0,2026,170.1117,3.4,0.019987,-3.91268,2026,0,1,0,,,5,3.14592,6.228,Large,1,1,7.49451,19.113,Large,1
humphkr01,Kris Humphries,2739,"Jul 12, 2004",2004,UTH,4.78,standard,1,,0.25,0.27,0,0,0,free_agency,UTH,1,0,,2,2004,,1.593,,,2006,1,0,1,,,28,1.16352,1.266,Small,0,28,1.16352,1.266,Small,0
humphkr01,Kris Humphries,2739,"Oct 31, 2007",2007,TOR,9.6,rookie-scale,1,,0.25,0.27,0,0,0,extension,TOR,1,0,,1,2008,,3.2,,,2010,1,0,1,,,,,6.202,Large,1,,,6.202,Large,1
humphkr01,Kris Humphries,2739,"Dec 21, 2011",2011,NJN,8.0,standard,1,UFA,0.3,0.3,0,0,0,free_agency,NJN,1,0,,0,2011,,8.0,,,2011,1,0,0,,,1,7.49451,19.113,Large,1,1,7.49451,19.113,Large,1
humphkr01,Kris Humphries,2739,"Jul 20, 2012",2012,BKN,24.0,standard,1,UFA,0.3,0.312,0,0,0,free_agency,BKN,1,0,,0,2012,,12.0,,,2013,1,0,1,,,1,7.49451,19.113,Large,1,1,7.49451,19.113,Large,1
humphkr01,Kris Humphries,2739,"Jul 19, 2014",2014,BOS,13.32,standard,1,UFA,0.35,0.378,0,0,0,sign_and_trade,,,0,,0,2014,63.065,4.44,0.070404,-2.653512,2016,1,0,1,,,9,2.58446,4.899,Large,1,,,,,
humphkr01,Kris Humphries,2739,"Mar 01, 2016",2016,ATL,0.388,standard,1,UFA,0.35,0.35,0,0,0,free_agency,ATL,1,0,,0,2016,94.143,0.388,0.004121,-5.491565,2016,1,0,0,,4.0,7,2.75817,6.144,Large,1,7,2.75817,6.144,Large,1
humphkr01,Kris Humphries,2739,"Jul 15, 2016",2016,ATL,4.0,standard,1,UFA,0.35,0.35,0,0,0,free_agency,ATL,1,0,,0,2016,94.143,4.0,0.042489,-3.158521,2016,1,0,0,,4.0,7,2.75817,6.144,Large,1,7,2.75817,6.144,Large,1
huntede01,De'Andre Hunter,31561,"Jul 07, 2019",2019,ATL,32.1,rookie-scale,1,,0.25,0.28,0,0,0,rookie_scale,ATL,1,0,,2,2019,109.14,8.025,0.073529,-2.61007,2022,1,0,0,,7.06836,7,2.75817,6.144,Large,1,7,2.75817,6.144,Large,1
huntede01,De'Andre Hunter,31561,"Oct 17, 2022",2022,ATL,90.0,extension,1,,0.25,0.28,0,0,0,extension,ATL,1,0,,0,2023,136.021,22.5,0.165416,-1.799294,2026,0,1,1,,9.835881,7,2.75817,6.144,Large,1,7,2.75817,6.144,Large,1
hutchch01,Chandler Hutchison,26988,"Jul 03, 2018",2018,CHI,6.77,rookie-scale,1,,0.25,0.28,0,0,0,rookie_scale,CHI,1,0,,2,2018,101.869,1.692,0.016614,-4.097481,2021,1,0,0,,1.99152,3,3.65475,9.441,Large,1,3,3.65475,9.441,Large,1
hylanbo01,Bones Hyland,74133,"Aug 04, 2021",2021,DEN,10.76,rookie-scale,1,,0.25,0.28,0,0,0,rookie_scale,DEN,1,0,,2,2021,112.414,2.69,0.023929,-3.732647,2024,1,0,0,,2.09688,17,1.80627,3.038,Medium,0,17,1.80627,3.038,Medium,0
hylanbo01,Bones Hyland,74133,"Sep 15, 2025",2025,MIN,2.46,standard,1,RFA,0.25,0.25,0,0,0,free_agency,ATL,0,0,,0,2025,154.647,2.46,0.015907,-4.140984,2025,1,0,0,,2.296274,16,1.88668,3.703,Medium,0,7,2.75817,6.144,Large,1
hylanbo01,Bones Hyland,74133,"Jul 03, 2026",2026,MIN,2.85,standard,1,UFA,0.25,0.25,0,0,0,free_agency,MIN,1,0,,0,2026,170.1117,2.85,0.016754,-4.089136,2026,0,1,0,,,16,1.88668,3.703,Medium,0,16,1.88668,3.703,Medium,0
ibakase01,Serge Ibaka,6313,"Jul 06, 2009",2009,OKC,2.32,standard,1,RFA,0.25,0.26,0,0,0,free_agency,OKC,1,0,,3,2009,,1.16,,,2010,1,0,1,,,47,0.7627,1.435,Small,0,47,0.7627,1.435,Small,0
ibakase01,Serge Ibaka,6313,"Aug 18, 2012",2012,OKC,49.4,rookie-scale,1,,0.25,0.28,0,0,0,extension,OKC,1,0,,1,2013,,12.35,,,2016,1,0,1,,,47,0.7627,1.435,Small,0,47,0.7627,1.435,Small,0
ibakase01,Serge Ibaka,6313,"Jul 07, 2017",2017,TOR,65.0,standard,1,UFA,0.3,0.324,0,0,0,free_agency,TOR,1,0,,1,2017,99.093,21.667,0.21865,-1.520284,2019,1,0,1,,20.061729,,,6.202,Large,1,,,6.202,Large,1
ibakase01,Serge Ibaka,6313,"Nov 27, 2020",2020,LAC,18.98,standard,1,UFA,0.35,0.364,0,0,0,free_agency,TOR,0,1,,1,2020,109.14,9.49,0.086953,-2.442393,2021,1,0,1,,9.258,2,5.83579,12.901,Large,1,,,6.202,Large,1
ibakase01,Serge Ibaka,6313,"Jul 19, 2022",2022,MIL,2.91,standard,1,UFA,0.35,0.35,0,0,0,free_agency,MIL,1,0,,0,2022,123.655,2.91,0.023533,-3.749342,2022,1,0,0,,1.83609,38,0.9449,1.586,Small,0,38,0.9449,1.586,Small,0
ighodos01,Oso Ighodaro,93953,"Jul 04, 2024",2024,PHX,7.9,standard,1,,0.25,0.28,0,0,0,free_agency,PHX,1,0,,0,2024,140.588,1.975,0.014048,-4.265265,2027,0,2,1,,1.157153,12,2.1982,5.059,Large,0,12,2.1982,5.059,Large,0
iguodan01,Andre Iguodala,2652,"Jul 02, 2004",2004,PHI,8.98,standard,1,,0.25,0.28,0,0,0,free_agency,PHI,1,0,,3,2004,,2.245,,,2007,1,0,1,,,5,3.14592,6.228,Large,1,5,3.14592,6.228,Large,1
iguodan01,Andre Iguodala,2652,"Aug 18, 2008",2008,PHI,80.5,standard,1,RFA,0.25,0.3,0,0,0,free_agency,PHI,1,0,,2,2008,,13.417,,,2013,1,0,1,,,5,3.14592,6.228,Large,1,5,3.14592,6.228,Large,1
iguodan01,Andre Iguodala,2652,"Jul 05, 2013",2013,GSW,48.0,standard,1,UFA,0.3,0.336,0,0,0,sign_and_trade,,,0,,1,2013,,12.0,,,2016,1,0,1,,,10,2.54248,4.749,Large,1,,,,,
iguodan01,Andre Iguodala,2652,"Jul 12, 2017",2017,GSW,48.0,standard,1,UFA,0.35,0.378,0,0,0,free_agency,GSW,1,0,,1,2017,99.093,16.0,0.161464,-1.82347,2019,1,0,1,,14.814815,10,2.54248,4.749,Large,1,10,2.54248,4.749,Large,1
iguodan01,Andre Iguodala,2652,"Feb 05, 2020",2020,MEM,30.0,extension,1,UFA,0.35,0.364,0,0,0,sign_and_trade,MIA,0,0,,1,2020,109.14,15.0,0.137438,-1.984581,2021,1,0,1,,15.0,51,0.6663,1.358,Small,0,18,1.75692,6.266,Medium,0
iguodan01,Andre Iguodala,2652,"Sep 26, 2022",2022,GSW,2.91,standard,1,UFA,0.35,0.35,0,0,0,free_agency,GSW,1,0,,0,2022,123.655,2.91,0.023533,-3.749342,2022,1,0,0,,1.83609,10,2.54248,4.749,Large,1,10,2.54248,4.749,Large,1
ilyaser01,Ersan İlyasova,6341,"Aug 22, 2005",2005,MIL,1.06,standard,1,,0.25,0.26,0,0,0,free_agency,MIL,1,0,,0,2005,,0.53,,,2006,1,0,1,,,38,0.9449,1.586,Small,0,38,0.9449,1.586,Small,0
ilyaser01,Ersan İlyasova,6341,"Jul 16, 2009",2009,MIL,7.0,standard,1,RFA,0.25,0.27,0,0,0,free_agency,MIL,1,0,,0,2009,,2.333,,,2011,1,0,1,,,38,0.9449,1.586,Small,0,38,0.9449,1.586,Small,0
ilyaser01,Ersan İlyasova,6341,"Jul 21, 2017",2017,ATL,6.0,standard,1,UFA,0.35,0.35,0,0,0,free_agency,ATL,1,0,,0,2017,99.093,6.0,0.060549,-2.804299,2017,1,0,0,,0.357454,7,2.75817,6.144,Large,1,7,2.75817,6.144,Large,1
ilyaser01,Ersan İlyasova,6341,"Jul 16, 2018",2018,MIL,21.0,standard,1,UFA,0.35,0.378,0,0,0,free_agency,PHI,0,0,,0,2018,101.869,7.0,0.068716,-2.677778,2020,1,0,1,,7.0,38,0.9449,1.586,Small,0,5,3.14592,6.228,Large,1
inglejo01,Joe Ingles,15852,"Sep 24, 2014",2014,LAC,0.507,standard,1,,0.25,0.25,0,0,0,free_agency,LAC,1,0,,1,2014,63.065,0.507,0.008039,-4.82341,2014,1,0,0,,,2,5.83579,12.901,Large,1,2,5.83579,12.901,Large,1
inglejo01,Joe Ingles,15852,"Jul 10, 2015",2015,UTH,4.3,standard,1,RFA,0.25,0.26,0,0,0,free_agency,UTA,0,0,,1,2015,70.0,2.15,0.030714,-3.483027,2016,1,0,1,,2.25,28,1.16352,1.266,Small,0,28,1.16352,1.266,Small,0
inglejo01,Joe Ingles,15852,"Jul 25, 2017",2017,UTH,52.0,standard,1,RFA,0.25,0.28,0,0,0,free_agency,UTA,0,0,,1,2017,99.093,13.0,0.13119,-2.031109,2020,1,0,1,,14.136364,28,1.16352,1.266,Small,0,28,1.16352,1.266,Small,0
inglejo01,Joe Ingles,15852,"Jul 06, 2022",2022,MIL,6.48,standard,1,UFA,0.3,0.3,0,0,0,free_agency,POR,0,0,,1,2022,123.655,6.48,0.052404,-2.948775,2022,1,0,0,,6.479,38,0.9449,1.586,Small,0,23,1.27792,2.511,Small,0
inglejo01,Joe Ingles,15852,"Jul 07, 2023",2023,ORL,22.0,standard,1,UFA,0.3,0.312,0,0,0,free_agency,MIL,0,0,,1,2023,136.021,11.0,0.08087,-2.514914,2024,1,0,1,,11.0,15,1.90242,2.673,Medium,0,38,0.9449,1.586,Small,0
inglejo01,Joe Ingles,15852,"Jul 06, 2024",2024,MIN,3.3,standard,1,UFA,0.35,0.35,0,0,0,free_agency,ORL,0,0,,0,2024,140.588,3.3,0.023473,-3.751911,2024,1,0,0,,2.087519,16,1.88668,3.703,Medium,0,15,1.90242,2.673,Medium,0
inglejo01,Joe Ingles,15852,"Jul 06, 2025",2025,MIN,3.63,standard,1,UFA,0.35,0.35,0,0,0,free_agency,MIN,1,0,,0,2025,154.647,3.63,0.023473,-3.751912,2025,1,0,0,,2.296274,16,1.88668,3.703,Medium,0,16,1.88668,3.703,Medium,0
ingrabr01,Brandon Ingram,20207,"Aug 23, 2016",2016,LAL,23.82,rookie-scale,1,,0.25,0.28,0,0,0,rookie_scale,LAL,1,0,,2,2016,94.143,5.955,0.063255,-2.760584,2019,1,0,0,,5.28168,2,5.83579,12.901,Large,1,2,5.83579,12.901,Large,1
ingrabr01,Brandon Ingram,20207,"Nov 30, 2020",2020,NOP,158.25,maximum,1,RFA,0.25,0.29,0,1,0,free_agency,NOP,1,0,,0,2020,109.14,31.65,0.289995,-1.237893,2024,1,0,1,,27.285,50,0.67279,1.29,Small,0,50,0.67279,1.29,Small,0
ingrabr01,Brandon Ingram,20207,"Feb 12, 2025",2025,TOR,120.0,extension,1,,0.35,0.378,0,0,0,extension,TOR,1,0,,0,2026,170.1117,40.0,0.23514,-1.447576,2028,0,3,1,,38.095238,,,6.202,Large,1,,,6.202,Large,1
irvinky01,Kyrie Irving,8051,"Dec 09, 2011",2011,CLE,11.0,standard,1,,0.25,0.26,0,0,0,free_agency,CLE,1,0,,5,2011,,5.5,,,2012,1,0,1,,,19,1.55434,2.088,Medium,0,19,1.55434,2.088,Medium,0
irvinky01,Kyrie Irving,8051,"Jul 10, 2014",2014,CLE,94.3,maximum,1,,0.25,0.29,0,1,0,extension,CLE,1,0,,3,2015,70.0,18.86,0.269429,-1.311452,2019,1,0,1,,,19,1.55434,2.088,Medium,0,19,1.55434,2.088,Medium,0
irvinky01,Kyrie Irving,8051,"Jul 06, 2019",2019,BKN,136.5,standard,1,UFA,0.3,0.336,0,0,0,free_agency,BOS,0,1,,2,2019,109.14,34.125,0.312672,-1.162601,2022,1,0,1,,31.742,1,7.49451,19.113,Large,1,9,2.58446,4.899,Large,1
irvinky01,Kyrie Irving,8051,"Jul 07, 2023",2023,DAL,126.0,standard,1,UFA,0.35,0.378,0,0,0,free_agency,DAL,1,1,,1,2023,136.021,42.0,0.308776,-1.17514,2025,1,0,1,,37.037037,4,3.26449,7.943,Large,1,4,3.26449,7.943,Large,1
irvinky01,Kyrie Irving,8051,"Jul 06, 2025",2025,DAL,118.47,standard,1,UFA,0.35,0.378,0,0,0,free_agency,DAL,1,1,,0,2025,154.647,39.49,0.255356,-1.365098,2027,0,2,1,,36.566002,4,3.26449,7.943,Large,1,4,3.26449,7.943,Large,1
isaacjo01,Jonathan Isaac,23601,"Jul 01, 2017",2017,ORL,22.32,rookie-scale,1,,0.25,0.28,0,0,0,rookie_scale,ORL,1,0,,2,2017,99.093,5.58,0.056311,-2.87687,2020,1,0,0,,4.18632,15,1.90242,2.673,Medium,0,15,1.90242,2.673,Medium,0
isaacjo01,Jonathan Isaac,23601,"Dec 21, 2020",2020,ORL,69.9,extension,1,,0.25,0.28,0,0,0,extension,ORL,1,0,,0,2021,112.414,17.475,0.155452,-1.861417,2024,1,0,1,,7.362566,15,1.90242,2.673,Medium,0,15,1.90242,2.673,Medium,0
isaacjo01,Jonathan Isaac,23601,"Jul 01, 2026",2026,ORL,3.52,standard,1,UFA,0.3,0.3,0,0,0,free_agency,ORL,1,0,,0,2026,170.1117,3.52,0.020692,-3.877994,2026,0,1,0,,,15,1.90242,2.673,Medium,0,15,1.90242,2.673,Medium,0
iveyja01,Jaden Ivey,78111,"Jul 02, 2022",2022,DET,32.95,rookie-scale,1,,0.25,0.28,0,0,0,rookie_scale,DET,1,0,,2,2022,123.655,8.238,0.066617,-2.708799,2025,1,0,0,,7.2522,14,1.94075,4.365,Medium,0,14,1.94075,4.365,Medium,0
iwundwe01,Wes Iwundu,23628,"Jul 25, 2017",2017,ORL,4.05,standard,1,,0.25,0.27,0,0,0,free_agency,ORL,1,0,,1,2017,99.093,1.35,0.013624,-4.295954,2019,1,0,1,,1.05,15,1.90242,2.673,Medium,0,15,1.90242,2.673,Medium,0
iwundwe01,Wes Iwundu,23628,"Dec 01, 2020",2020,DAL,3.5,standard,1,UFA,0.25,0.26,0,0,0,free_agency,ORL,0,0,,0,2020,109.14,1.75,0.016034,-4.133016,2021,1,0,1,,1.678854,4,3.26449,7.943,Large,1,15,1.90242,2.673,Medium,0
jackja01,Jarrett Jack,2675,"Jul 13, 2005",2005,POR,2.2,standard,1,,0.25,0.26,0,0,0,free_agency,POR,1,0,,2,2005,,1.1,,,2006,1,0,1,,,23,1.27792,2.511,Small,0,23,1.27792,2.511,Small,0
jackja01,Jarrett Jack,2675,"Jul 21, 2009",2009,TOR,20.0,standard,1,RFA,0.25,0.28,0,0,0,free_agency,TOR,1,0,,0,2009,,5.0,,,2012,1,0,1,,,,,6.202,Large,1,,,6.202,Large,1
jackja01,Jarrett Jack,2675,"Jul 12, 2013",2013,CLE,25.2,standard,1,UFA,0.3,0.336,0,0,0,free_agency,CLE,1,0,,0,2013,,6.3,,,2016,1,0,1,,,19,1.55434,2.088,Medium,0,19,1.55434,2.088,Medium,0
jackja01,Jarrett Jack,2675,"Jul 15, 2016",2016,ATL,1.55,standard,1,UFA,0.35,0.35,0,0,0,free_agency,BKN,0,0,,0,2016,94.143,1.55,0.016464,-4.10656,2016,1,0,0,,0.091274,7,2.75817,6.144,Large,1,1,7.49451,19.113,Large,1
jackja01,Jarrett Jack,2675,"Sep 19, 2018",2018,NOP,2.4,standard,1,UFA,0.35,0.35,0,0,0,free_agency,NYK,0,0,,0,2018,101.869,2.4,0.02356,-3.748219,2018,1,0,0,,,50,0.67279,1.29,Small,0,1,7.49451,19.113,Large,1
jacksan01,Andre Jackson Jr.,82321,"Jul 07, 2023",2023,MIL,7.64,standard,1,,0.25,0.28,0,0,0,free_agency,MIL,1,0,,1,2023,136.021,1.91,0.014042,-4.265706,2026,0,1,1,,1.119563,38,0.9449,1.586,Small,0,38,0.9449,1.586,Small,0
jacksfr01,Frank Jackson,23626,"Jul 08, 2017",2017,NOP,3.8,standard,1,,0.25,0.27,0,0,0,free_agency,NOP,1,0,,0,2017,99.093,1.267,0.012783,-4.35967,2019,1,0,1,,0.815615,50,0.67279,1.29,Small,0,50,0.67279,1.29,Small,0
jacksfr01,Frank Jackson,23626,"Dec 04, 2020",2020,OKC,3.5,standard,1,UFA,0.25,0.26,0,0,0,free_agency,NOP,0,0,,0,2020,109.14,1.75,0.016034,-4.133016,2021,1,0,1,,0.0,47,0.7627,1.435,Small,0,50,0.67279,1.29,Small,0
jacksfr01,Frank Jackson,23626,"Aug 10, 2021",2021,DET,6.15,standard,1,RFA,0.25,0.26,0,0,0,free_agency,DET,1,0,,0,2021,112.414,3.075,0.027354,-3.598884,2022,1,0,1,,3.0,14,1.94075,4.365,Medium,0,14,1.94075,4.365,Medium,0
jacksgg01,GG Jackson II,85972,,2023,MEM,8.511167,standard,1,,0.25,0.28,0,0,0,free_agency,MEM,1,0,,1,2023,136.021,2.128,0.015643,-4.157725,2026,0,1,1,,1.991428,51,0.6663,1.358,Small,0,51,0.6663,1.358,Small,0
jacksis01,Isaiah Jackson,74129,"Aug 11, 2021",2021,IND,12.16,rookie-scale,1,,0.25,0.28,0,0,0,rookie_scale,IND,1,0,,2,2021,112.414,3.04,0.027043,-3.610331,2024,1,0,0,,2.45112,25,1.23221,2.126,Small,0,25,1.23221,2.126,Small,0
jacksis01,Isaiah Jackson,74129,"Jul 11, 2025",2025,IND,21.0,standard,1,RFA,0.25,0.27,0,0,0,free_agency,IND,1,0,,0,2025,154.647,7.0,0.045264,-3.095235,2027,0,2,1,,7.6,25,1.23221,2.126,Small,0,25,1.23221,2.126,Small,0
jacksja02,Jaren Jackson Jr.,26970,"Jul 01, 2018",2018,MEM,29.28,rookie-scale,1,,0.25,0.28,0,0,0,rookie_scale,MEM,1,0,,2,2018,101.869,7.32,0.071857,-2.633077,2021,1,0,0,,5.91504,51,0.6663,1.358,Small,0,51,0.6663,1.358,Small,0
jacksja02,Jaren Jackson Jr.,26970,"Oct 18, 2021",2021,MEM,104.72,rookie-scale,1,,0.25,0.28,0,0,0,extension,MEM,1,0,,0,2022,123.655,26.18,0.211718,-1.5525,2025,1,0,1,,9.18056,51,0.6663,1.358,Small,0,51,0.6663,1.358,Small,0
jacksja02,Jaren Jackson Jr.,26970,"Jul 13, 2025",2025,MEM,205.0,extension,1,,0.3,0.336,0,0,0,renegotiation,MEM,1,0,,0,2025,154.647,51.25,0.3314,-1.104429,2028,0,3,0,,35.0,51,0.6663,1.358,Small,0,51,0.6663,1.358,Small,0
jacksjo02,Josh Jackson,23599,"Jul 03, 2017",2017,PHX,27.12,rookie-scale,1,,0.25,0.28,0,0,0,rookie_scale,PHX,1,0,,2,2017,99.093,6.78,0.068421,-2.682082,2020,1,0,0,,5.09004,12,2.1982,5.059,Large,0,12,2.1982,5.059,Large,0
jacksjo02,Josh Jackson,23599,"Dec 01, 2020",2020,DET,9.77,standard,1,RFA,0.25,0.26,0,0,0,free_agency,MEM,0,0,,0,2020,109.14,4.885,0.044759,-3.106462,2021,1,0,1,,4.767,14,1.94075,4.365,Medium,0,51,0.6663,1.358,Small,0
jacksjo02,Josh Jackson,23599,"Aug 31, 2022",2022,TOR,2.13,standard,1,UFA,0.25,0.25,0,0,0,free_agency,SAC,0,0,,0,2022,123.655,2.13,0.017225,-4.061373,2022,1,0,0,,,,,6.202,Large,1,20,1.49792,2.453,Small,0
jacksju01,Justin Jackson,23610,"Jul 06, 2017",2017,SAC,13.48,rookie-scale,1,,0.25,0.28,0,0,0,rookie_scale,SAC,1,0,,2,2017,99.093,3.37,0.034008,-3.381146,2020,1,0,0,,2.36556,20,1.49792,2.453,Small,0,20,1.49792,2.453,Small,0
jacksqu01,Quenton Jackson,79955,"Feb 28, 2026",2026,IND,6.21,two-way,1,RFA,0.25,0.27,0,0,0,rest_of_season,IND,1,0,,0,2026,170.1117,2.07,0.012168,-4.408907,2028,0,3,0,,,25,1.23221,2.126,Small,0,25,1.23221,2.126,Small,0
jacksre01,Reggie Jackson,8075,"Dec 11, 2011",2011,OKC,2.36,standard,1,,0.25,0.26,0,0,0,free_agency,OKC,1,0,,3,2011,,1.18,,,2012,1,0,1,,,47,0.7627,1.435,Small,0,47,0.7627,1.435,Small,0
jacksre01,Reggie Jackson,8075,"Jul 20, 2015",2015,DET,80.0,standard,1,RFA,0.25,0.29,0,0,0,free_agency,DET,1,0,,1,2015,70.0,16.0,0.228571,-1.475907,2019,1,0,1,,14.0,14,1.94075,4.365,Medium,0,14,1.94075,4.365,Medium,0
jacksre01,Reggie Jackson,8075,"Aug 10, 2021",2021,LAC,21.6,standard,1,UFA,0.35,0.364,0,0,0,free_agency,LAC,1,0,,1,2021,112.414,10.8,0.096073,-2.342642,2022,1,0,1,,10.3845,2,5.83579,12.901,Large,1,2,5.83579,12.901,Large,1
jacksre01,Reggie Jackson,8075,"Jul 16, 2023",2023,DEN,10.25,standard,1,UFA,0.35,0.364,0,0,0,free_agency,DEN,1,1,,1,2023,136.021,5.125,0.037678,-3.278679,2024,1,0,1,,5.0,17,1.80627,3.038,Medium,0,17,1.80627,3.038,Medium,0
jacksre01,Reggie Jackson,8075,"Jul 29, 2024",2024,PHI,3.3,standard,1,UFA,0.35,0.35,0,0,0,free_agency,DEN,0,0,,0,2024,140.588,3.3,0.023473,-3.751911,2024,1,0,0,,1.946229,5,3.14592,6.228,Large,1,17,1.80627,3.038,Medium,0
jackstr02,Trayce Jackson-Davis,84443,"Jul 06, 2023",2023,GSW,7.64,standard,1,,0.25,0.28,0,0,0,free_agency,GSW,1,0,,1,2023,136.021,1.91,0.014042,-4.265706,2026,0,1,1,,1.119563,10,2.54248,4.749,Large,1,10,2.54248,4.749,Large,1
jakucka01,Kasparas Jakučionis,98605,"Jul 01, 2025",2025,MIA,17.73,rookie-scale,1,,0.25,0.28,0,0,0,rookie_scale,MIA,1,0,,0,2025,154.647,4.433,0.028662,-3.552181,2028,0,3,0,,3.6588,18,1.75692,6.266,Medium,0,18,1.75692,6.266,Medium,0
jamesbr02,Bronny James,92960,"Jul 03, 2024",2024,LAL,7.9,standard,1,,0.25,0.28,0,0,0,free_agency,LAL,1,0,,0,2024,140.588,1.975,0.014048,-4.265265,2027,0,2,1,,1.157153,2,5.83579,12.901,Large,1,2,5.83579,12.901,Large,1
jamesle01,LeBron James,2257,"Jul 03, 2003",2003,CLE,12.9,standard,1,,0.25,0.27,0,0,0,free_agency,CLE,1,0,,6,2003,,4.3,,,2005,1,0,1,,,19,1.55434,2.088,Medium,0,19,1.55434,2.088,Medium,0
jamesle01,LeBron James,2257,"Jul 18, 2006",2006,CLE,60.4,rookie-scale,1,,0.25,0.28,0,0,0,extension,CLE,1,0,,5,2007,,15.1,,,2010,1,0,1,,,19,1.55434,2.088,Medium,0,19,1.55434,2.088,Medium,0
jamesle01,LeBron James,2257,"Jul 09, 2010",2010,CLE,110.0,standard,1,UFA,0.3,0.36,0,0,0,free_agency,CLE,1,0,,5,2010,,18.333,,,2015,1,0,1,,,19,1.55434,2.088,Medium,0,19,1.55434,2.088,Medium,0
jamesle01,LeBron James,2257,"Jul 12, 2014",2014,CLE,42.2,standard,1,UFA,0.35,0.364,0,0,0,free_agency,CLE,1,0,,4,2014,63.065,21.1,0.334575,-1.094893,2015,1,0,1,,,19,1.55434,2.088,Medium,0,19,1.55434,2.088,Medium,0
jamesle01,LeBron James,2257,"Aug 12, 2016",2016,CLE,100.0,standard,1,UFA,0.35,0.378,0,0,0,free_agency,CLE,1,0,,3,2016,94.143,33.333,0.354071,-1.038257,2018,1,0,1,,30.96345,19,1.55434,2.088,Medium,0,19,1.55434,2.088,Medium,0
jamesle01,LeBron James,2257,"Jul 09, 2018",2018,LAL,153.5,maximum,1,UFA,0.35,0.392,0,1,0,free_agency,CLE,0,0,,2,2018,101.869,38.375,0.376709,-0.976281,2021,1,0,1,,35.65415,2,5.83579,12.901,Large,1,19,1.55434,2.088,Medium,0
jamesle01,LeBron James,2257,"Dec 03, 2020",2020,LAL,85.66,extension,1,,0.35,0.364,1,0,0,extension,LAL,1,0,,2,2021,112.414,42.83,0.381002,-0.96495,2022,1,0,1,,39.219566,2,5.83579,12.901,Large,1,2,5.83579,12.901,Large,1
jamesle01,LeBron James,2257,"Aug 18, 2022",2022,LAL,99.02,maximum,1,,0.35,0.364,0,1,0,extension,LAL,1,0,,2,2023,136.021,49.51,0.363988,-1.010635,2024,1,0,1,,44.474988,2,5.83579,12.901,Large,1,2,5.83579,12.901,Large,1
jamesle01,LeBron James,2257,"Jul 06, 2024",2024,LAL,101.36,maximum,1,UFA,0.35,0.364,0,1,0,free_agency,LAL,1,1,,1,2024,140.588,50.68,0.360486,-1.020302,2025,1,0,1,,48.728845,2,5.83579,12.901,Large,1,2,5.83579,12.901,Large,1
jamesle01,LeBron James,2257,"Jul 26, 2026",2026,PHI,7.94,standard,1,UFA,0.35,0.364,0,0,0,free_agency,LAL,0,1,,0,2026,170.1117,3.97,0.023338,-3.757689,2027,0,2,1,,,5,3.14592,6.228,Large,1,2,5.83579,12.901,Large,1
jamesmi02,Mike James,2607,"Sep 23, 2013",2013,CHI,1.4,standard,1,,,,0,0,0,free_agency,CHI,1,0,,0,2013,,1.4,,,2013,1,0,0,,,3,3.65475,9.441,Large,1,3,3.65475,9.441,Large,1
jamessi01,Sion James,98641,"Jul 03, 2025",2025,CHA,9.97,standard,1,,0.25,0.28,0,0,0,free_agency,CHA,1,0,,0,2025,154.647,2.493,0.016117,-4.127859,2028,0,3,1,,2.296274,21,1.38202,2.66,Small,0,21,1.38202,2.66,Small,0
jaqueja01,Jaime Jaquez Jr.,82323,"Jul 01, 2023",2023,MIA,17.0,rookie-scale,1,,0.25,0.28,0,0,0,rookie_scale,MIA,1,0,,2,2023,136.021,4.25,0.031245,-3.46589,2026,0,1,0,,3.5106,18,1.75692,6.266,Medium,0,18,1.75692,6.266,Medium,0
jeffeal01,Al Jefferson,2579,"Jul 03, 2004",2004,BOS,4.5,standard,1,,0.25,0.27,0,0,0,free_agency,BOS,1,0,,2,2004,,1.5,,,2006,1,0,1,,,9,2.58446,4.899,Large,1,9,2.58446,4.899,Large,1
jeffeal01,Al Jefferson,2579,"Oct 31, 2007",2007,MIN,65.0,rookie-scale,1,,0.25,0.29,0,0,0,extension,MIN,1,0,,1,2008,,13.0,,,2012,1,0,1,,,16,1.88668,3.703,Medium,0,16,1.88668,3.703,Medium,0
jeffeal01,Al Jefferson,2579,"Jul 10, 2013",2013,CHA,41.0,standard,1,UFA,0.3,0.324,0,0,0,free_agency,CHA,1,0,,1,2013,,13.667,,,2015,1,0,1,,,21,1.38202,2.66,Small,0,21,1.38202,2.66,Small,0
jeffeal01,Al Jefferson,2579,"Jul 09, 2016",2016,IND,30.0,standard,1,UFA,0.35,0.378,0,0,0,free_agency,CHA,0,0,,0,2016,94.143,10.0,0.106221,-2.24223,2018,1,0,1,,10.230179,25,1.23221,2.126,Small,0,21,1.38202,2.66,Small,0
jefferi01,Richard Jefferson,2594,"Jul 13, 2001",2001,NJN,4.4,standard,1,,0.25,0.27,0,0,0,free_agency,NJN,1,0,,3,2001,,1.467,,,2003,1,0,1,,,1,7.49451,19.113,Large,1,1,7.49451,19.113,Large,1
jefferi01,Richard Jefferson,2594,"Aug 13, 2004",2004,NJN,78.0,rookie-scale,1,,0.25,0.3,0,0,0,extension,NJN,1,0,,2,2005,,13.0,,,2010,1,0,1,,,1,7.49451,19.113,Large,1,1,7.49451,19.113,Large,1
jefferi01,Richard Jefferson,2594,"Jul 20, 2014",2014,DAL,1.45,standard,1,UFA,0.35,0.35,0,0,0,free_agency,DAL,1,0,,0,2014,63.065,1.45,0.022992,-3.772602,2014,1,0,0,,,4,3.26449,7.943,Large,1,4,3.26449,7.943,Large,1
jefferi01,Richard Jefferson,2594,"Aug 05, 2015",2015,CLE,1.5,standard,1,UFA,0.35,0.35,0,0,0,free_agency,CLE,1,0,,0,2015,70.0,1.5,0.021429,-3.84303,2015,1,0,0,,1.499,19,1.55434,2.088,Medium,0,19,1.55434,2.088,Medium,0
jefferi01,Richard Jefferson,2594,"Jul 28, 2016",2016,CLE,7.6,standard,1,UFA,0.35,0.378,0,0,0,free_agency,CLE,1,0,,0,2016,94.143,2.533,0.026909,-3.615279,2018,1,0,1,,2.5,19,1.55434,2.088,Medium,0,19,1.55434,2.088,Medium,0
jefferi01,Richard Jefferson,2594,"Oct 19, 2017",2017,DEN,2.3,standard,1,UFA,0.35,0.35,0,0,0,free_agency,CLE,0,0,,0,2017,99.093,2.3,0.023211,-3.76315,2017,1,0,0,,1.454756,17,1.80627,3.038,Medium,0,19,1.55434,2.088,Medium,0
jeffrda01,DaQuan Jeffries,32680,"Nov 28, 2020",2020,SAC,1.45,standard,1,RFA,0.25,0.25,0,0,0,free_agency,SAC,1,0,,1,2020,109.14,1.45,0.013286,-4.321068,2020,1,0,0,,1.445697,20,1.49792,2.453,Small,0,20,1.49792,2.453,Small,0
jeffrda01,DaQuan Jeffries,32680,"Mar 26, 2023",2023,NYK,2.37,standard,1,RFA,0.25,0.26,0,0,0,rest_of_season,NYK,1,0,,0,2023,136.021,1.185,0.008712,-4.743067,2024,1,0,0,,0.116075,1,7.49451,19.113,Large,1,1,7.49451,19.113,Large,1
jeffrda01,DaQuan Jeffries,32680,"Oct 02, 2024",2024,NYK,8.25,standard,1,UFA,0.25,0.27,0,0,0,sign_and_trade,NYK,1,0,,0,2024,140.588,2.75,0.019561,-3.934233,2026,0,1,1,,2.425404,1,7.49451,19.113,Large,1,1,7.49451,19.113,Large,1
jenkida01,Daniss Jenkins,94498,"Feb 09, 2026",2026,DET,7.8,standard,1,RFA,0.25,0.26,0,0,0,rest_of_season,DET,1,0,,1,2026,170.1117,3.9,0.022926,-3.775479,2027,0,2,0,,,14,1.94075,4.365,Medium,0,14,1.94075,4.365,Medium,0
jenkijo01,John Jenkins,12363,"Mar 17, 2017",2017,CHI,0.9,standard,1,UFA,0.25,0.25,0,0,0,free_agency,PHX,0,0,,0,2017,99.093,0.9,0.009082,-4.701419,2017,1,0,0,,,3,3.65475,9.441,Large,1,12,2.1982,5.059,Large,0
jenkijo01,John Jenkins,12363,"Apr 08, 2018",2018,CHI,0.88,standard,1,UFA,0.25,0.25,0,0,0,free_agency,WAS,0,0,,0,2018,101.869,0.88,0.008639,-4.751521,2018,1,0,0,,0.09929,3,3.65475,9.441,Large,1,8,2.63064,6.385,Large,1
jenkijo01,John Jenkins,12363,"May 13, 2019",2019,NYG,0.845,standard,1,UFA,0.3,0.3,0,0,0,free_agency,WAS,0,0,,0,2019,109.14,0.845,0.007742,-4.86105,2019,1,0,0,,,,,,,,8,2.63064,6.385,Large,1
jenkijo01,John Jenkins,12363,"Apr 28, 2020",2020,CHI,1.1,standard,1,UFA,0.3,0.3,0,0,0,free_agency,CHI,1,0,,0,2020,109.14,1.1,0.010079,-4.597321,2020,1,0,0,,,3,3.65475,9.441,Large,1,3,3.65475,9.441,Large,1
jenkijo01,John Jenkins,12363,"Apr 01, 2021",2021,MIA,1.2,standard,1,UFA,0.3,0.3,0,0,0,free_agency,MIA,1,0,,0,2021,112.414,1.2,0.010675,-4.539867,2021,1,0,0,,,18,1.75692,6.266,Medium,0,18,1.75692,6.266,Medium,0
jenkijo01,John Jenkins,12363,"Apr 07, 2022",2022,MIA,1.27,standard,1,UFA,0.35,0.35,0,0,0,free_agency,MIA,1,0,,0,2022,123.655,1.27,0.010271,-4.578479,2022,1,0,0,,,18,1.75692,6.266,Medium,0,18,1.75692,6.266,Medium,0
jenkijo01,John Jenkins,12363,"Jun 02, 2025",2025,BAL,1.75,standard,1,UFA,0.35,0.35,0,0,0,free_agency,BAL,1,0,,0,2025,154.647,1.75,0.011316,-4.481529,2025,1,0,0,,,,,,,,,,,,
jenkijo01,John Jenkins,12363,"Jan 02, 2026",2026,BAL,1.95,extension,1,,0.35,0.35,0,0,0,extension,BAL,1,0,,0,2027,187.12287,1.95,0.010421,-4.563936,2027,0,2,0,,,,,,,,,,,,
jennibr01,Brandon Jennings,6299,"Jul 27, 2009",2009,MIL,4.5,standard,1,,0.25,0.26,0,0,0,free_agency,MIL,1,0,,2,2009,,2.25,,,2010,1,0,1,,,38,0.9449,1.586,Small,0,38,0.9449,1.586,Small,0
jennibr01,Brandon Jennings,6299,"Jul 30, 2013",2013,MIL,24.0,standard,1,RFA,0.25,0.27,0,0,0,sign_and_trade,MIL,1,0,,0,2013,,8.0,,,2015,1,0,1,,,38,0.9449,1.586,Small,0,38,0.9449,1.586,Small,0
jennibr01,Brandon Jennings,6299,"Jul 08, 2016",2016,NYK,5.0,standard,1,UFA,0.3,0.3,0,0,0,free_agency,ORL,0,0,,0,2016,94.143,5.0,0.053111,-2.935377,2016,1,0,0,,1.2,1,7.49451,19.113,Large,1,15,1.90242,2.673,Medium,0
jennibr01,Brandon Jennings,6299,"Mar 01, 2017",2017,WAS,1.2,standard,1,UFA,0.3,0.3,0,0,0,free_agency,WAS,1,0,,0,2017,99.093,1.2,0.01211,-4.413737,2017,1,0,0,,0.297169,8,2.63064,6.385,Large,1,8,2.63064,6.385,Large,1
jerebjo01,Jonas Jerebko,6285,"Aug 07, 2009",2009,DET,1.22,standard,1,,0.25,0.26,0,0,0,free_agency,DET,1,0,,1,2009,,0.61,,,2010,1,0,1,,,14,1.94075,4.365,Medium,0,14,1.94075,4.365,Medium,0
jerebjo01,Jonas Jerebko,6285,"Dec 10, 2011",2011,DET,18.0,standard,1,RFA,0.25,0.28,0,0,0,free_agency,DET,1,0,,1,2011,,4.5,,,2014,1,0,1,,,14,1.94075,4.365,Medium,0,14,1.94075,4.365,Medium,0
jerebjo01,Jonas Jerebko,6285,"Jul 09, 2015",2015,BOS,10.0,standard,1,UFA,0.25,0.26,0,0,0,free_agency,BOS,1,0,,0,2015,70.0,5.0,0.071429,-2.639057,2016,1,0,1,,5.0,9,2.58446,4.899,Large,1,9,2.58446,4.899,Large,1
jerebjo01,Jonas Jerebko,6285,"Jul 17, 2017",2017,UTH,8.2,standard,1,UFA,0.3,0.312,0,0,0,free_agency,BOS,0,0,,0,2017,99.093,4.1,0.041375,-3.185072,2018,1,0,1,,4.0,28,1.16352,1.266,Small,0,9,2.58446,4.899,Large,1
jerebjo01,Jonas Jerebko,6285,"Jul 12, 2018",2018,GSW,2.18,standard,1,UFA,0.3,0.3,0,0,0,free_agency,UTA,0,0,,0,2018,101.869,2.18,0.0214,-3.844363,2018,1,0,0,,2.165481,10,2.54248,4.749,Large,1,28,1.16352,1.266,Small,0
jeromty01,Ty Jerome,31582,"Jul 06, 2019",2019,PHX,11.13,rookie-scale,1,,0.25,0.28,0,0,0,rookie_scale,PHX,1,0,,2,2019,109.14,2.783,0.025495,-3.669282,2022,1,0,0,,2.19348,12,2.1982,5.059,Large,0,12,2.1982,5.059,Large,0
jeromty01,Ty Jerome,31582,"Jul 06, 2023",2023,CLE,4.63,standard,1,UFA,0.25,0.26,0,0,0,free_agency,HOU,0,0,,0,2023,136.021,2.315,0.017019,-4.0734,2024,1,0,1,,2.439025,19,1.55434,2.088,Medium,0,6,2.79742,7.206,Large,1
jeromty01,Ty Jerome,31582,"Jul 14, 2025",2025,MEM,27.66,standard,1,UFA,0.25,0.27,0,0,0,free_agency,CLE,0,1,,0,2025,154.647,9.22,0.05962,-2.81977,2027,0,2,1,,8.781,51,0.6663,1.358,Small,0,19,1.55434,2.088,Medium,0
joeis01,Isaiah Joe,70691,"Nov 27, 2020",2020,PHI,4.2,standard,1,,0.25,0.27,0,0,0,free_agency,PHI,1,0,,1,2020,109.14,1.4,0.012828,-4.356159,2022,1,0,1,,0.89831,5,3.14592,6.228,Large,1,5,3.14592,6.228,Large,1
joeis01,Isaiah Joe,70691,"Oct 16, 2022",2022,OKC,5.99,standard,1,RFA,0.25,0.27,0,0,0,free_agency,PHI,0,0,,1,2022,123.655,1.997,0.016147,-4.126016,2024,1,0,1,,1.83609,47,0.7627,1.435,Small,0,5,3.14592,6.228,Large,1
joeis01,Isaiah Joe,70691,"Jul 07, 2024",2024,OKC,48.0,standard,1,RFA,0.25,0.28,0,0,0,free_agency,OKC,1,0,,0,2024,140.588,12.0,0.085356,-2.460927,2027,0,2,1,,12.99165,47,0.7627,1.435,Small,0,47,0.7627,1.435,Small,0
johnsaj01,AJ Johnson,92952,"Jul 05, 2024",2024,MIL,14.62,rookie-scale,1,,0.25,0.28,0,0,0,rookie_scale,WAS,0,0,,1,2024,140.588,3.655,0.025998,-3.649738,2027,0,2,0,,2.795294,38,0.9449,1.586,Small,0,8,2.63064,6.385,Large,1
johnsal02,Alize Johnson,27016,"Jul 16, 2018",2018,IND,2.25,standard,1,,0.25,0.26,0,0,0,free_agency,IND,1,0,,0,2018,101.869,1.125,0.011044,-4.505905,2019,1,0,1,,0.838464,25,1.23221,2.126,Small,0,25,1.23221,2.126,Small,0
johnsal02,Alize Johnson,27016,"Apr 11, 2021",2021,BKN,4.07,standard,1,UFA,0.25,0.27,0,0,0,rest_of_season,BKN,1,0,,0,2021,112.414,1.357,0.012068,-4.417158,2023,1,0,0,,0.09938,1,7.49451,19.113,Large,1,1,7.49451,19.113,Large,1
johnsal02,Alize Johnson,27016,"Sep 06, 2021",2021,CHI,3.61,standard,1,RFA,0.25,0.26,0,0,0,free_agency,BKN,0,0,,0,2021,112.414,1.805,0.016057,-4.131628,2022,1,0,1,,0.09938,3,3.65475,9.441,Large,1,1,7.49451,19.113,Large,1
johnsam01,Amir Johnson,2304,"Aug 09, 2005",2005,DET,0.398762,standard,1,,0.25,0.25,0,0,0,free_agency,DET,1,0,,1,2005,,0.399,,,2005,1,0,0,,,14,1.94075,4.365,Medium,0,14,1.94075,4.365,Medium,0
johnsam01,Amir Johnson,2304,"Jul 13, 2007",2007,DET,11.0,standard,1,RFA,0.25,0.27,0,0,0,free_agency,DET,1,0,,0,2007,,3.667,,,2009,1,0,1,,,14,1.94075,4.365,Medium,0,14,1.94075,4.365,Medium,0
johnsam01,Amir Johnson,2304,"Jul 01, 2010",2010,TOR,34.0,standard,1,RFA,0.25,0.29,0,0,0,free_agency,TOR,1,0,,0,2010,,6.8,,,2014,1,0,1,,,,,6.202,Large,1,,,6.202,Large,1
johnsam01,Amir Johnson,2304,"Jul 09, 2015",2015,BOS,24.0,standard,1,UFA,0.3,0.312,0,0,0,free_agency,BOS,1,0,,0,2015,70.0,12.0,0.171429,-1.763589,2016,1,0,1,,12.0,9,2.58446,4.899,Large,1,9,2.58446,4.899,Large,1
johnsam01,Amir Johnson,2304,"Jul 01, 2017",2017,PHI,11.0,standard,1,UFA,0.35,0.35,0,0,0,free_agency,BOS,0,0,,0,2017,99.093,11.0,0.111007,-2.198164,2017,1,0,0,,11.0,5,3.14592,6.228,Large,1,9,2.58446,4.899,Large,1
johnsam01,Amir Johnson,2304,"Jul 17, 2018",2018,PHI,2.39,standard,1,UFA,0.35,0.35,0,0,0,free_agency,PHI,1,0,,0,2018,101.869,2.39,0.023462,-3.752394,2018,1,0,0,,2.393887,5,3.14592,6.228,Large,1,5,3.14592,6.228,Large,1
johnsca02,Cameron Johnson,31568,"Jul 06, 2019",2019,PHX,18.59,rookie-scale,1,,0.25,0.28,0,0,0,rookie_scale,PHX,1,0,,2,2019,109.14,4.647,0.042583,-3.156302,2022,1,0,0,,4.03344,12,2.1982,5.059,Large,0,12,2.1982,5.059,Large,0
johnsca02,Cameron Johnson,31568,"Jul 06, 2023",2023,BKN,94.5,standard,1,RFA,0.25,0.28,0,0,0,free_agency,BKN,1,0,,0,2023,136.021,23.625,0.173686,-1.750504,2026,0,1,1,,25.679348,1,7.49451,19.113,Large,1,1,7.49451,19.113,Large,1
johnsch04,Chris Johnson,7677,"Mar 14, 2011",2011,POR,0.762195,standard,1,,,,0,0,0,free_agency,POR,1,0,,0,2011,,0.762,,,2011,1,0,0,,,23,1.27792,2.511,Small,0,23,1.27792,2.511,Small,0
johnsch04,Chris Johnson,7677,"Feb 08, 2013",2013,MIN,1.26,standard,1,RFA,0.25,0.26,0,0,0,free_agency,MIN,1,0,,0,2013,,0.63,,,2014,1,0,1,,,16,1.88668,3.703,Medium,0,16,1.88668,3.703,Medium,0
johnsch04,Chris Johnson,7677,"Sep 26, 2014",2014,MIA,0.948,standard,1,RFA,0.25,0.25,0,0,0,free_agency,MIA,1,0,,0,2014,63.065,0.948,0.015032,-4.197567,2014,1,0,0,,,18,1.75692,6.266,Medium,0,18,1.75692,6.266,Medium,0
johnsch04,Chris Johnson,7677,"Sep 28, 2015",2015,CLE,0.981,standard,1,RFA,0.25,0.25,0,0,0,free_agency,UTA,0,0,,0,2015,70.0,0.981,0.014014,-4.267678,2015,1,0,0,,0.981348,19,1.55434,2.088,Medium,0,28,1.16352,1.266,Small,0
johnsja01,James Johnson,6279,"Jul 09, 2009",2009,CHI,3.3,standard,1,,0.25,0.26,0,0,0,free_agency,CHI,1,0,,3,2009,,1.65,,,2010,1,0,1,,,3,3.65475,9.441,Large,1,3,3.65475,9.441,Large,1
johnsja01,James Johnson,6279,"Sep 19, 2013",2013,ATL,2.01,standard,1,RFA,0.25,0.26,0,0,0,free_agency,ATL,1,0,,1,2013,,1.005,,,2014,1,0,1,,,7,2.75817,6.144,Large,1,7,2.75817,6.144,Large,1
johnsja01,James Johnson,6279,"Dec 16, 2013",2013,MEM,0.680263,standard,1,RFA,0.25,0.25,0,0,0,free_agency,MEM,1,0,,1,2013,,0.68,,,2013,1,0,0,,,51,0.6663,1.358,Small,0,51,0.6663,1.358,Small,0
johnsja01,James Johnson,6279,"Jul 17, 2014",2014,TOR,5.0,standard,1,UFA,0.25,0.26,0,0,0,free_agency,TOR,1,0,,1,2014,63.065,2.5,0.039642,-3.227875,2015,1,0,1,,,,,6.202,Large,1,,,6.202,Large,1
johnsja01,James Johnson,6279,"Jul 10, 2016",2016,MIA,4.0,standard,1,UFA,0.3,0.3,0,0,0,free_agency,TOR,0,0,,1,2016,94.143,4.0,0.042489,-3.158521,2016,1,0,0,,4.0,18,1.75692,6.266,Medium,0,,,6.202,Large,1
johnsja01,James Johnson,6279,"Jul 07, 2017",2017,MIA,43.3,standard,1,UFA,0.3,0.324,0,0,0,free_agency,MIA,1,0,,1,2017,99.093,14.433,0.145654,-1.926518,2019,1,0,1,,13.954,18,1.75692,6.266,Medium,0,18,1.75692,6.266,Medium,0
johnsja01,James Johnson,6279,"Aug 06, 2021",2021,BKN,2.64,standard,1,UFA,0.35,0.35,0,0,0,free_agency,NOP,0,0,,0,2021,112.414,2.64,0.023485,-3.75141,2021,1,0,0,,2.641691,1,7.49451,19.113,Large,1,50,0.67279,1.29,Small,0
johnsja01,James Johnson,6279,"Jul 25, 2024",2024,IND,3.3,standard,1,UFA,0.35,0.35,0,0,0,free_agency,IND,1,0,,0,2024,140.588,3.3,0.023473,-3.751911,2024,1,0,0,,2.087519,25,1.23221,2.126,Small,0,25,1.23221,2.126,Small,0
johnsja05,Jalen Johnson,74127,"Aug 04, 2021",2021,ATL,12.89,rookie-scale,1,,0.25,0.28,0,0,0,rookie_scale,ATL,1,0,,2,2021,112.414,3.223,0.028666,-3.552031,2024,1,0,0,,2.65956,7,2.75817,6.144,Large,1,7,2.75817,6.144,Large,1
johnsja05,Jalen Johnson,74127,"Oct 21, 2024",2024,ATL,150.0,rookie-scale,1,,0.25,0.29,0,0,0,extension,ATL,1,0,,0,2025,154.647,30.0,0.19399,-1.639948,2029,0,4,1,,4.510905,7,2.75817,6.144,Large,1,7,2.75817,6.144,Large,1
johnsjo02,Joe Johnson,2200,"Jul 10, 2001",2001,BOS,5.18,standard,1,,,,0,0,0,free_agency,BOS,1,0,,1,2001,,1.727,,,2003,1,0,1,,,9,2.58446,4.899,Large,1,9,2.58446,4.899,Large,1
johnsjo02,Joe Johnson,2200,"Aug 19, 2005",2005,PHX,67.4,standard,1,RFA,0.25,0.29,0,0,0,free_agency,PHX,1,0,,0,2005,,13.48,,,2009,1,0,1,,,12,2.1982,5.059,Large,0,12,2.1982,5.059,Large,0
johnsjo02,Joe Johnson,2200,"Jul 08, 2010",2010,ATL,123.7,standard,1,UFA,0.3,0.36,0,0,0,free_agency,ATL,1,0,,0,2010,,20.617,,,2015,1,0,1,,,7,2.75817,6.144,Large,1,7,2.75817,6.144,Large,1
johnsjo02,Joe Johnson,2200,"Feb 14, 2018",2018,HOU,0.749,standard,1,UFA,0.35,0.35,0,0,0,free_agency,HOU,1,0,,0,2018,101.869,0.749,0.007353,-4.912704,2018,1,0,0,,,6,2.79742,7.206,Large,1,6,2.79742,7.206,Large,1
johnsjo02,Joe Johnson,2200,"Sep 19, 2019",2019,DET,2.56,standard,1,UFA,0.35,0.35,0,0,0,free_agency,DET,1,0,,0,2019,109.14,2.56,0.023456,-3.752624,2019,1,0,0,,0.22,14,1.94075,4.365,Medium,0,14,1.94075,4.365,Medium,0
johnske04,Keldon Johnson,31588,"Jul 01, 2019",2019,SAS,10.02,rookie-scale,1,,0.25,0.28,0,0,0,rookie_scale,SAS,1,0,,2,2019,109.14,2.505,0.022952,-3.774343,2022,1,0,0,,1.9506,31,1.0964,2.602,Small,0,31,1.0964,2.602,Small,0
johnske04,Keldon Johnson,31588,"Jul 18, 2022",2022,SAS,74.0,rookie-scale,1,,0.25,0.28,0,0,0,extension,SAS,1,0,,0,2023,136.021,18.5,0.136008,-1.995039,2026,0,1,1,,3.873025,31,1.0964,2.602,Small,0,31,1.0964,2.602,Small,0
johnske07,Keon Johnson,74128,"Aug 06, 2021",2021,LAC,12.52,rookie-scale,1,,0.25,0.28,0,0,0,rookie_scale,POR,0,0,,2,2021,112.414,3.13,0.027844,-3.581155,2024,1,0,0,,2.55324,2,5.83579,12.901,Large,1,23,1.27792,2.511,Small,0
johnske07,Keon Johnson,74128,"Jul 21, 2024",2024,BKN,4.51,standard,1,UFA,0.25,0.26,0,0,0,free_agency,PHX,0,0,,1,2024,140.588,2.255,0.01604,-4.132684,2025,1,0,1,,2.162606,1,7.49451,19.113,Large,1,12,2.1982,5.059,Large,0
johnsst04,Stanley Johnson,17836,"Jul 22, 2015",2015,DET,5.8,standard,1,,0.25,0.26,0,0,0,free_agency,DET,1,0,,4,2015,70.0,2.9,0.041429,-3.183785,2016,1,0,1,,2.84196,14,1.94075,4.365,Medium,0,14,1.94075,4.365,Medium,0
johnsst04,Stanley Johnson,17836,"Jul 11, 2019",2019,TOR,7.43,standard,1,UFA,0.25,0.26,0,0,0,free_agency,NOP,0,0,,2,2019,109.14,3.715,0.034039,-3.380253,2020,1,0,1,,3.623,,,6.202,Large,1,50,0.67279,1.29,Small,0
johnstr03,Tre Johnson,98601,"Jul 05, 2025",2025,WAS,37.44,rookie-scale,1,,0.25,0.28,0,0,0,rookie_scale,WAS,1,0,,0,2025,154.647,9.36,0.060525,-2.8047,2028,0,3,0,,8.23764,8,2.63064,6.385,Large,1,8,2.63064,6.385,Large,1
johnsty01,Tyler Johnson,15645,"Aug 06, 2014",2014,MIA,1.35,standard,1,,0.25,0.26,0,0,0,free_agency,MIA,1,0,,1,2014,63.065,0.675,0.010703,-4.537209,2015,1,0,1,,,18,1.75692,6.266,Medium,0,18,1.75692,6.266,Medium,0
johnsty01,Tyler Johnson,15645,"Feb 08, 2015",2015,MIA,1.05,standard,1,RFA,0.25,0.26,0,0,0,free_agency,MIA,1,0,,1,2015,70.0,0.525,0.0075,-4.892852,2016,1,0,1,,0.845059,18,1.75692,6.266,Medium,0,18,1.75692,6.266,Medium,0
johnsty01,Tyler Johnson,15645,"Jul 10, 2016",2016,MIA,50.0,standard,1,RFA,0.25,0.28,0,0,0,offer_sheet,MIA,1,0,,1,2016,94.143,12.5,0.132777,-2.019086,2019,1,0,1,,5.628,18,1.75692,6.266,Medium,0,18,1.75692,6.266,Medium,0
johnsty01,Tyler Johnson,15645,"Nov 27, 2020",2020,BKN,2.03,standard,1,UFA,0.25,0.25,0,0,0,free_agency,BKN,1,0,,0,2020,109.14,2.03,0.0186,-3.984596,2020,1,0,0,,1.620564,1,7.49451,19.113,Large,1,1,7.49451,19.113,Large,1
johnswe01,Wesley Johnson,6885,"Jul 13, 2010",2010,MIN,7.73,standard,1,,0.25,0.26,0,0,0,free_agency,MIN,1,0,,3,2010,,3.865,,,2011,1,0,1,,,16,1.88668,3.703,Medium,0,16,1.88668,3.703,Medium,0
johnswe01,Wesley Johnson,6885,"Jul 15, 2013",2013,LAL,0.916099,standard,1,RFA,0.25,0.25,0,0,0,free_agency,LAL,1,0,,1,2013,,0.916,,,2013,1,0,0,,,2,5.83579,12.901,Large,1,2,5.83579,12.901,Large,1
johnswe01,Wesley Johnson,6885,"Jul 28, 2014",2014,LAL,0.981,standard,1,RFA,0.25,0.25,0,0,0,free_agency,LAL,1,0,,1,2014,63.065,0.981,0.015555,-4.163349,2014,1,0,0,,,2,5.83579,12.901,Large,1,2,5.83579,12.901,Large,1
johnswe01,Wesley Johnson,6885,"Jul 09, 2015",2015,LAC,2.33,standard,1,UFA,0.25,0.26,0,0,0,free_agency,LAC,1,0,,1,2015,70.0,1.165,0.016643,-4.095774,2016,1,0,1,,1.1006,2,5.83579,12.901,Large,1,2,5.83579,12.901,Large,1
johnswe01,Wesley Johnson,6885,"Jul 08, 2016",2016,LAC,17.6,standard,1,UFA,0.25,0.27,0,0,0,free_agency,LAC,1,0,,1,2016,94.143,5.867,0.062317,-2.775528,2018,1,0,1,,5.628,2,5.83579,12.901,Large,1,2,5.83579,12.901,Large,1
jokicni01,Nikola Jokić,15393,"Jul 28, 2015",2015,DEN,4.08,standard,1,RFA,0.25,0.27,0,0,0,free_agency,DEN,1,0,,0,2015,70.0,1.36,0.019429,-3.941011,2017,1,0,1,,1.3,17,1.80627,3.038,Medium,0,17,1.80627,3.038,Medium,0
jokicni01,Nikola Jokić,15393,"Jul 09, 2018",2018,DEN,147.7,maximum,1,RFA,0.25,0.29,0,1,0,free_agency,DEN,1,0,,0,2018,101.869,29.54,0.28998,-1.237942,2022,1,0,1,,24.605181,17,1.80627,3.038,Medium,0,17,1.80627,3.038,Medium,0
jokicni01,Nikola Jokić,15393,"Jul 08, 2022",2022,DEN,276.12,extension,1,,0.35,0.406,0,0,1,extension,DEN,1,1,,0,2023,136.021,55.224,0.405996,-0.901412,2027,0,2,1,,33.047803,17,1.80627,3.038,Medium,0,17,1.80627,3.038,Medium,0
jonesco02,Colby Jones,82320,"Jul 02, 2023",2023,SAC,8.77,standard,1,,0.25,0.28,0,0,0,free_agency,SAC,1,0,,0,2023,136.021,2.192,0.016119,-4.127767,2026,0,1,1,,2.019706,20,1.49792,2.453,Small,0,20,1.49792,2.453,Small,0
jonesda03,Damian Jones,20235,"Jul 13, 2016",2016,SAC,6.33,rookie-scale,1,,0.25,0.28,0,0,0,rookie_scale,GSW,0,0,,3,2016,94.143,1.583,0.01681,-4.085809,2019,1,0,0,,1.17156,20,1.49792,2.453,Small,0,10,2.54248,4.749,Large,1
jonesda03,Damian Jones,20235,"Nov 28, 2020",2020,PHX,3.7,standard,1,UFA,0.25,0.26,0,0,0,free_agency,ATL,0,0,,1,2020,109.14,1.85,0.016951,-4.077446,2021,1,0,1,,0.221996,12,2.1982,5.059,Large,0,7,2.75817,6.144,Large,1
jonesda03,Damian Jones,20235,"Jul 01, 2022",2022,LAL,4.89,standard,1,UFA,0.25,0.26,0,0,0,free_agency,SAC,0,0,,1,2022,123.655,2.445,0.019773,-3.92345,2023,1,0,1,,2.298385,2,5.83579,12.901,Large,1,20,1.49792,2.453,Small,0
jonesde02,Derrick Jones Jr.,21067,"Sep 15, 2016",2016,PHX,3.4,standard,1,,0.25,0.27,0,0,0,free_agency,PHX,1,0,,2,2016,94.143,1.133,0.012038,-4.419652,2018,1,0,1,,0.543471,12,2.1982,5.059,Large,0,12,2.1982,5.059,Large,0
jonesde02,Derrick Jones Jr.,21067,"Jul 01, 2018",2018,MIA,3.16,standard,1,RFA,0.25,0.26,0,0,0,free_agency,MIA,1,0,,2,2018,101.869,1.58,0.01551,-4.166263,2019,1,0,1,,1.512601,18,1.75692,6.266,Medium,0,18,1.75692,6.266,Medium,0
jonesde02,Derrick Jones Jr.,21067,"Nov 22, 2020",2020,POR,18.98,standard,1,RFA,0.25,0.26,0,0,0,free_agency,MIA,0,0,,2,2020,109.14,9.49,0.086953,-2.442393,2021,1,0,1,,9.258,23,1.27792,2.511,Small,0,18,1.75692,6.266,Medium,0
jonesde02,Derrick Jones Jr.,21067,"Jul 06, 2022",2022,CHI,6.56,standard,1,UFA,0.25,0.26,0,0,0,free_agency,CHI,1,1,,1,2022,123.655,3.28,0.026525,-3.629652,2023,1,0,1,,3.2,3,3.65475,9.441,Large,1,3,3.65475,9.441,Large,1
jonesde02,Derrick Jones Jr.,21067,"Aug 18, 2023",2023,DAL,2.7,standard,1,UFA,0.3,0.3,0,0,0,free_agency,CHI,0,0,,0,2023,136.021,2.7,0.01985,-3.919558,2023,1,0,0,,2.019706,4,3.26449,7.943,Large,1,3,3.65475,9.441,Large,1
jonesde02,Derrick Jones Jr.,21067,"Jul 09, 2024",2024,LAC,30.0,standard,1,UFA,0.3,0.324,0,0,0,free_agency,DAL,0,0,,0,2024,140.588,10.0,0.07113,-2.643249,2026,0,1,1,,9.52381,2,5.83579,12.901,Large,1,4,3.26449,7.943,Large,1
jonesdi01,Dillon Jones,91778,"Jul 06, 2024",2024,OKC,13.46,rookie-scale,1,,0.25,0.28,0,0,0,rookie_scale,OKC,1,0,,0,2024,140.588,3.365,0.023935,-3.732406,2027,0,2,0,,2.62236,47,0.7627,1.435,Small,0,47,0.7627,1.435,Small,0
joneshe01,Herbert Jones,74142,"Aug 16, 2021",2021,NOP,5.32,standard,1,,0.25,0.27,0,0,0,free_agency,NOP,1,0,,1,2021,112.414,1.773,0.015775,-4.149327,2023,1,0,1,,1.7,50,0.67279,1.29,Small,0,50,0.67279,1.29,Small,0
joneshe01,Herbert Jones,74142,"Jul 06, 2023",2023,NOP,53.83,standard,1,RFA,0.25,0.28,0,0,0,free_agency,NOP,1,0,,0,2023,136.021,13.457,0.098937,-2.313273,2026,0,1,1,,12.01515,50,0.67279,1.29,Small,0,50,0.67279,1.29,Small,0
joneshe01,Herbert Jones,74142,"Jul 14, 2025",2025,NOP,67.58,extension,1,,0.25,0.27,0,0,0,extension,NOP,1,1,,0,2026,170.1117,22.527,0.132423,-2.021755,2028,0,3,1,,13.937574,50,0.67279,1.29,Small,0,50,0.67279,1.29,Small,0
jonesja02,James Jones,2676,"Aug 21, 2003",2003,IND,0.987,standard,1,,0.25,0.26,0,0,0,free_agency,IND,1,0,,2,2003,,0.493,,,2004,1,0,1,,,25,1.23221,2.126,Small,0,25,1.23221,2.126,Small,0
jonesja02,James Jones,2676,"Aug 25, 2005",2005,IND,7.95,standard,1,RFA,0.25,0.27,0,0,0,free_agency,IND,1,0,,2,2005,,2.65,,,2007,1,0,1,,,25,1.23221,2.126,Small,0,25,1.23221,2.126,Small,0
jonesja02,James Jones,2676,"Jul 09, 2008",2008,MIA,23.258,standard,1,UFA,0.25,0.29,0,0,0,free_agency,MIA,1,0,,2,2008,,4.652,,,2012,1,0,1,,,18,1.75692,6.266,Medium,0,18,1.75692,6.266,Medium,0
jonesja02,James Jones,2676,"Jul 21, 2010",2010,MIA,1.07,standard,1,UFA,0.3,0.3,0,0,0,free_agency,MIA,1,0,,2,2010,,1.07,,,2010,1,0,0,,,18,1.75692,6.266,Medium,0,18,1.75692,6.266,Medium,0
jonesja02,James Jones,2676,"Dec 10, 2011",2011,MIA,4.5,standard,1,UFA,0.3,0.324,0,0,0,free_agency,MIA,1,0,,1,2011,,1.5,,,2013,1,0,1,,,18,1.75692,6.266,Medium,0,18,1.75692,6.266,Medium,0
jonesja02,James Jones,2676,"Aug 05, 2014",2014,CLE,1.45,standard,1,UFA,0.35,0.35,0,0,0,free_agency,CLE,1,0,,0,2014,63.065,1.45,0.022992,-3.772602,2014,1,0,0,,,19,1.55434,2.088,Medium,0,19,1.55434,2.088,Medium,0
jonesja02,James Jones,2676,"Jul 24, 2015",2015,CLE,1.5,standard,1,UFA,0.35,0.35,0,0,0,free_agency,CLE,1,0,,0,2015,70.0,1.5,0.021429,-3.84303,2015,1,0,0,,1.499,19,1.55434,2.088,Medium,0,19,1.55434,2.088,Medium,0
jonesja02,James Jones,2676,"Aug 02, 2016",2016,CLE,1.55,standard,1,UFA,0.35,0.35,0,0,0,free_agency,CLE,1,0,,0,2016,94.143,1.55,0.016464,-4.10656,2016,1,0,0,,1.551659,19,1.55434,2.088,Medium,0,19,1.55434,2.088,Medium,0
joneska01,Kai Jones,74126,"Aug 03, 2021",2021,CHA,13.42,rookie-scale,1,,0.25,0.28,0,0,0,rookie_scale,CHA,1,0,,2,2021,112.414,3.355,0.029845,-3.511737,2024,1,0,0,,2.77056,21,1.38202,2.66,Small,0,21,1.38202,2.66,Small,0
joneska03,Kam Jones,98618,"Jul 08, 2025",2025,IND,8.69,standard,1,,0.25,0.28,0,0,0,free_agency,IND,1,0,,0,2025,154.647,2.172,0.014048,-4.265267,2028,0,3,1,,1.27287,25,1.23221,2.126,Small,0,25,1.23221,2.126,Small,0
jonessp01,Spencer Jones,95438,"Jul 25, 2026",2026,OKC,12.0,standard,1,RFA,0.25,0.26,0,0,0,offer_sheet,DEN,0,0,,0,2026,170.1117,6.0,0.035271,-3.344696,2027,0,2,1,,,47,0.7627,1.435,Small,0,17,1.80627,3.038,Medium,0
jonessp01,Spencer Jones,95438,"Jul 31, 2026",2026,DEN,11.75,standard,1,RFA,0.25,0.26,0,0,0,offer_sheet,DEN,1,0,,0,2026,170.1117,5.875,0.034536,-3.365749,2027,0,2,1,,,17,1.80627,3.038,Medium,0,17,1.80627,3.038,Medium,0
joneste01,Terrence Jones,10843,"Jul 26, 2012",2012,HOU,3.04,standard,1,,0.25,0.26,0,0,0,free_agency,HOU,1,0,,2,2012,,1.52,,,2013,1,0,1,,,6,2.79742,7.206,Large,1,6,2.79742,7.206,Large,1
joneste01,Terrence Jones,10843,"Jul 22, 2016",2016,NOP,1.05,standard,1,UFA,0.25,0.25,0,0,0,free_agency,HOU,0,0,,0,2016,94.143,1.05,0.011153,-4.496025,2016,1,0,0,,0.236457,50,0.67279,1.29,Small,0,6,2.79742,7.206,Large,1
joneste01,Terrence Jones,10843,"Mar 04, 2017",2017,MIL,0.247,standard,1,UFA,0.25,0.25,0,0,0,free_agency,MIL,1,0,,0,2017,99.093,0.247,0.002493,-5.994426,2017,1,0,0,,,38,0.9449,1.586,Small,0,38,0.9449,1.586,Small,0
jonestr01,Tre Jones,70683,"Jul 18, 2023",2023,SAS,19.0,standard,1,RFA,0.25,0.26,0,0,0,free_agency,SAS,1,0,,0,2023,136.021,9.5,0.069842,-2.661517,2024,1,0,1,,9.895833,31,1.0964,2.602,Small,0,31,1.0964,2.602,Small,0
jonestr01,Tre Jones,70683,"Jul 06, 2025",2025,CHI,24.0,standard,1,UFA,0.25,0.27,0,0,0,free_agency,CHI,1,0,,0,2025,154.647,8.0,0.051731,-2.961704,2027,0,2,1,,8.0,3,3.65475,9.441,Large,1,3,3.65475,9.441,Large,1
jonesty01,Tyus Jones,17852,"Jul 05, 2015",2015,MIN,2.62,standard,1,,0.25,0.26,0,0,0,free_agency,MIN,1,0,,2,2015,70.0,1.31,0.018714,-3.978468,2016,1,0,1,,1.28208,16,1.88668,3.703,Medium,0,16,1.88668,3.703,Medium,0
jonesty01,Tyus Jones,17852,"Jul 11, 2019",2019,MEM,26.4,standard,1,RFA,0.25,0.27,0,0,0,offer_sheet,MIN,0,0,,0,2019,109.14,8.8,0.08063,-2.51788,2021,1,0,1,,8.4,51,0.6663,1.358,Small,0,16,1.88668,3.703,Medium,0
jonesty01,Tyus Jones,17852,"Jul 06, 2022",2022,MEM,29.0,standard,1,UFA,0.3,0.312,0,0,0,free_agency,MEM,1,0,,0,2022,123.655,14.5,0.117262,-2.143347,2023,1,0,1,,15.0,51,0.6663,1.358,Small,0,51,0.6663,1.358,Small,0
jonesty01,Tyus Jones,17852,"Jul 29, 2024",2024,PHX,3.0,standard,1,UFA,0.3,0.3,0,0,0,free_agency,WAS,0,0,,0,2024,140.588,3.0,0.021339,-3.847221,2024,1,0,0,,2.087519,12,2.1982,5.059,Large,0,8,2.63064,6.385,Large,1
jonesty01,Tyus Jones,17852,"Jul 06, 2025",2025,ORL,7.0,standard,1,UFA,0.35,0.35,0,0,0,free_agency,PHX,0,0,,0,2025,154.647,7.0,0.045264,-3.095235,2025,1,0,0,,0.514682,15,1.90242,2.673,Medium,0,12,2.1982,5.059,Large,0
jonesty01,Tyus Jones,17852,"Jul 14, 2026",2026,DEN,3.88,standard,1,UFA,0.35,0.35,0,0,0,free_agency,DEN,1,0,,0,2026,170.1117,3.88,0.022809,-3.78062,2026,0,1,0,,,17,1.80627,3.038,Medium,0,17,1.80627,3.038,Medium,0
jordade01,DeAndre Jordan,6117,"Jul 14, 2008",2008,LAC,2.14,standard,1,,0.25,0.27,0,0,0,free_agency,LAC,1,0,,1,2008,,0.713,,,2010,1,0,1,,,2,5.83579,12.901,Large,1,2,5.83579,12.901,Large,1
jordade01,DeAndre Jordan,6117,"Dec 12, 2011",2011,LAC,43.0,standard,1,RFA,0.25,0.28,0,0,0,free_agency,LAC,1,0,,1,2011,,10.75,,,2014,1,0,1,,,2,5.83579,12.901,Large,1,2,5.83579,12.901,Large,1
jordade01,DeAndre Jordan,6117,"Jul 03, 2015",2015,LAC,87.6,standard,1,UFA,0.3,0.336,0,0,0,free_agency,LAC,1,0,,1,2015,70.0,21.9,0.312857,-1.162009,2018,1,0,1,,19.5,2,5.83579,12.901,Large,1,2,5.83579,12.901,Large,1
jordade01,DeAndre Jordan,6117,"Jul 06, 2018",2018,DAL,22.9,standard,1,UFA,0.35,0.35,0,0,0,free_agency,LAC,0,0,,0,2018,101.869,22.9,0.224799,-1.492551,2018,1,0,0,,22.8972,4,3.26449,7.943,Large,1,2,5.83579,12.901,Large,1
jordade01,DeAndre Jordan,6117,"Jul 07, 2019",2019,BKN,40.0,standard,1,UFA,0.35,0.392,0,0,0,free_agency,NYK,0,0,,0,2019,109.14,10.0,0.091625,-2.390046,2022,1,0,1,,9.881598,1,7.49451,19.113,Large,1,1,7.49451,19.113,Large,1
jordade01,DeAndre Jordan,6117,"Jul 12, 2022",2022,DEN,2.91,standard,1,UFA,0.35,0.35,0,0,0,free_agency,PHI,0,0,,0,2022,123.655,2.91,0.023533,-3.749342,2022,1,0,0,,1.83609,17,1.80627,3.038,Medium,0,5,3.14592,6.228,Large,1
jordade01,DeAndre Jordan,6117,"Jul 20, 2023",2023,DEN,3.2,standard,1,UFA,0.35,0.35,0,0,0,free_agency,DEN,1,0,,0,2023,136.021,3.2,0.023526,-3.749658,2023,1,0,0,,2.019706,17,1.80627,3.038,Medium,0,17,1.80627,3.038,Medium,0
jordade01,DeAndre Jordan,6117,"Jul 24, 2024",2024,DEN,3.3,standard,1,UFA,0.35,0.35,0,0,0,free_agency,DEN,1,0,,0,2024,140.588,3.3,0.023473,-3.751911,2024,1,0,0,,2.087519,17,1.80627,3.038,Medium,0,17,1.80627,3.038,Medium,0
jordade01,DeAndre Jordan,6117,"Oct 24, 2025",2025,NOP,3.59,standard,1,UFA,0.35,0.35,0,0,0,rest_of_season,DEN,0,0,,0,2025,154.647,3.59,0.023214,-3.762993,2025,1,0,0,,2.26988,50,0.67279,1.29,Small,0,17,1.80627,3.038,Medium,0
jordade01,DeAndre Jordan,6117,"Jul 10, 2026",2026,NOP,7.95,standard,1,UFA,0.35,0.364,0,0,0,free_agency,NOP,1,0,,0,2026,170.1117,3.975,0.023367,-3.756431,2027,0,2,1,,,50,0.67279,1.29,Small,0,50,0.67279,1.29,Small,0
josepco01,Cory Joseph,8080,"Dec 17, 2011",2011,SAS,2.2,standard,1,,0.25,0.26,0,0,0,free_agency,SAS,1,0,,4,2011,,1.1,,,2012,1,0,1,,,31,1.0964,2.602,Small,0,31,1.0964,2.602,Small,0
josepco01,Cory Joseph,8080,"Jul 05, 2015",2015,TOR,29.89,standard,1,UFA,0.25,0.28,0,0,0,free_agency,TOR,1,0,,2,2015,70.0,7.473,0.10675,-2.237266,2018,1,0,1,,7.0,,,6.202,Large,1,,,6.202,Large,1
josepco01,Cory Joseph,8080,"Jul 06, 2019",2019,SAC,37.2,standard,1,UFA,0.3,0.324,0,0,0,free_agency,IND,0,0,,1,2019,109.14,12.4,0.113616,-2.174935,2021,1,0,1,,12.0,20,1.49792,2.453,Small,0,25,1.23221,2.126,Small,0
josepco01,Cory Joseph,8080,"Aug 10, 2021",2021,DET,10.07,standard,1,UFA,0.35,0.364,0,0,0,free_agency,DET,1,0,,1,2021,112.414,5.035,0.04479,-3.105775,2022,1,0,1,,7.31,14,1.94075,4.365,Medium,0,14,1.94075,4.365,Medium,0
josepco01,Cory Joseph,8080,"Jul 06, 2023",2023,GSW,3.2,standard,1,UFA,0.35,0.35,0,0,0,free_agency,DET,0,0,,1,2023,136.021,3.2,0.023526,-3.749658,2023,1,0,0,,2.019706,10,2.54248,4.749,Large,1,14,1.94075,4.365,Medium,0
josepco01,Cory Joseph,8080,"Jul 19, 2024",2024,ORL,6.77,standard,1,UFA,0.35,0.364,0,0,0,free_agency,IND,0,0,,1,2024,140.588,3.385,0.024077,-3.72648,2025,1,0,1,,3.303771,15,1.90242,2.673,Medium,0,25,1.23221,2.126,Small,0
jovicni01,Nikola Jović,78135,"Jul 02, 2022",2022,MIA,11.5,rookie-scale,1,,0.25,0.28,0,0,0,rookie_scale,MIA,1,0,,2,2022,123.655,2.875,0.02325,-3.761443,2025,1,0,0,,2.23992,18,1.75692,6.266,Medium,0,18,1.75692,6.266,Medium,0
jovicni01,Nikola Jović,78135,"Oct 03, 2025",2025,MIA,62.4,rookie-scale,1,,0.25,0.28,0,0,0,extension,MIA,1,0,,0,2026,170.1117,15.6,0.091704,-2.389184,2029,0,4,1,,4.445417,18,1.75692,6.266,Medium,0,18,1.75692,6.266,Medium,0
juzanjo01,Johnny Juzang,78583,"Aug 12, 2024",2024,UTA,11.43,standard,1,RFA,0.25,0.28,0,0,0,free_agency,UTA,1,0,,0,2024,140.588,2.857,0.020325,-3.895887,2027,0,2,1,,3.087519,28,1.16352,1.266,Small,0,28,1.16352,1.266,Small,0
kalkbry01,Ryan Kalkbrenner,98627,"Jul 03, 2025",2025,CHA,9.97,standard,1,,0.25,0.28,0,0,0,free_agency,CHA,1,0,,0,2025,154.647,2.493,0.016117,-4.127859,2028,0,3,1,,2.296274,21,1.38202,2.66,Small,0,21,1.38202,2.66,Small,0
kaminfr01,Frank Kaminsky,17837,"Jul 02, 2015",2015,CHA,5.34,standard,1,,0.25,0.26,0,0,0,free_agency,CHA,1,0,,3,2015,70.0,2.67,0.038143,-3.266417,2016,1,0,1,,2.6125,21,1.38202,2.66,Small,0,21,1.38202,2.66,Small,0
kaminfr01,Frank Kaminsky,17837,"Jul 17, 2019",2019,PHX,4.77,standard,1,UFA,0.25,0.25,0,0,0,free_agency,CHA,0,0,,1,2019,109.14,4.77,0.043705,-3.130285,2019,1,0,0,,4.767,12,2.1982,5.059,Large,0,21,1.38202,2.66,Small,0
kaminfr01,Frank Kaminsky,17837,"Aug 09, 2021",2021,PHX,2.09,standard,1,UFA,0.25,0.25,0,0,0,free_agency,PHX,1,0,,0,2021,112.414,2.09,0.018592,-3.985024,2021,1,0,0,,2.089448,12,2.1982,5.059,Large,0,12,2.1982,5.059,Large,0
kaminfr01,Frank Kaminsky,17837,"Jul 12, 2022",2022,ATL,2.46,standard,1,UFA,0.3,0.3,0,0,0,free_agency,PHX,0,0,,0,2022,123.655,2.46,0.019894,-3.917334,2022,1,0,0,,1.83609,7,2.75817,6.144,Large,1,12,2.1982,5.059,Large,0
kanteen01,Enes Freedom,8053,"Dec 09, 2011",2011,UTH,8.8,standard,1,,0.25,0.26,0,0,0,free_agency,UTH,1,0,,4,2011,,4.4,,,2012,1,0,1,,,28,1.16352,1.266,Small,0,28,1.16352,1.266,Small,0
kanteen01,Enes Freedom,8053,"Jul 09, 2015",2015,POR,70.0,standard,1,RFA,0.25,0.28,0,0,0,offer_sheet,OKC,0,0,,2,2015,70.0,17.5,0.25,-1.386294,2018,1,0,1,,16.4,23,1.27792,2.511,Small,0,47,0.7627,1.435,Small,0
kanteen01,Enes Freedom,8053,"Jul 13, 2015",2015,OKC,70.0,standard,1,RFA,0.25,0.28,0,0,0,offer_sheet,OKC,1,0,,2,2015,70.0,17.5,0.25,-1.386294,2018,1,0,1,,16.4,47,0.7627,1.435,Small,0,47,0.7627,1.435,Small,0
kanteen01,Enes Freedom,8053,"Feb 13, 2019",2019,POR,0.653,standard,1,UFA,0.3,0.3,0,0,0,free_agency,POR,1,0,,1,2019,109.14,0.653,0.005983,-5.11881,2019,1,0,0,,4.767,23,1.27792,2.511,Small,0,23,1.27792,2.511,Small,0
kanteen01,Enes Freedom,8053,"Aug 13, 2021",2021,BOS,2.64,standard,1,UFA,0.35,0.35,0,0,0,free_agency,POR,0,0,,0,2021,112.414,2.64,0.023485,-3.75141,2021,1,0,0,,2.641691,9,2.58446,4.899,Large,1,23,1.27792,2.511,Small,0
kellyry01,Ryan Kelly,18966,"May 04, 2016",2016,IND,10.45,standard,1,RFA,0.25,0.28,0,0,0,free_agency,LAL,0,0,,1,2016,94.143,2.612,0.02775,-3.584507,2019,1,0,1,,0.418228,25,1.23221,2.126,Small,0,2,5.83579,12.901,Large,1
kellyry01,Ryan Kelly,18966,"Sep 03, 2020",2020,IND,50.0,extension,1,,0.3,0.336,0,0,0,extension,IND,1,0,,0,2021,112.414,12.5,0.111196,-2.19646,2024,1,0,1,,,25,1.23221,2.126,Small,0,25,1.23221,2.126,Small,0
kellyry01,Ryan Kelly,18966,"Mar 10, 2025",2025,MIN,18.0,standard,1,UFA,0.35,0.364,0,0,0,free_agency,MIN,1,0,,0,2025,154.647,9.0,0.058197,-2.843921,2026,0,1,1,,,16,1.88668,3.703,Medium,0,16,1.88668,3.703,Medium,0
kennalu01,Luke Kennard,23607,"Jul 01, 2017",2017,DET,15.14,rookie-scale,1,,0.25,0.28,0,0,0,rookie_scale,DET,1,0,,3,2017,99.093,3.785,0.038196,-3.265013,2020,1,0,0,,2.75928,14,1.94075,4.365,Medium,0,14,1.94075,4.365,Medium,0
kennalu01,Luke Kennard,23607,"Dec 21, 2020",2020,LAC,41.2,extension,1,,0.25,0.27,0,0,0,extension,DET,0,0,,1,2021,112.414,13.733,0.122167,-2.102363,2023,1,0,1,,5.273826,2,5.83579,12.901,Large,1,14,1.94075,4.365,Medium,0
kennalu01,Luke Kennard,23607,"Jul 31, 2024",2024,MEM,9.25,standard,1,UFA,0.3,0.3,0,0,0,free_agency,MEM,1,0,,0,2024,140.588,9.25,0.065795,-2.72121,2024,1,0,0,,9.25,51,0.6663,1.358,Small,0,51,0.6663,1.358,Small,0
kennalu01,Luke Kennard,23607,"Jul 08, 2025",2025,ATL,11.0,standard,1,UFA,0.3,0.3,0,0,0,free_agency,MEM,0,0,,0,2025,154.647,11.0,0.07113,-2.64325,2025,1,0,0,,11.0,7,2.75817,6.144,Large,1,51,0.6663,1.358,Small,0
kennalu01,Luke Kennard,23607,"Jul 14, 2026",2026,PHX,12.43,standard,1,UFA,0.3,0.312,0,0,0,free_agency,LAL,0,1,,0,2026,170.1117,6.215,0.036535,-3.30949,2027,0,2,1,,,12,2.1982,5.059,Large,0,2,5.83579,12.901,Large,1
kesslwa01,Walker Kessler,78133,"Jul 09, 2022",2022,UTH,13.37,rookie-scale,1,,0.25,0.28,0,0,0,rookie_scale,UTA,0,0,,2,2022,123.655,3.342,0.027031,-3.610776,2025,1,0,0,,2.6964,28,1.16352,1.266,Small,0,28,1.16352,1.266,Small,0
kesslwa01,Walker Kessler,78133,"Jul 08, 2026",2026,UTA,129.47,standard,1,RFA,0.25,0.28,0,0,0,sign_and_trade,UTA,1,0,,0,2026,170.1117,32.367,0.190272,-1.6593,2029,0,4,1,,,28,1.16352,1.266,Small,0,28,1.16352,1.266,Small,0
kiddgmi01,Michael Kidd-Gilchrist,10810,"Jul 07, 2012",2012,CHA,9.4,standard,1,,0.25,0.26,0,0,0,free_agency,CHA,1,0,,3,2012,,4.7,,,2013,1,0,1,,,21,1.38202,2.66,Small,0,21,1.38202,2.66,Small,0
kiddgmi01,Michael Kidd-Gilchrist,10810,"Aug 26, 2015",2015,CHA,52.0,extension,1,,0.25,0.28,0,0,0,extension,CHA,1,0,,1,2016,94.143,13.0,0.138088,-1.979866,2019,1,0,1,,6.331404,21,1.38202,2.66,Small,0,21,1.38202,2.66,Small,0
kilpase01,Sean Kilpatrick,15922,"Oct 20, 2014",2014,GSW,0.507,standard,1,,0.25,0.25,0,0,0,free_agency,GSW,1,0,,0,2014,63.065,0.507,0.008039,-4.82341,2014,1,0,0,,,10,2.54248,4.749,Large,1,10,2.54248,4.749,Large,1
kilpase01,Sean Kilpatrick,15922,"Sep 08, 2015",2015,NOP,1.82,standard,1,RFA,0.25,0.26,0,0,0,free_agency,DEN,0,0,,0,2015,70.0,0.91,0.013,-4.342806,2016,1,0,1,,0.099418,50,0.67279,1.29,Small,0,17,1.80627,3.038,Medium,0
kilpase01,Sean Kilpatrick,15922,"Mar 19, 2016",2016,BKN,2.25,standard,1,RFA,0.25,0.27,0,0,0,free_agency,DEN,0,0,,0,2016,94.143,0.75,0.007967,-4.832497,2018,1,0,1,,0.980431,1,7.49451,19.113,Large,1,17,1.80627,3.038,Medium,0
kilpase01,Sean Kilpatrick,15922,"Jan 07, 2018",2018,MIL,0.818,standard,1,RFA,0.25,0.25,0,0,0,free_agency,LAC,0,0,,0,2018,101.869,0.818,0.00803,-4.824581,2018,1,0,0,,,38,0.9449,1.586,Small,0,2,5.83579,12.901,Large,1
kilpase01,Sean Kilpatrick,15922,"Mar 26, 2018",2018,CHI,6.2,standard,1,RFA,0.25,0.27,0,0,0,free_agency,LAC,0,0,,0,2018,101.869,2.067,0.020287,-3.897751,2020,1,0,1,,,3,3.65475,9.441,Large,1,2,5.83579,12.901,Large,1
kispeco01,Corey Kispert,74122,"Aug 04, 2021",2021,WAS,16.36,rookie-scale,1,,0.25,0.28,0,0,0,rookie_scale,WAS,1,0,,2,2021,112.414,4.09,0.036383,-3.313644,2024,1,0,0,,3.38364,8,2.63064,6.385,Large,1,8,2.63064,6.385,Large,1
kispeco01,Corey Kispert,74122,"Oct 21, 2024",2024,WAS,54.0,rookie-scale,1,,0.25,0.28,0,0,0,extension,WAS,1,0,,0,2025,154.647,13.5,0.087296,-2.438455,2028,0,3,1,,5.705887,8,2.63064,6.385,Large,1,8,2.63064,6.385,Large,1
klebima01,Maxi Kleber,24212,"Jul 12, 2017",2017,DAL,2.19,standard,1,,0.25,0.26,0,0,0,free_agency,DAL,1,0,,0,2017,99.093,1.095,0.01105,-4.505304,2018,1,0,1,,0.815615,4,3.26449,7.943,Large,1,4,3.26449,7.943,Large,1
klebima01,Maxi Kleber,24212,"Jul 10, 2019",2019,DAL,35.6,standard,1,RFA,0.25,0.28,0,0,0,free_agency,DAL,1,0,,0,2019,109.14,8.9,0.081547,-2.50658,2022,1,0,1,,8.0,4,3.26449,7.943,Large,1,4,3.26449,7.943,Large,1
klebima01,Maxi Kleber,24212,"Sep 08, 2022",2022,DAL,33.0,extension,1,,0.25,0.27,0,0,0,extension,DAL,1,0,,0,2023,136.021,11.0,0.08087,-2.514914,2025,1,0,1,,9.0,4,3.26449,7.943,Large,1,4,3.26449,7.943,Large,1
knechda01,Dalton Knecht,91749,"Jul 02, 2024",2024,LAL,18.48,rookie-scale,1,,0.25,0.28,0,0,0,rookie_scale,LAL,1,0,,1,2024,140.588,4.62,0.032862,-3.415439,2027,0,2,0,,3.81912,2,5.83579,12.901,Large,1,2,5.83579,12.901,Large,1
knighbr03,Brandon Knight,8058,"Dec 09, 2011",2011,DET,5.24,standard,1,,0.25,0.26,0,0,0,free_agency,DET,1,0,,2,2011,,2.62,,,2012,1,0,1,,,14,1.94075,4.365,Medium,0,14,1.94075,4.365,Medium,0
knighbr03,Brandon Knight,8058,"Jul 17, 2015",2015,PHX,70.0,extension,1,,0.25,0.29,0,0,0,extension,PHX,1,0,,0,2016,94.143,14.0,0.14871,-1.905758,2020,1,0,1,,12.0,12,2.1982,5.059,Large,0,12,2.1982,5.059,Large,0
knighna01,Nathan Knight,70772,"Jul 23, 2022",2022,MIN,3.83,standard,1,RFA,0.25,0.26,0,0,0,free_agency,MIN,1,0,,1,2022,123.655,1.915,0.015487,-4.167778,2023,1,0,1,,1.83609,16,1.88668,3.703,Medium,0,16,1.88668,3.703,Medium,0
knoxke01,Kevin Knox,26975,"Jul 04, 2018",2018,NYK,18.55,rookie-scale,1,,0.25,0.28,0,0,0,rookie_scale,NYK,1,0,,3,2018,101.869,4.638,0.045524,-3.089512,2021,1,0,0,,3.73992,1,7.49451,19.113,Large,1,1,7.49451,19.113,Large,1
knoxke01,Kevin Knox,26975,"Aug 01, 2022",2022,DET,6.0,standard,1,UFA,0.25,0.26,0,0,0,free_agency,ATL,0,0,,1,2022,123.655,3.0,0.024261,-3.718883,2023,1,0,1,,3.0,14,1.94075,4.365,Medium,0,7,2.75817,6.144,Large,1
knuepko01,Kon Knueppel,98602,"Jul 03, 2025",2025,CHA,45.49,rookie-scale,1,,0.25,0.28,0,0,0,rookie_scale,CHA,1,0,,0,2025,154.647,11.373,0.073538,-2.609947,2028,0,3,0,,10.01568,21,1.38202,2.66,Small,0,21,1.38202,2.66,Small,0
kolekty01,Tyler Kolek,91769,"Jul 04, 2024",2024,NYK,9.06,standard,1,,0.25,0.28,0,0,0,free_agency,NYK,1,0,,0,2024,140.588,2.265,0.016111,-4.128259,2027,0,2,1,,2.087519,1,7.49451,19.113,Large,1,1,7.49451,19.113,Large,1
kolokch01,Christian Koloko,78131,"Aug 27, 2022",2022,TOR,5.24,standard,1,,0.25,0.27,0,0,0,free_agency,TOR,1,0,,0,2022,123.655,1.747,0.014125,-4.259786,2024,1,0,1,,1.5,,,6.202,Large,1,,,6.202,Large,1
konchjo01,John Konchar,32170,"Nov 22, 2020",2020,MEM,9.0,standard,1,RFA,0.25,0.28,0,0,0,free_agency,MEM,1,0,,0,2020,109.14,2.25,0.020616,-3.881701,2023,1,0,1,,2.1,51,0.6663,1.358,Small,0,51,0.6663,1.358,Small,0
konchjo01,John Konchar,32170,"Jul 07, 2022",2022,MEM,19.0,extension,1,,0.25,0.27,0,0,0,extension,MEM,1,0,,0,2023,136.021,6.333,0.046561,-3.066983,2025,1,0,1,,2.3,51,0.6663,1.358,Small,0,51,0.6663,1.358,Small,0
korkmfu01,Furkan Korkmaz,20231,"Jul 04, 2017",2017,PHI,8.9,rookie-scale,1,,0.25,0.28,0,0,0,rookie_scale,PHI,1,0,,1,2017,99.093,2.225,0.022454,-3.796302,2020,1,0,0,,1.46592,5,3.14592,6.228,Large,1,5,3.14592,6.228,Large,1
korkmfu01,Furkan Korkmaz,20231,"Jul 26, 2019",2019,PHI,3.38,standard,1,RFA,0.25,0.26,0,0,0,free_agency,PHI,1,0,,0,2019,109.14,1.69,0.015485,-4.167903,2020,1,0,1,,1.620564,5,3.14592,6.228,Large,1,5,3.14592,6.228,Large,1
korkmfu01,Furkan Korkmaz,20231,"Aug 09, 2021",2021,PHI,15.0,standard,1,RFA,0.25,0.27,0,0,0,free_agency,PHI,1,0,,0,2021,112.414,5.0,0.044478,-3.112751,2023,1,0,1,,4.62963,5,3.14592,6.228,Large,1,5,3.14592,6.228,Large,1
kornelu01,Luke Kornet,23670,"Jul 06, 2018",2018,NYK,1.62,standard,1,RFA,0.25,0.25,0,0,0,free_agency,NYK,1,0,,0,2018,101.869,1.62,0.015903,-4.141262,2018,1,0,0,,1.61926,1,7.49451,19.113,Large,1,1,7.49451,19.113,Large,1
kornelu01,Luke Kornet,23670,"Jul 18, 2019",2019,CHI,4.5,standard,1,UFA,0.25,0.26,0,0,0,free_agency,NYK,0,0,,0,2019,109.14,2.25,0.020616,-3.881701,2020,1,0,1,,2.25,3,3.65475,9.441,Large,1,1,7.49451,19.113,Large,1
kornelu01,Luke Kornet,23670,"Jul 09, 2022",2022,BOS,4.55,standard,1,RFA,0.25,0.26,0,0,0,free_agency,MIL,0,0,,0,2022,123.655,2.275,0.018398,-3.995515,2023,1,0,1,,2.133278,9,2.58446,4.899,Large,1,38,0.9449,1.586,Small,0
kornelu01,Luke Kornet,23670,"Jul 07, 2025",2025,SAS,40.7,standard,1,UFA,0.3,0.336,0,0,0,free_agency,BOS,0,0,,0,2025,154.647,10.175,0.065795,-2.721211,2028,0,3,1,,11.0,31,1.0964,2.602,Small,0,9,2.58446,4.899,Large,1
korveky01,Kyle Korver,2752,"Aug 08, 2003",2003,PHI,0.986,standard,1,,0.25,0.26,0,0,0,free_agency,PHI,1,0,,0,2003,,0.493,,,2004,1,0,1,,,5,3.14592,6.228,Large,1,5,3.14592,6.228,Large,1
korveky01,Kyle Korver,2752,"Aug 11, 2005",2005,PHI,22.0,standard,1,RFA,0.25,0.29,0,0,0,free_agency,PHI,1,0,,0,2005,,4.4,,,2009,1,0,1,,,5,3.14592,6.228,Large,1,5,3.14592,6.228,Large,1
korveky01,Kyle Korver,2752,"Jul 13, 2010",2010,CHI,15.0,standard,1,UFA,0.3,0.324,0,0,0,free_agency,CHI,1,0,,0,2010,,5.0,,,2012,1,0,1,,,3,3.65475,9.441,Large,1,3,3.65475,9.441,Large,1
korveky01,Kyle Korver,2752,"Jul 12, 2013",2013,ATL,24.0,standard,1,UFA,0.35,0.392,0,0,0,free_agency,ATL,1,0,,0,2013,,6.0,,,2016,1,0,1,,,7,2.75817,6.144,Large,1,7,2.75817,6.144,Large,1
korveky01,Kyle Korver,2752,"Jul 12, 2017",2017,CLE,22.0,standard,1,UFA,0.35,0.378,0,0,0,free_agency,CLE,1,0,,0,2017,99.093,7.333,0.074005,-2.603629,2019,1,0,1,,7.0,19,1.55434,2.088,Medium,0,19,1.55434,2.088,Medium,0
korveky01,Kyle Korver,2752,"Jul 25, 2019",2019,MIL,2.6,standard,1,UFA,0.35,0.35,0,0,0,free_agency,UTA,0,0,,0,2019,109.14,2.6,0.023823,-3.73712,2019,1,0,0,,2.564753,38,0.9449,1.586,Small,0,28,1.16352,1.266,Small,0
koufoko01,Kosta Koufos,6254,"Jul 10, 2008",2008,UTH,2.34,standard,1,,0.25,0.26,0,0,0,free_agency,UTH,1,0,,3,2008,,1.17,,,2009,1,0,1,,,28,1.16352,1.266,Small,0,28,1.16352,1.266,Small,0
koufoko01,Kosta Koufos,6254,"Jan 25, 2012",2012,DEN,9.0,rookie-scale,1,,0.25,0.27,0,0,0,extension,DEN,1,0,,1,2013,,3.0,,,2015,1,0,1,,,17,1.80627,3.038,Medium,0,17,1.80627,3.038,Medium,0
koufoko01,Kosta Koufos,6254,"Jul 13, 2015",2015,SAC,32.9,standard,1,UFA,0.3,0.336,0,0,0,free_agency,SAC,1,0,,1,2015,70.0,8.225,0.1175,-2.141317,2018,1,0,1,,7.5,20,1.49792,2.453,Small,0,20,1.49792,2.453,Small,0
krejcvi01,Vít Krejčí,70679,"Sep 03, 2021",2021,OKC,6.31,standard,1,RFA,0.25,0.28,0,0,0,free_agency,OKC,1,0,,0,2021,112.414,1.577,0.014033,-4.266347,2024,1,0,1,,0.925258,47,0.7627,1.435,Small,0,47,0.7627,1.435,Small,0
krejcvi01,Vít Krejčí,70679,"Jul 12, 2024",2024,ATL,10.0,standard,1,RFA,0.25,0.28,0,0,0,free_agency,ATL,1,0,,0,2024,140.588,2.5,0.017782,-4.029543,2027,0,2,1,,2.162606,7,2.75817,6.144,Large,1,7,2.75817,6.144,Large,1
kuminjo01,Jonathan Kuminga,74114,"Aug 03, 2021",2021,GSW,24.86,rookie-scale,1,,0.25,0.26,0,0,0,rookie_scale,GSW,1,0,,3,2021,112.414,12.43,0.110573,-2.202076,2022,1,0,0,,5.46636,10,2.54248,4.749,Large,1,10,2.54248,4.749,Large,1
kuminjo01,Jonathan Kuminga,74114,"Sep 30, 2025",2025,GSW,46.8,standard,1,RFA,0.25,0.26,0,0,0,free_agency,GSW,1,0,,1,2025,154.647,23.4,0.151312,-1.888409,2026,0,1,1,,23.799569,10,2.54248,4.749,Large,1,10,2.54248,4.749,Large,1
kurucro01,Rodions Kurucs,27006,"Jul 16, 2018",2018,BKN,5.1,standard,1,,0.25,0.27,0,0,0,free_agency,BKN,1,0,,0,2018,101.869,1.7,0.016688,-4.093059,2020,1,0,1,,1.61832,1,7.49451,19.113,Large,1,1,7.49451,19.113,Large,1
kuzmaky01,Kyle Kuzma,23622,"Jul 03, 2017",2017,LAL,8.65,rookie-scale,1,,0.25,0.28,0,0,0,rookie_scale,LAL,1,0,,3,2017,99.093,2.163,0.021823,-3.824794,2020,1,0,0,,1.42356,2,5.83579,12.901,Large,1,2,5.83579,12.901,Large,1
kuzmaky01,Kyle Kuzma,23622,"Dec 20, 2020",2020,LAL,39.0,extension,1,,0.25,0.27,0,0,0,extension,LAL,1,1,,1,2021,112.414,13.0,0.115644,-2.157239,2023,1,0,1,,3.562178,2,5.83579,12.901,Large,1,2,5.83579,12.901,Large,1
kuzmaky01,Kyle Kuzma,23622,"Jul 07, 2023",2023,WAS,90.0,standard,1,UFA,0.25,0.28,0,0,0,free_agency,WAS,1,0,,0,2023,136.021,22.5,0.165416,-1.799294,2026,0,1,1,,25.568182,8,2.63064,6.385,Large,1,8,2.63064,6.385,Large,1
kuzmimi01,Mindaugas Kuzminskas,20688,"Jul 09, 2016",2016,NYK,5.9,standard,1,,0.25,0.26,0,0,0,free_agency,NYK,1,0,,0,2016,94.143,2.95,0.031335,-3.46301,2017,1,0,1,,2.898,1,7.49451,19.113,Large,1,1,7.49451,19.113,Large,1
labissk01,Skal Labissière,20233,"Jul 15, 2016",2016,SAC,6.39,rookie-scale,1,,0.25,0.28,0,0,0,rookie_scale,SAC,1,0,,2,2016,94.143,1.597,0.016969,-4.076375,2019,1,0,0,,1.18884,20,1.49792,2.453,Small,0,20,1.49792,2.453,Small,0
lambje01,Jeremy Lamb,10820,"Jul 26, 2012",2012,HOU,4.13,standard,1,,0.25,0.26,0,0,0,free_agency,HOU,1,0,,2,2012,,2.065,,,2013,1,0,1,,,6,2.79742,7.206,Large,1,6,2.79742,7.206,Large,1
lambje01,Jeremy Lamb,10820,"Nov 02, 2015",2015,CHA,21.0,extension,1,,0.25,0.27,0,0,0,extension,CHA,1,0,,0,2016,94.143,7.0,0.074355,-2.598905,2018,1,0,1,,3.034356,21,1.38202,2.66,Small,0,21,1.38202,2.66,Small,0
lambje01,Jeremy Lamb,10820,"Jul 07, 2019",2019,IND,31.5,standard,1,UFA,0.3,0.324,0,0,0,free_agency,CHA,0,0,,0,2019,109.14,10.5,0.096207,-2.341256,2021,1,0,1,,10.5,25,1.23221,2.126,Small,0,21,1.38202,2.66,Small,0
landajo01,Jock Landale,74215,"Aug 20, 2021",2021,SAS,2.49,standard,1,,0.25,0.26,0,0,0,free_agency,SAS,1,0,,0,2021,112.414,1.245,0.011075,-4.503053,2022,1,0,1,,0.925258,31,1.0964,2.602,Small,0,31,1.0964,2.602,Small,0
landajo01,Jock Landale,74215,"Jul 06, 2023",2023,HOU,32.0,standard,1,UFA,0.25,0.28,0,0,0,free_agency,PHX,0,0,,0,2023,136.021,8.0,0.058814,-2.833368,2026,0,1,1,,8.0,6,2.79742,7.206,Large,1,12,2.1982,5.059,Large,0
landajo01,Jock Landale,74215,"Jul 15, 2025",2025,MEM,2.46,standard,1,RFA,0.25,0.25,0,0,0,free_agency,HOU,0,0,,0,2025,154.647,2.46,0.015907,-4.140984,2025,1,0,0,,2.296274,51,0.6663,1.358,Small,0,6,2.79742,7.206,Large,1
landajo01,Jock Landale,74215,"Jul 10, 2026",2026,ATL,14.1,standard,1,UFA,0.25,0.25,0,0,0,free_agency,ATL,1,0,,0,2026,170.1117,14.1,0.082887,-2.49028,2026,0,1,0,,,7,2.75817,6.144,Large,1,7,2.75817,6.144,Large,1
landrca01,Carl Landry,2396,"Oct 02, 2007",2007,HOU,0.427,standard,1,,0.25,0.25,0,0,0,free_agency,HOU,1,0,,1,2007,,0.427,,,2007,1,0,0,,,6,2.79742,7.206,Large,1,6,2.79742,7.206,Large,1
landrca01,Carl Landry,2396,"Sep 24, 2008",2008,HOU,9.0,standard,1,RFA,0.25,0.27,0,0,0,free_agency,HOU,1,0,,1,2008,,3.0,,,2010,1,0,1,,,6,2.79742,7.206,Large,1,6,2.79742,7.206,Large,1
landrca01,Carl Landry,2396,"Dec 15, 2011",2011,NOH,9.0,standard,1,RFA,0.25,0.25,0,0,0,free_agency,NOH,1,0,,0,2011,,9.0,,,2011,1,0,0,,,50,0.67279,1.29,Small,0,50,0.67279,1.29,Small,0
landrca01,Carl Landry,2396,"Aug 01, 2012",2012,GSW,8.0,standard,1,UFA,0.25,0.26,0,0,0,free_agency,GSW,1,0,,0,2012,,4.0,,,2013,1,0,1,,,10,2.54248,4.749,Large,1,10,2.54248,4.749,Large,1
landrca01,Carl Landry,2396,"Jul 15, 2013",2013,SAC,26.0,standard,1,UFA,0.25,0.28,0,0,0,free_agency,SAC,1,0,,0,2013,,6.5,,,2016,1,0,1,,,20,1.49792,2.453,Small,0,20,1.49792,2.453,Small,0
langfro01,Romeo Langford,31571,"Jul 11, 2019",2019,BOS,16.52,rookie-scale,1,,0.25,0.28,0,0,0,rookie_scale,BOS,1,0,,2,2019,109.14,4.13,0.037841,-3.274354,2022,1,0,0,,3.4584,9,2.58446,4.899,Large,1,9,2.58446,4.899,Large,1
laravja01,Jake LaRavia,78141,"Jul 02, 2022",2022,MEM,14.76,rookie-scale,1,,0.25,0.28,0,0,0,rookie_scale,MEM,1,0,,2,2022,123.655,3.69,0.029841,-3.511869,2025,1,0,0,,3.04764,51,0.6663,1.358,Small,0,51,0.6663,1.358,Small,0
laravja01,Jake LaRavia,78141,"Jul 06, 2025",2025,LAL,12.0,standard,1,RFA,0.25,0.26,0,0,0,free_agency,SAC,0,0,,0,2025,154.647,6.0,0.038798,-3.249386,2026,0,1,1,,6.0,2,5.83579,12.901,Large,1,20,1.49792,2.453,Small,0
larkish01,Shane Larkin,13331,"Jul 29, 2013",2013,DAL,3.14,standard,1,,0.25,0.26,0,0,0,free_agency,DAL,1,0,,1,2013,,1.57,,,2014,1,0,1,,,4,3.26449,7.943,Large,1,4,3.26449,7.943,Large,1
larkish01,Shane Larkin,13331,"Jul 09, 2015",2015,BKN,3.0,standard,1,RFA,0.25,0.26,0,0,0,free_agency,BKN,1,0,,0,2015,70.0,1.5,0.021429,-3.84303,2016,1,0,1,,1.5,1,7.49451,19.113,Large,1,1,7.49451,19.113,Large,1
larsspe01,Pelle Larsson,91787,"Jul 02, 2024",2024,MIA,5.4,standard,1,,0.25,0.27,0,0,0,free_agency,MIA,1,0,,1,2024,140.588,1.8,0.012803,-4.358047,2026,0,1,1,,1.157153,18,1.75692,6.266,Medium,0,18,1.75692,6.266,Medium,0
lauvejo01,Joffrey Lauvergne,13368,"Feb 19, 2015",2015,DEN,5.2,standard,1,RFA,0.25,0.27,0,0,0,free_agency,DEN,1,0,,1,2015,70.0,1.733,0.024762,-3.698449,2017,1,0,1,,1.70972,17,1.80627,3.038,Medium,0,17,1.80627,3.038,Medium,0
lauvejo01,Joffrey Lauvergne,13368,"Jul 18, 2017",2017,SAS,3.18,standard,1,UFA,0.25,0.26,0,0,0,free_agency,CHI,0,0,,1,2017,99.093,1.59,0.016046,-4.132325,2018,1,0,1,,1.524305,31,1.0964,2.602,Small,0,3,3.65475,9.441,Large,1
lavinza01,Zach LaVine,15365,"Jul 08, 2014",2014,MIN,4.2,standard,1,,0.25,0.26,0,0,0,free_agency,MIN,1,0,,3,2014,63.065,2.1,0.033299,-3.402229,2015,1,0,1,,,16,1.88668,3.703,Medium,0,16,1.88668,3.703,Medium,0
lavinza01,Zach LaVine,15365,"Jul 08, 2018",2018,CHI,78.0,standard,1,RFA,0.25,0.28,0,0,0,offer_sheet,CHI,1,0,,1,2018,101.869,19.5,0.191422,-1.653273,2021,1,0,1,,19.5,3,3.65475,9.441,Large,1,3,3.65475,9.441,Large,1
lavinza01,Zach LaVine,15365,"Jul 07, 2022",2022,CHI,215.16,standard,1,UFA,0.3,0.348,0,0,0,free_agency,CHI,1,1,,1,2022,123.655,43.032,0.348,-1.055551,2026,0,1,1,,37.0965,3,3.65475,9.441,Large,1,3,3.65475,9.441,Large,1
lawsoaj01,A.J. Lawson,74329,,2025,TOR,0.027343,standard,1,RFA,0.25,0.25,0,0,0,free_agency,TOR,1,0,,0,2025,154.647,0.027,0.000177,-8.64044,2025,1,0,0,,0.026394,,,6.202,Large,1,,,6.202,Large,1
lawsoty01,Ty Lawson,6283,"Jul 14, 2009",2009,DEN,2.985,standard,1,,0.25,0.26,0,0,0,free_agency,DEN,1,0,,2,2009,,1.492,,,2010,1,0,1,,,17,1.80627,3.038,Medium,0,17,1.80627,3.038,Medium,0
lawsoty01,Ty Lawson,6283,"Oct 30, 2012",2012,DEN,48.0,rookie-scale,1,,0.25,0.28,0,0,0,extension,DEN,1,0,,0,2013,,12.0,,,2016,1,0,1,,,17,1.80627,3.038,Medium,0,17,1.80627,3.038,Medium,0
lawsoty01,Ty Lawson,6283,"Mar 07, 2016",2016,IND,0.265,standard,1,UFA,0.3,0.3,0,0,0,free_agency,IND,1,0,,0,2016,94.143,0.265,0.002815,-5.87284,2016,1,0,0,,1.315448,25,1.23221,2.126,Small,0,25,1.23221,2.126,Small,0
lawsoty01,Ty Lawson,6283,"Aug 28, 2016",2016,SAC,1.3,standard,1,UFA,0.3,0.3,0,0,0,free_agency,IND,0,0,,0,2016,94.143,1.3,0.013809,-4.282451,2016,1,0,0,,1.315448,20,1.49792,2.453,Small,0,25,1.23221,2.126,Small,0
laymaja01,Jake Layman,20253,"Jul 06, 2016",2016,POR,3.5,standard,1,,0.25,0.27,0,0,0,free_agency,POR,1,0,,0,2016,94.143,1.167,0.012392,-4.390664,2018,1,0,1,,0.6,23,1.27792,2.511,Small,0,23,1.27792,2.511,Small,0
laymaja01,Jake Layman,20253,"Jul 08, 2019",2019,POR,11.3,standard,1,RFA,0.25,0.27,0,0,0,sign_and_trade,POR,1,0,,0,2019,109.14,3.767,0.034512,-3.366441,2021,1,0,1,,3.581986,23,1.27792,2.511,Small,0,23,1.27792,2.511,Small,0
leaftj01,T.J. Leaf,23613,"Jul 03, 2017",2017,IND,11.58,rookie-scale,1,,0.25,0.28,0,0,0,rookie_scale,IND,1,0,,2,2017,99.093,2.895,0.029215,-3.533074,2020,1,0,0,,2.02836,25,1.23221,2.126,Small,0,25,1.23221,2.126,Small,0
leeco01,Courtney Lee,6144,"Jul 03, 2008",2008,ORL,2.44,standard,1,,0.25,0.26,0,0,0,free_agency,ORL,1,0,,2,2008,,1.22,,,2009,1,0,1,,,15,1.90242,2.673,Medium,0,15,1.90242,2.673,Medium,0
leeco01,Courtney Lee,6144,"Jul 20, 2012",2012,HOU,21.35,standard,1,UFA,0.25,0.28,0,0,0,sign_and_trade,,,0,,0,2012,,5.338,,,2015,1,0,1,,,6,2.79742,7.206,Large,1,,,,,
leeco01,Courtney Lee,6144,"Jul 08, 2016",2016,NYK,48.0,standard,1,UFA,0.3,0.336,0,0,0,free_agency,CHA,0,0,,0,2016,94.143,12.0,0.127466,-2.059908,2019,1,0,1,,11.242,1,7.49451,19.113,Large,1,21,1.38202,2.66,Small,0
leeda02,David Lee,2623,"Jul 01, 2005",2005,NYK,1.787,standard,1,,0.25,0.26,0,0,0,free_agency,NYK,1,0,,3,2005,,0.893,,,2006,1,0,1,,,1,7.49451,19.113,Large,1,1,7.49451,19.113,Large,1
leeda02,David Lee,2623,"Sep 25, 2009",2009,NYK,7.0,standard,1,RFA,0.25,0.25,0,0,0,free_agency,NYK,1,0,,1,2009,,7.0,,,2009,1,0,0,,,1,7.49451,19.113,Large,1,1,7.49451,19.113,Large,1
leeda02,David Lee,2623,"Jul 08, 2010",2010,NYK,80.0,standard,1,UFA,0.25,0.3,0,0,0,free_agency,,,0,,1,2010,,13.333,,,2015,1,0,1,,,1,7.49451,19.113,Large,1,,,,,
leeda02,David Lee,2623,"Feb 22, 2016",2016,DAL,2.1,standard,1,UFA,0.35,0.35,0,0,0,free_agency,DAL,1,0,,1,2016,94.143,2.1,0.022306,-3.802878,2016,1,0,0,,1.551659,4,3.26449,7.943,Large,1,4,3.26449,7.943,Large,1
leeda03,Damion Lee,21063,"Sep 12, 2016",2016,BOS,1.45,standard,1,,,,0,0,0,free_agency,BOS,1,0,,1,2016,94.143,0.725,0.007701,-4.866399,2017,1,0,1,,0.05,9,2.58446,4.899,Large,1,9,2.58446,4.899,Large,1
leeda03,Damion Lee,21063,"Jan 15, 2020",2020,GSW,4.5,standard,1,RFA,0.25,0.27,0,0,0,rest_of_season,GSW,1,0,,1,2020,109.14,1.5,0.013744,-4.287166,2022,1,0,0,,1.762796,10,2.54248,4.749,Large,1,10,2.54248,4.749,Large,1
leeda03,Damion Lee,21063,"Jul 01, 2022",2022,PHX,2.13,standard,1,RFA,0.25,0.25,0,0,0,free_agency,GSW,0,0,,1,2022,123.655,2.13,0.017225,-4.061373,2022,1,0,0,,1.83609,12,2.1982,5.059,Large,0,10,2.54248,4.749,Large,1
leeda03,Damion Lee,21063,"Jul 03, 2024",2024,PHX,2.8,standard,1,UFA,0.25,0.25,0,0,0,free_agency,PHX,1,0,,0,2024,140.588,2.8,0.019916,-3.916214,2024,1,0,0,,2.087519,12,2.1982,5.059,Large,0,12,2.1982,5.059,Large,0
leesa01,Saben Lee,70680,"Aug 06, 2021",2021,DET,5.14,standard,1,RFA,0.25,0.27,0,0,0,free_agency,DET,1,0,,0,2021,112.414,1.713,0.015241,-4.183748,2023,1,0,1,,1.489065,14,1.94075,4.365,Medium,0,14,1.94075,4.365,Medium,0
lenal01,Alex Len,13318,"Aug 29, 2013",2013,PHX,7.14,standard,1,,0.25,0.26,0,0,0,free_agency,PHX,1,0,,2,2013,,3.57,,,2014,1,0,1,,,12,2.1982,5.059,Large,0,12,2.1982,5.059,Large,0
lenal01,Alex Len,13318,"Sep 24, 2017",2017,PHX,4.2,standard,1,RFA,0.25,0.25,0,0,0,rfa_match,PHX,1,0,,0,2017,99.093,4.2,0.042384,-3.160974,2017,1,0,0,,4.187599,12,2.1982,5.059,Large,0,12,2.1982,5.059,Large,0
lenal01,Alex Len,13318,"Aug 03, 2018",2018,ATL,8.51,standard,1,UFA,0.25,0.26,0,0,0,free_agency,PHX,0,0,,0,2018,101.869,4.255,0.041769,-3.175593,2019,1,0,1,,4.35,7,2.75817,6.144,Large,1,12,2.1982,5.059,Large,0
lenal01,Alex Len,13318,"Nov 25, 2020",2020,TOR,2.26,standard,1,UFA,0.3,0.3,0,0,0,free_agency,SAC,0,0,,0,2020,109.14,2.26,0.020707,-3.877267,2020,1,0,0,,1.265372,,,6.202,Large,1,20,1.49792,2.453,Small,0
lenal01,Alex Len,13318,"Aug 13, 2021",2021,SAC,7.65,standard,1,UFA,0.3,0.312,0,0,0,free_agency,WAS,0,0,,0,2021,112.414,3.825,0.034026,-3.38063,2022,1,0,1,,3.732,20,1.49792,2.453,Small,0,8,2.63064,6.385,Large,1
lenal01,Alex Len,13318,"Jul 09, 2023",2023,SAC,3.2,standard,1,UFA,0.35,0.35,0,0,0,free_agency,SAC,1,0,,0,2023,136.021,3.2,0.023526,-3.749658,2023,1,0,0,,2.019706,20,1.49792,2.453,Small,0,20,1.49792,2.453,Small,0
lenal01,Alex Len,13318,"Jul 09, 2024",2024,SAC,3.3,standard,1,UFA,0.35,0.35,0,0,0,free_agency,SAC,1,0,,0,2024,140.588,3.3,0.023473,-3.751911,2024,1,0,0,,0.743829,20,1.49792,2.453,Small,0,20,1.49792,2.453,Small,0
leonaka01,Kawhi Leonard,8066,"Jul 01, 2015",2015,SAS,94.3,maximum,1,RFA,0.25,0.29,0,1,0,free_agency,SAS,1,0,,2,2015,70.0,18.86,0.269429,-1.311452,2019,1,0,1,,16.5,31,1.0964,2.602,Small,0,31,1.0964,2.602,Small,0
leonaka01,Kawhi Leonard,8066,"Jul 06, 2019",2019,LAC,103.14,standard,1,UFA,0.3,0.324,0,0,0,free_agency,TOR,0,1,,1,2019,109.14,34.38,0.315008,-1.155156,2021,1,0,1,,32.742,2,5.83579,12.901,Large,1,,,6.202,Large,1
leonaka01,Kawhi Leonard,8066,"Aug 12, 2021",2021,LAC,176.27,standard,1,UFA,0.35,0.392,0,0,0,free_agency,LAC,1,0,,0,2021,112.414,44.068,0.392011,-0.936466,2024,1,0,1,,39.3449,2,5.83579,12.901,Large,1,2,5.83579,12.901,Large,1
leonaka01,Kawhi Leonard,8066,"Jan 10, 2024",2024,LAC,149.51,extension,1,,0.35,0.378,0,0,0,extension,LAC,1,0,,0,2025,154.647,49.837,0.322261,-1.132394,2027,0,2,1,,49.2058,2,5.83579,12.901,Large,1,2,5.83579,12.901,Large,1
leoname01,Meyers Leonard,10819,"Jul 11, 2012",2012,POR,4.35,standard,1,,0.25,0.26,0,0,0,free_agency,POR,1,0,,2,2012,,2.175,,,2013,1,0,1,,,23,1.27792,2.511,Small,0,23,1.27792,2.511,Small,0
leoname01,Meyers Leonard,10819,"Jul 10, 2016",2016,POR,41.0,standard,1,RFA,0.25,0.28,0,0,0,free_agency,POR,1,0,,0,2016,94.143,10.25,0.108877,-2.217537,2019,1,0,1,,9.213484,23,1.27792,2.511,Small,0,23,1.27792,2.511,Small,0
leoname01,Meyers Leonard,10819,"Nov 22, 2020",2020,MIA,9.4,standard,1,UFA,0.3,0.3,0,0,0,free_agency,MIA,1,0,,0,2020,109.14,9.4,0.086128,-2.451922,2020,1,0,0,,9.4,18,1.75692,6.266,Medium,0,18,1.75692,6.266,Medium,0
leuerjo01,Jon Leuer,8092,"Dec 15, 2011",2011,MIL,1.24,standard,1,,0.25,0.26,0,0,0,free_agency,MIL,1,0,,0,2011,,0.62,,,2012,1,0,1,,,38,0.9449,1.586,Small,0,38,0.9449,1.586,Small,0
leuerjo01,Jon Leuer,8092,"Jul 15, 2013",2013,MEM,2.9,standard,1,RFA,0.25,0.27,0,0,0,free_agency,MEM,1,0,,0,2013,,0.967,,,2015,1,0,1,,,51,0.6663,1.358,Small,0,51,0.6663,1.358,Small,0
leuerjo01,Jon Leuer,8092,"Jul 08, 2016",2016,DET,42.0,standard,1,UFA,0.25,0.28,0,0,0,free_agency,PHX,0,0,,0,2016,94.143,10.5,0.111532,-2.19344,2019,1,0,1,,10.991957,14,1.94075,4.365,Medium,0,12,2.1982,5.059,Large,0
leverca01,Caris LeVert,20225,"Jul 14, 2016",2016,BKN,7.52,rookie-scale,1,,0.25,0.28,0,0,0,rookie_scale,BKN,1,0,,2,2016,94.143,1.88,0.01997,-3.913543,2019,1,0,0,,1.56228,1,7.49451,19.113,Large,1,1,7.49451,19.113,Large,1
leverca01,Caris LeVert,20225,"Aug 25, 2019",2019,BKN,52.5,extension,1,,0.25,0.27,0,0,0,extension,BKN,1,0,,0,2020,109.14,17.5,0.160345,-1.830431,2022,1,0,1,,2.625718,1,7.49451,19.113,Large,1,1,7.49451,19.113,Large,1
leverca01,Caris LeVert,20225,"Jul 06, 2023",2023,CLE,32.0,standard,1,UFA,0.3,0.312,0,0,0,free_agency,CLE,1,0,,0,2023,136.021,16.0,0.117629,-2.140221,2024,1,0,1,,15.384616,19,1.55434,2.088,Medium,0,19,1.55434,2.088,Medium,0
leverca01,Caris LeVert,20225,"Jul 07, 2025",2025,DET,28.91,standard,1,UFA,0.3,0.312,0,0,0,free_agency,ATL,0,0,,0,2025,154.647,14.455,0.093471,-2.370105,2026,0,1,1,,14.104,14,1.94075,4.365,Medium,0,7,2.75817,6.144,Large,1
lewiski01,Kira Lewis Jr.,70655,"Nov 30, 2020",2020,NOP,17.19,rookie-scale,1,,0.25,0.28,0,0,0,rookie_scale,NOP,1,0,,2,2020,109.14,4.298,0.039376,-3.234598,2023,1,0,0,,3.6402,50,0.67279,1.29,Small,0,50,0.67279,1.29,Small,0
liggide01,DeAndre Liggins,8105,"Dec 09, 2011",2011,ORL,0.473604,standard,1,,0.25,0.25,0,0,0,free_agency,ORL,1,0,,0,2011,,0.474,,,2011,1,0,0,,,15,1.90242,2.673,Medium,0,15,1.90242,2.673,Medium,0
liggide01,DeAndre Liggins,8105,"Sep 11, 2012",2012,OKC,1.65,standard,1,RFA,0.25,0.26,0,0,0,free_agency,OKC,1,0,,0,2012,,0.825,,,2013,1,0,1,,,47,0.7627,1.435,Small,0,47,0.7627,1.435,Small,0
liggide01,DeAndre Liggins,8105,"Aug 02, 2016",2016,CLE,1.01,standard,1,RFA,0.25,0.25,0,0,0,free_agency,DAL,0,0,,0,2016,94.143,1.01,0.010728,-4.534865,2016,1,0,0,,1.015696,19,1.55434,2.088,Medium,0,4,3.26449,7.943,Large,1
liggide01,DeAndre Liggins,8105,"Feb 05, 2018",2018,NOP,2.38,standard,1,UFA,0.25,0.26,0,0,0,free_agency,ATL,0,0,,0,2018,101.869,1.19,0.011682,-4.449734,2019,1,0,1,,,50,0.67279,1.29,Small,0,7,2.75817,6.144,Large,1
lillada01,Damian Lillard,10814,"Jul 11, 2012",2012,POR,13.8,standard,1,,0.25,0.28,0,0,0,free_agency,POR,1,0,,3,2012,,3.45,,,2015,1,0,1,,,23,1.27792,2.511,Small,0,23,1.27792,2.511,Small,0
lillada01,Damian Lillard,10814,"Jul 02, 2015",2015,POR,139.89,maximum,1,,0.25,0.29,1,1,0,extension,POR,1,0,,1,2016,94.143,27.978,0.297186,-1.213396,2020,1,0,1,,4.236287,23,1.27792,2.511,Small,0,23,1.27792,2.511,Small,0
lillada01,Damian Lillard,10814,"Jul 06, 2019",2019,POR,176.0,extension,1,,0.35,0.392,1,0,1,extension,POR,1,0,,1,2020,109.14,44.0,0.403152,-0.908442,2023,1,0,1,,29.802321,23,1.27792,2.511,Small,0,23,1.27792,2.511,Small,0
lillada01,Damian Lillard,10814,"Jul 09, 2022",2022,POR,112.58,maximum,1,,0.35,0.364,1,1,0,extension,POR,1,0,,0,2023,136.021,56.29,0.413833,-0.882292,2024,1,0,1,,42.492492,23,1.27792,2.511,Small,0,23,1.27792,2.511,Small,0
lillada01,Damian Lillard,10814,"Jul 19, 2025",2025,POR,42.0,standard,1,UFA,0.35,0.378,0,0,0,free_agency,MIL,0,1,,0,2025,154.647,14.0,0.090529,-2.402088,2027,0,2,1,,14.104,23,1.27792,2.511,Small,0,38,0.9449,1.586,Small,0
linje01,Jeremy Lin,7115,"Jul 17, 2012",2012,HOU,25.1,standard,1,RFA,0.25,0.27,0,0,0,free_agency,HOU,1,0,,1,2012,,8.367,,,2014,1,0,1,,,6,2.79742,7.206,Large,1,6,2.79742,7.206,Large,1
linje01,Jeremy Lin,7115,"Jul 09, 2015",2015,CHA,4.37,standard,1,UFA,0.25,0.26,0,0,0,free_agency,CHA,1,0,,1,2015,70.0,2.185,0.031214,-3.466879,2016,1,0,1,,2.1,21,1.38202,2.66,Small,0,21,1.38202,2.66,Small,0
linje01,Jeremy Lin,7115,"Jul 07, 2016",2016,BKN,38.3,standard,1,UFA,0.25,0.27,0,0,0,free_agency,CHA,0,0,,1,2016,94.143,12.767,0.135609,-1.997977,2018,1,0,1,,11.483254,1,7.49451,19.113,Large,1,21,1.38202,2.66,Small,0
linje01,Jeremy Lin,7115,"Feb 13, 2019",2019,TOR,0.697,standard,1,UFA,0.3,0.3,0,0,0,free_agency,TOR,1,0,,0,2019,109.14,0.697,0.006386,-5.053601,2019,1,0,0,,,,,6.202,Large,1,,,6.202,Large,1
littlna01,Nassir Little,31583,"Jul 01, 2019",2019,POR,10.8,rookie-scale,1,,0.25,0.28,0,0,0,rookie_scale,POR,1,0,,2,2019,109.14,2.7,0.024739,-3.69938,2022,1,0,0,,2.10552,23,1.27792,2.511,Small,0,23,1.27792,2.511,Small,0
littlna01,Nassir Little,31583,"Oct 17, 2022",2022,POR,28.0,extension,1,,0.25,0.28,0,0,0,extension,POR,1,0,,0,2023,136.021,7.0,0.051463,-2.966899,2026,0,1,1,,4.171548,23,1.27792,2.511,Small,0,23,1.27792,2.511,Small,0
livelde01,Dereck Lively II,82272,"Jul 08, 2023",2023,DAL,22.28,rookie-scale,1,,0.25,0.28,0,0,0,rookie_scale,DAL,1,0,,2,2023,136.021,5.57,0.04095,-3.195414,2026,0,1,0,,4.77564,4,3.26449,7.943,Large,1,4,3.26449,7.943,Large,1
liveris01,Isaiah Livers,74149,"Aug 06, 2021",2021,DET,4.46,standard,1,,0.25,0.27,0,0,0,free_agency,DET,1,0,,1,2021,112.414,1.487,0.013225,-4.325652,2023,1,0,1,,1.05726,14,1.94075,4.365,Medium,0,14,1.94075,4.365,Medium,0
livinsh01,Shaun Livingston,2477,"Sep 01, 2004",2004,LAC,14.0,standard,1,,0.25,0.28,0,0,0,free_agency,LAC,1,0,,0,2004,,3.5,,,2007,1,0,1,,,2,5.83579,12.901,Large,1,2,5.83579,12.901,Large,1
livinsh01,Shaun Livingston,2477,"Jul 14, 2010",2010,CHA,7.0,standard,1,UFA,0.25,0.26,0,0,0,free_agency,CHA,1,0,,0,2010,,3.5,,,2011,1,0,1,,,21,1.38202,2.66,Small,0,21,1.38202,2.66,Small,0
livinsh01,Shaun Livingston,2477,"Jul 19, 2010",2010,CHA,10.5,standard,1,UFA,0.25,0.27,0,0,0,free_agency,CHA,1,0,,0,2010,,3.5,,,2012,1,0,1,,,21,1.38202,2.66,Small,0,21,1.38202,2.66,Small,0
livinsh01,Shaun Livingston,2477,"Nov 15, 2012",2012,WAS,1.1,standard,1,UFA,0.3,0.3,0,0,0,free_agency,WAS,1,0,,0,2012,,1.1,,,2012,1,0,0,,,8,2.63064,6.385,Large,1,8,2.63064,6.385,Large,1
livinsh01,Shaun Livingston,2477,"Jul 11, 2013",2013,BKN,1.27,standard,1,UFA,0.3,0.3,0,0,0,free_agency,BKN,1,0,,0,2013,,1.27,,,2013,1,0,0,,,1,7.49451,19.113,Large,1,1,7.49451,19.113,Large,1
livinsh01,Shaun Livingston,2477,"Jul 11, 2014",2014,GSW,16.63,standard,1,UFA,0.35,0.378,0,0,0,free_agency,GSW,1,0,,0,2014,63.065,5.543,0.087899,-2.43157,2016,1,0,1,,,10,2.54248,4.749,Large,1,10,2.54248,4.749,Large,1
livinsh01,Shaun Livingston,2477,"Jul 13, 2017",2017,GSW,23.69,standard,1,UFA,0.35,0.378,0,0,0,free_agency,GSW,1,0,,0,2017,99.093,7.897,0.079689,-2.529618,2019,1,0,1,,7.692308,10,2.54248,4.749,Large,1,10,2.54248,4.749,Large,1
looneke01,Kevon Looney,17858,"Jul 07, 2015",2015,GSW,2.31,standard,1,,0.25,0.26,0,0,0,free_agency,GSW,1,0,,4,2015,70.0,1.155,0.0165,-4.104395,2016,1,0,1,,1.13196,10,2.54248,4.749,Large,1,10,2.54248,4.749,Large,1
looneke01,Kevon Looney,17858,"Jul 11, 2019",2019,GSW,14.47,standard,1,RFA,0.25,0.27,0,0,0,free_agency,GSW,1,1,,2,2019,109.14,4.823,0.044194,-3.119166,2021,1,0,1,,4.464286,10,2.54248,4.749,Large,1,10,2.54248,4.749,Large,1
looneke01,Kevon Looney,17858,"Jul 10, 2022",2022,GSW,22.5,standard,1,UFA,0.25,0.27,0,0,0,free_agency,GSW,1,0,,1,2022,123.655,7.5,0.060653,-2.802592,2024,1,0,1,,8.0,10,2.54248,4.749,Large,1,10,2.54248,4.749,Large,1
looneke01,Kevon Looney,17858,"Jul 07, 2025",2025,NOP,16.0,standard,1,UFA,0.3,0.312,0,0,0,free_agency,GSW,0,0,,1,2025,154.647,8.0,0.051731,-2.961704,2026,0,1,1,,8.0,50,0.67279,1.29,Small,0,10,2.54248,4.749,Large,1
looneke01,Kevon Looney,17858,"Jul 12, 2026",2026,LAL,3.88,standard,1,UFA,0.35,0.35,0,0,0,free_agency,NOP,0,0,,0,2026,170.1117,3.88,0.022809,-3.78062,2026,0,1,0,,,2,5.83579,12.901,Large,1,50,0.67279,1.29,Small,0
lopezbr01,Brook Lopez,6136,"Jul 02, 2008",2008,NJN,4.35,standard,1,,0.25,0.26,0,0,0,free_agency,NJN,1,0,,3,2008,,2.175,,,2009,1,0,1,,,1,7.49451,19.113,Large,1,1,7.49451,19.113,Large,1
lopezbr01,Brook Lopez,6136,"Jul 11, 2012",2012,BKN,60.8,standard,1,RFA,0.25,0.28,0,0,0,free_agency,BKN,1,0,,1,2012,,15.2,,,2015,1,0,1,,,1,7.49451,19.113,Large,1,1,7.49451,19.113,Large,1
lopezbr01,Brook Lopez,6136,"Jul 09, 2015",2015,BKN,63.5,standard,1,UFA,0.3,0.324,0,0,0,free_agency,BKN,1,0,,1,2015,70.0,21.167,0.302381,-1.196068,2017,1,0,1,,20.0,1,7.49451,19.113,Large,1,1,7.49451,19.113,Large,1
lopezbr01,Brook Lopez,6136,"Jul 17, 2018",2018,MIL,3.38,standard,1,UFA,0.35,0.35,0,0,0,free_agency,LAL,0,0,,1,2018,101.869,3.38,0.03318,-3.405812,2018,1,0,0,,3.382,38,0.9449,1.586,Small,0,2,5.83579,12.901,Large,1
lopezbr01,Brook Lopez,6136,"Jul 06, 2019",2019,MIL,52.0,standard,1,UFA,0.35,0.392,0,0,0,free_agency,MIL,1,0,,1,2019,109.14,13.0,0.119113,-2.127682,2022,1,0,1,,12.093024,38,0.9449,1.586,Small,0,38,0.9449,1.586,Small,0
lopezbr01,Brook Lopez,6136,"Jul 06, 2023",2023,MIL,48.0,standard,1,UFA,0.35,0.364,0,0,0,free_agency,MIL,1,0,,1,2023,136.021,24.0,0.176443,-1.734755,2024,1,0,1,,25.0,38,0.9449,1.586,Small,0,38,0.9449,1.586,Small,0
lopezbr01,Brook Lopez,6136,"Jul 06, 2025",2025,LAC,17.94,standard,1,UFA,0.35,0.364,0,0,0,free_agency,MIL,0,0,,1,2025,154.647,8.97,0.058003,-2.847259,2026,0,1,1,,8.75,2,5.83579,12.901,Large,1,38,0.9449,1.586,Small,0
lopezro01,Robin Lopez,6147,"Jul 03, 2008",2008,PHX,3.37,standard,1,,0.25,0.26,0,0,0,free_agency,PHX,1,0,,3,2008,,1.685,,,2009,1,0,1,,,12,2.1982,5.059,Large,0,12,2.1982,5.059,Large,0
lopezro01,Robin Lopez,6147,"Jul 27, 2012",2012,PHX,15.4,standard,1,RFA,0.25,0.27,0,0,0,free_agency,,,0,,1,2012,,5.133,,,2014,1,0,1,,,12,2.1982,5.059,Large,0,,,,,
lopezro01,Robin Lopez,6147,"Jul 09, 2015",2015,NYK,54.0,standard,1,UFA,0.3,0.336,0,0,0,free_agency,NYK,1,0,,1,2015,70.0,13.5,0.192857,-1.645806,2018,1,0,1,,13.0,1,7.49451,19.113,Large,1,1,7.49451,19.113,Large,1
lopezro01,Robin Lopez,6147,"Jul 12, 2019",2019,MIL,9.77,standard,1,UFA,0.35,0.364,0,0,0,free_agency,CHI,0,0,,1,2019,109.14,4.885,0.044759,-3.106462,2020,1,0,1,,4.767,38,0.9449,1.586,Small,0,3,3.65475,9.441,Large,1
lopezro01,Robin Lopez,6147,"Nov 22, 2020",2020,WAS,7.3,standard,1,UFA,0.35,0.35,0,0,0,free_agency,MIL,0,0,,0,2020,109.14,7.3,0.066887,-2.704757,2020,1,0,0,,7.3,8,2.63064,6.385,Large,1,38,0.9449,1.586,Small,0
lopezro01,Robin Lopez,6147,"Aug 06, 2021",2021,ORL,5.0,standard,1,UFA,0.35,0.35,0,0,0,free_agency,WAS,0,0,,0,2021,112.414,5.0,0.044478,-3.112751,2021,1,0,0,,5.0,15,1.90242,2.673,Medium,0,8,2.63064,6.385,Large,1
lopezro01,Robin Lopez,6147,"Jul 07, 2022",2022,CLE,2.91,standard,1,UFA,0.35,0.35,0,0,0,free_agency,ORL,0,0,,0,2022,123.655,2.91,0.023533,-3.749342,2022,1,0,0,,1.83609,19,1.55434,2.088,Medium,0,15,1.90242,2.673,Medium,0
lopezro01,Robin Lopez,6147,"Jul 06, 2023",2023,MIL,3.2,standard,1,UFA,0.35,0.35,0,0,0,free_agency,CLE,0,0,,0,2023,136.021,3.2,0.023526,-3.749658,2023,1,0,0,,2.019706,38,0.9449,1.586,Small,0,19,1.55434,2.088,Medium,0
loveca01,Caleb Love,99629,,2026,PHI,0.678882,standard,1,UFA,0.25,0.25,0,0,0,free_agency,POR,0,0,,0,2026,170.1117,0.679,0.003991,-5.523763,2026,0,1,0,,,5,3.14592,6.228,Large,1,23,1.27792,2.511,Small,0
loveke01,Kevin Love,6132,"Jul 10, 2008",2008,MIN,6.56,standard,1,,0.25,0.26,0,0,0,free_agency,MIN,1,0,,3,2008,,3.28,,,2009,1,0,1,,,16,1.88668,3.703,Medium,0,16,1.88668,3.703,Medium,0
loveke01,Kevin Love,6132,"Jan 25, 2012",2012,MIN,60.8,rookie-scale,1,,0.25,0.28,0,0,0,extension,MIN,1,0,,1,2013,,15.2,,,2016,1,0,1,,,16,1.88668,3.703,Medium,0,16,1.88668,3.703,Medium,0
loveke01,Kevin Love,6132,"Jul 01, 2015",2015,CLE,113.2,extension,1,,0.3,0.348,0,0,0,extension,CLE,1,0,,1,2016,94.143,22.64,0.240485,-1.425097,2020,1,0,1,,19.5,19,1.55434,2.088,Medium,0,19,1.55434,2.088,Medium,0
loveke01,Kevin Love,6132,"Jul 24, 2018",2018,CLE,120.4,extension,1,,0.35,0.392,0,0,0,extension,CLE,1,0,,1,2019,109.14,30.1,0.275793,-1.288106,2022,1,0,1,,24.119025,19,1.55434,2.088,Medium,0,19,1.55434,2.088,Medium,0
loveke01,Kevin Love,6132,"Feb 20, 2023",2023,MIA,3.11,standard,1,UFA,0.35,0.35,0,0,0,rest_of_season,MIA,1,0,,1,2023,136.021,3.11,0.022864,-3.778187,2023,1,0,0,,3.835738,18,1.75692,6.266,Medium,0,18,1.75692,6.266,Medium,0
loveke01,Kevin Love,6132,"Jul 06, 2023",2023,MIA,7.86,standard,1,UFA,0.35,0.364,0,0,0,free_agency,MIA,1,1,,1,2023,136.021,3.93,0.028893,-3.54417,2024,1,0,1,,3.835738,18,1.75692,6.266,Medium,0,18,1.75692,6.266,Medium,0
loveke01,Kevin Love,6132,"Jul 06, 2024",2024,MIA,8.0,standard,1,UFA,0.35,0.364,0,0,0,free_agency,MIA,1,0,,0,2024,140.588,4.0,0.028452,-3.559539,2025,1,0,1,,3.85,18,1.75692,6.266,Medium,0,18,1.75692,6.266,Medium,0
lowryky01,Kyle Lowry,2536,"Jul 06, 2006",2006,MEM,2.09,standard,1,,0.25,0.26,0,0,0,free_agency,MEM,1,0,,3,2006,,1.045,,,2007,1,0,1,,,51,0.6663,1.358,Small,0,51,0.6663,1.358,Small,0
lowryky01,Kyle Lowry,2536,"Jul 15, 2010",2010,HOU,24.0,standard,1,RFA,0.25,0.28,0,0,0,free_agency,HOU,1,0,,1,2010,,6.0,,,2013,1,0,1,,,6,2.79742,7.206,Large,1,6,2.79742,7.206,Large,1
lowryky01,Kyle Lowry,2536,"Jul 10, 2014",2014,TOR,48.0,standard,1,UFA,0.3,0.336,0,0,0,free_agency,TOR,1,0,,1,2014,63.065,12.0,0.19028,-1.659259,2017,1,0,1,,,,,6.202,Large,1,,,6.202,Large,1
lowryky01,Kyle Lowry,2536,"Jul 07, 2017",2017,TOR,100.0,standard,1,UFA,0.35,0.378,0,0,0,free_agency,TOR,1,0,,0,2017,99.093,33.333,0.336384,-1.089501,2019,1,0,1,,28.703704,,,6.202,Large,1,,,6.202,Large,1
lowryky01,Kyle Lowry,2536,"Oct 13, 2019",2019,TOR,30.5,extension,1,,0.35,0.35,0,0,0,extension,TOR,1,0,,0,2020,109.14,30.5,0.279458,-1.274905,2020,1,0,0,,33.296296,,,6.202,Large,1,,,6.202,Large,1
lowryky01,Kyle Lowry,2536,"Aug 06, 2021",2021,TOR,85.0,standard,1,UFA,0.35,0.378,0,0,0,sign_and_trade,TOR,1,0,,0,2021,112.414,28.333,0.252045,-1.37815,2023,1,0,1,,26.984128,,,6.202,Large,1,,,6.202,Large,1
lowryky01,Kyle Lowry,2536,"Jul 12, 2024",2024,PHI,3.3,standard,1,UFA,0.35,0.35,0,0,0,free_agency,PHI,1,0,,0,2024,140.588,3.3,0.023473,-3.751911,2024,1,0,0,,2.087519,5,3.14592,6.228,Large,1,5,3.14592,6.228,Large,1
lowryky01,Kyle Lowry,2536,"Jul 07, 2025",2025,PHI,3.63,standard,1,UFA,0.35,0.35,0,0,0,free_agency,PHI,1,0,,0,2025,154.647,3.63,0.023473,-3.751912,2025,1,0,0,,2.296274,5,3.14592,6.228,Large,1,5,3.14592,6.228,Large,1
luwawti01,Timothé Luwawu-Cabarrot,20229,"Jul 03, 2016",2016,PHI,6.79,rookie-scale,1,,0.25,0.28,0,0,0,rookie_scale,PHI,1,0,,2,2016,94.143,1.698,0.018031,-4.015658,2019,1,0,0,,1.32696,5,3.14592,6.228,Large,1,5,3.14592,6.228,Large,1
lylestr01,Trey Lyles,17840,"Jul 07, 2015",2015,UTH,4.58,standard,1,,0.25,0.26,0,0,0,free_agency,UTA,0,0,,3,2015,70.0,2.29,0.032714,-3.419943,2016,1,0,1,,2.2398,28,1.16352,1.266,Small,0,28,1.16352,1.266,Small,0
lylestr01,Trey Lyles,17840,"Jul 12, 2019",2019,SAS,11.0,standard,1,UFA,0.25,0.26,0,0,0,free_agency,DEN,0,0,,1,2019,109.14,5.5,0.050394,-2.987883,2020,1,0,1,,5.5,31,1.0964,2.602,Small,0,17,1.80627,3.038,Medium,0
lylestr01,Trey Lyles,17840,"Aug 06, 2021",2021,DET,5.13,standard,1,UFA,0.25,0.26,0,0,0,free_agency,SAS,0,0,,1,2021,112.414,2.565,0.022817,-3.78023,2022,1,0,1,,2.5,14,1.94075,4.365,Medium,0,31,1.0964,2.602,Small,0
lylestr01,Trey Lyles,17840,"Jul 07, 2023",2023,SAC,16.0,standard,1,UFA,0.3,0.312,0,0,0,free_agency,SAC,1,0,,0,2023,136.021,8.0,0.058814,-2.833368,2024,1,0,1,,8.0,20,1.49792,2.453,Small,0,20,1.49792,2.453,Small,0
lylestr01,Trey Lyles,17840,"Jul 10, 2026",2026,MIN,3.88,standard,1,UFA,0.35,0.35,0,0,0,free_agency,MIN,1,0,,0,2026,170.1117,3.88,0.022809,-3.78062,2026,0,1,0,,,16,1.88668,3.703,Medium,0,16,1.88668,3.703,Medium,0
macksh01,Shelvin Mack,8086,"Dec 09, 2011",2011,WAS,1.23,standard,1,,0.25,0.26,0,0,0,free_agency,WAS,1,0,,0,2011,,0.615,,,2012,1,0,1,,,8,2.63064,6.385,Large,1,8,2.63064,6.385,Large,1
macksh01,Shelvin Mack,8086,"Dec 25, 2012",2012,WAS,0.511119,standard,1,RFA,0.25,0.25,0,0,0,free_agency,WAS,1,0,,0,2012,,0.511,,,2012,1,0,0,,,8,2.63064,6.385,Large,1,8,2.63064,6.385,Large,1
macksh01,Shelvin Mack,8086,"Mar 26, 2013",2013,ATL,0.987,standard,1,RFA,0.25,0.26,0,0,0,free_agency,ATL,1,0,,0,2013,,0.493,,,2014,1,0,1,,,7,2.75817,6.144,Large,1,7,2.75817,6.144,Large,1
macksh01,Shelvin Mack,8086,"Aug 22, 2014",2014,ATL,7.3,standard,1,RFA,0.25,0.27,0,0,0,free_agency,ATL,1,0,,0,2014,63.065,2.433,0.038585,-3.254904,2016,1,0,1,,,7,2.75817,6.144,Large,1,7,2.75817,6.144,Large,1
macksh01,Shelvin Mack,8086,"Jul 09, 2017",2017,ORL,12.0,standard,1,UFA,0.25,0.26,0,0,0,free_agency,UTA,0,0,,0,2017,99.093,6.0,0.060549,-2.804299,2018,1,0,1,,6.0,15,1.90242,2.673,Medium,0,28,1.16352,1.266,Small,0
macksh01,Shelvin Mack,8086,"Aug 07, 2018",2018,MEM,2.0,standard,1,UFA,0.3,0.3,0,0,0,free_agency,ORL,0,0,,0,2018,101.869,2.0,0.019633,-3.93054,2018,1,0,0,,1.0,51,0.6663,1.358,Small,0,15,1.90242,2.673,Medium,0
mahinia01,Ian Mahinmi,2708,"Jul 12, 2010",2010,DAL,1.65,standard,1,RFA,0.25,0.26,0,0,0,free_agency,DAL,1,0,,0,2010,,0.825,,,2011,1,0,1,,,4,3.26449,7.943,Large,1,4,3.26449,7.943,Large,1
mahinia01,Ian Mahinmi,2708,"Jul 11, 2012",2012,DAL,16.0,standard,1,UFA,0.25,0.28,0,0,0,sign_and_trade,DAL,1,0,,0,2012,,4.0,,,2015,1,0,1,,,4,3.26449,7.943,Large,1,4,3.26449,7.943,Large,1
mahinia01,Ian Mahinmi,2708,"Jul 07, 2016",2016,WAS,64.0,standard,1,UFA,0.3,0.336,0,0,0,free_agency,IND,0,0,,0,2016,94.143,16.0,0.169954,-1.772226,2019,1,0,1,,15.944154,8,2.63064,6.385,Large,1,25,1.23221,2.126,Small,0
makerth01,Thon Maker,20215,"Jul 30, 2016",2016,MIL,11.62,rookie-scale,1,,0.25,0.28,0,0,0,rookie_scale,MIL,1,0,,1,2016,94.143,2.905,0.030857,-3.478382,2019,1,0,0,,2.5686,38,0.9449,1.586,Small,0,38,0.9449,1.586,Small,0
maledth01,Théo Maledon,70676,"Dec 09, 2020",2020,OKC,5.9,standard,1,,0.25,0.27,0,0,0,free_agency,OKC,1,0,,0,2020,109.14,1.967,0.01802,-4.016291,2022,1,0,1,,2.0,47,0.7627,1.435,Small,0,47,0.7627,1.435,Small,0
mamuksa01,Sandro Mamukelashvili,74161,"Jul 27, 2023",2023,SAS,2.02,standard,1,UFA,0.25,0.25,0,0,0,free_agency,SAS,1,0,,1,2023,136.021,2.02,0.014851,-4.209712,2023,1,0,0,,2.019706,31,1.0964,2.602,Small,0,31,1.0964,2.602,Small,0
mamuksa01,Sandro Mamukelashvili,74161,"Jul 22, 2024",2024,SAS,2.16,standard,1,RFA,0.25,0.25,0,0,0,free_agency,SAS,1,0,,1,2024,140.588,2.16,0.015364,-4.175725,2024,1,0,0,,2.087519,31,1.0964,2.602,Small,0,31,1.0964,2.602,Small,0
mamuksa01,Sandro Mamukelashvili,74161,"Jul 01, 2025",2025,TOR,5.26,standard,1,RFA,0.25,0.26,0,0,0,free_agency,SAS,0,1,,1,2025,154.647,2.63,0.017006,-4.074161,2026,0,1,1,,2.461463,,,6.202,Large,1,31,1.0964,2.602,Small,0
mamuksa01,Sandro Mamukelashvili,74161,"Jul 07, 2026",2026,LAL,52.0,standard,1,UFA,0.25,0.28,0,0,0,free_agency,TOR,0,1,,0,2026,170.1117,13.0,0.07642,-2.571506,2029,0,4,1,,,2,5.83579,12.901,Large,1,,,6.202,Large,1
mannte01,Terance Mann,31607,"Jul 09, 2019",2019,LAC,4.3,standard,1,,0.25,0.27,0,0,0,free_agency,LAC,1,0,,1,2019,109.14,1.433,0.013133,-4.332629,2021,1,0,1,,1.0,2,5.83579,12.901,Large,1,2,5.83579,12.901,Large,1
mannte01,Terance Mann,31607,"Oct 12, 2021",2021,LAC,22.0,extension,1,,0.25,0.26,0,0,0,extension,LAC,1,0,,0,2022,123.655,11.0,0.088957,-2.4196,2023,1,0,1,,1.782621,2,5.83579,12.901,Large,1,2,5.83579,12.901,Large,1
mannte01,Terance Mann,31607,"Oct 01, 2024",2024,LAC,47.0,extension,1,,0.25,0.27,0,0,0,extension,LAC,1,0,,0,2025,154.647,15.667,0.101306,-2.28961,2027,0,2,1,,11.423077,2,5.83579,12.901,Large,1,2,5.83579,12.901,Large,1
manntr01,Tre Mann,74125,"Aug 07, 2021",2021,OKC,14.05,rookie-scale,1,,0.25,0.28,0,0,0,rookie_scale,OKC,1,0,,2,2021,112.414,3.513,0.031246,-3.46586,2024,1,0,0,,2.90124,47,0.7627,1.435,Small,0,47,0.7627,1.435,Small,0
manntr01,Tre Mann,74125,"Jul 13, 2025",2025,CHA,24.0,standard,1,UFA,0.25,0.27,0,0,0,free_agency,CHA,1,0,,0,2025,154.647,8.0,0.051731,-2.961704,2027,0,2,1,,8.0,21,1.38202,2.66,Small,0,21,1.38202,2.66,Small,0
marjabo01,Boban Marjanović,17984,"Jul 13, 2015",2015,SAS,1.2,standard,1,,0.25,0.25,0,0,0,free_agency,SAS,1,0,,0,2015,70.0,1.2,0.017143,-4.066174,2015,1,0,0,,1.2,31,1.0964,2.602,Small,0,31,1.0964,2.602,Small,0
marjabo01,Boban Marjanović,17984,"Jul 12, 2016",2016,DET,21.0,standard,1,RFA,0.25,0.27,0,0,0,free_agency,SAS,0,0,,0,2016,94.143,7.0,0.074355,-2.598905,2018,1,0,1,,7.0,14,1.94075,4.365,Medium,0,31,1.0964,2.602,Small,0
marjabo01,Boban Marjanović,17984,"Jul 23, 2019",2019,DAL,7.0,standard,1,RFA,0.25,0.26,0,0,0,free_agency,PHI,0,0,,0,2019,109.14,3.5,0.032069,-3.439868,2020,1,0,1,,3.5,4,3.26449,7.943,Large,1,5,3.14592,6.228,Large,1
marjabo01,Boban Marjanović,17984,"Aug 09, 2021",2021,DAL,7.0,standard,1,UFA,0.25,0.26,0,0,0,free_agency,DAL,1,0,,0,2021,112.414,3.5,0.031135,-3.469426,2022,1,0,1,,3.5,4,3.26449,7.943,Large,1,4,3.26449,7.943,Large,1
markkla01,Lauri Markkanen,23602,"Jul 05, 2017",2017,CHI,20.39,rookie-scale,1,,0.25,0.28,0,0,0,rookie_scale,CHI,1,0,,2,2017,99.093,5.098,0.051442,-2.967309,2020,1,0,0,,3.82164,3,3.65475,9.441,Large,1,3,3.65475,9.441,Large,1
markkla01,Lauri Markkanen,23602,"Aug 28, 2021",2021,CHI,67.47,standard,1,RFA,0.25,0.28,0,0,0,sign_and_trade,CHI,1,0,,0,2021,112.414,16.867,0.150048,-1.8968,2024,1,0,1,,15.690909,3,3.65475,9.441,Large,1,3,3.65475,9.441,Large,1
markkla01,Lauri Markkanen,23602,"Aug 07, 2024",2024,UTA,195.8,extension,1,,0.3,0.336,1,0,0,renegotiation,UTA,1,0,,0,2024,140.588,48.95,0.34818,-1.055034,2027,0,2,0,,42.1764,28,1.16352,1.266,Small,0,28,1.16352,1.266,Small,0
marshna01,Naji Marshall,70704,"May 07, 2021",2021,NOP,5.35,standard,1,RFA,0.25,0.28,0,0,0,rest_of_season,NOP,1,0,,1,2021,112.414,1.337,0.011898,-4.431386,2024,1,0,0,,1.517981,50,0.67279,1.29,Small,0,50,0.67279,1.29,Small,0
marshna01,Naji Marshall,70704,"Jul 06, 2024",2024,DAL,27.0,standard,1,RFA,0.25,0.27,0,0,0,free_agency,NOP,0,0,,0,2024,140.588,9.0,0.064017,-2.748609,2026,0,1,1,,8.571429,4,3.26449,7.943,Large,1,50,0.67279,1.29,Small,0
marshna01,Naji Marshall,70704,"Aug 02, 2026",2026,DAL,51.86,extension,1,,0.25,0.27,0,0,0,extension,DAL,1,0,,0,2027,187.12287,17.287,0.092381,-2.38183,2029,0,4,1,,,4,3.26449,7.943,Large,1,4,3.26449,7.943,Large,1
martica02,Caleb Martin,32682,"Oct 19, 2019",2019,CHA,4.2,standard,1,,0.25,0.27,0,0,0,free_agency,CHA,1,0,,1,2019,109.14,1.4,0.012828,-4.356159,2021,1,0,1,,0.842166,21,1.38202,2.66,Small,0,21,1.38202,2.66,Small,0
martica02,Caleb Martin,32682,"Jul 06, 2022",2022,MIA,20.41,standard,1,RFA,0.25,0.27,0,0,0,free_agency,MIA,1,1,,1,2022,123.655,6.803,0.055019,-2.900083,2024,1,0,1,,6.479,18,1.75692,6.266,Medium,0,18,1.75692,6.266,Medium,0
martica02,Caleb Martin,32682,"Jul 06, 2024",2024,PHI,35.04,standard,1,UFA,0.25,0.28,0,0,0,free_agency,MIA,0,0,,0,2024,140.588,8.76,0.06231,-2.775638,2027,0,2,1,,9.186594,5,3.14592,6.228,Large,1,18,1.75692,6.266,Medium,0
martico01,Cody Martin,31595,"Jul 31, 2019",2019,CHA,4.47,standard,1,,0.25,0.27,0,0,0,free_agency,CHA,1,0,,0,2019,109.14,1.49,0.013652,-4.293855,2021,1,0,1,,1.17331,21,1.38202,2.66,Small,0,21,1.38202,2.66,Small,0
martico01,Cody Martin,31595,"Jul 06, 2022",2022,CHA,31.36,standard,1,RFA,0.25,0.28,0,0,0,free_agency,CHA,1,0,,0,2022,123.655,7.84,0.063402,-2.758257,2025,1,0,1,,7.0,21,1.38202,2.66,Small,0,21,1.38202,2.66,Small,0
martija01,Jarell Martin,17853,"Jul 10, 2015",2015,MEM,2.52,standard,1,,0.25,0.26,0,0,0,free_agency,MEM,1,0,,2,2015,70.0,1.26,0.018,-4.017384,2016,1,0,1,,1.23084,51,0.6663,1.358,Small,0,51,0.6663,1.358,Small,0
martija01,Jarell Martin,17853,"Aug 16, 2019",2019,CLE,1.73,standard,1,UFA,0.25,0.25,0,0,0,free_agency,ORL,0,0,,0,2019,109.14,1.73,0.015851,-4.14451,2019,1,0,0,,,19,1.55434,2.088,Medium,0,15,1.90242,2.673,Medium,0
martike02,Kevin Martin,2692,"Jul 07, 2004",2004,SAC,2.81,standard,1,,0.25,0.27,0,0,0,free_agency,SAC,1,0,,1,2004,,0.937,,,2006,1,0,1,,,20,1.49792,2.453,Small,0,20,1.49792,2.453,Small,0
martike02,Kevin Martin,2692,"Aug 29, 2007",2007,SAC,55.0,rookie-scale,1,,0.25,0.29,0,0,0,extension,SAC,1,0,,0,2008,,11.0,,,2012,1,0,1,,,20,1.49792,2.453,Small,0,20,1.49792,2.453,Small,0
martike02,Kevin Martin,2692,"Jul 11, 2013",2013,OKC,27.8,standard,1,UFA,0.3,0.336,0,0,0,sign_and_trade,,,0,,0,2013,,6.95,,,2016,1,0,1,,,47,0.7627,1.435,Small,0,,,,,
martike03,Kelan Martin,32756,"Nov 29, 2020",2020,IND,3.15,standard,1,UFA,0.25,0.26,0,0,0,free_agency,MIN,0,0,,0,2020,109.14,1.575,0.014431,-4.238376,2021,1,0,1,,0.8019,25,1.23221,2.126,Small,0,16,1.88668,3.703,Medium,0
martike04,KJ Martin,70694,"Nov 30, 2020",2020,HOU,6.13,standard,1,,0.25,0.28,0,0,0,free_agency,HOU,1,0,,1,2020,109.14,1.532,0.014042,-4.265731,2023,1,0,1,,0.89831,6,2.79742,7.206,Large,1,6,2.79742,7.206,Large,1
martity01,Tyrese Martin,78162,"Jul 16, 2022",2022,ATL,2.74,standard,1,,0.25,0.26,0,0,0,free_agency,ATL,1,0,,1,2022,123.655,1.37,0.011079,-4.502685,2023,1,0,1,,1.017781,7,2.75817,6.144,Large,1,7,2.75817,6.144,Large,1
masonfr01,Frank Mason III,23629,"Jul 13, 2017",2017,SAC,4.18,standard,1,,0.25,0.27,0,0,0,free_agency,SAC,1,0,,0,2017,99.093,1.393,0.014061,-4.26436,2019,1,0,1,,1.184385,20,1.49792,2.453,Small,0,20,1.49792,2.453,Small,0
mathega01,Garrison Mathews,32044,"Dec 18, 2021",2021,HOU,8.23,two-way,1,UFA,0.25,0.28,0,0,0,rest_of_season,WAS,0,0,,1,2021,112.414,2.058,0.018303,-4.000697,2024,1,0,0,,2.0,6,2.79742,7.206,Large,1,8,2.63064,6.385,Large,1
mathega01,Garrison Mathews,32044,"Dec 11, 2025",2025,IND,2.03,standard,1,UFA,0.25,0.25,0,0,0,rest_of_season,ATL,0,0,,0,2025,154.647,2.03,0.013127,-4.333109,2025,1,0,0,,0.13197,25,1.23221,2.126,Small,0,7,2.75817,6.144,Large,1
mathube01,Bennedict Mathurin,78115,"Jul 03, 2022",2022,IND,29.93,rookie-scale,1,,0.25,0.28,0,0,0,rookie_scale,IND,1,0,,2,2022,123.655,7.482,0.060511,-2.804928,2025,1,0,0,,6.5868,25,1.23221,2.126,Small,0,25,1.23221,2.126,Small,0
matkoka01,Karlo Matković,78144,"Jul 13, 2024",2024,NOP,5.4,standard,1,RFA,0.25,0.27,0,0,0,free_agency,NOP,1,0,,1,2024,140.588,1.8,0.012803,-4.358047,2026,0,1,1,,1.407153,50,0.67279,1.29,Small,0,50,0.67279,1.29,Small,0
matthwe02,Wesley Matthews,6489,"Sep 21, 2009",2009,UTH,0.457,standard,1,,0.25,0.25,0,0,0,free_agency,UTH,1,0,,2,2009,,0.457,,,2009,1,0,0,,,28,1.16352,1.266,Small,0,28,1.16352,1.266,Small,0
matthwe02,Wesley Matthews,6489,"Jul 20, 2010",2010,POR,35.53,standard,1,RFA,0.25,0.29,0,0,0,free_agency,POR,1,0,,2,2010,,7.106,,,2014,1,0,1,,,23,1.27792,2.511,Small,0,23,1.27792,2.511,Small,0
matthwe02,Wesley Matthews,6489,"Jul 09, 2015",2015,DAL,70.0,standard,1,UFA,0.25,0.28,0,0,0,free_agency,DAL,1,0,,2,2015,70.0,17.5,0.25,-1.386294,2018,1,0,1,,16.4,4,3.26449,7.943,Large,1,4,3.26449,7.943,Large,1
matthwe02,Wesley Matthews,6489,"Feb 10, 2019",2019,IND,0.738,standard,1,UFA,0.35,0.35,0,0,0,free_agency,IND,1,0,,1,2019,109.14,0.738,0.006762,-4.996443,2019,1,0,0,,2.564753,25,1.23221,2.126,Small,0,25,1.23221,2.126,Small,0
matthwe02,Wesley Matthews,6489,"Jul 12, 2019",2019,MIL,5.26,standard,1,UFA,0.35,0.364,0,0,0,free_agency,IND,0,0,,1,2019,109.14,2.63,0.024097,-3.725648,2020,1,0,1,,2.564753,38,0.9449,1.586,Small,0,25,1.23221,2.126,Small,0
matthwe02,Wesley Matthews,6489,"Nov 22, 2020",2020,LAL,3.6,standard,1,UFA,0.35,0.35,0,0,0,free_agency,MIL,0,0,,0,2020,109.14,3.6,0.032985,-3.411698,2020,1,0,0,,3.623,2,5.83579,12.901,Large,1,38,0.9449,1.586,Small,0
matthwe02,Wesley Matthews,6489,"Jul 06, 2022",2022,MIL,2.9,standard,1,UFA,0.35,0.35,0,0,0,free_agency,MIL,1,0,,0,2022,123.655,2.9,0.023452,-3.752785,2022,1,0,0,,1.83609,38,0.9449,1.586,Small,0,38,0.9449,1.586,Small,0
matthwe02,Wesley Matthews,6489,"Jul 21, 2023",2023,ATL,3.2,standard,1,UFA,0.35,0.35,0,0,0,free_agency,MIL,0,0,,0,2023,136.021,3.2,0.023526,-3.749658,2023,1,0,0,,2.019706,7,2.75817,6.144,Large,1,38,0.9449,1.586,Small,0
maxeyty01,Tyrese Maxey,70663,"Dec 02, 2020",2020,PHI,12.15,rookie-scale,1,,0.25,0.28,0,0,0,rookie_scale,PHI,1,0,,2,2020,109.14,3.038,0.027831,-3.581597,2023,1,0,0,,2.47884,5,3.14592,6.228,Large,1,5,3.14592,6.228,Large,1
maxeyty01,Tyrese Maxey,70663,"Jul 07, 2024",2024,PHI,203.85,standard,1,RFA,0.25,0.29,0,0,0,free_agency,PHI,1,0,,0,2024,140.588,40.77,0.289996,-1.237887,2028,0,3,1,,35.147,5,3.14592,6.228,Large,1,5,3.14592,6.228,Large,1
mayooj01,O.J. Mayo,6124,"Jul 08, 2008",2008,MEM,8.04,standard,1,,0.25,0.26,0,0,0,free_agency,MEM,1,0,,2,2008,,4.02,,,2009,1,0,1,,,51,0.6663,1.358,Small,0,51,0.6663,1.358,Small,0
mayooj01,O.J. Mayo,6124,"Jul 19, 2012",2012,DAL,8.22,standard,1,RFA,0.25,0.26,0,0,0,free_agency,DAL,1,0,,1,2012,,4.11,,,2013,1,0,1,,,4,3.26449,7.943,Large,1,4,3.26449,7.943,Large,1
mbahalu01,Luc Mbah a Moute,6130,"Jul 09, 2008",2008,MIL,2.35,standard,1,,0.25,0.27,0,0,0,free_agency,MIL,1,0,,1,2008,,0.783,,,2010,1,0,1,,,38,0.9449,1.586,Small,0,38,0.9449,1.586,Small,0
mbahalu01,Luc Mbah a Moute,6130,"Dec 13, 2011",2011,MIL,18.8,standard,1,RFA,0.25,0.28,0,0,0,free_agency,MIL,1,0,,1,2011,,4.7,,,2014,1,0,1,,,38,0.9449,1.586,Small,0,38,0.9449,1.586,Small,0
mbahalu01,Luc Mbah a Moute,6130,"Jul 14, 2015",2015,SAC,1.55,standard,1,UFA,0.3,0.3,0,0,0,free_agency,LAC,0,0,,1,2015,70.0,1.55,0.022143,-3.81024,2015,1,0,0,,1.270964,20,1.49792,2.453,Small,0,2,5.83579,12.901,Large,1
mbahalu01,Luc Mbah a Moute,6130,"Sep 25, 2015",2015,LAC,1.27,standard,1,UFA,0.3,0.3,0,0,0,free_agency,LAC,1,0,,1,2015,70.0,1.27,0.018143,-4.009478,2015,1,0,0,,1.270964,2,5.83579,12.901,Large,1,2,5.83579,12.901,Large,1
mbahalu01,Luc Mbah a Moute,6130,"Jul 08, 2016",2016,LAC,4.5,standard,1,UFA,0.3,0.312,0,0,0,free_agency,LAC,1,0,,1,2016,94.143,2.25,0.0239,-3.733885,2017,1,0,1,,2.203,2,5.83579,12.901,Large,1,2,5.83579,12.901,Large,1
mbahalu01,Luc Mbah a Moute,6130,"Jul 19, 2017",2017,HOU,2.1,standard,1,UFA,0.3,0.3,0,0,0,free_agency,LAC,0,0,,0,2017,99.093,2.1,0.021192,-3.854121,2017,1,0,0,,1.471382,6,2.79742,7.206,Large,1,2,5.83579,12.901,Large,1
mbahalu01,Luc Mbah a Moute,6130,"Jul 10, 2018",2018,LAC,4.32,standard,1,UFA,0.35,0.35,0,0,0,free_agency,HOU,0,0,,0,2018,101.869,4.32,0.042407,-3.160432,2018,1,0,0,,4.3205,2,5.83579,12.901,Large,1,6,2.79742,7.206,Large,1
mcadoja01,James Michael McAdoo,15783,"Sep 02, 2014",2014,GSW,0.507,standard,1,,0.25,0.25,0,0,0,free_agency,GSW,1,0,,0,2014,63.065,0.507,0.008039,-4.82341,2014,1,0,0,,,10,2.54248,4.749,Large,1,10,2.54248,4.749,Large,1
mcadoja01,James Michael McAdoo,15783,"Feb 19, 2015",2015,GSW,1.01,standard,1,RFA,0.25,0.26,0,0,0,free_agency,GSW,1,0,,0,2015,70.0,0.505,0.007214,-4.931692,2016,1,0,1,,0.845059,10,2.54248,4.749,Large,1,10,2.54248,4.749,Large,1
mcadoja01,James Michael McAdoo,15783,"Jul 13, 2016",2016,GSW,0.98,standard,1,UFA,0.25,0.25,0,0,0,free_agency,GSW,1,0,,0,2016,94.143,0.98,0.01041,-4.565018,2016,1,0,0,,0.980431,10,2.54248,4.749,Large,1,10,2.54248,4.749,Large,1
mcbrimi01,Miles McBride,74143,"Aug 06, 2021",2021,NYK,4.32,standard,1,,0.25,0.27,0,0,0,free_agency,NYK,1,0,,1,2021,112.414,1.44,0.01281,-4.357545,2023,1,0,1,,0.925258,1,7.49451,19.113,Large,1,1,7.49451,19.113,Large,1
mcbrimi01,Miles McBride,74143,"Dec 30, 2023",2023,NYK,13.0,extension,1,,0.25,0.27,0,0,0,extension,NYK,1,0,,0,2024,140.588,4.333,0.030823,-3.479497,2026,0,1,1,,1.836096,1,7.49451,19.113,Large,1,1,7.49451,19.113,Large,1
mccaija01,Jared McCain,91760,,2024,PHI,19.448588,standard,1,,0.25,0.28,0,0,0,free_agency,PHI,1,0,,1,2024,140.588,4.862,0.034584,-3.364354,2027,0,2,1,,4.02036,5,3.14592,6.228,Large,1,5,3.14592,6.228,Large,1
mccawpa01,Patrick McCaw,20244,"Jun 24, 2016",2016,GSW,1.44,standard,1,,0.25,0.26,0,0,0,free_agency,GSW,1,0,,0,2016,94.143,0.72,0.007648,-4.873319,2017,1,0,1,,0.543471,10,2.54248,4.749,Large,1,10,2.54248,4.749,Large,1
mccawpa01,Patrick McCaw,20244,"Dec 30, 2018",2018,CLE,6.0,standard,1,RFA,0.25,0.26,0,0,0,rfa_match,GSW,0,0,,0,2018,101.869,3.0,0.02945,-3.525075,2019,1,0,1,,0.323529,19,1.55434,2.088,Medium,0,10,2.54248,4.749,Large,1
mccawpa01,Patrick McCaw,20244,"Jan 09, 2019",2019,TOR,0.786,standard,1,RFA,0.25,0.25,0,0,0,free_agency,CLE,0,0,,0,2019,109.14,0.786,0.007202,-4.93343,2019,1,0,0,,4.0,,,6.202,Large,1,19,1.55434,2.088,Medium,0
mccawpa01,Patrick McCaw,20244,"Jul 08, 2019",2019,TOR,8.0,standard,1,RFA,0.25,0.26,0,0,0,free_agency,CLE,0,0,,0,2019,109.14,4.0,0.03665,-3.306337,2020,1,0,1,,4.0,,,6.202,Large,1,19,1.55434,2.088,Medium,0
mccolcj01,CJ McCollum,13323,"Jul 11, 2013",2013,POR,4.74,standard,1,,0.25,0.26,0,0,0,free_agency,POR,1,0,,2,2013,,2.37,,,2014,1,0,1,,,23,1.27792,2.511,Small,0,23,1.27792,2.511,Small,0
mccolcj01,CJ McCollum,13323,"Jul 27, 2016",2016,POR,106.0,extension,1,,0.25,0.28,0,0,0,extension,POR,1,0,,0,2017,99.093,26.5,0.267426,-1.318914,2020,1,0,1,,3.219579,23,1.27792,2.511,Small,0,23,1.27792,2.511,Small,0
mccolcj01,CJ McCollum,13323,"Jul 30, 2019",2019,POR,100.0,extension,1,,0.25,0.27,1,0,0,extension,POR,1,0,,0,2020,109.14,33.333,0.305418,-1.186074,2022,1,0,1,,27.556959,23,1.27792,2.511,Small,0,23,1.27792,2.511,Small,0
mccolcj01,CJ McCollum,13323,"Sep 26, 2022",2022,NOP,64.0,extension,1,,0.3,0.312,0,0,0,extension,NOP,1,0,,0,2023,136.021,32.0,0.235258,-1.447073,2024,1,0,1,,33.333333,50,0.67279,1.29,Small,0,50,0.67279,1.29,Small,0
mccolcj01,CJ McCollum,13323,"Jun 22, 2026",2026,ATL,21.0,extension,1,,0.35,,0,0,0,extension,ATL,1,0,,0,2027,187.12287,,,,,,,0,,,7,2.75817,6.144,Large,1,7,2.75817,6.144,Large,1
mccontj01,T.J. McConnell,18252,"Sep 27, 2015",2015,PHI,0.525,standard,1,,0.25,0.25,0,0,0,free_agency,PHI,1,0,,0,2015,70.0,0.525,0.0075,-4.892852,2015,1,0,0,,0.525093,5,3.14592,6.228,Large,1,5,3.14592,6.228,Large,1
mccontj01,T.J. McConnell,18252,"Jul 29, 2019",2019,IND,7.0,standard,1,RFA,0.25,0.26,0,0,0,free_agency,PHI,0,0,,0,2019,109.14,3.5,0.032069,-3.439868,2020,1,0,1,,3.5,25,1.23221,2.126,Small,0,5,3.14592,6.228,Large,1
mccontj01,T.J. McConnell,18252,"Aug 06, 2021",2021,IND,33.6,standard,1,UFA,0.25,0.28,0,0,0,free_agency,IND,1,0,,0,2021,112.414,8.4,0.074724,-2.593957,2024,1,0,1,,7.5,25,1.23221,2.126,Small,0,25,1.23221,2.126,Small,0
mccontj01,T.J. McConnell,18252,"Sep 03, 2024",2024,IND,45.0,extension,1,,0.35,0.392,0,0,0,extension,IND,1,0,,0,2025,154.647,11.25,0.072746,-2.620777,2028,0,3,1,,9.3,25,1.23221,2.126,Small,0,25,1.23221,2.126,Small,0
mcculch01,Chris McCullough,17857,"Jul 01, 2015",2015,BKN,2.33,standard,1,,0.25,0.26,0,0,0,free_agency,BKN,1,0,,2,2015,70.0,1.165,0.016643,-4.095774,2016,1,0,1,,1.14024,1,7.49451,19.113,Large,1,1,7.49451,19.113,Large,1
mcdanja01,Jalen McDaniels,31611,"Oct 20, 2019",2019,CHA,6.13,standard,1,,0.25,0.28,0,0,0,free_agency,CHA,1,0,,1,2019,109.14,1.532,0.014042,-4.265731,2022,1,0,1,,0.89831,21,1.38202,2.66,Small,0,21,1.38202,2.66,Small,0
mcdanja01,Jalen McDaniels,31611,"Jul 06, 2023",2023,TOR,9.26,standard,1,RFA,0.25,0.26,0,0,0,free_agency,PHI,0,0,,0,2023,136.021,4.63,0.034039,-3.380252,2024,1,0,1,,4.516,,,6.202,Large,1,5,3.14592,6.228,Large,1
mcdanja02,Jaden McDaniels,70670,"Nov 29, 2020",2020,MIN,10.09,rookie-scale,1,,0.25,0.28,0,0,0,rookie_scale,MIN,1,0,,2,2020,109.14,2.522,0.023113,-3.767381,2023,1,0,0,,1.96476,16,1.88668,3.703,Medium,0,16,1.88668,3.703,Medium,0
mcdanja02,Jaden McDaniels,70670,"Oct 23, 2023",2023,MIN,131.0,extension,1,,0.25,0.29,0,0,0,extension,MIN,1,0,,0,2024,140.588,26.2,0.18636,-1.680074,2028,0,3,1,,3.901399,16,1.88668,3.703,Medium,0,16,1.88668,3.703,Medium,0
mcdankj01,K.J. McDaniels,15384,"Sep 29, 2014",2014,PHI,0.507,standard,1,,0.25,0.25,0,0,0,free_agency,PHI,1,0,,1,2014,63.065,0.507,0.008039,-4.82341,2014,1,0,0,,,5,3.14592,6.228,Large,1,5,3.14592,6.228,Large,1
mcdankj01,K.J. McDaniels,15384,"Jul 21, 2015",2015,HOU,6.52,standard,1,RFA,0.25,0.26,0,0,0,free_agency,HOU,1,0,,1,2015,70.0,3.26,0.046571,-3.066768,2016,1,0,1,,3.333333,6,2.79742,7.206,Large,1,6,2.79742,7.206,Large,1
mcderdo01,Doug McDermott,15363,"Jul 22, 2014",2014,CHI,4.66,standard,1,,0.25,0.26,0,0,0,free_agency,CHI,1,0,,2,2014,63.065,2.33,0.036946,-3.298298,2015,1,0,1,,,3,3.65475,9.441,Large,1,3,3.65475,9.441,Large,1
mcderdo01,Doug McDermott,15363,"Jul 06, 2018",2018,IND,22.0,standard,1,UFA,0.25,0.27,0,0,0,free_agency,DAL,0,0,,0,2018,101.869,7.333,0.071988,-2.631258,2020,1,0,1,,7.333334,25,1.23221,2.126,Small,0,4,3.26449,7.943,Large,1
mcderdo01,Doug McDermott,15363,"Aug 08, 2021",2021,IND,42.0,standard,1,UFA,0.3,0.324,0,0,0,sign_and_trade,IND,1,0,,0,2021,112.414,14.0,0.12454,-2.083131,2023,1,0,1,,13.75,25,1.23221,2.126,Small,0,25,1.23221,2.126,Small,0
mcderdo01,Doug McDermott,15363,"Oct 16, 2024",2024,SAC,3.3,standard,1,UFA,0.35,0.35,0,0,0,free_agency,IND,0,0,,0,2024,140.588,3.3,0.023473,-3.751911,2024,1,0,0,,2.087519,20,1.49792,2.453,Small,0,25,1.23221,2.126,Small,0
mcderdo01,Doug McDermott,15363,"Jul 29, 2025",2025,SAC,3.63,standard,1,UFA,0.35,0.35,0,0,0,free_agency,SAC,1,0,,0,2025,154.647,3.63,0.023473,-3.751912,2025,1,0,0,,2.296274,20,1.49792,2.453,Small,0,20,1.49792,2.453,Small,0
mcgeeja01,JaVale McGee,6159,"Jul 09, 2008",2008,WAS,2.88,standard,1,,0.25,0.26,0,0,0,free_agency,WAS,1,0,,3,2008,,1.44,,,2009,1,0,1,,,8,2.63064,6.385,Large,1,8,2.63064,6.385,Large,1
mcgeeja01,JaVale McGee,6159,"Jul 18, 2012",2012,DEN,44.0,standard,1,RFA,0.25,0.28,0,0,0,free_agency,DEN,1,0,,1,2012,,11.0,,,2015,1,0,1,,,17,1.80627,3.038,Medium,0,17,1.80627,3.038,Medium,0
mcgeeja01,JaVale McGee,6159,"Aug 13, 2015",2015,DAL,1.27,standard,1,UFA,0.3,0.3,0,0,0,free_agency,DAL,1,0,,1,2015,70.0,1.27,0.018143,-4.009478,2015,1,0,0,,1.270964,4,3.26449,7.943,Large,1,4,3.26449,7.943,Large,1
mcgeeja01,JaVale McGee,6159,"Sep 12, 2016",2016,GSW,1.4,standard,1,UFA,0.3,0.3,0,0,0,free_agency,DAL,0,0,,1,2016,94.143,1.4,0.014871,-4.208343,2016,1,0,0,,1.403611,10,2.54248,4.749,Large,1,4,3.26449,7.943,Large,1
mcgeeja01,JaVale McGee,6159,"Aug 01, 2017",2017,GSW,2.12,standard,1,UFA,0.3,0.3,0,0,0,free_agency,GSW,1,0,,1,2017,99.093,2.12,0.021394,-3.844643,2017,1,0,0,,1.471382,10,2.54248,4.749,Large,1,10,2.54248,4.749,Large,1
mcgeeja01,JaVale McGee,6159,"Jul 10, 2018",2018,LAL,2.4,standard,1,UFA,0.35,0.35,0,0,0,free_agency,GSW,0,0,,1,2018,101.869,2.4,0.02356,-3.748219,2018,1,0,0,,2.393887,2,5.83579,12.901,Large,1,10,2.54248,4.749,Large,1
mcgeeja01,JaVale McGee,6159,"Jul 06, 2019",2019,LAL,8.2,standard,1,UFA,0.35,0.364,0,0,0,free_agency,LAL,1,1,,1,2019,109.14,4.1,0.037566,-3.281644,2020,1,0,1,,4.0,2,5.83579,12.901,Large,1,2,5.83579,12.901,Large,1
mcgeeja01,JaVale McGee,6159,"Aug 16, 2021",2021,PHX,5.0,standard,1,UFA,0.35,0.35,0,0,0,free_agency,DEN,0,0,,0,2021,112.414,5.0,0.044478,-3.112751,2021,1,0,0,,5.0,12,2.1982,5.059,Large,0,17,1.80627,3.038,Medium,0
mcgeeja01,JaVale McGee,6159,"Jul 09, 2022",2022,DAL,17.2,standard,1,UFA,0.35,0.378,0,0,0,free_agency,PHX,0,0,,0,2022,123.655,5.733,0.046366,-3.071198,2024,1,0,1,,5.461219,4,3.26449,7.943,Large,1,12,2.1982,5.059,Large,0
mcgeeja01,JaVale McGee,6159,"Sep 02, 2023",2023,SAC,3.2,standard,1,UFA,0.35,0.35,0,0,0,free_agency,DAL,0,0,,0,2023,136.021,3.2,0.023526,-3.749658,2023,1,0,0,,2.019706,20,1.49792,2.453,Small,0,4,3.26449,7.943,Large,1
mcgowbr01,Bryce McGowens,78140,"Feb 26, 2023",2023,CHA,7.0,standard,1,RFA,0.25,0.28,0,0,0,rest_of_season,CHA,1,0,,0,2023,136.021,1.75,0.012866,-4.353193,2026,0,1,0,,1.719864,21,1.38202,2.66,Small,0,21,1.38202,2.66,Small,0
mcgowbr01,Bryce McGowens,78140,"Feb 20, 2026",2026,NOP,6.24,two-way,1,RFA,0.25,0.27,0,0,0,rest_of_season,NOP,1,0,,0,2026,170.1117,2.08,0.012227,-4.404087,2028,0,3,0,,,50,0.67279,1.29,Small,0,50,0.67279,1.29,Small,0
mcgruro01,Rodney McGruder,13575,"Sep 26, 2013",2013,OKC,0.49018,standard,1,,,,0,0,0,free_agency,OKC,1,0,,0,2013,,0.49,,,2013,1,0,0,,,47,0.7627,1.435,Small,0,47,0.7627,1.435,Small,0
mcgruro01,Rodney McGruder,13575,"Aug 20, 2014",2014,BOS,0.507,standard,1,,,,0,0,0,free_agency,BOS,1,0,,0,2014,63.065,0.507,0.008039,-4.82341,2014,1,0,0,,,9,2.58446,4.899,Large,1,9,2.58446,4.899,Large,1
mcgruro01,Rodney McGruder,13575,"Jul 07, 2016",2016,MIA,2.5,standard,1,,0.25,0.27,0,0,0,free_agency,MIA,1,0,,0,2016,94.143,0.833,0.008852,-4.727136,2018,1,0,1,,0.543471,18,1.75692,6.266,Medium,0,18,1.75692,6.266,Medium,0
mcgruro01,Rodney McGruder,13575,"Jul 10, 2019",2019,LAC,15.0,standard,1,RFA,0.25,0.27,0,0,0,free_agency,LAC,1,0,,0,2019,109.14,5.0,0.045813,-3.083194,2021,1,0,1,,4.807693,2,5.83579,12.901,Large,1,2,5.83579,12.901,Large,1
mckinal01,Alfonzo McKinnie,24106,"Jul 09, 2017",2017,TOR,2.19,standard,1,,0.25,0.26,0,0,0,free_agency,TOR,1,0,,0,2017,99.093,1.095,0.01105,-4.505304,2018,1,0,1,,0.815615,,,6.202,Large,1,,,6.202,Large,1
mckinal01,Alfonzo McKinnie,24106,"Oct 12, 2018",2018,GSW,2.94,standard,1,RFA,0.25,0.26,0,0,0,free_agency,TOR,0,0,,0,2018,101.869,1.47,0.01443,-4.238425,2019,1,0,1,,1.349383,10,2.54248,4.749,Large,1,,,6.202,Large,1
mckinal01,Alfonzo McKinnie,24106,"Feb 08, 2020",2020,CLE,7.3,standard,1,RFA,0.25,0.28,0,0,0,free_agency,CLE,1,0,,0,2020,109.14,1.825,0.016722,-4.091051,2023,1,0,1,,1.762796,19,1.55434,2.088,Medium,0,19,1.55434,2.088,Medium,0
mckinal01,Alfonzo McKinnie,24106,"Dec 26, 2021",2021,CHI,3.13,standard,1,RFA,0.25,0.26,0,0,0,rest_of_season,LAL,0,0,,0,2021,112.414,1.565,0.013922,-4.274303,2022,1,0,0,,1.293926,3,3.65475,9.441,Large,1,2,5.83579,12.901,Large,1
mclaujo01,Jordan McLaughlin,27975,"Sep 14, 2021",2021,MIN,6.48,standard,1,RFA,0.25,0.27,0,0,0,free_agency,MIN,1,0,,0,2021,112.414,2.16,0.019215,-3.95208,2023,1,0,1,,2.0,16,1.88668,3.703,Medium,0,16,1.88668,3.703,Medium,0
mclaujo01,Jordan McLaughlin,27975,"Jul 12, 2025",2025,SAS,2.87,standard,1,UFA,0.25,0.25,0,0,0,free_agency,SAS,1,0,,0,2025,154.647,2.87,0.018558,-3.986833,2025,1,0,0,,2.296274,31,1.0964,2.602,Small,0,31,1.0964,2.602,Small,0
mclaujo01,Jordan McLaughlin,27975,"Jul 13, 2026",2026,SAS,3.29,standard,1,UFA,0.3,0.3,0,0,0,free_agency,SAS,1,0,,0,2026,170.1117,3.29,0.01934,-3.945568,2026,0,1,0,,,31,1.0964,2.602,Small,0,31,1.0964,2.602,Small,0
mclembe01,Ben McLemore,13320,"Jul 13, 2013",2013,SAC,5.92,standard,1,,0.25,0.26,0,0,0,free_agency,SAC,1,0,,2,2013,,2.96,,,2014,1,0,1,,,20,1.49792,2.453,Small,0,20,1.49792,2.453,Small,0
mclembe01,Ben McLemore,13320,"Jul 06, 2017",2017,MEM,10.66,standard,1,UFA,0.25,0.26,0,0,0,free_agency,SAC,0,0,,0,2017,99.093,5.33,0.053788,-2.922708,2018,1,0,1,,5.2,51,0.6663,1.358,Small,0,20,1.49792,2.453,Small,0
mclembe01,Ben McLemore,13320,"Jul 23, 2019",2019,HOU,4.3,standard,1,UFA,0.25,0.26,0,0,0,free_agency,SAC,0,0,,0,2019,109.14,2.15,0.019699,-3.927164,2020,1,0,1,,2.028594,6,2.79742,7.206,Large,1,20,1.49792,2.453,Small,0
mclembe01,Ben McLemore,13320,"Aug 06, 2021",2021,POR,2.39,standard,1,UFA,0.3,0.3,0,0,0,free_agency,LAL,0,0,,0,2021,112.414,2.39,0.021261,-3.850895,2021,1,0,0,,2.389641,23,1.27792,2.511,Small,0,2,5.83579,12.901,Large,1
mcraejo01,Jordan McRae,15410,"Sep 27, 2015",2015,PHI,0.525,standard,1,RFA,0.25,0.25,0,0,0,free_agency,PHX,0,0,,1,2015,70.0,0.525,0.0075,-4.892852,2015,1,0,0,,0.061776,5,3.14592,6.228,Large,1,12,2.1982,5.059,Large,0
mcraejo01,Jordan McRae,15410,"Mar 09, 2016",2016,CLE,0.111,standard,1,RFA,0.25,0.25,0,0,0,free_agency,PHX,0,0,,1,2016,94.143,0.111,0.001179,-6.74304,2016,1,0,0,,0.874636,19,1.55434,2.088,Medium,0,12,2.1982,5.059,Large,0
mcrobjo01,Josh McRoberts,2678,"Jul 01, 2007",2007,POR,1.14,standard,1,,0.25,0.26,0,0,0,free_agency,POR,1,0,,2,2007,,0.57,,,2008,1,0,1,,,23,1.27792,2.511,Small,0,23,1.27792,2.511,Small,0
mcrobjo01,Josh McRoberts,2678,"Jul 22, 2009",2009,IND,1.71,standard,1,RFA,0.25,0.26,0,0,0,free_agency,IND,1,0,,2,2009,,0.855,,,2010,1,0,1,,,25,1.23221,2.126,Small,0,25,1.23221,2.126,Small,0
mcrobjo01,Josh McRoberts,2678,"Dec 13, 2011",2011,LAL,6.135,standard,1,RFA,0.25,0.26,0,0,0,free_agency,LAL,1,0,,2,2011,,3.067,,,2012,1,0,1,,,2,5.83579,12.901,Large,1,2,5.83579,12.901,Large,1
mcrobjo01,Josh McRoberts,2678,"Jul 11, 2013",2013,CHA,5.4,standard,1,UFA,0.25,0.26,0,0,0,free_agency,CHA,1,0,,2,2013,,2.7,,,2014,1,0,1,,,21,1.38202,2.66,Small,0,21,1.38202,2.66,Small,0
mcrobjo01,Josh McRoberts,2678,"Jul 14, 2014",2014,MIA,22.65,standard,1,UFA,0.3,0.336,0,0,0,free_agency,MIA,1,0,,1,2014,63.065,5.662,0.089788,-2.4103,2017,1,0,1,,,18,1.75692,6.266,Medium,0,18,1.75692,6.266,Medium,0
meeksjo01,Jodie Meeks,6300,"Jul 08, 2009",2009,MIL,2.1,standard,1,,0.25,0.27,0,0,0,free_agency,MIL,1,0,,2,2009,,0.7,,,2011,1,0,1,,,38,0.9449,1.586,Small,0,38,0.9449,1.586,Small,0
meeksjo01,Jodie Meeks,6300,"Aug 13, 2012",2012,LAL,1.5,standard,1,UFA,0.25,0.25,0,0,0,free_agency,LAL,1,0,,2,2012,,1.5,,,2012,1,0,0,,,2,5.83579,12.901,Large,1,2,5.83579,12.901,Large,1
meeksjo01,Jodie Meeks,6300,"Jul 14, 2014",2014,DET,18.81,standard,1,UFA,0.25,0.27,0,0,0,free_agency,DET,1,0,,1,2014,63.065,6.27,0.099421,-2.30839,2016,1,0,1,,,14,1.94075,4.365,Medium,0,14,1.94075,4.365,Medium,0
meeksjo01,Jodie Meeks,6300,"Jul 12, 2017",2017,WAS,6.7,standard,1,UFA,0.3,0.312,0,0,0,free_agency,ORL,0,0,,1,2017,99.093,3.35,0.033807,-3.387098,2018,1,0,1,,3.29,8,2.63064,6.385,Large,1,15,1.90242,2.673,Medium,0
mejrisa01,Salah Mejri,18067,"Jul 30, 2015",2015,DAL,2.4,standard,1,,0.25,0.27,0,0,0,free_agency,DAL,1,0,,0,2015,70.0,0.8,0.011429,-4.471639,2017,1,0,1,,0.525093,4,3.26449,7.943,Large,1,4,3.26449,7.943,Large,1
mejrisa01,Salah Mejri,18067,"Aug 03, 2018",2018,DAL,1.57,standard,1,UFA,0.25,0.25,0,0,0,free_agency,DAL,1,0,,0,2018,101.869,1.57,0.015412,-4.172612,2018,1,0,0,,2.098196,4,3.26449,7.943,Large,1,4,3.26449,7.943,Large,1
mellini01,Nicolò Melli,31886,"Jul 26, 2019",2019,NOP,8.0,standard,1,,0.25,0.26,0,0,0,free_agency,NOP,1,0,,0,2019,109.14,4.0,0.03665,-3.306337,2020,1,0,1,,4.102564,50,0.67279,1.29,Small,0,50,0.67279,1.29,Small,0
meltode01,De'Anthony Melton,27012,"Sep 21, 2018",2018,PHX,2.39,standard,1,,0.25,0.26,0,0,0,free_agency,PHX,1,0,,1,2018,101.869,1.195,0.011731,-4.445541,2019,1,0,1,,0.949,12,2.1982,5.059,Large,0,12,2.1982,5.059,Large,0
meltode01,De'Anthony Melton,27012,"Nov 22, 2020",2020,MEM,34.6,standard,1,RFA,0.25,0.28,0,0,0,free_agency,MEM,1,0,,1,2020,109.14,8.65,0.079256,-2.535072,2023,1,0,1,,9.571712,51,0.6663,1.358,Small,0,51,0.6663,1.358,Small,0
meltode01,De'Anthony Melton,27012,"Jul 08, 2024",2024,GSW,12.8,standard,1,UFA,0.25,0.25,0,0,0,free_agency,PHI,0,0,,1,2024,140.588,12.8,0.091046,-2.396388,2024,1,0,0,,12.822,10,2.54248,4.749,Large,1,5,3.14592,6.228,Large,1
meltode01,De'Anthony Melton,27012,"Oct 01, 2025",2025,GSW,6.53,standard,1,UFA,0.3,0.312,0,0,0,free_agency,BKN,0,1,,1,2025,154.647,3.265,0.021113,-3.857885,2026,0,1,1,,3.080921,10,2.54248,4.749,Large,1,1,7.49451,19.113,Large,1
meltode01,De'Anthony Melton,27012,"Jul 31, 2026",2026,GSW,12.43,standard,1,UFA,0.3,0.312,0,0,0,free_agency,GSW,1,1,,0,2026,170.1117,6.215,0.036535,-3.30949,2027,0,2,1,,,10,2.54248,4.749,Large,1,10,2.54248,4.749,Large,1
merrisa01,Sam Merrill,70702,"Nov 30, 2020",2020,MIL,2.4,standard,1,,0.25,0.26,0,0,0,free_agency,MIL,1,0,,0,2020,109.14,1.2,0.010995,-4.51031,2021,1,0,1,,0.89831,38,0.9449,1.586,Small,0,38,0.9449,1.586,Small,0
merrisa01,Sam Merrill,70702,"Aug 12, 2022",2022,SAC,3.83,standard,1,RFA,0.25,0.26,0,0,0,free_agency,MEM,0,0,,0,2022,123.655,1.915,0.015487,-4.167778,2023,1,0,1,,0.105522,20,1.49792,2.453,Small,0,51,0.6663,1.358,Small,0
merrisa01,Sam Merrill,70702,"Mar 14, 2023",2023,CLE,5.01,standard,1,RFA,0.25,0.27,0,0,0,rest_of_season,CLE,1,0,,0,2023,136.021,1.67,0.012278,-4.399986,2025,1,0,0,,1.997238,19,1.55434,2.088,Medium,0,19,1.55434,2.088,Medium,0
merrisa01,Sam Merrill,70702,"Jul 06, 2025",2025,CLE,38.0,standard,1,UFA,0.25,0.28,0,0,0,free_agency,CLE,1,0,,0,2025,154.647,9.5,0.06143,-2.789853,2028,0,3,1,,8.482144,19,1.55434,2.088,Medium,0,19,1.55434,2.088,Medium,0
metuch01,Chimezie Metu,27015,"Aug 30, 2018",2018,SAS,3.9,standard,1,,0.25,0.27,0,0,0,free_agency,SAS,1,0,,1,2018,101.869,1.3,0.012761,-4.361323,2020,1,0,1,,0.838464,31,1.0964,2.602,Small,0,31,1.0964,2.602,Small,0
metuch01,Chimezie Metu,27015,"Nov 28, 2020",2020,SAC,5.29,standard,1,RFA,0.25,0.27,0,0,0,free_agency,SAS,0,0,,1,2020,109.14,1.763,0.016157,-4.125426,2022,1,0,1,,0.75,20,1.49792,2.453,Small,0,31,1.0964,2.602,Small,0
metuch01,Chimezie Metu,27015,"Jul 02, 2023",2023,PHX,2.35,standard,1,UFA,0.25,0.25,0,0,0,free_agency,SAC,0,0,,1,2023,136.021,2.35,0.017277,-4.058394,2023,1,0,0,,0.116075,12,2.1982,5.059,Large,0,20,1.49792,2.453,Small,0
micicva01,Vasilije Micić,15404,"Jul 17, 2023",2023,OKC,23.56,standard,1,UFA,0.25,0.27,0,0,0,free_agency,CHA,0,0,,1,2023,136.021,7.853,0.057736,-2.851871,2025,1,0,1,,7.723,47,0.7627,1.435,Small,0,21,1.38202,2.66,Small,0
middlkh01,Khris Middleton,10864,"Aug 14, 2012",2012,DET,2.18,standard,1,,0.25,0.27,0,0,0,free_agency,DET,1,0,,3,2012,,0.727,,,2014,1,0,1,,,14,1.94075,4.365,Medium,0,14,1.94075,4.365,Medium,0
middlkh01,Khris Middleton,10864,"Jul 09, 2015",2015,MIL,70.0,standard,1,RFA,0.25,0.29,0,0,0,free_agency,MIL,1,0,,3,2015,70.0,14.0,0.2,-1.609438,2019,1,0,1,,15.0,38,0.9449,1.586,Small,0,38,0.9449,1.586,Small,0
middlkh01,Khris Middleton,10864,"Jul 11, 2019",2019,MIL,177.5,standard,1,UFA,0.3,0.348,0,0,0,free_agency,MIL,1,0,,2,2019,109.14,35.5,0.32527,-1.123099,2023,1,0,1,,30.603448,38,0.9449,1.586,Small,0,38,0.9449,1.586,Small,0
middlkh01,Khris Middleton,10864,"Jul 06, 2023",2023,MIL,93.0,standard,1,UFA,0.35,0.378,0,0,0,free_agency,MIL,1,1,,1,2023,136.021,31.0,0.227906,-1.478822,2025,1,0,1,,29.320988,38,0.9449,1.586,Small,0,38,0.9449,1.586,Small,0
middlkh01,Khris Middleton,10864,"Jul 08, 2026",2026,DAL,17.61,standard,1,UFA,0.35,0.378,0,0,0,sign_and_trade,DAL,1,0,,0,2026,170.1117,5.87,0.034507,-3.366601,2028,0,3,1,,,4,3.26449,7.943,Large,1,4,3.26449,7.943,Large,1
milescj01,C.J. Miles,2753,"Jul 11, 2005",2005,UTH,1.06,standard,1,,0.25,0.26,0,0,0,free_agency,UTH,1,0,,3,2005,,0.53,,,2006,1,0,1,,,28,1.16352,1.266,Small,0,28,1.16352,1.266,Small,0
milescj01,C.J. Miles,2753,"Oct 01, 2007",2007,UTH,0.77,standard,1,RFA,0.25,0.25,0,0,0,free_agency,UTH,1,0,,3,2007,,0.77,,,2007,1,0,0,,,28,1.16352,1.266,Small,0,28,1.16352,1.266,Small,0
milescj01,C.J. Miles,2753,"Jul 26, 2008",2008,UTH,14.8,standard,1,RFA,0.25,0.28,0,0,0,free_agency,UTH,1,0,,3,2008,,3.7,,,2011,1,0,1,,,28,1.16352,1.266,Small,0,28,1.16352,1.266,Small,0
milescj01,C.J. Miles,2753,"Aug 08, 2012",2012,CLE,4.45,standard,1,UFA,0.3,0.312,0,0,0,free_agency,CLE,1,0,,2,2012,,2.225,,,2013,1,0,1,,,19,1.55434,2.088,Medium,0,19,1.55434,2.088,Medium,0
milescj01,C.J. Miles,2753,"Jul 11, 2014",2014,IND,17.96,standard,1,UFA,0.3,0.336,0,0,0,free_agency,IND,1,0,,2,2014,63.065,4.49,0.071196,-2.642313,2017,1,0,1,,,25,1.23221,2.126,Small,0,25,1.23221,2.126,Small,0
milescj01,C.J. Miles,2753,"Jul 18, 2017",2017,TOR,25.0,standard,1,UFA,0.35,0.378,0,0,0,free_agency,IND,0,0,,1,2017,99.093,8.333,0.084096,-2.475795,2019,1,0,1,,7.936509,,,6.202,Large,1,25,1.23221,2.126,Small,0
millebr02,Brandon Miller,82197,"Jul 01, 2023",2023,CHA,49.38,rookie-scale,1,,0.25,0.28,0,0,0,rookie_scale,CHA,1,0,,2,2023,136.021,12.345,0.090758,-2.399558,2026,0,1,0,,10.8804,21,1.38202,2.66,Small,0,21,1.38202,2.66,Small,0
milleda01,Darius Miller,10871,"Aug 22, 2012",2012,NOH,1.26,standard,1,,0.25,0.26,0,0,0,free_agency,NOH,1,0,,0,2012,,0.63,,,2013,1,0,1,,,50,0.67279,1.29,Small,0,50,0.67279,1.29,Small,0
milleda01,Darius Miller,10871,"Jul 18, 2014",2014,NOP,1.9,standard,1,UFA,0.25,0.26,0,0,0,free_agency,NOP,1,0,,0,2014,63.065,0.95,0.015064,-4.195459,2015,1,0,1,,,50,0.67279,1.29,Small,0,50,0.67279,1.29,Small,0
milleda01,Darius Miller,10871,"Jul 24, 2017",2017,NOP,1.52,standard,1,UFA,0.25,0.25,0,0,0,free_agency,NOP,1,0,,0,2017,99.093,1.52,0.015339,-4.177348,2017,1,0,0,,2.1,50,0.67279,1.29,Small,0,50,0.67279,1.29,Small,0
milleda01,Darius Miller,10871,"Jul 21, 2019",2019,NOP,14.25,standard,1,UFA,0.3,0.312,0,0,0,free_agency,NOP,1,0,,0,2019,109.14,7.125,0.065283,-2.729022,2020,1,0,1,,7.25,50,0.67279,1.29,Small,0,50,0.67279,1.29,Small,0
millejo02,Jordan Miller,84474,"Mar 01, 2025",2025,LAC,8.19,standard,1,RFA,0.25,0.28,0,0,0,rest_of_season,LAC,1,0,,1,2025,154.647,2.047,0.01324,-4.324526,2028,0,3,0,,0.712637,2,5.83579,12.901,Large,1,2,5.83579,12.901,Large,1
millejo02,Jordan Miller,84474,"Feb 18, 2026",2026,LAC,3.2,two-way,1,RFA,0.25,0.26,0,0,0,rest_of_season,LAC,1,0,,1,2026,170.1117,1.6,0.009406,-4.666452,2027,0,2,0,,,2,5.83579,12.901,Large,1,2,5.83579,12.901,Large,1
millejo02,Jordan Miller,84474,"Jul 09, 2026",2026,LAC,15.3,standard,1,RFA,0.25,0.27,0,0,0,free_agency,LAC,1,0,,0,2026,170.1117,5.1,0.02998,-3.507215,2028,0,3,1,,,2,5.83579,12.901,Large,1,2,5.83579,12.901,Large,1
millele01,Leonard Miller,82215,"Jul 08, 2023",2023,MIN,8.32,standard,1,,0.25,0.28,0,0,0,free_agency,MIN,1,0,,1,2023,136.021,2.08,0.015292,-4.180441,2026,0,1,1,,1.8,16,1.88668,3.703,Medium,0,16,1.88668,3.703,Medium,0
millemi01,Mike Miller,2539,"Aug 11, 2000",2000,ORL,7.48,standard,1,,0.25,0.27,0,0,0,free_agency,ORL,1,0,,2,2000,,2.493,,,2002,1,0,1,,,15,1.90242,2.673,Medium,0,15,1.90242,2.673,Medium,0
millemi01,Mike Miller,2539,"Oct 03, 2003",2003,MEM,47.5,standard,1,RFA,0.25,0.3,0,0,0,free_agency,MEM,1,0,,1,2003,,7.917,,,2008,1,0,1,,,51,0.6663,1.358,Small,0,51,0.6663,1.358,Small,0
millemi01,Mike Miller,2539,"Jul 11, 2010",2010,MIA,29.0,standard,1,UFA,0.35,0.406,0,0,0,free_agency,MIA,1,0,,1,2010,,5.8,,,2014,1,0,1,,,18,1.75692,6.266,Medium,0,18,1.75692,6.266,Medium,0
millemi01,Mike Miller,2539,"Jul 30, 2013",2013,MEM,1.4,standard,1,UFA,0.35,0.35,0,0,0,free_agency,MEM,1,0,,1,2013,,1.4,,,2013,1,0,0,,,51,0.6663,1.358,Small,0,51,0.6663,1.358,Small,0
millemi01,Mike Miller,2539,"Aug 05, 2014",2014,CLE,5.59,standard,1,UFA,0.35,0.364,0,0,0,free_agency,CLE,1,0,,1,2014,63.065,2.795,0.044319,-3.116334,2015,1,0,1,,,19,1.55434,2.088,Medium,0,19,1.55434,2.088,Medium,0
millemi01,Mike Miller,2539,"Sep 30, 2015",2015,DEN,1.5,standard,1,UFA,0.35,0.35,0,0,0,free_agency,DEN,1,0,,0,2015,70.0,1.5,0.021429,-3.84303,2015,1,0,0,,1.499187,17,1.80627,3.038,Medium,0,17,1.80627,3.038,Medium,0
millemi01,Mike Miller,2539,"Jul 21, 2016",2016,DEN,5.0,standard,1,UFA,0.35,0.364,0,0,0,free_agency,DEN,1,0,,0,2016,94.143,2.5,0.026555,-3.628524,2017,1,0,1,,3.5,17,1.80627,3.038,Medium,0,17,1.80627,3.038,Medium,0
millspa01,Paul Millsap,2754,"Aug 02, 2006",2006,UTH,1.31,standard,1,,0.25,0.26,0,0,0,free_agency,UTH,1,0,,3,2006,,0.655,,,2007,1,0,1,,,28,1.16352,1.266,Small,0,28,1.16352,1.266,Small,0
millspa01,Paul Millsap,2754,"Jul 16, 2009",2009,UTH,32.0,standard,1,RFA,0.25,0.28,0,0,0,free_agency,UTH,1,0,,2,2009,,8.0,,,2012,1,0,1,,,28,1.16352,1.266,Small,0,28,1.16352,1.266,Small,0
millspa01,Paul Millsap,2754,"Jul 10, 2013",2013,ATL,19.0,standard,1,UFA,0.3,0.312,0,0,0,free_agency,ATL,1,0,,2,2013,,9.5,,,2014,1,0,1,,,7,2.75817,6.144,Large,1,7,2.75817,6.144,Large,1
millspa01,Paul Millsap,2754,"Jul 09, 2015",2015,ATL,60.2,standard,1,UFA,0.3,0.324,0,0,0,free_agency,ATL,1,0,,2,2015,70.0,20.067,0.286667,-1.249435,2017,1,0,1,,19.0,7,2.75817,6.144,Large,1,7,2.75817,6.144,Large,1
millspa01,Paul Millsap,2754,"Jul 13, 2017",2017,DEN,61.0,standard,1,UFA,0.35,0.364,0,0,0,free_agency,ATL,0,0,,1,2017,99.093,30.5,0.307792,-1.178332,2018,1,0,1,,31.269231,17,1.80627,3.038,Medium,0,7,2.75817,6.144,Large,1
millspa01,Paul Millsap,2754,"Dec 02, 2020",2020,DEN,10.0,standard,1,UFA,0.35,0.35,0,0,0,free_agency,DEN,1,0,,0,2020,109.14,10.0,0.091625,-2.390046,2020,1,0,0,,10.0,17,1.80627,3.038,Medium,0,17,1.80627,3.038,Medium,0
millspa01,Paul Millsap,2754,"Sep 10, 2021",2021,BKN,2.64,standard,1,UFA,0.35,0.35,0,0,0,free_agency,DEN,0,0,,0,2021,112.414,2.64,0.023485,-3.75141,2021,1,0,0,,2.641691,1,7.49451,19.113,Large,1,17,1.80627,3.038,Medium,0
millspa02,Patty Mills,6322,"Oct 09, 2009",2009,POR,0.457588,standard,1,,0.25,0.25,0,0,0,free_agency,POR,1,0,,2,2009,,0.458,,,2009,1,0,0,,,23,1.27792,2.511,Small,0,23,1.27792,2.511,Small,0
millspa02,Patty Mills,6322,"Sep 26, 2010",2010,POR,0.937195,standard,1,RFA,0.25,0.25,0,0,0,free_agency,POR,1,0,,2,2010,,0.937,,,2010,1,0,0,,,23,1.27792,2.511,Small,0,23,1.27792,2.511,Small,0
millspa02,Patty Mills,6322,"Jul 13, 2012",2012,SAS,2.22,standard,1,RFA,0.25,0.26,0,0,0,free_agency,SAS,1,0,,2,2012,,1.11,,,2013,1,0,1,,,31,1.0964,2.602,Small,0,31,1.0964,2.602,Small,0
millspa02,Patty Mills,6322,"Jul 12, 2014",2014,SAS,13.0,standard,1,RFA,0.25,0.27,0,0,0,free_agency,SAS,1,0,,1,2014,63.065,4.333,0.068712,-2.677829,2016,1,0,1,,,31,1.0964,2.602,Small,0,31,1.0964,2.602,Small,0
millspa02,Patty Mills,6322,"Aug 04, 2017",2017,SAS,48.0,standard,1,UFA,0.3,0.336,0,0,0,free_agency,SAS,1,0,,1,2017,99.093,12.0,0.121098,-2.111152,2020,1,0,1,,10.714286,31,1.0964,2.602,Small,0,31,1.0964,2.602,Small,0
millspa02,Patty Mills,6322,"Aug 10, 2021",2021,BKN,12.07,standard,1,UFA,0.35,0.364,0,0,0,free_agency,SAS,0,0,,1,2021,112.414,6.035,0.053685,-2.924613,2022,1,0,1,,5.89,1,7.49451,19.113,Large,1,31,1.0964,2.602,Small,0
millspa02,Patty Mills,6322,"Jul 10, 2022",2022,BKN,13.28,standard,1,UFA,0.35,0.364,0,0,0,free_agency,BKN,1,0,,0,2022,123.655,6.64,0.053698,-2.924383,2023,1,0,1,,6.479,1,7.49451,19.113,Large,1,1,7.49451,19.113,Large,1
millspa02,Patty Mills,6322,"Sep 05, 2024",2024,UTA,3.3,standard,1,UFA,0.35,0.35,0,0,0,free_agency,MIA,0,0,,0,2024,140.588,3.3,0.023473,-3.751911,2024,1,0,0,,2.087519,28,1.16352,1.266,Small,0,18,1.75692,6.266,Medium,0
miltosh01,Shake Milton,27020,"Jul 07, 2019",2019,PHI,4.99,two-way,1,,0.25,0.27,0,0,0,two_way,PHI,1,0,,1,2019,109.14,1.663,0.01524,-4.183808,2021,1,0,0,,1.445697,5,3.14592,6.228,Large,1,5,3.14592,6.228,Large,1
miltosh01,Shake Milton,27020,"Jul 08, 2023",2023,MIN,10.0,standard,1,UFA,0.25,0.26,0,0,0,free_agency,PHI,0,0,,0,2023,136.021,5.0,0.036759,-3.303371,2024,1,0,1,,0.475908,16,1.88668,3.703,Medium,0,5,3.14592,6.228,Large,1
miltosh01,Shake Milton,27020,"Jul 04, 2024",2024,NYK,9.16,standard,1,UFA,0.25,0.27,0,0,0,sign_and_trade,NYK,1,0,,0,2024,140.588,3.053,0.021718,-3.8296,2026,0,1,1,,2.875,1,7.49451,19.113,Large,1,1,7.49451,19.113,Large,1
minotjo01,Josh Minott,78156,"Jul 22, 2022",2022,MIN,6.94,standard,1,,0.25,0.28,0,0,0,free_agency,MIN,1,0,,2,2022,123.655,1.735,0.014031,-4.266488,2025,1,0,1,,1.017781,16,1.88668,3.703,Medium,0,16,1.88668,3.703,Medium,0
minotjo01,Josh Minott,78156,"Jul 07, 2025",2025,BOS,4.96,standard,1,RFA,0.25,0.26,0,0,0,free_agency,MIN,0,0,,1,2025,154.647,2.48,0.016037,-4.132887,2026,0,1,1,,2.37887,9,2.58446,4.899,Large,1,16,1.88668,3.703,Medium,0
minotjo01,Josh Minott,78156,"Jul 06, 2026",2026,BKN,9.0,standard,1,RFA,0.25,0.26,0,0,0,free_agency,BKN,1,0,,0,2026,170.1117,4.5,0.026453,-3.632378,2027,0,2,1,,,1,7.49451,19.113,Large,1,1,7.49451,19.113,Large,1
mirotni01,Nikola Mirotić,8074,"Jul 18, 2014",2014,CHI,16.6,standard,1,RFA,0.25,0.27,0,0,0,free_agency,CHI,1,0,,0,2014,63.065,5.533,0.08774,-2.433376,2016,1,0,1,,,3,3.65475,9.441,Large,1,3,3.65475,9.441,Large,1
mirotni01,Nikola Mirotić,8074,"Sep 25, 2017",2017,CHI,12.5,standard,1,RFA,0.25,0.25,0,0,0,free_agency,CHI,1,0,,0,2017,99.093,12.5,0.126144,-2.07033,2017,1,0,0,,12.5,3,3.65475,9.441,Large,1,3,3.65475,9.441,Large,1
missiyv01,Yves Missi,91761,"Jul 08, 2024",2024,NOP,15.65,rookie-scale,1,,0.25,0.28,0,0,0,rookie_scale,NOP,1,0,,1,2024,140.588,3.913,0.02783,-3.581657,2027,0,2,0,,3.1932,50,0.67279,1.29,Small,0,50,0.67279,1.29,Small,0
mitchaj01,Ajay Mitchell,92958,"Feb 06, 2025",2025,OKC,6.0,two-way,1,RFA,0.25,0.26,0,0,0,rest_of_season,OKC,1,0,,1,2025,154.647,3.0,0.019399,-3.942533,2026,0,1,0,,3.0,47,0.7627,1.435,Small,0,47,0.7627,1.435,Small,0
mitchaj01,Ajay Mitchell,92958,"Jul 06, 2025",2025,OKC,8.7,standard,1,RFA,0.25,0.27,0,0,0,free_agency,OKC,1,0,,0,2025,154.647,2.9,0.018752,-3.976434,2027,0,2,1,,3.0,47,0.7627,1.435,Small,0,47,0.7627,1.435,Small,0
mitchda01,Davion Mitchell,74116,"Aug 05, 2021",2021,SAC,20.95,rookie-scale,1,,0.25,0.28,0,0,0,rookie_scale,SAC,1,0,,2,2021,112.414,5.237,0.046591,-3.066344,2024,1,0,0,,4.6032,20,1.49792,2.453,Small,0,20,1.49792,2.453,Small,0
mitchda01,Davion Mitchell,74116,"Jul 07, 2025",2025,MIA,24.0,standard,1,RFA,0.25,0.26,0,0,0,free_agency,MIA,1,0,,0,2025,154.647,12.0,0.077596,-2.556238,2026,0,1,1,,11.6,18,1.75692,6.266,Medium,0,18,1.75692,6.266,Medium,0
mitchdo01,Donovan Mitchell,23608,"Jul 05, 2017",2017,UTH,14.56,rookie-scale,1,,0.25,0.28,0,0,0,rookie_scale,UTA,0,0,,3,2017,99.093,3.64,0.036733,-3.304075,2020,1,0,0,,2.62128,28,1.16352,1.266,Small,0,28,1.16352,1.266,Small,0
mitchdo01,Donovan Mitchell,23608,"Nov 23, 2020",2020,UTH,163.0,maximum,1,,0.35,0.406,0,1,1,extension,UTA,0,1,,1,2021,112.414,32.6,0.289999,-1.237876,2025,1,0,1,,5.195501,28,1.16352,1.266,Small,0,28,1.16352,1.266,Small,0
mitchdo01,Donovan Mitchell,23608,"Jul 07, 2024",2024,CLE,150.32,maximum,1,,0.3,0.324,0,1,0,extension,CLE,1,1,,1,2025,154.647,50.107,0.324007,-1.126991,2027,0,2,1,,35.41031,19,1.55434,2.088,Medium,0,19,1.55434,2.088,Medium,0
mitchdo01,Donovan Mitchell,23608,"Jul 08, 2026",2026,CLE,272.7,maximum,1,,0.35,0.392,0,1,0,extension,CLE,1,1,,0,2027,187.12287,68.175,0.364333,-1.009688,2030,0,5,1,,,19,1.55434,2.088,Medium,0,19,1.55434,2.088,Medium,0
mobleev01,Evan Mobley,74110,"Aug 03, 2021",2021,CLE,36.66,rookie-scale,1,,0.25,0.28,0,0,0,rookie_scale,CLE,1,0,,2,2021,112.414,9.165,0.081529,-2.506797,2024,1,0,0,,8.07516,19,1.55434,2.088,Medium,0,19,1.55434,2.088,Medium,0
mobleev01,Evan Mobley,74110,"Jul 22, 2024",2024,CLE,269.09,rookie-scale,1,,0.35,0.406,0,0,1,extension,CLE,1,0,,0,2025,154.647,53.818,0.348005,-1.055537,2029,0,4,1,,11.227657,19,1.55434,2.088,Medium,0,19,1.55434,2.088,Medium,0
monkma01,Malik Monk,23606,"Jul 02, 2017",2017,CHA,15.73,rookie-scale,1,,0.25,0.28,0,0,0,rookie_scale,CHA,1,0,,2,2017,99.093,3.933,0.039685,-3.226783,2020,1,0,0,,2.90448,21,1.38202,2.66,Small,0,21,1.38202,2.66,Small,0
monkma01,Malik Monk,23606,"Aug 06, 2021",2021,LAL,1.79,standard,1,UFA,0.25,0.25,0,0,0,free_agency,CHA,0,0,,0,2021,112.414,1.79,0.015923,-4.139973,2021,1,0,0,,1.789256,2,5.83579,12.901,Large,1,21,1.38202,2.66,Small,0
monkma01,Malik Monk,23606,"Jul 06, 2022",2022,SAC,19.42,standard,1,UFA,0.25,0.26,0,0,0,free_agency,LAL,0,0,,0,2022,123.655,9.71,0.078525,-2.544339,2023,1,0,1,,9.472219,20,1.49792,2.453,Small,0,2,5.83579,12.901,Large,1
monkma01,Malik Monk,23606,"Jul 06, 2024",2024,SAC,77.98,standard,1,UFA,0.3,0.336,0,0,0,free_agency,SAC,1,1,,0,2024,140.588,19.495,0.138668,-1.975676,2027,0,2,1,,17.405203,20,1.49792,2.453,Small,0,20,1.49792,2.453,Small,0
monrogr01,Greg Monroe,6889,"Jul 06, 2010",2010,DET,5.806,standard,1,,0.25,0.26,0,0,0,free_agency,DET,1,0,,3,2010,,2.903,,,2011,1,0,1,,,14,1.94075,4.365,Medium,0,14,1.94075,4.365,Medium,0
monrogr01,Greg Monroe,6889,"Sep 03, 2014",2014,DET,5.48,standard,1,RFA,0.25,0.25,0,0,0,rfa_match,DET,1,0,,1,2014,63.065,5.48,0.086894,-2.443061,2014,1,0,0,,,14,1.94075,4.365,Medium,0,14,1.94075,4.365,Medium,0
monrogr01,Greg Monroe,6889,"Jul 09, 2015",2015,MIL,51.4,maximum,1,UFA,0.25,0.27,0,1,0,free_agency,MIL,1,0,,1,2015,70.0,17.133,0.244762,-1.407469,2017,1,0,1,,16.4,38,0.9449,1.586,Small,0,38,0.9449,1.586,Small,0
monrogr01,Greg Monroe,6889,"Feb 08, 2018",2018,BOS,5.0,standard,1,UFA,0.3,0.3,0,0,0,free_agency,BOS,1,0,,0,2018,101.869,5.0,0.049083,-3.01425,2018,1,0,0,,0.05982,9,2.58446,4.899,Large,1,9,2.58446,4.899,Large,1
monrogr01,Greg Monroe,6889,"Aug 10, 2018",2018,TOR,2.2,standard,1,UFA,0.3,0.3,0,0,0,free_agency,BOS,0,0,,0,2018,101.869,2.2,0.021596,-3.83523,2018,1,0,0,,0.05982,,,6.202,Large,1,9,2.58446,4.899,Large,1
moodymo01,Moses Moody,74121,"Aug 05, 2021",2021,GSW,17.02,rookie-scale,1,,0.25,0.28,0,0,0,rookie_scale,GSW,1,0,,2,2021,112.414,4.255,0.037851,-3.274094,2024,1,0,0,,3.56208,10,2.54248,4.749,Large,1,10,2.54248,4.749,Large,1
moodymo01,Moses Moody,74121,"Oct 20, 2024",2024,GSW,37.5,rookie-scale,1,,0.25,0.27,0,0,0,extension,GSW,1,0,,0,2025,154.647,12.5,0.080829,-2.515416,2027,0,2,1,,5.803269,10,2.54248,4.749,Large,1,10,2.54248,4.749,Large,1
mooreet01,E'Twaun Moore,8107,"Dec 12, 2011",2011,BOS,1.24,standard,1,,0.25,0.26,0,0,0,free_agency,BOS,1,0,,0,2011,,0.62,,,2012,1,0,1,,,9,2.58446,4.899,Large,1,9,2.58446,4.899,Large,1
mooreet01,E'Twaun Moore,8107,"Sep 06, 2012",2012,ORL,1.65,standard,1,RFA,0.25,0.26,0,0,0,free_agency,ORL,1,0,,0,2012,,0.825,,,2013,1,0,1,,,15,1.90242,2.673,Medium,0,15,1.90242,2.673,Medium,0
mooreet01,E'Twaun Moore,8107,"Sep 16, 2014",2014,CHI,1.96,standard,1,RFA,0.25,0.26,0,0,0,free_agency,CHI,1,0,,0,2014,63.065,0.98,0.01554,-4.164369,2015,1,0,1,,,3,3.65475,9.441,Large,1,3,3.65475,9.441,Large,1
mooreet01,E'Twaun Moore,8107,"Jul 21, 2016",2016,NOP,34.0,standard,1,UFA,0.25,0.28,0,0,0,free_agency,CHI,0,0,,0,2016,94.143,8.5,0.090288,-2.404749,2019,1,0,1,,8.081363,50,0.67279,1.29,Small,0,3,3.65475,9.441,Large,1
mooreet01,E'Twaun Moore,8107,"Nov 28, 2020",2020,PHX,2.3,standard,1,UFA,0.3,0.3,0,0,0,free_agency,NOP,0,0,,0,2020,109.14,2.3,0.021074,-3.859722,2020,1,0,0,,1.620564,12,2.1982,5.059,Large,0,50,0.67279,1.29,Small,0
moorewe01,Wendell Moore Jr.,78145,"Jul 07, 2022",2022,MIN,11.84,rookie-scale,1,,0.25,0.28,0,0,0,rookie_scale,MIN,1,0,,2,2022,123.655,2.96,0.023938,-3.732306,2025,1,0,0,,2.30652,16,1.88668,3.703,Medium,0,16,1.88668,3.703,Medium,0
moranja01,Ja Morant,31559,"Jul 01, 2019",2019,MEM,39.62,rookie-scale,1,,0.25,0.28,0,0,0,rookie_scale,MEM,1,0,,2,2019,109.14,9.905,0.090755,-2.399592,2022,1,0,0,,8.73024,51,0.6663,1.358,Small,0,51,0.6663,1.358,Small,0
moranja01,Ja Morant,31559,"Jul 06, 2022",2022,MEM,197.23,extension,1,,0.35,0.406,0,0,1,extension,MEM,1,0,,0,2023,136.021,39.446,0.289999,-1.237877,2027,0,2,1,,12.11944,51,0.6663,1.358,Small,0,51,0.6663,1.358,Small,0
moreler01,Eric Moreland,15622,"Jul 29, 2014",2014,SAC,2.33,standard,1,,0.25,0.27,0,0,0,free_agency,SAC,1,0,,0,2014,63.065,0.777,0.012315,-4.39691,2016,1,0,1,,,20,1.49792,2.453,Small,0,20,1.49792,2.453,Small,0
moreler01,Eric Moreland,15622,"Sep 09, 2015",2015,SAC,0.845,standard,1,RFA,0.25,0.25,0,0,0,free_agency,SAC,1,0,,0,2015,70.0,0.845,0.012071,-4.416914,2015,1,0,0,,0.845059,20,1.49792,2.453,Small,0,20,1.49792,2.453,Small,0
moreler01,Eric Moreland,15622,"Jul 06, 2017",2017,CLE,5.48,standard,1,RFA,0.25,0.27,0,0,0,free_agency,DET,0,0,,0,2017,99.093,1.827,0.018434,-3.993566,2019,1,0,1,,1.739333,19,1.55434,2.088,Medium,0,14,1.94075,4.365,Medium,0
moreler01,Eric Moreland,15622,"Dec 10, 2018",2018,PHX,1.08,standard,1,RFA,0.25,0.25,0,0,0,free_agency,DET,0,0,,0,2018,101.869,1.08,0.010602,-4.546727,2018,1,0,0,,0.106237,12,2.1982,5.059,Large,0,14,1.94075,4.365,Medium,0
morrima02,Markieff Morris,8064,"Dec 12, 2011",2011,PHX,3.92,standard,1,,0.25,0.26,0,0,0,free_agency,PHX,1,0,,2,2011,,1.96,,,2012,1,0,1,,,12,2.1982,5.059,Large,0,12,2.1982,5.059,Large,0
morrima02,Markieff Morris,8064,"Sep 28, 2014",2014,PHX,32.0,extension,1,,0.25,0.28,0,0,0,extension,PHX,1,0,,0,2015,70.0,8.0,0.114286,-2.169054,2018,1,0,1,,,12,2.1982,5.059,Large,0,12,2.1982,5.059,Large,0
morrima02,Markieff Morris,8064,"Feb 20, 2019",2019,OKC,0.573,standard,1,UFA,0.3,0.3,0,0,0,free_agency,OKC,1,0,,0,2019,109.14,0.573,0.00525,-5.249501,2019,1,0,0,,1.75,47,0.7627,1.435,Small,0,47,0.7627,1.435,Small,0
morrima02,Markieff Morris,8064,"Jul 06, 2019",2019,DET,6.56,standard,1,UFA,0.3,0.312,0,0,0,free_agency,OKC,0,0,,0,2019,109.14,3.28,0.030053,-3.504788,2020,1,0,1,,1.75,14,1.94075,4.365,Medium,0,47,0.7627,1.435,Small,0
morrima02,Markieff Morris,8064,"Feb 23, 2020",2020,LAL,1.75,standard,1,UFA,0.3,0.3,0,0,0,rest_of_season,LAL,1,0,,0,2020,109.14,1.75,0.016034,-4.133016,2020,1,0,0,,1.620564,2,5.83579,12.901,Large,1,2,5.83579,12.901,Large,1
morrima02,Markieff Morris,8064,"Nov 23, 2020",2020,LAL,2.3,standard,1,UFA,0.3,0.3,0,0,0,free_agency,LAL,1,0,,0,2020,109.14,2.3,0.021074,-3.859722,2020,1,0,0,,1.620564,2,5.83579,12.901,Large,1,2,5.83579,12.901,Large,1
morrima02,Markieff Morris,8064,"Aug 06, 2021",2021,MIA,2.64,standard,1,UFA,0.35,0.35,0,0,0,free_agency,LAL,0,0,,0,2021,112.414,2.64,0.023485,-3.75141,2021,1,0,0,,2.641691,18,1.75692,6.266,Medium,0,2,5.83579,12.901,Large,1
morrima02,Markieff Morris,8064,"Sep 16, 2023",2023,DAL,3.2,standard,1,UFA,0.35,0.35,0,0,0,free_agency,DAL,1,0,,0,2023,136.021,3.2,0.023526,-3.749658,2023,1,0,0,,2.019706,4,3.26449,7.943,Large,1,4,3.26449,7.943,Large,1
morrima03,Marcus Morris,8065,"Dec 12, 2011",2011,HOU,3.73,standard,1,,0.25,0.26,0,0,0,free_agency,HOU,1,0,,2,2011,,1.865,,,2012,1,0,1,,,6,2.79742,7.206,Large,1,6,2.79742,7.206,Large,1
morrima03,Marcus Morris,8065,"Sep 28, 2014",2014,PHX,20.0,extension,1,,0.25,0.28,0,0,0,extension,PHX,1,0,,0,2015,70.0,5.0,0.071429,-2.639057,2018,1,0,1,,,12,2.1982,5.059,Large,0,12,2.1982,5.059,Large,0
morrima03,Marcus Morris,8065,"Jul 15, 2019",2019,NYK,15.0,standard,1,UFA,0.3,0.3,0,0,0,free_agency,BOS,0,0,,0,2019,109.14,15.0,0.137438,-1.984581,2019,1,0,0,,15.0,1,7.49451,19.113,Large,1,9,2.58446,4.899,Large,1
morrima03,Marcus Morris,8065,"Nov 27, 2020",2020,LAC,64.0,standard,1,UFA,0.3,0.336,0,0,0,free_agency,LAC,1,0,,0,2020,109.14,16.0,0.146601,-1.920043,2023,1,0,1,,14.883721,2,5.83579,12.901,Large,1,2,5.83579,12.901,Large,1
morrimo01,Monte Morris,23652,"Jul 25, 2018",2018,DEN,4.66,standard,1,RFA,0.25,0.27,0,0,0,free_agency,DEN,1,0,,0,2018,101.869,1.553,0.015248,-4.183285,2020,1,0,1,,1.349383,17,1.80627,3.038,Medium,0,17,1.80627,3.038,Medium,0
morrimo01,Monte Morris,23652,"Dec 09, 2020",2020,DEN,27.77,extension,1,,0.25,0.27,0,0,0,extension,DEN,1,0,,0,2021,112.414,9.257,0.082344,-2.496844,2023,1,0,1,,1.723707,17,1.80627,3.038,Medium,0,17,1.80627,3.038,Medium,0
morrimo01,Monte Morris,23652,"Jul 03, 2024",2024,PHX,2.8,standard,1,UFA,0.3,0.3,0,0,0,free_agency,MIN,0,0,,0,2024,140.588,2.8,0.019916,-3.916214,2024,1,0,0,,2.087519,12,2.1982,5.059,Large,0,16,1.88668,3.703,Medium,0
morrimo01,Monte Morris,23652,"Nov 07, 2025",2025,IND,2.97,standard,1,UFA,0.3,0.3,0,0,0,rest_of_season,PHX,0,0,,0,2025,154.647,2.97,0.019205,-3.952583,2025,1,0,0,,0.321184,25,1.23221,2.126,Small,0,12,2.1982,5.059,Large,0
morroan01,Anthony Morrow,6109,"Jul 24, 2008",2008,GSW,1.17,standard,1,,0.25,0.26,0,0,0,free_agency,GSW,1,0,,1,2008,,0.585,,,2009,1,0,1,,,10,2.54248,4.749,Large,1,10,2.54248,4.749,Large,1
morroan01,Anthony Morrow,6109,"Jul 14, 2010",2010,GSW,12.0,standard,1,RFA,0.25,0.27,0,0,0,free_agency,,,0,,1,2010,,4.0,,,2012,1,0,1,,,10,2.54248,4.749,Large,1,,,,,
morroan01,Anthony Morrow,6109,"Jul 16, 2014",2014,OKC,10.0,standard,1,UFA,0.25,0.27,0,0,0,free_agency,OKC,1,0,,0,2014,63.065,3.333,0.052856,-2.940193,2016,1,0,1,,,47,0.7627,1.435,Small,0,47,0.7627,1.435,Small,0
motiedo01,Donatas Motiejūnas,8071,"Jul 06, 2012",2012,HOU,2.78,standard,1,RFA,0.25,0.26,0,0,0,free_agency,HOU,1,0,,2,2012,,1.39,,,2013,1,0,1,,,6,2.79742,7.206,Large,1,6,2.79742,7.206,Large,1
mozgoti01,Timofey Mozgov,7118,"Jul 12, 2010",2010,NYK,10.0,standard,1,,0.25,0.27,0,0,0,free_agency,NYK,1,0,,1,2010,,3.333,,,2012,1,0,1,,,1,7.49451,19.113,Large,1,1,7.49451,19.113,Large,1
mozgoti01,Timofey Mozgov,7118,"Jul 27, 2013",2013,DEN,9.05,standard,1,RFA,0.25,0.26,0,0,0,free_agency,DEN,1,0,,1,2013,,4.525,,,2014,1,0,1,,,17,1.80627,3.038,Medium,0,17,1.80627,3.038,Medium,0
mozgoti01,Timofey Mozgov,7118,"Jul 08, 2016",2016,LAL,64.0,standard,1,UFA,0.25,0.28,0,0,0,free_agency,CLE,0,0,,0,2016,94.143,16.0,0.169954,-1.772226,2019,1,0,1,,16.0,2,5.83579,12.901,Large,1,19,1.55434,2.088,Medium,0
mudiaem01,Emmanuel Mudiay,17835,"Jul 26, 2015",2015,DEN,6.34,standard,1,,0.25,0.26,0,0,0,free_agency,DEN,1,0,,2,2015,70.0,3.17,0.045286,-3.094764,2016,1,0,1,,3.10224,17,1.80627,3.038,Medium,0,17,1.80627,3.038,Medium,0
mudiaem01,Emmanuel Mudiay,17835,"Jul 20, 2019",2019,UTH,1.73,standard,1,UFA,0.25,0.25,0,0,0,free_agency,NYK,0,0,,0,2019,109.14,1.73,0.015851,-4.14451,2019,1,0,0,,1.737145,28,1.16352,1.266,Small,0,1,7.49451,19.113,Large,1
muhamsh01,Shabazz Muhammad,13327,"Jul 12, 2013",2013,MIN,3.86,standard,1,,0.25,0.26,0,0,0,free_agency,MIN,1,0,,2,2013,,1.93,,,2014,1,0,1,,,16,1.88668,3.703,Medium,0,16,1.88668,3.703,Medium,0
muhamsh01,Shabazz Muhammad,13327,"Sep 14, 2017",2017,MIN,3.37,standard,1,UFA,0.25,0.26,0,0,0,free_agency,MIN,1,0,,0,2017,99.093,1.685,0.017004,-4.074293,2018,1,0,1,,0.324203,16,1.88668,3.703,Medium,0,16,1.88668,3.703,Medium,0
muhamsh01,Shabazz Muhammad,13327,"Mar 04, 2018",2018,MIL,0.347,standard,1,UFA,0.25,0.25,0,0,0,free_agency,MIL,1,0,,0,2018,101.869,0.347,0.003406,-5.682118,2018,1,0,0,,,38,0.9449,1.586,Small,0,38,0.9449,1.586,Small,0
murphtr02,Trey Murphy III,74124,"Aug 10, 2021",2021,NOP,14.78,rookie-scale,1,,0.25,0.28,0,0,0,rookie_scale,NOP,1,0,,2,2021,112.414,3.695,0.03287,-3.415208,2024,1,0,0,,3.05376,50,0.67279,1.29,Small,0,50,0.67279,1.29,Small,0
murphtr02,Trey Murphy III,74124,"Oct 21, 2024",2024,NOP,112.0,rookie-scale,1,,0.25,0.28,0,0,0,extension,NOP,1,0,,0,2025,154.647,28.0,0.181058,-1.708941,2028,0,3,1,,5.159854,50,0.67279,1.29,Small,0,50,0.67279,1.29,Small,0
murraco01,Collin Murray-Boyles,98609,"Jul 01, 2025",2025,TOR,28.82,rookie-scale,1,,0.25,0.28,0,0,0,rookie_scale,TOR,1,0,,0,2025,154.647,7.205,0.04659,-3.06637,2028,0,3,0,,6.33252,,,6.202,Large,1,,,6.202,Large,1
murrade01,Dejounte Murray,20234,"Jul 14, 2016",2016,SAS,6.36,standard,1,,0.25,0.28,0,0,0,free_agency,SAS,1,0,,2,2016,94.143,1.59,0.016889,-4.081081,2019,1,0,1,,1.18008,31,1.0964,2.602,Small,0,31,1.0964,2.602,Small,0
murrade01,Dejounte Murray,20234,"Oct 21, 2019",2019,SAS,64.0,extension,1,,0.25,0.28,0,0,0,extension,SAS,1,0,,0,2020,109.14,16.0,0.146601,-1.920043,2023,1,0,1,,2.321735,31,1.0964,2.602,Small,0,31,1.0964,2.602,Small,0
murrade01,Dejounte Murray,20234,"Jul 09, 2023",2023,ATL,114.24,extension,1,,0.3,0.336,0,0,0,extension,ATL,1,1,,0,2024,140.588,28.56,0.203147,-1.593826,2027,0,2,1,,18.214,7,2.75817,6.144,Large,1,7,2.75817,6.144,Large,1
murraja01,Jamal Murray,20212,"Aug 09, 2016",2016,DEN,14.51,rookie-scale,1,,0.25,0.26,0,0,0,rookie_scale,DEN,1,0,,2,2016,94.143,7.255,0.077064,-2.563124,2017,1,0,0,,3.21084,17,1.80627,3.038,Medium,0,17,1.80627,3.038,Medium,0
murraja01,Jamal Murray,20212,"Jul 24, 2019",2019,DEN,195.65,maximum,1,,0.25,0.29,1,1,0,extension,DEN,1,0,,0,2020,109.14,39.13,0.35853,-1.025742,2024,1,0,1,,4.444746,17,1.80627,3.038,Medium,0,17,1.80627,3.038,Medium,0
murraja01,Jamal Murray,20212,"Sep 11, 2024",2024,DEN,207.85,maximum,1,,0.3,0.336,0,1,0,extension,DEN,1,0,,0,2025,154.647,51.962,0.336007,-1.090623,2028,0,3,1,,36.0162,17,1.80627,3.038,Medium,0,17,1.80627,3.038,Medium,0
murrake02,Keegan Murray,78112,"Jul 02, 2022",2022,SAC,36.37,rookie-scale,1,,0.25,0.28,0,0,0,rookie_scale,SAC,1,0,,2,2022,123.655,9.092,0.073531,-2.610046,2025,1,0,0,,8.00844,20,1.49792,2.453,Small,0,20,1.49792,2.453,Small,0
murrake02,Keegan Murray,78112,"Oct 16, 2025",2025,SAC,140.0,rookie-scale,1,,0.25,0.29,0,0,0,extension,SAC,1,0,,0,2026,170.1117,28.0,0.164598,-1.804251,2030,0,5,1,,11.144093,20,1.49792,2.453,Small,0,20,1.49792,2.453,Small,0
murrakr01,Kris Murray,82275,"Jul 01, 2023",2023,POR,14.28,rookie-scale,1,,0.25,0.28,0,0,0,rookie_scale,POR,1,0,,2,2023,136.021,3.57,0.026246,-3.640244,2026,0,1,0,,2.84748,23,1.27792,2.511,Small,0,23,1.27792,2.511,Small,0
musadz01,Džanan Musa,26995,"Jul 12, 2018",2018,BKN,9.16,rookie-scale,1,,0.25,0.28,0,0,0,rookie_scale,BKN,1,0,,1,2018,101.869,2.29,0.02248,-3.795136,2021,1,0,0,,1.63224,1,7.49451,19.113,Large,1,1,7.49451,19.113,Large,1
muscami01,Mike Muscala,13357,"Jul 25, 2017",2017,ATL,10.0,standard,1,RFA,0.25,0.26,0,0,0,free_agency,ATL,1,0,,4,2017,99.093,5.0,0.050458,-2.986621,2018,1,0,1,,5.0,7,2.75817,6.144,Large,1,7,2.75817,6.144,Large,1
muscami01,Mike Muscala,13357,"Jul 10, 2019",2019,OKC,4.3,standard,1,UFA,0.25,0.26,0,0,0,free_agency,LAL,0,1,,3,2019,109.14,2.15,0.019699,-3.927164,2020,1,0,1,,2.028594,47,0.7627,1.435,Small,0,2,5.83579,12.901,Large,1
muscami01,Mike Muscala,13357,"Aug 11, 2021",2021,OKC,7.0,standard,1,UFA,0.3,0.312,0,0,0,free_agency,OKC,1,0,,2,2021,112.414,3.5,0.031135,-3.469426,2022,1,0,1,,3.5,47,0.7627,1.435,Small,0,47,0.7627,1.435,Small,0
muscami01,Mike Muscala,13357,"Aug 04, 2022",2022,OKC,7.0,standard,1,UFA,0.3,0.312,0,0,0,free_agency,OKC,1,0,,1,2022,123.655,3.5,0.028305,-3.564732,2023,1,0,1,,3.5,47,0.7627,1.435,Small,0,47,0.7627,1.435,Small,0
mykhasv01,Svi Mykhailiuk,27013,"Jul 10, 2018",2018,LAL,2.9,standard,1,,0.25,0.26,0,0,0,free_agency,DET,0,0,,2,2018,101.869,1.45,0.014234,-4.252124,2019,1,0,1,,1.487694,2,5.83579,12.901,Large,1,14,1.94075,4.365,Medium,0
mykhasv01,Svi Mykhailiuk,27013,"Aug 31, 2021",2021,TOR,3.61,standard,1,UFA,0.25,0.26,0,0,0,free_agency,OKC,0,1,,1,2021,112.414,1.805,0.016057,-4.131628,2022,1,0,1,,1.729217,,,6.202,Large,1,47,0.7627,1.435,Small,0
mykhasv01,Svi Mykhailiuk,27013,"Sep 18, 2022",2022,NYK,1.97,standard,1,RFA,0.25,0.25,0,0,0,free_agency,TOR,0,0,,0,2022,123.655,1.97,0.015931,-4.139462,2022,1,0,0,,1.83609,1,7.49451,19.113,Large,1,,,6.202,Large,1
mykhasv01,Svi Mykhailiuk,27013,"Aug 31, 2023",2023,CHA,2.35,standard,1,UFA,0.25,0.25,0,0,0,free_agency,CHA,1,0,,0,2023,136.021,2.35,0.017277,-4.058394,2023,1,0,0,,2.019706,21,1.38202,2.66,Small,0,21,1.38202,2.66,Small,0
mykhasv01,Svi Mykhailiuk,27013,"Aug 10, 2024",2024,UTA,15.05,standard,1,UFA,0.25,0.28,0,0,0,free_agency,BOS,0,0,,0,2024,140.588,3.763,0.026763,-3.62075,2027,0,2,1,,3.5,28,1.16352,1.266,Small,0,9,2.58446,4.899,Large,1
naderab01,Abdel Nader,20264,"Jul 15, 2017",2017,BOS,4.16,standard,1,RFA,0.25,0.27,0,0,0,free_agency,BOS,1,0,,1,2017,99.093,1.387,0.013994,-4.269156,2019,1,0,1,,1.167333,9,2.58446,4.899,Large,1,9,2.58446,4.899,Large,1
naderab01,Abdel Nader,20264,"Aug 06, 2021",2021,PHX,4.16,standard,1,RFA,0.25,0.26,0,0,0,free_agency,PHX,1,0,,0,2021,112.414,2.08,0.018503,-3.989821,2022,1,0,1,,2.0,12,2.1982,5.059,Large,0,12,2.1982,5.059,Large,0
nancela02,Larry Nance Jr.,17855,"Jul 10, 2015",2015,LAL,2.36,standard,1,,0.25,0.26,0,0,0,free_agency,LAL,1,0,,2,2015,70.0,1.18,0.016857,-4.082981,2016,1,0,1,,1.1556,2,5.83579,12.901,Large,1,2,5.83579,12.901,Large,1
nancela02,Larry Nance Jr.,17855,"Oct 15, 2018",2018,CLE,44.8,extension,1,,0.25,0.28,0,0,0,extension,CLE,1,0,,0,2019,109.14,11.2,0.10262,-2.276718,2022,1,0,1,,2.272391,19,1.55434,2.088,Medium,0,19,1.55434,2.088,Medium,0
nancela02,Larry Nance Jr.,17855,"Oct 03, 2022",2022,NOP,21.58,extension,1,,0.3,0.312,0,0,0,extension,NOP,1,0,,0,2023,136.021,10.79,0.079326,-2.53419,2024,1,0,1,,9.672727,50,0.67279,1.29,Small,0,50,0.67279,1.29,Small,0
nancela02,Larry Nance Jr.,17855,"Jul 06, 2025",2025,CLE,3.63,standard,1,UFA,0.35,0.35,0,0,0,free_agency,ATL,0,0,,0,2025,154.647,3.63,0.023473,-3.751912,2025,1,0,0,,2.296274,19,1.55434,2.088,Medium,0,7,2.75817,6.144,Large,1
nancela02,Larry Nance Jr.,17855,"Jul 09, 2026",2026,IND,3.88,standard,1,UFA,0.35,0.35,0,0,0,free_agency,CLE,0,0,,0,2026,170.1117,3.88,0.022809,-3.78062,2026,0,1,0,,,25,1.23221,2.126,Small,0,19,1.55434,2.088,Medium,0
nancepe01,Pete Nance,86006,"Mar 23, 2026",2026,MIL,5.8,two-way,1,RFA,0.25,0.27,0,0,0,rest_of_season,MIL,1,0,,0,2026,170.1117,1.933,0.011365,-4.47721,2028,0,3,0,,,38,0.9449,1.586,Small,0,38,0.9449,1.586,Small,0
nancepe01,Pete Nance,86006,"Jul 08, 2026",2026,MIL,5.29,standard,1,RFA,0.25,0.26,0,0,0,free_agency,MIL,1,0,,0,2026,170.1117,2.645,0.015549,-4.163784,2027,0,2,1,,,38,0.9449,1.586,Small,0,38,0.9449,1.586,Small,0
napiesh01,Shabazz Napier,15376,"Jul 18, 2014",2014,MIA,2.53,standard,1,,0.25,0.26,0,0,0,free_agency,MIA,1,0,,2,2014,63.065,1.265,0.020059,-3.909094,2015,1,0,1,,,18,1.75692,6.266,Medium,0,18,1.75692,6.266,Medium,0
napiesh01,Shabazz Napier,15376,"Jul 17, 2018",2018,BKN,3.79,standard,1,UFA,0.25,,0,0,0,free_agency,POR,0,0,,0,2018,101.869,,,,,,,0,,1.942422,1,7.49451,19.113,Large,1,23,1.27792,2.511,Small,0
nealga01,Gary Neal,6995,"Jul 30, 2013",2013,MIL,6.5,standard,1,UFA,0.25,0.26,0,0,0,free_agency,MIL,1,0,,0,2013,,3.25,,,2014,1,0,1,,,38,0.9449,1.586,Small,0,38,0.9449,1.586,Small,0
nealga01,Gary Neal,6995,"Jul 09, 2015",2015,WAS,2.139,standard,1,UFA,0.25,0.25,0,0,0,free_agency,WAS,1,0,,0,2015,70.0,2.139,0.030557,-3.488157,2015,1,0,0,,2.1,8,2.63064,6.385,Large,1,8,2.63064,6.385,Large,1
nelsoja01,Jameer Nelson,2642,"Jul 07, 2004",2004,ORL,3.56,standard,1,,0.25,0.27,0,0,0,free_agency,ORL,1,0,,2,2004,,1.187,,,2006,1,0,1,,,15,1.90242,2.673,Medium,0,15,1.90242,2.673,Medium,0
nelsoja01,Jameer Nelson,2642,"Oct 31, 2007",2007,ORL,35.0,rookie-scale,1,,0.25,0.29,0,0,0,extension,ORL,1,0,,1,2008,,7.0,,,2012,1,0,1,,,15,1.90242,2.673,Medium,0,15,1.90242,2.673,Medium,0
nelsoja01,Jameer Nelson,2642,"Jul 16, 2012",2012,ORL,25.2,standard,1,UFA,0.3,0.324,0,0,0,free_agency,ORL,1,0,,0,2012,,8.4,,,2014,1,0,1,,,15,1.90242,2.673,Medium,0,15,1.90242,2.673,Medium,0
nelsoja01,Jameer Nelson,2642,"Jul 24, 2014",2014,DAL,5.59,standard,1,UFA,0.35,0.364,0,0,0,free_agency,DAL,1,0,,0,2014,63.065,2.795,0.044319,-3.116334,2015,1,0,1,,,4,3.26449,7.943,Large,1,4,3.26449,7.943,Large,1
nelsoja01,Jameer Nelson,2642,"Jul 13, 2015",2015,DEN,13.6,standard,1,UFA,0.35,0.378,0,0,0,free_agency,DEN,1,0,,0,2015,70.0,4.533,0.064762,-2.737038,2017,1,0,1,,4.5,17,1.80627,3.038,Medium,0,17,1.80627,3.038,Medium,0
nelsoja01,Jameer Nelson,2642,"Oct 22, 2017",2017,NOP,2.26,standard,1,UFA,0.35,0.35,0,0,0,free_agency,DEN,0,0,,0,2017,99.093,2.26,0.022807,-3.780694,2017,1,0,0,,1.429818,50,0.67279,1.29,Small,0,17,1.80627,3.038,Medium,0
nembhan01,Andrew Nembhard,78137,"Jul 22, 2022",2022,IND,8.58,standard,1,,0.25,0.28,0,0,0,free_agency,IND,1,0,,0,2022,123.655,2.145,0.017347,-4.054356,2025,1,0,1,,2.244111,25,1.23221,2.126,Small,0,25,1.23221,2.126,Small,0
nembhan01,Andrew Nembhard,78137,"Jul 26, 2024",2024,IND,58.65,extension,1,,0.25,0.27,0,0,0,extension,IND,1,0,,0,2025,154.647,19.55,0.126417,-2.06817,2027,0,2,1,,2.019699,25,1.23221,2.126,Small,0,25,1.23221,2.126,Small,0
nembhry01,Ryan Nembhard,99651,"Feb 28, 2026",2026,DAL,2.47,standard,1,RFA,0.25,0.26,0,0,0,rest_of_season,DAL,1,0,,1,2026,170.1117,1.235,0.00726,-4.925384,2027,0,2,0,,,4,3.26449,7.943,Large,1,4,3.26449,7.943,Large,1
nesmiaa01,Aaron Nesmith,70656,"Nov 24, 2020",2020,BOS,16.53,rookie-scale,1,,0.25,0.28,0,0,0,rookie_scale,BOS,1,0,,2,2020,109.14,4.133,0.037864,-3.273749,2023,1,0,0,,3.4584,9,2.58446,4.899,Large,1,9,2.58446,4.899,Large,1
nesmiaa01,Aaron Nesmith,70656,"Oct 23, 2023",2023,IND,33.0,extension,1,,0.25,0.27,0,0,0,extension,IND,1,0,,0,2024,140.588,11.0,0.078243,-2.547938,2026,0,1,1,,5.634257,25,1.23221,2.126,Small,0,25,1.23221,2.126,Small,0
nesmiaa01,Aaron Nesmith,70656,"Oct 20, 2025",2025,IND,40.39,extension,1,,0.25,0.26,0,0,0,extension,IND,1,0,,0,2026,170.1117,20.195,0.118716,-2.13102,2027,0,2,1,,11.0,25,1.23221,2.126,Small,0,25,1.23221,2.126,Small,0
netora01,Raul Neto,13360,"Jul 09, 2015",2015,UTH,2.7,standard,1,RFA,0.25,0.27,0,0,0,free_agency,UTA,0,0,,0,2015,70.0,0.9,0.012857,-4.353856,2017,1,0,1,,1.0,28,1.16352,1.266,Small,0,28,1.16352,1.266,Small,0
netora01,Raul Neto,13360,"Jul 06, 2018",2018,UTH,4.4,standard,1,RFA,0.25,0.26,0,0,0,free_agency,UTA,0,0,,0,2018,101.869,2.2,0.021596,-3.83523,2019,1,0,1,,2.15,28,1.16352,1.266,Small,0,28,1.16352,1.266,Small,0
netora01,Raul Neto,13360,"Jul 12, 2019",2019,PHI,1.73,standard,1,RFA,0.25,0.25,0,0,0,free_agency,UTA,0,0,,0,2019,109.14,1.73,0.015851,-4.14451,2019,1,0,0,,1.737145,5,3.14592,6.228,Large,1,28,1.16352,1.266,Small,0
netora01,Raul Neto,13360,"Aug 06, 2021",2021,WAS,2.09,standard,1,UFA,0.25,0.25,0,0,0,free_agency,WAS,1,0,,0,2021,112.414,2.09,0.018592,-3.985024,2021,1,0,0,,2.089448,8,2.63064,6.385,Large,1,8,2.63064,6.385,Large,1
netora01,Raul Neto,13360,"Jul 07, 2022",2022,CLE,2.46,standard,1,UFA,0.3,0.3,0,0,0,free_agency,WAS,0,0,,0,2022,123.655,2.46,0.019894,-3.917334,2022,1,0,0,,1.83609,19,1.55434,2.088,Medium,0,8,2.63064,6.385,Large,1
newelas01,Asa Newell,98611,"Jul 03, 2025",2025,ATL,16.24,rookie-scale,1,,0.25,0.28,0,0,0,rookie_scale,ATL,1,0,,0,2025,154.647,4.06,0.026253,-3.639962,2028,0,3,0,,3.23748,7,2.75817,6.144,Large,1,7,2.75817,6.144,Large,1
niangge01,Georges Niang,20256,"Jul 11, 2016",2016,IND,2.5,standard,1,,0.25,0.27,0,0,0,free_agency,IND,1,0,,0,2016,94.143,0.833,0.008852,-4.727136,2018,1,0,1,,0.65,25,1.23221,2.126,Small,0,25,1.23221,2.126,Small,0
niangge01,Georges Niang,20256,"Jul 13, 2018",2018,UTH,4.94,standard,1,RFA,0.25,0.27,0,0,0,free_agency,UTA,0,0,,0,2018,101.869,1.647,0.016165,-4.124935,2020,1,0,1,,1.512601,28,1.16352,1.266,Small,0,28,1.16352,1.266,Small,0
niangge01,Georges Niang,20256,"Aug 06, 2021",2021,PHI,6.7,standard,1,UFA,0.25,0.26,0,0,0,free_agency,UTA,0,0,,0,2021,112.414,3.35,0.029801,-3.513228,2022,1,0,1,,3.3,5,3.14592,6.228,Large,1,28,1.16352,1.266,Small,0
niangge01,Georges Niang,20256,"Jul 06, 2023",2023,CLE,25.5,standard,1,UFA,0.3,0.324,0,0,0,free_agency,PHI,0,0,,0,2023,136.021,8.5,0.06249,-2.772743,2025,1,0,1,,8.8,19,1.55434,2.088,Medium,0,5,3.14592,6.228,Large,1
nichoan01,Andrew Nicholson,10844,"Jul 03, 2012",2012,ORL,2.9,standard,1,,0.25,0.26,0,0,0,free_agency,ORL,1,0,,2,2012,,1.45,,,2013,1,0,1,,,15,1.90242,2.673,Medium,0,15,1.90242,2.673,Medium,0
nichoan01,Andrew Nicholson,10844,"Jul 07, 2016",2016,WAS,26.0,standard,1,UFA,0.25,0.28,0,0,0,free_agency,ORL,0,0,,0,2016,94.143,6.5,0.069044,-2.673013,2019,1,0,1,,6.088993,8,2.63064,6.385,Large,1,15,1.90242,2.673,Medium,0
nnajize01,Zeke Nnaji,70664,"Nov 30, 2020",2020,DEN,11.8,rookie-scale,1,,0.25,0.28,0,0,0,rookie_scale,DEN,1,0,,2,2020,109.14,2.95,0.02703,-3.610826,2023,1,0,0,,2.37984,17,1.80627,3.038,Medium,0,17,1.80627,3.038,Medium,0
noahjo01,Joakim Noah,2248,"Jul 24, 2007",2007,CHI,4.43,standard,1,,0.25,0.26,0,0,0,free_agency,CHI,1,0,,2,2007,,2.215,,,2008,1,0,1,,,3,3.65475,9.441,Large,1,3,3.65475,9.441,Large,1
noahjo01,Joakim Noah,2248,"Oct 03, 2010",2010,CHI,60.0,rookie-scale,1,,0.25,0.29,0,0,0,extension,CHI,1,0,,0,2011,,12.0,,,2015,1,0,1,,,3,3.65475,9.441,Large,1,3,3.65475,9.441,Large,1
noahjo01,Joakim Noah,2248,"Jul 08, 2016",2016,NYK,72.59,standard,1,UFA,0.3,0.336,0,0,0,free_agency,CHI,0,0,,0,2016,94.143,18.148,0.192765,-1.646282,2019,1,0,1,,17.0,1,7.49451,19.113,Large,1,3,3.65475,9.441,Large,1
noahjo01,Joakim Noah,2248,"Dec 04, 2018",2018,MEM,1.73,standard,1,UFA,0.35,0.35,0,0,0,free_agency,NYK,0,0,,0,2018,101.869,1.73,0.016983,-4.075566,2018,1,0,0,,1.731173,51,0.6663,1.358,Small,0,1,7.49451,19.113,Large,1
noelne01,Nerlens Noel,13319,"Sep 16, 2013",2013,PHI,6.49,standard,1,,0.25,0.26,0,0,0,free_agency,PHI,1,0,,2,2013,,3.245,,,2014,1,0,1,,,5,3.14592,6.228,Large,1,5,3.14592,6.228,Large,1
noelne01,Nerlens Noel,13319,"Aug 26, 2017",2017,DAL,4.19,standard,1,RFA,0.25,0.25,0,0,0,rfa_match,DAL,1,0,,1,2017,99.093,4.19,0.042284,-3.163358,2017,1,0,0,,4.187599,4,3.26449,7.943,Large,1,4,3.26449,7.943,Large,1
noelne01,Nerlens Noel,13319,"Jul 06, 2018",2018,OKC,3.75,standard,1,RFA,0.25,0.26,0,0,0,free_agency,DAL,0,1,,1,2018,101.869,1.875,0.018406,-3.995079,2019,1,0,1,,1.757429,47,0.7627,1.435,Small,0,4,3.26449,7.943,Large,1
noelne01,Nerlens Noel,13319,"Nov 25, 2020",2020,NYK,5.0,standard,1,UFA,0.25,0.25,0,0,0,free_agency,OKC,0,0,,0,2020,109.14,5.0,0.045813,-3.083194,2020,1,0,0,,5.0,1,7.49451,19.113,Large,1,47,0.7627,1.435,Small,0
noelne01,Nerlens Noel,13319,"Aug 09, 2021",2021,NYK,27.77,standard,1,UFA,0.3,0.324,0,0,0,free_agency,NYK,1,0,,0,2021,112.414,9.257,0.082344,-2.496844,2023,1,0,1,,8.8,1,7.49451,19.113,Large,1,1,7.49451,19.113,Large,1
noelne01,Nerlens Noel,13319,"Jul 21, 2023",2023,SAC,3.2,standard,1,UFA,0.3,0.3,0,0,0,free_agency,BKN,0,0,,0,2023,136.021,3.2,0.023526,-3.749658,2023,1,0,0,,0.3,20,1.49792,2.453,Small,0,1,7.49451,19.113,Large,1
noguelu01,Lucas Nogueira,13329,"Jul 30, 2014",2014,TOR,3.6,standard,1,RFA,0.25,0.26,0,0,0,free_agency,TOR,1,0,,2,2014,63.065,1.8,0.028542,-3.556379,2015,1,0,1,,,,,6.202,Large,1,,,6.202,Large,1
nowelja01,Jaylen Nowell,31602,"Aug 05, 2019",2019,MIN,0.7,standard,1,,0.25,0.27,0,0,0,free_agency,MIN,1,0,,1,2019,109.14,0.233,0.002138,-6.147919,2021,1,0,1,,1.4,16,1.88668,3.703,Medium,0,16,1.88668,3.703,Medium,0
nowitdi01,Dirk Nowitzki,2279,"Jan 21, 1999",1999,DAL,4.7,standard,1,RFA,0.25,0.27,0,0,0,free_agency,DAL,1,0,,3,1999,,1.567,,,2001,1,0,1,,,4,3.26449,7.943,Large,1,4,3.26449,7.943,Large,1
nowitdi01,Dirk Nowitzki,2279,"Oct 22, 2001",2001,DAL,48.0,rookie-scale,1,,0.25,0.28,0,0,0,extension,DAL,1,0,,2,2002,,12.0,,,2005,1,0,1,,,4,3.26449,7.943,Large,1,4,3.26449,7.943,Large,1
nowitdi01,Dirk Nowitzki,2279,"Sep 26, 2006",2006,DAL,90.8,extension,1,,0.3,0.348,0,0,0,extension,DAL,1,0,,2,2007,,18.16,,,2011,1,0,1,,,4,3.26449,7.943,Large,1,4,3.26449,7.943,Large,1
nowitdi01,Dirk Nowitzki,2279,"Jul 04, 2010",2010,DAL,80.0,standard,1,UFA,0.35,0.392,0,0,0,free_agency,DAL,1,0,,1,2010,,20.0,,,2013,1,0,1,,,4,3.26449,7.943,Large,1,4,3.26449,7.943,Large,1
nowitdi01,Dirk Nowitzki,2279,"Jul 15, 2014",2014,DAL,25.0,standard,1,UFA,0.35,0.378,0,0,0,free_agency,DAL,1,0,,1,2014,63.065,8.333,0.132139,-2.023902,2016,1,0,1,,,4,3.26449,7.943,Large,1,4,3.26449,7.943,Large,1
nowitdi01,Dirk Nowitzki,2279,"Jul 27, 2016",2016,DAL,25.0,standard,1,UFA,0.35,0.35,0,0,0,free_agency,DAL,1,0,,1,2016,94.143,25.0,0.265553,-1.325939,2016,1,0,0,,25.0,4,3.26449,7.943,Large,1,4,3.26449,7.943,Large,1
nowitdi01,Dirk Nowitzki,2279,"Jul 06, 2017",2017,DAL,5.0,standard,1,UFA,0.35,0.35,0,0,0,free_agency,DAL,1,0,,1,2017,99.093,5.0,0.050458,-2.986621,2017,1,0,0,,5.0,4,3.26449,7.943,Large,1,4,3.26449,7.943,Large,1
nowitdi01,Dirk Nowitzki,2279,"Jul 23, 2018",2018,DAL,5.0,standard,1,UFA,0.35,0.35,0,0,0,free_agency,DAL,1,0,,0,2018,101.869,5.0,0.049083,-3.01425,2018,1,0,0,,5.0,4,3.26449,7.943,Large,1,4,3.26449,7.943,Large,1
ntilila01,Frank Ntilikina,23603,"Jul 05, 2017",2017,NYK,18.69,rookie-scale,1,,0.25,0.28,0,0,0,rookie_scale,NYK,1,0,,2,2017,99.093,4.673,0.047153,-3.054365,2020,1,0,0,,3.50112,1,7.49451,19.113,Large,1,1,7.49451,19.113,Large,1
ntilila01,Frank Ntilikina,23603,"Sep 17, 2021",2021,DAL,3.82,standard,1,UFA,0.25,0.26,0,0,0,free_agency,NYK,0,0,,0,2021,112.414,1.91,0.016991,-4.075085,2022,1,0,1,,1.789256,4,3.26449,7.943,Large,1,1,7.49451,19.113,Large,1
ntilila01,Frank Ntilikina,23603,"Aug 05, 2023",2023,CHA,2.53,standard,1,UFA,0.25,,0,0,0,free_agency,DAL,0,0,,0,2023,136.021,,,,,,,0,,2.019706,21,1.38202,2.66,Small,0,4,3.26449,7.943,Large,1
nunnke01,Kendrick Nunn,28041,"Aug 06, 2021",2021,LAL,10.25,standard,1,UFA,0.25,0.26,0,0,0,free_agency,MIA,0,1,,1,2021,112.414,5.125,0.04559,-3.088058,2022,1,0,1,,5.0,2,5.83579,12.901,Large,1,18,1.75692,6.266,Medium,0
nurkiju01,Jusuf Nurkić,15368,"Jul 23, 2014",2014,DEN,3.6,standard,1,,0.25,0.26,0,0,0,free_agency,DEN,1,0,,2,2014,63.065,1.8,0.028542,-3.556379,2015,1,0,1,,,17,1.80627,3.038,Medium,0,17,1.80627,3.038,Medium,0
nurkiju01,Jusuf Nurkić,15368,"Jul 07, 2018",2018,POR,48.0,standard,1,RFA,0.25,0.28,0,0,0,free_agency,POR,1,0,,0,2018,101.869,12.0,0.117798,-2.138781,2021,1,0,1,,11.111111,23,1.27792,2.511,Small,0,23,1.27792,2.511,Small,0
nurkiju01,Jusuf Nurkić,15368,"Jul 06, 2022",2022,POR,70.0,standard,1,UFA,0.3,0.336,0,0,0,free_agency,POR,1,0,,0,2022,123.655,17.5,0.141523,-1.955295,2025,1,0,1,,15.625,23,1.27792,2.511,Small,0,23,1.27792,2.511,Small,0
nurkiju01,Jusuf Nurkić,15368,"Jul 09, 2026",2026,UTA,22.0,standard,1,UFA,0.35,0.364,0,0,0,free_agency,UTA,1,0,,0,2026,170.1117,11.0,0.064663,-2.73856,2027,0,2,1,,,28,1.16352,1.266,Small,0,28,1.16352,1.266,Small,0
nwabada01,David Nwaba,21577,"Mar 21, 2017",2017,LAL,1.39,standard,1,RFA,0.25,0.26,0,0,0,free_agency,LAL,1,0,,2,2017,99.093,0.695,0.007014,-4.959902,2018,1,0,1,,1.312611,2,5.83579,12.901,Large,1,2,5.83579,12.901,Large,1
nwabada01,David Nwaba,21577,"Jul 17, 2019",2019,BKN,3.5,standard,1,UFA,0.25,0.26,0,0,0,free_agency,CLE,0,0,,1,2019,109.14,1.75,0.016034,-4.133016,2020,1,0,1,,0.903111,1,7.49451,19.113,Large,1,19,1.55434,2.088,Medium,0
nwabada01,David Nwaba,21577,"Aug 08, 2021",2021,HOU,15.0,standard,1,RFA,0.25,0.27,0,0,0,free_agency,HOU,1,0,,0,2021,112.414,5.0,0.044478,-3.112751,2023,1,0,1,,4.65,6,2.79742,7.206,Large,1,6,2.79742,7.206,Large,1
nworajo01,Jordan Nwora,70687,"Nov 23, 2020",2020,MIL,2.4,standard,1,,0.25,0.26,0,0,0,free_agency,MIL,1,0,,0,2020,109.14,1.2,0.010995,-4.51031,2021,1,0,1,,0.89831,38,0.9449,1.586,Small,0,38,0.9449,1.586,Small,0
nworajo01,Jordan Nwora,70687,"Sep 26, 2022",2022,MIL,5.8,standard,1,RFA,0.25,0.26,0,0,0,free_agency,MIL,1,0,,0,2022,123.655,2.9,0.023452,-3.752785,2023,1,0,1,,2.8,38,0.9449,1.586,Small,0,38,0.9449,1.586,Small,0
obryajo01,Johnny O'Bryant,15388,"Jul 31, 2014",2014,MIL,2.43,standard,1,,0.25,0.27,0,0,0,free_agency,MIL,1,0,,0,2014,63.065,0.81,0.012844,-4.354887,2016,1,0,1,,,38,0.9449,1.586,Small,0,38,0.9449,1.586,Small,0
obryajo01,Johnny O'Bryant,15388,"Mar 16, 2017",2017,CHA,1.69,standard,1,RFA,0.25,0.26,0,0,0,free_agency,DEN,0,0,,0,2017,99.093,0.845,0.008527,-4.764477,2018,1,0,1,,1.524305,21,1.38202,2.66,Small,0,17,1.80627,3.038,Medium,0
ojelese01,Semi Ojeleye,23632,"Jul 18, 2017",2017,BOS,4.29,standard,1,,0.25,0.27,0,0,0,free_agency,BOS,1,0,,1,2017,99.093,1.43,0.014431,-4.238384,2019,1,0,1,,1.291892,9,2.58446,4.899,Large,1,9,2.58446,4.899,Large,1
ojelese01,Semi Ojeleye,23632,"Aug 06, 2021",2021,MIL,1.79,standard,1,RFA,0.25,0.25,0,0,0,free_agency,BOS,0,0,,0,2021,112.414,1.79,0.015923,-4.139973,2021,1,0,0,,1.789256,38,0.9449,1.586,Small,0,9,2.58446,4.899,Large,1
okafoja01,Jahlil Okafor,17831,"Jul 07, 2015",2015,PHI,9.37,standard,1,,0.25,0.26,0,0,0,free_agency,PHI,1,0,,3,2015,70.0,4.685,0.066929,-2.704129,2016,1,0,1,,4.58268,5,3.14592,6.228,Large,1,5,3.14592,6.228,Large,1
okafoja01,Jahlil Okafor,17831,"Aug 09, 2018",2018,NOP,1.56,standard,1,RFA,0.25,0.25,0,0,0,free_agency,BKN,0,0,,1,2018,101.869,1.56,0.015314,-4.179002,2018,1,0,0,,1.567007,50,0.67279,1.29,Small,0,1,7.49451,19.113,Large,1
okafoja01,Jahlil Okafor,17831,"Dec 01, 2020",2020,DET,4.01,standard,1,UFA,0.25,0.26,0,0,0,free_agency,NOP,0,0,,0,2020,109.14,2.005,0.018371,-3.996987,2021,1,0,1,,1.882867,14,1.94075,4.365,Medium,0,50,0.67279,1.29,Small,0
okekech01,Chuma Okeke,31573,"Nov 16, 2020",2020,ORL,15.1,rookie-scale,1,,0.25,0.28,0,0,0,rookie_scale,ORL,1,0,,3,2020,109.14,3.775,0.034589,-3.364231,2023,1,0,0,,3.12108,15,1.90242,2.673,Medium,0,15,1.90242,2.673,Medium,0
okoboel01,Elie Okobo,26997,"Jul 06, 2018",2018,PHX,4.3,standard,1,,0.25,0.27,0,0,0,free_agency,PHX,1,0,,0,2018,101.869,1.433,0.01407,-4.263685,2020,1,0,1,,1.238464,12,2.1982,5.059,Large,0,12,2.1982,5.059,Large,0
okogijo01,Josh Okogie,26986,"Jul 02, 2018",2018,MIN,11.43,rookie-scale,1,,0.25,0.28,0,0,0,rookie_scale,MIN,1,0,,2,2018,101.869,2.857,0.028051,-3.573741,2021,1,0,0,,2.16072,16,1.88668,3.703,Medium,0,16,1.88668,3.703,Medium,0
okogijo01,Josh Okogie,26986,"Jul 02, 2022",2022,PHX,1.97,standard,1,UFA,0.25,0.25,0,0,0,free_agency,MIN,0,0,,1,2022,123.655,1.97,0.015931,-4.139462,2022,1,0,0,,1.83609,12,2.1982,5.059,Large,0,16,1.88668,3.703,Medium,0
okogijo01,Josh Okogie,26986,"Jul 11, 2023",2023,PHX,5.77,standard,1,UFA,0.25,0.26,0,0,0,free_agency,PHX,1,1,,1,2023,136.021,2.885,0.02121,-3.853284,2024,1,0,1,,2.815937,12,2.1982,5.059,Large,0,12,2.1982,5.059,Large,0
okogijo01,Josh Okogie,26986,"Jul 13, 2024",2024,PHX,16.0,standard,1,UFA,0.25,0.26,0,0,0,free_agency,PHX,1,0,,0,2024,140.588,8.0,0.056904,-2.866392,2025,1,0,1,,8.25,12,2.1982,5.059,Large,0,12,2.1982,5.059,Large,0
okogijo01,Josh Okogie,26986,"Jul 22, 2025",2025,HOU,3.08,standard,1,UFA,0.3,0.3,0,0,0,free_agency,CHA,0,0,,0,2025,154.647,3.08,0.019916,-3.916216,2025,1,0,0,,2.296274,6,2.79742,7.206,Large,1,21,1.38202,2.66,Small,0
okogijo01,Josh Okogie,26986,"Jul 09, 2026",2026,UTA,12.0,standard,1,UFA,0.3,0.312,0,0,0,free_agency,HOU,0,0,,0,2026,170.1117,6.0,0.035271,-3.344696,2027,0,2,1,,,28,1.16352,1.266,Small,0,6,2.79742,7.206,Large,1
okongon01,Onyeka Okongwu,70648,"Nov 24, 2020",2020,ATL,26.42,rookie-scale,1,,0.25,0.28,0,0,0,rookie_scale,ATL,1,0,,2,2020,109.14,6.605,0.060519,-2.804805,2023,1,0,0,,5.81364,7,2.75817,6.144,Large,1,7,2.75817,6.144,Large,1
okongon01,Onyeka Okongwu,70648,"Oct 23, 2023",2023,ATL,61.98,extension,1,,0.25,0.28,0,0,0,extension,ATL,1,0,,0,2024,140.588,15.495,0.110216,-2.205316,2027,0,2,1,,8.109063,7,2.75817,6.144,Large,1,7,2.75817,6.144,Large,1
okorois01,Isaac Okoro,70647,"Nov 21, 2020",2020,CLE,29.08,rookie-scale,1,,0.25,0.28,0,0,0,rookie_scale,CLE,1,0,,2,2020,109.14,7.27,0.066612,-2.708875,2023,1,0,0,,6.40092,19,1.55434,2.088,Medium,0,19,1.55434,2.088,Medium,0
okorois01,Isaac Okoro,70647,"Sep 17, 2024",2024,CLE,33.0,standard,1,RFA,0.25,0.27,0,0,0,free_agency,CLE,1,0,,0,2024,140.588,11.0,0.078243,-2.547938,2026,0,1,1,,10.185186,19,1.55434,2.088,Medium,0,19,1.55434,2.088,Medium,0
okpalkz01,KZ Okpala,31591,"Jul 07, 2019",2019,MIA,4.2,standard,1,,0.25,0.27,0,0,0,free_agency,MIA,1,0,,0,2019,109.14,1.4,0.012828,-4.356159,2021,1,0,1,,0.89831,18,1.75692,6.266,Medium,0,18,1.75692,6.266,Medium,0
okpalkz01,KZ Okpala,31591,"Sep 14, 2022",2022,SAC,3.97,standard,1,RFA,0.25,0.26,0,0,0,free_agency,OKC,0,0,,0,2022,123.655,1.985,0.016053,-4.131877,2023,1,0,1,,1.902133,20,1.49792,2.453,Small,0,47,0.7627,1.435,Small,0
oladivi01,Victor Oladipo,13315,"Jul 07, 2013",2013,ORL,9.74,standard,1,,0.25,0.26,0,0,0,free_agency,ORL,1,0,,3,2013,,4.87,,,2014,1,0,1,,,15,1.90242,2.673,Medium,0,15,1.90242,2.673,Medium,0
oladivi01,Victor Oladipo,13315,"Oct 31, 2016",2016,OKC,85.0,extension,1,,0.25,0.28,0,0,0,extension,ORL,0,0,,1,2017,99.093,21.25,0.214445,-1.539702,2020,1,0,1,,6.55296,47,0.7627,1.435,Small,0,15,1.90242,2.673,Medium,0
oladivi01,Victor Oladipo,13315,"Aug 07, 2021",2021,MIA,2.39,standard,1,UFA,0.3,0.3,0,0,0,free_agency,MIA,1,0,,1,2021,112.414,2.39,0.021261,-3.850895,2021,1,0,0,,2.389641,18,1.75692,6.266,Medium,0,18,1.75692,6.266,Medium,0
oladivi01,Victor Oladipo,13315,"Jul 06, 2022",2022,MIA,18.2,standard,1,UFA,0.3,0.312,0,0,0,free_agency,MIA,1,1,,1,2022,123.655,9.1,0.073592,-2.609221,2023,1,0,1,,8.75,18,1.75692,6.266,Medium,0,18,1.75692,6.266,Medium,0
olynyke01,Kelly Olynyk,13326,"Jul 08, 2013",2013,BOS,4.06,standard,1,,0.25,0.26,0,0,0,free_agency,BOS,1,0,,3,2013,,2.03,,,2014,1,0,1,,,9,2.58446,4.899,Large,1,9,2.58446,4.899,Large,1
olynyke01,Kelly Olynyk,13326,"Jul 07, 2017",2017,MIA,50.0,standard,1,RFA,0.25,0.28,0,0,0,free_agency,BOS,0,0,,1,2017,99.093,12.5,0.126144,-2.07033,2020,1,0,1,,10.607169,18,1.75692,6.266,Medium,0,9,2.58446,4.899,Large,1
olynyke01,Kelly Olynyk,13326,"Aug 06, 2021",2021,DET,37.2,standard,1,UFA,0.3,0.324,0,0,0,free_agency,HOU,0,0,,0,2021,112.414,12.4,0.110307,-2.204492,2023,1,0,1,,12.195122,14,1.94075,4.365,Medium,0,6,2.79742,7.206,Large,1
olynyke01,Kelly Olynyk,13326,"Mar 04, 2024",2024,TOR,26.25,extension,1,,0.35,0.364,0,0,0,extension,TOR,1,0,,0,2025,154.647,13.125,0.084871,-2.466626,2026,0,1,1,,12.804878,,,6.202,Large,1,,,6.202,Large,1
omorueu01,Eugene Omoruyi,74300,"Mar 23, 2023",2023,DET,2.2,standard,1,RFA,0.25,0.26,0,0,0,rest_of_season,DET,1,0,,1,2023,136.021,1.1,0.008087,-4.817499,2024,1,0,0,,0.9,14,1.94075,4.365,Medium,0,14,1.94075,4.365,Medium,0
onealro01,Royce O'Neale,24240,"Jul 19, 2017",2017,UTH,3.8,standard,1,,0.25,0.27,0,0,0,free_agency,UTA,0,0,,0,2017,99.093,1.267,0.012783,-4.35967,2019,1,0,1,,0.815615,28,1.16352,1.266,Small,0,28,1.16352,1.266,Small,0
onealro01,Royce O'Neale,24240,"Jan 19, 2020",2020,UTH,36.0,extension,1,,0.25,0.28,0,0,0,extension,UTA,0,0,,0,2021,112.414,9.0,0.080061,-2.524964,2024,1,0,1,,8.5,28,1.16352,1.266,Small,0,28,1.16352,1.266,Small,0
onealro01,Royce O'Neale,24240,"Jul 06, 2024",2024,PHX,42.0,standard,1,UFA,0.3,0.336,0,0,0,free_agency,PHX,1,0,,0,2024,140.588,10.5,0.074686,-2.594458,2027,0,2,1,,9.375,12,2.1982,5.059,Large,0,12,2.1982,5.059,Large,0
onimi01,Miye Oni,31617,"Jul 15, 2019",2019,UTH,4.2,standard,1,,0.25,0.27,0,0,0,free_agency,UTA,0,0,,0,2019,109.14,1.4,0.012828,-4.356159,2021,1,0,1,,0.842166,28,1.16352,1.266,Small,0,28,1.16352,1.266,Small,0
oquinky01,Kyle O'Quinn,10874,"Aug 08, 2012",2012,ORL,2.49,standard,1,,0.25,0.27,0,0,0,free_agency,ORL,1,0,,1,2012,,0.83,,,2014,1,0,1,,,15,1.90242,2.673,Medium,0,15,1.90242,2.673,Medium,0
oquinky01,Kyle O'Quinn,10874,"Jul 09, 2015",2015,ORL,16.0,standard,1,RFA,0.25,0.28,0,0,0,sign_and_trade,NYK,0,0,,1,2015,70.0,4.0,0.057143,-2.862201,2018,1,0,1,,3.75,15,1.90242,2.673,Medium,0,1,7.49451,19.113,Large,1
oquinky01,Kyle O'Quinn,10874,"Jul 09, 2018",2018,IND,4.45,standard,1,UFA,0.25,0.25,0,0,0,free_agency,NYK,0,0,,0,2018,101.869,4.45,0.043684,-3.130784,2018,1,0,0,,4.449,25,1.23221,2.126,Small,0,1,7.49451,19.113,Large,1
oquinky01,Kyle O'Quinn,10874,"Jul 11, 2019",2019,PHI,2.03,standard,1,UFA,0.3,0.3,0,0,0,free_agency,IND,0,0,,0,2019,109.14,2.03,0.0186,-3.984596,2019,1,0,0,,2.028594,5,3.14592,6.228,Large,1,25,1.23221,2.126,Small,0
osmande01,Cedi Osman,17859,"Oct 24, 2019",2019,CLE,31.12,extension,1,,0.25,0.28,0,0,0,extension,CLE,1,0,,0,2020,109.14,7.78,0.071285,-2.641075,2023,1,0,1,,2.907143,19,1.55434,2.088,Medium,0,19,1.55434,2.088,Medium,0
oubreke01,Kelly Oubre Jr.,17843,"Jul 09, 2015",2015,WAS,3.93,standard,1,,0.25,0.26,0,0,0,free_agency,WAS,1,0,,3,2015,70.0,1.965,0.028071,-3.573003,2016,1,0,1,,1.92024,8,2.63064,6.385,Large,1,8,2.63064,6.385,Large,1
oubreke01,Kelly Oubre Jr.,17843,"Jul 16, 2019",2019,PHX,30.0,standard,1,RFA,0.25,0.26,0,0,0,free_agency,PHX,1,0,,1,2019,109.14,15.0,0.137438,-1.984581,2020,1,0,1,,15.625,12,2.1982,5.059,Large,0,12,2.1982,5.059,Large,0
oubreke01,Kelly Oubre Jr.,17843,"Aug 07, 2021",2021,CHA,25.0,standard,1,UFA,0.25,0.26,0,0,0,free_agency,GSW,0,0,,1,2021,112.414,12.5,0.111196,-2.19646,2022,1,0,1,,12.0,21,1.38202,2.66,Small,0,10,2.54248,4.749,Large,1
oubreke01,Kelly Oubre Jr.,17843,"Jul 07, 2024",2024,PHI,16.3,standard,1,UFA,0.3,0.312,0,0,0,free_agency,PHI,1,1,,1,2024,140.588,8.15,0.057971,-2.847816,2025,1,0,1,,7.983,5,3.14592,6.228,Large,1,5,3.14592,6.228,Large,1
oubreke01,Kelly Oubre Jr.,17843,"Jul 07, 2026",2026,IND,16.5,standard,1,UFA,0.35,0.364,0,0,0,free_agency,PHI,0,0,,0,2026,170.1117,8.25,0.048498,-3.026242,2027,0,2,1,,,25,1.23221,2.126,Small,0,5,3.14592,6.228,Large,1
pachuza01,Zaza Pachulia,2203,"Jul 24, 2003",2003,ORL,0.987,standard,1,,0.25,0.26,0,0,0,free_agency,ORL,1,0,,0,2003,,0.493,,,2004,1,0,1,,,15,1.90242,2.673,Medium,0,15,1.90242,2.673,Medium,0
pachuza01,Zaza Pachulia,2203,"Aug 11, 2005",2005,ATL,16.0,standard,1,RFA,0.25,0.28,0,0,0,free_agency,ATL,1,0,,0,2005,,4.0,,,2008,1,0,1,,,7,2.75817,6.144,Large,1,7,2.75817,6.144,Large,1
pachuza01,Zaza Pachulia,2203,"Jul 13, 2009",2009,ATL,19.0,standard,1,UFA,0.25,0.28,0,0,0,free_agency,ATL,1,0,,0,2009,,4.75,,,2012,1,0,1,,,7,2.75817,6.144,Large,1,7,2.75817,6.144,Large,1
pachuza01,Zaza Pachulia,2203,"Jul 17, 2013",2013,MIL,15.6,standard,1,UFA,0.35,0.378,0,0,0,free_agency,MIL,1,0,,0,2013,,5.2,,,2015,1,0,1,,,38,0.9449,1.586,Small,0,38,0.9449,1.586,Small,0
pachuza01,Zaza Pachulia,2203,"Jul 12, 2016",2016,GSW,2.898,standard,1,UFA,0.35,0.35,0,0,0,free_agency,DAL,0,0,,0,2016,94.143,2.898,0.030783,-3.480794,2016,1,0,0,,2.898,10,2.54248,4.749,Large,1,4,3.26449,7.943,Large,1
pachuza01,Zaza Pachulia,2203,"Jul 07, 2017",2017,GSW,3.48,standard,1,UFA,0.35,0.35,0,0,0,free_agency,GSW,1,0,,0,2017,99.093,3.48,0.035119,-3.349027,2017,1,0,0,,3.4776,10,2.54248,4.749,Large,1,10,2.54248,4.749,Large,1
pachuza01,Zaza Pachulia,2203,"Jul 15, 2018",2018,DET,2.39,standard,1,UFA,0.35,0.35,0,0,0,free_agency,GSW,0,0,,0,2018,101.869,2.39,0.023462,-3.752394,2018,1,0,0,,2.393887,14,1.94075,4.365,Medium,0,10,2.54248,4.749,Large,1
parkeja01,Jabari Parker,15354,"Jul 08, 2014",2014,MIL,10.08,standard,1,,0.25,0.26,0,0,0,free_agency,MIL,1,0,,4,2014,63.065,5.04,0.079918,-2.52676,2015,1,0,1,,,38,0.9449,1.586,Small,0,38,0.9449,1.586,Small,0
parkeja01,Jabari Parker,15354,"Jul 14, 2018",2018,CHI,20.0,standard,1,UFA,0.25,0.25,0,0,0,free_agency,MIL,0,0,,2,2018,101.869,20.0,0.196331,-1.627955,2018,1,0,0,,20.0,3,3.65475,9.441,Large,1,38,0.9449,1.586,Small,0
parkeja01,Jabari Parker,15354,"Jul 11, 2019",2019,ATL,13.0,standard,1,UFA,0.25,0.26,0,0,0,free_agency,WAS,0,1,,1,2019,109.14,6.5,0.059557,-2.820829,2020,1,0,1,,6.5,7,2.75817,6.144,Large,1,8,2.63064,6.385,Large,1
parkeja01,Jabari Parker,15354,"Apr 16, 2021",2021,BOS,2.7,standard,1,UFA,0.3,0.312,0,0,0,rest_of_season,BOS,1,0,,0,2021,112.414,1.35,0.012009,-4.422084,2022,1,0,0,,1.168288,9,2.58446,4.899,Large,1,9,2.58446,4.899,Large,1
parketo01,Tony Parker,2710,"Sep 21, 2001",2001,SAS,2.4,standard,1,,0.25,0.27,0,0,0,free_agency,SAS,1,0,,1,2001,,0.8,,,2003,1,0,1,,,31,1.0964,2.602,Small,0,31,1.0964,2.602,Small,0
parketo01,Tony Parker,2710,"Nov 01, 2004",2004,SAS,66.0,rookie-scale,1,,0.25,0.3,0,0,0,extension,SAS,1,0,,0,2005,,11.0,,,2010,1,0,1,,,31,1.0964,2.602,Small,0,31,1.0964,2.602,Small,0
parketo01,Tony Parker,2710,"Oct 30, 2008",2008,SAS,50.0,extension,1,,0.3,0.336,0,0,0,extension,SAS,1,0,,0,2009,,12.5,,,2012,1,0,1,,,31,1.0964,2.602,Small,0,31,1.0964,2.602,Small,0
parketo01,Tony Parker,2710,"Jul 22, 2018",2018,CHA,10.0,standard,1,UFA,0.35,0.364,0,0,0,free_agency,SAS,0,0,,0,2018,101.869,5.0,0.049083,-3.01425,2019,1,0,1,,5.0,21,1.38202,2.66,Small,0,31,1.0964,2.602,Small,0
parsoch01,Chandler Parsons,8090,"Dec 19, 2011",2011,HOU,3.7,standard,1,,0.25,0.28,0,0,0,free_agency,HOU,1,0,,1,2011,,0.925,,,2014,1,0,1,,,6,2.79742,7.206,Large,1,6,2.79742,7.206,Large,1
parsoch01,Chandler Parsons,8090,"Jul 13, 2014",2014,DAL,46.1,standard,1,RFA,0.25,0.27,0,0,0,free_agency,DAL,1,0,,0,2014,63.065,15.367,0.243664,-1.411965,2016,1,0,1,,,4,3.26449,7.943,Large,1,4,3.26449,7.943,Large,1
parsoch01,Chandler Parsons,8090,"Jul 07, 2016",2016,MEM,94.5,maximum,1,UFA,0.25,0.28,0,1,0,free_agency,DAL,0,0,,0,2016,94.143,23.625,0.250948,-1.382509,2019,1,0,1,,22.11675,51,0.6663,1.358,Small,0,4,3.26449,7.943,Large,1
pascher01,Eric Paschall,31600,"Jul 08, 2019",2019,GSW,4.2,standard,1,,0.25,0.27,0,0,0,free_agency,GSW,1,0,,0,2019,109.14,1.4,0.012828,-4.356159,2021,1,0,1,,0.89831,10,2.54248,4.749,Large,1,10,2.54248,4.749,Large,1
pattepa01,Patrick Patterson,6896,"Jul 13, 2010",2010,HOU,3.78,standard,1,,0.25,0.26,0,0,0,free_agency,HOU,1,0,,3,2010,,1.89,,,2011,1,0,1,,,6,2.79742,7.206,Large,1,6,2.79742,7.206,Large,1
pattepa01,Patrick Patterson,6896,"Jul 12, 2014",2014,TOR,18.15,standard,1,RFA,0.25,0.27,0,0,0,free_agency,TOR,1,0,,1,2014,63.065,6.05,0.095933,-2.344108,2016,1,0,1,,,,,6.202,Large,1,,,6.202,Large,1
pattepa01,Patrick Patterson,6896,"Jul 10, 2017",2017,OKC,16.36,standard,1,UFA,0.3,0.324,0,0,0,free_agency,TOR,0,0,,1,2017,99.093,5.453,0.055032,-2.899832,2019,1,0,1,,5.192,47,0.7627,1.435,Small,0,,,6.202,Large,1
pattepa01,Patrick Patterson,6896,"Aug 16, 2019",2019,LAC,2.3,standard,1,UFA,0.3,0.3,0,0,0,free_agency,OKC,0,0,,0,2019,109.14,2.3,0.021074,-3.859722,2019,1,0,0,,0.737067,2,5.83579,12.901,Large,1,47,0.7627,1.435,Small,0
pattepa01,Patrick Patterson,6896,"Nov 27, 2020",2020,LAC,3.08,standard,1,UFA,0.35,0.35,0,0,0,free_agency,OKC,0,0,,0,2020,109.14,3.08,0.028221,-3.567702,2020,1,0,0,,0.737067,2,5.83579,12.901,Large,1,47,0.7627,1.435,Small,0
paulbr01,Brandon Paul,20889,"Jul 25, 2016",2016,PHI,1.45,standard,1,,,,0,0,0,free_agency,PHI,1,0,,0,2016,94.143,0.725,0.007701,-4.866399,2017,1,0,1,,0.155,5,3.14592,6.228,Large,1,5,3.14592,6.228,Large,1
paulch01,Chris Paul,2609,"Jul 10, 2013",2013,LAC,107.3,maximum,1,,0.3,0.348,0,1,0,extension,LAC,1,0,,1,2014,63.065,21.46,0.340284,-1.077975,2018,1,0,1,,,2,5.83579,12.901,Large,1,2,5.83579,12.901,Large,1
paulch01,Chris Paul,2609,"Jul 08, 2018",2018,HOU,159.7,maximum,1,UFA,0.35,0.392,0,1,0,free_agency,HOU,1,0,,1,2018,101.869,39.925,0.391925,-0.936685,2021,1,0,1,,35.65415,6,2.79742,7.206,Large,1,6,2.79742,7.206,Large,1
paulch01,Chris Paul,2609,"Aug 06, 2021",2021,PHX,120.0,standard,1,UFA,0.35,0.392,0,0,0,free_agency,PHX,1,0,,0,2021,112.414,30.0,0.266871,-1.320991,2024,1,0,1,,30.8,12,2.1982,5.059,Large,0,12,2.1982,5.059,Large,0
paulch01,Chris Paul,2609,"Jul 07, 2024",2024,SAS,10.46,standard,1,UFA,0.35,0.35,0,0,0,free_agency,GSW,0,0,,0,2024,140.588,10.46,0.074402,-2.598275,2024,1,0,0,,10.46,31,1.0964,2.602,Small,0,10,2.54248,4.749,Large,1
paulch01,Chris Paul,2609,"Jul 21, 2025",2025,LAC,3.63,standard,1,UFA,0.35,0.35,0,0,0,free_agency,SAS,0,0,,0,2025,154.647,3.63,0.023473,-3.751912,2025,1,0,0,,2.296274,2,5.83579,12.901,Large,1,31,1.0964,2.602,Small,0
paynead01,Adreian Payne,15367,"Jul 23, 2014",2014,ATL,3.79,standard,1,,0.25,0.26,0,0,0,free_agency,ATL,1,0,,2,2014,63.065,1.895,0.030048,-3.504947,2015,1,0,1,,,7,2.75817,6.144,Large,1,7,2.75817,6.144,Large,1
payneca01,Cameron Payne,17842,"Jul 10, 2015",2015,OKC,4.13,standard,1,,0.25,0.26,0,0,0,free_agency,OKC,1,0,,3,2015,70.0,2.065,0.0295,-3.523365,2016,1,0,1,,2.02152,47,0.7627,1.435,Small,0,47,0.7627,1.435,Small,0
payneca01,Cameron Payne,17842,"Jul 24, 2019",2019,TOR,3.7,standard,1,RFA,0.25,0.26,0,0,0,free_agency,CLE,0,0,,1,2019,109.14,1.85,0.016951,-4.077446,2020,1,0,1,,0.15,,,6.202,Large,1,19,1.55434,2.088,Medium,0
payneca01,Cameron Payne,17842,"Aug 06, 2021",2021,PHX,19.0,standard,1,UFA,0.25,0.27,0,0,0,free_agency,PHX,1,0,,0,2021,112.414,6.333,0.056339,-2.876362,2023,1,0,1,,6.5,12,2.1982,5.059,Large,0,12,2.1982,5.059,Large,0
payneca01,Cameron Payne,17842,"Oct 01, 2023",2023,MIL,2.89,standard,1,UFA,0.3,0.3,0,0,0,free_agency,PHX,0,0,,0,2023,136.021,2.89,0.021247,-3.851553,2023,1,0,0,,2.019706,38,0.9449,1.586,Small,0,12,2.1982,5.059,Large,0
payneca01,Cameron Payne,17842,"Jul 15, 2024",2024,NYK,3.0,standard,1,UFA,0.3,0.3,0,0,0,free_agency,PHI,0,0,,0,2024,140.588,3.0,0.021339,-3.847221,2024,1,0,0,,2.087519,1,7.49451,19.113,Large,1,5,3.14592,6.228,Large,1
paytoel01,Elfrid Payton,15362,"Jul 02, 2014",2014,ORL,4.9,standard,1,,0.25,0.26,0,0,0,free_agency,ORL,1,0,,3,2014,63.065,2.45,0.038849,-3.248078,2015,1,0,1,,,15,1.90242,2.673,Medium,0,15,1.90242,2.673,Medium,0
paytoel01,Elfrid Payton,15362,"Jul 08, 2018",2018,NOP,3.0,standard,1,UFA,0.25,0.25,0,0,0,free_agency,PHX,0,0,,1,2018,101.869,3.0,0.02945,-3.525075,2018,1,0,0,,3.0,50,0.67279,1.29,Small,0,12,2.1982,5.059,Large,0
paytoel01,Elfrid Payton,15362,"Jul 08, 2019",2019,NYK,16.0,standard,1,UFA,0.25,0.26,0,0,0,free_agency,NOP,0,0,,1,2019,109.14,8.0,0.0733,-2.61319,2020,1,0,1,,8.0,1,7.49451,19.113,Large,1,50,0.67279,1.29,Small,0
paytoel01,Elfrid Payton,15362,"Nov 29, 2020",2020,NYK,4.767,standard,1,UFA,0.25,0.25,0,0,0,free_agency,NYK,1,0,,1,2020,109.14,4.767,0.043678,-3.130914,2020,1,0,0,,5.767,1,7.49451,19.113,Large,1,1,7.49451,19.113,Large,1
paytoel01,Elfrid Payton,15362,"Nov 20, 2024",2024,NOP,2.49,standard,1,UFA,0.35,0.35,0,0,0,rest_of_season,NOP,1,0,,1,2024,140.588,2.49,0.017711,-4.033551,2024,1,0,0,,0.034351,50,0.67279,1.29,Small,0,50,0.67279,1.29,Small,0
paytoga02,Gary Payton II,20272,"Sep 23, 2016",2016,HOU,2.5,standard,1,,0.25,0.26,0,0,0,free_agency,MIL,0,0,,1,2016,94.143,1.25,0.013278,-4.321671,2017,1,0,1,,0.035166,6,2.79742,7.206,Large,1,38,0.9449,1.586,Small,0
paytoga02,Gary Payton II,20272,"Apr 02, 2017",2017,MIL,1.35,standard,1,RFA,0.25,0.26,0,0,0,free_agency,MIL,1,0,,1,2017,99.093,0.675,0.006812,-4.989101,2018,1,0,1,,0.0,38,0.9449,1.586,Small,0,38,0.9449,1.586,Small,0
paytoga02,Gary Payton II,20272,"May 16, 2021",2021,GSW,1.99,standard,1,RFA,0.25,0.26,0,0,0,rest_of_season,GSW,1,0,,1,2021,112.414,0.995,0.008851,-4.727201,2022,1,0,0,,1.93935,10,2.54248,4.749,Large,1,10,2.54248,4.749,Large,1
paytoga02,Gary Payton II,20272,"Jul 06, 2022",2022,POR,26.15,standard,1,UFA,0.25,0.27,0,0,0,free_agency,GSW,0,1,,1,2022,123.655,8.717,0.070492,-2.652259,2024,1,0,1,,8.3,23,1.27792,2.511,Small,0,10,2.54248,4.749,Large,1
paytoga02,Gary Payton II,20272,"Aug 01, 2026",2026,GSW,3.88,standard,1,UFA,0.3,0.3,0,0,0,free_agency,GSW,1,0,,0,2026,170.1117,3.88,0.022809,-3.78062,2026,0,1,0,,,10,2.54248,4.749,Large,1,10,2.54248,4.749,Large,1
peavymi01,Micah Peavy,98645,,2025,NOP,8.685386,standard,1,,0.25,0.28,0,0,0,free_agency,NOP,1,0,,0,2025,154.647,2.171,0.014041,-4.265798,2028,0,3,1,,1.27287,50,0.67279,1.29,Small,0,50,0.67279,1.29,Small,0
pendano01,Noah Penda,98630,"Jul 04, 2025",2025,ORL,8.89,standard,1,,0.25,0.28,0,0,0,free_agency,ORL,1,0,,0,2025,154.647,2.223,0.014371,-4.242512,2028,0,3,1,,1.27287,15,1.90242,2.673,Medium,0,15,1.90242,2.673,Medium,0
perkike01,Kendrick Perkins,2216,"Jul 09, 2003",2003,BOS,2.62,standard,1,,0.25,0.27,0,0,0,free_agency,BOS,1,0,,2,2003,,0.873,,,2005,1,0,1,,,9,2.58446,4.899,Large,1,9,2.58446,4.899,Large,1
perkike01,Kendrick Perkins,2216,"Sep 11, 2006",2006,BOS,17.95,rookie-scale,1,,0.25,0.28,0,0,0,extension,BOS,1,0,,1,2007,,4.487,,,2010,1,0,1,,,9,2.58446,4.899,Large,1,9,2.58446,4.899,Large,1
perkike01,Kendrick Perkins,2216,"Mar 01, 2011",2011,OKC,34.0,extension,1,,0.3,0.336,0,0,0,extension,OKC,1,0,,1,2012,,8.5,,,2015,1,0,1,,,47,0.7627,1.435,Small,0,47,0.7627,1.435,Small,0
perkike01,Kendrick Perkins,2216,"Feb 24, 2015",2015,CLE,0.435,standard,1,UFA,0.35,0.35,0,0,0,free_agency,NOP,0,0,,1,2015,70.0,0.435,0.006214,-5.080904,2015,1,0,0,,1.4992,19,1.55434,2.088,Medium,0,50,0.67279,1.29,Small,0
perkike01,Kendrick Perkins,2216,"Jul 28, 2015",2015,NOP,1.5,standard,1,UFA,0.35,0.35,0,0,0,free_agency,NOP,1,0,,1,2015,70.0,1.5,0.021429,-3.84303,2015,1,0,0,,1.4992,50,0.67279,1.29,Small,0,50,0.67279,1.29,Small,0
phillju01,Julian Phillips,84444,"Jul 12, 2023",2023,CHI,8.12,standard,1,,0.25,0.28,0,0,0,free_agency,CHI,1,0,,1,2023,136.021,2.03,0.014924,-4.204773,2026,0,1,1,,1.6,3,3.65475,9.441,Large,1,3,3.65475,9.441,Large,1
pickeja02,Jalen Pickett,84465,"Jul 05, 2023",2023,DEN,8.23,standard,1,,0.25,0.28,0,0,0,free_agency,DEN,1,0,,1,2023,136.021,2.058,0.015126,-4.191318,2026,0,1,1,,1.708143,17,1.80627,3.038,Medium,0,17,1.80627,3.038,Medium,0
piercpa01,Paul Pierce,2217,"Jan 21, 1999",1999,BOS,6.3,standard,1,RFA,0.25,0.28,0,0,0,free_agency,BOS,1,0,,2,1999,,1.575,,,2002,1,0,1,,,9,2.58446,4.899,Large,1,9,2.58446,4.899,Large,1
piercpa01,Paul Pierce,2217,"Aug 01, 2001",2001,BOS,79.0,rookie-scale,1,,0.25,0.3,0,0,0,extension,BOS,1,0,,1,2002,,13.167,,,2007,1,0,1,,,9,2.58446,4.899,Large,1,9,2.58446,4.899,Large,1
piercpa01,Paul Pierce,2217,"Jul 18, 2006",2006,BOS,59.0,extension,1,,0.3,0.324,0,0,0,extension,BOS,1,0,,1,2007,,19.667,,,2009,1,0,1,,,9,2.58446,4.899,Large,1,9,2.58446,4.899,Large,1
piercpa01,Paul Pierce,2217,"Jul 13, 2010",2010,BOS,61.0,standard,1,UFA,0.35,0.392,0,0,0,free_agency,BOS,1,0,,0,2010,,15.25,,,2013,1,0,1,,,9,2.58446,4.899,Large,1,9,2.58446,4.899,Large,1
piercpa01,Paul Pierce,2217,"Jul 17, 2014",2014,WAS,10.85,standard,1,UFA,0.35,0.364,0,0,0,free_agency,WAS,1,0,,0,2014,63.065,5.425,0.086022,-2.453148,2015,1,0,1,,,8,2.63064,6.385,Large,1,8,2.63064,6.385,Large,1
piercpa01,Paul Pierce,2217,"Jul 10, 2015",2015,LAC,10.58,standard,1,UFA,0.35,0.378,0,0,0,free_agency,LAC,1,0,,0,2015,70.0,3.527,0.050381,-2.988142,2017,1,0,1,,3.4,2,5.83579,12.901,Large,1,2,5.83579,12.901,Large,1
pinsoth01,Theo Pinson,27827,"Jul 08, 2019",2019,BKN,1.44,standard,1,UFA,0.25,0.25,0,0,0,free_agency,BKN,1,0,,1,2019,109.14,1.44,0.013194,-4.327988,2019,1,0,0,,1.445697,1,7.49451,19.113,Large,1,1,7.49451,19.113,Large,1
pinsoth01,Theo Pinson,27827,"Jul 06, 2022",2022,DAL,1.97,standard,1,RFA,0.25,0.25,0,0,0,free_agency,DAL,1,0,,0,2022,123.655,1.97,0.015931,-4.139462,2022,1,0,0,,1.83609,4,3.26449,7.943,Large,1,4,3.26449,7.943,Large,1
pippesc02,Scotty Pippen Jr.,78256,"Oct 15, 2024",2024,MEM,9.6,two-way,1,,0.25,0.28,0,0,0,two_way,MEM,1,0,,0,2024,140.588,2.4,0.017071,-4.070365,2027,0,2,0,,2.087519,51,0.6663,1.358,Small,0,51,0.6663,1.358,Small,0
plowdda01,Daeqwon Plowden,79950,"Jul 02, 2026",2026,SAC,5.11,standard,1,RFA,0.25,0.26,0,0,0,free_agency,SAC,1,0,,0,2026,170.1117,2.555,0.01502,-4.198403,2027,0,2,1,,,20,1.49792,2.453,Small,0,20,1.49792,2.453,Small,0
plumlma01,Mason Plumlee,13335,"Jul 03, 2013",2013,BKN,2.66,standard,1,,0.25,0.26,0,0,0,free_agency,BKN,1,0,,1,2013,,1.33,,,2014,1,0,1,,,1,7.49451,19.113,Large,1,1,7.49451,19.113,Large,1
plumlma01,Mason Plumlee,13335,"Sep 20, 2017",2017,DEN,41.0,standard,1,RFA,0.25,0.27,0,0,0,free_agency,DEN,1,0,,0,2017,99.093,13.667,0.137918,-1.981099,2019,1,0,1,,14.041096,17,1.80627,3.038,Medium,0,17,1.80627,3.038,Medium,0
plumlma01,Mason Plumlee,13335,"Dec 01, 2020",2020,DET,24.66,standard,1,UFA,0.3,0.324,0,0,0,free_agency,DEN,0,0,,0,2020,109.14,8.22,0.075316,-2.586061,2022,1,0,1,,8.0,14,1.94075,4.365,Medium,0,17,1.80627,3.038,Medium,0
plumlma01,Mason Plumlee,13335,"Jul 06, 2023",2023,LAC,5.0,standard,1,UFA,0.35,0.35,0,0,0,free_agency,LAC,1,0,,0,2023,136.021,5.0,0.036759,-3.303371,2023,1,0,0,,5.0,2,5.83579,12.901,Large,1,2,5.83579,12.901,Large,1
plumlma01,Mason Plumlee,13335,"Jul 03, 2024",2024,PHX,3.3,standard,1,UFA,0.35,0.35,0,0,0,free_agency,LAC,0,0,,0,2024,140.588,3.3,0.023473,-3.751911,2024,1,0,0,,2.087519,12,2.1982,5.059,Large,0,2,5.83579,12.901,Large,1
plumlma01,Mason Plumlee,13335,"Jul 13, 2025",2025,CHA,3.63,standard,1,UFA,0.35,0.35,0,0,0,free_agency,PHX,0,0,,0,2025,154.647,3.63,0.023473,-3.751912,2025,1,0,0,,0.13197,21,1.38202,2.66,Small,0,12,2.1982,5.059,Large,0
plumlmi01,Miles Plumlee,10851,"Jul 06, 2012",2012,IND,2.2,standard,1,,0.25,0.26,0,0,0,free_agency,IND,1,0,,2,2012,,1.1,,,2013,1,0,1,,,25,1.23221,2.126,Small,0,25,1.23221,2.126,Small,0
plumlmi01,Miles Plumlee,10851,"Aug 02, 2016",2016,MIL,50.0,standard,1,RFA,0.25,0.28,0,0,0,free_agency,MIL,1,0,,0,2016,94.143,12.5,0.132777,-2.019086,2019,1,0,1,,12.5,38,0.9449,1.586,Small,0,38,0.9449,1.586,Small,0
podzibr01,Brandin Podziemski,84438,"Jul 03, 2023",2023,GSW,16.24,rookie-scale,1,,0.25,0.28,0,0,0,rookie_scale,GSW,1,0,,2,2023,136.021,4.06,0.029848,-3.511626,2026,0,1,0,,3.35244,10,2.54248,4.749,Large,1,10,2.54248,4.749,Large,1
poeltja01,Jakob Poeltl,20214,"Jul 09, 2016",2016,TOR,12.23,rookie-scale,1,,0.25,0.28,0,0,0,rookie_scale,TOR,1,0,,3,2016,94.143,3.058,0.032477,-3.427217,2019,1,0,0,,2.70396,,,6.202,Large,1,,,6.202,Large,1
poeltja01,Jakob Poeltl,20214,"Nov 24, 2020",2020,SAS,26.25,standard,1,RFA,0.25,0.27,0,0,0,free_agency,SAS,1,0,,1,2020,109.14,8.75,0.080172,-2.523578,2022,1,0,1,,8.101852,31,1.0964,2.602,Small,0,31,1.0964,2.602,Small,0
poeltja01,Jakob Poeltl,20214,"Jul 06, 2023",2023,TOR,78.0,standard,1,UFA,0.3,0.336,0,0,0,free_agency,TOR,1,1,,1,2023,136.021,19.5,0.14336,-1.942395,2026,0,1,1,,19.5,,,6.202,Large,1,,,6.202,Large,1
poeltja01,Jakob Poeltl,20214,"Jul 07, 2025",2025,TOR,84.5,extension,1,,0.35,0.378,0,0,0,extension,TOR,1,0,,0,2026,170.1117,28.167,0.165577,-1.798316,2028,0,3,1,,19.5,,,6.202,Large,1,,,6.202,Large,1
pokusal01,Aleksej Pokusevski,70659,"Dec 01, 2020",2020,OKC,14.35,rookie-scale,1,,0.25,0.28,0,0,0,rookie_scale,OKC,1,0,,2,2020,109.14,3.587,0.032871,-3.415176,2023,1,0,0,,2.96484,47,0.7627,1.435,Small,0,47,0.7627,1.435,Small,0
poolejo01,Jordan Poole,31587,"Jul 06, 2019",2019,GSW,10.09,rookie-scale,1,,0.25,0.28,0,0,0,rookie_scale,GSW,1,0,,2,2019,109.14,2.522,0.023113,-3.767381,2022,1,0,0,,1.96476,10,2.54248,4.749,Large,1,10,2.54248,4.749,Large,1
poolejo01,Jordan Poole,31587,"Oct 15, 2022",2022,GSW,128.0,extension,1,,0.25,0.28,0,0,0,extension,GSW,1,0,,0,2023,136.021,32.0,0.235258,-1.447073,2026,0,1,1,,3.901399,10,2.54248,4.749,Large,1,10,2.54248,4.749,Large,1
portecr01,Craig Porter Jr.,84768,,2023,CLE,8.019739,standard,1,,0.25,0.28,0,0,0,free_agency,CLE,1,0,,1,2023,136.021,2.005,0.01474,-4.217198,2026,0,1,1,,1.5,19,1.55434,2.088,Medium,0,19,1.55434,2.088,Medium,0
porteke02,Kevin Porter Jr.,31589,"Jul 03, 2019",2019,CLE,8.01,rookie-scale,1,,0.25,0.28,0,0,0,rookie_scale,CLE,1,0,,4,2019,109.14,2.002,0.018348,-3.998235,2022,1,0,0,,1.29096,19,1.55434,2.088,Medium,0,19,1.55434,2.088,Medium,0
porteke02,Kevin Porter Jr.,31589,"Oct 17, 2022",2022,HOU,63.44,extension,1,,0.25,0.28,0,0,0,extension,HOU,1,0,,2,2023,136.021,15.86,0.1166,-2.149009,2026,0,1,1,,3.217631,6,2.79742,7.206,Large,1,6,2.79742,7.206,Large,1
porteke02,Kevin Porter Jr.,31589,"Jul 10, 2024",2024,LAC,4.78,standard,1,UFA,0.25,0.26,0,0,0,free_agency,OKC,0,0,,2,2024,140.588,2.39,0.017,-4.07454,2025,1,0,1,,1.0,2,5.83579,12.901,Large,1,47,0.7627,1.435,Small,0
porteke02,Kevin Porter Jr.,31589,"Jul 07, 2025",2025,MIL,10.52,standard,1,UFA,0.25,0.26,0,0,0,free_agency,OKC,0,1,,1,2025,154.647,5.26,0.034013,-3.381014,2026,0,1,1,,5.134,38,0.9449,1.586,Small,0,47,0.7627,1.435,Small,0
portemi01,Michael Porter Jr.,26980,"Jul 03, 2018",2018,DEN,15.09,rookie-scale,1,,0.25,0.28,0,0,0,rookie_scale,DEN,1,0,,2,2018,101.869,3.772,0.037033,-3.29595,2021,1,0,0,,2.89416,17,1.80627,3.038,Medium,0,17,1.80627,3.038,Medium,0
portemi01,Michael Porter Jr.,26980,"Sep 29, 2021",2021,DEN,172.55,maximum,1,,0.25,0.29,0,1,0,extension,DEN,1,0,,0,2022,123.655,34.51,0.279083,-1.276246,2026,0,1,1,,5.258735,17,1.80627,3.038,Medium,0,17,1.80627,3.038,Medium,0
porteot01,Otto Porter Jr.,13316,"Jul 08, 2013",2013,WAS,8.75,standard,1,,0.25,0.26,0,0,0,free_agency,WAS,1,0,,4,2013,,4.375,,,2014,1,0,1,,,8,2.63064,6.385,Large,1,8,2.63064,6.385,Large,1
porteot01,Otto Porter Jr.,13316,"Jul 19, 2017",2017,WAS,106.5,standard,1,RFA,0.25,0.28,0,0,0,offer_sheet,WAS,1,0,,2,2017,99.093,26.625,0.268687,-1.314208,2020,1,0,1,,24.77325,8,2.63064,6.385,Large,1,8,2.63064,6.385,Large,1
porteot01,Otto Porter Jr.,13316,"Aug 06, 2021",2021,GSW,2.39,standard,1,UFA,0.3,0.3,0,0,0,free_agency,ORL,0,0,,1,2021,112.414,2.39,0.021261,-3.850895,2021,1,0,0,,2.389641,10,2.54248,4.749,Large,1,15,1.90242,2.673,Medium,0
porteot01,Otto Porter Jr.,13316,"Jul 06, 2022",2022,TOR,12.3,standard,1,UFA,0.3,0.312,0,0,0,free_agency,GSW,0,1,,1,2022,123.655,6.15,0.049735,-3.001043,2023,1,0,1,,6.0,,,6.202,Large,1,10,2.54248,4.749,Large,1
portibo01,Bobby Portis,17850,"Jul 07, 2015",2015,CHI,2.84,standard,1,,0.25,0.26,0,0,0,free_agency,CHI,1,0,,6,2015,70.0,1.42,0.020286,-3.897838,2016,1,0,1,,1.39116,3,3.65475,9.441,Large,1,3,3.65475,9.441,Large,1
portibo01,Bobby Portis,17850,"Jul 08, 2019",2019,NYK,15.0,standard,1,UFA,0.25,0.25,0,0,0,free_agency,WAS,0,0,,4,2019,109.14,15.0,0.137438,-1.984581,2019,1,0,0,,15.0,1,7.49451,19.113,Large,1,8,2.63064,6.385,Large,1
portibo01,Bobby Portis,17850,"Nov 21, 2020",2020,MIL,7.4,standard,1,UFA,0.25,0.26,0,0,0,free_agency,NYK,0,0,,3,2020,109.14,3.7,0.033901,-3.384299,2021,1,0,1,,3.623,38,0.9449,1.586,Small,0,1,7.49451,19.113,Large,1
portibo01,Bobby Portis,17850,"Aug 06, 2021",2021,MIL,8.91,standard,1,UFA,0.25,0.26,0,0,0,free_agency,MIL,1,0,,2,2021,112.414,4.455,0.03963,-3.228161,2022,1,0,1,,4.3476,38,0.9449,1.586,Small,0,38,0.9449,1.586,Small,0
portibo01,Bobby Portis,17850,"Jul 06, 2022",2022,MIL,48.58,standard,1,UFA,0.3,0.336,0,0,0,free_agency,MIL,1,1,,1,2022,123.655,12.145,0.098217,-2.320578,2025,1,0,1,,10.84335,38,0.9449,1.586,Small,0,38,0.9449,1.586,Small,0
portibo01,Bobby Portis,17850,"Jul 06, 2025",2025,MIL,43.56,standard,1,UFA,0.35,0.378,0,0,0,free_agency,MIL,1,1,,0,2025,154.647,14.52,0.093891,-2.365618,2027,0,2,1,,13.445754,38,0.9449,1.586,Small,0,38,0.9449,1.586,Small,0
porzikr01,Kristaps Porziņģis,17832,"Jul 30, 2015",2015,NYK,8.45,standard,1,,0.25,0.26,0,0,0,free_agency,NYK,1,0,,3,2015,70.0,4.225,0.060357,-2.807476,2016,1,0,1,,4.13172,1,7.49451,19.113,Large,1,1,7.49451,19.113,Large,1
porzikr01,Kristaps Porziņģis,17832,"Jul 12, 2019",2019,DAL,158.25,maximum,1,RFA,0.25,0.29,0,1,0,free_agency,DAL,1,1,,1,2019,109.14,31.65,0.289995,-1.237893,2023,1,0,1,,27.285,4,3.26449,7.943,Large,1,4,3.26449,7.943,Large,1
porzikr01,Kristaps Porziņģis,17832,"Jul 12, 2023",2023,BOS,60.0,extension,1,,0.3,0.312,0,0,0,extension,WAS,0,0,,0,2024,140.588,30.0,0.213389,-1.544636,2025,1,0,1,,36.0162,9,2.58446,4.899,Large,1,8,2.63064,6.385,Large,1
porzikr01,Kristaps Porziņģis,17832,"Jun 30, 2026",2026,GSW,40.0,extension,1,,0.35,0.364,0,0,0,extension,GSW,1,1,,0,2027,187.12287,20.0,0.106882,-2.236033,2028,0,3,1,,,10,2.54248,4.749,Large,1,10,2.54248,4.749,Large,1
postqu01,Quinten Post,93959,"Jul 08, 2026",2026,MEM,30.0,standard,1,RFA,0.25,0.27,0,0,0,offer_sheet,GSW,0,0,,0,2026,170.1117,10.0,0.058785,-2.83387,2028,0,3,1,,,51,0.6663,1.358,Small,0,10,2.54248,4.749,Large,1
pottemi01,Micah Potter,74418,"Dec 26, 2025",2025,IND,4.33,standard,1,UFA,0.25,0.26,0,0,0,rest_of_season,IND,1,0,,1,2025,154.647,2.165,0.014,-4.268725,2026,0,1,0,,1.527805,25,1.23221,2.126,Small,0,25,1.23221,2.126,Small,0
poweldr01,Drake Powell,98620,"Jul 08, 2025",2025,BKN,16.72,rookie-scale,1,,0.25,0.28,0,0,0,rookie_scale,BKN,1,0,,0,2025,154.647,4.18,0.027029,-3.610834,2028,0,3,0,,3.37224,1,7.49451,19.113,Large,1,1,7.49451,19.113,Large,1
poweldw01,Dwight Powell,15397,"Aug 23, 2014",2014,CLE,1.35,standard,1,,0.25,0.26,0,0,0,free_agency,CLE,1,0,,2,2014,63.065,0.675,0.010703,-4.537209,2015,1,0,1,,,19,1.55434,2.088,Medium,0,19,1.55434,2.088,Medium,0
poweldw01,Dwight Powell,15397,"Jul 06, 2019",2019,DAL,33.0,extension,1,,0.25,0.27,0,0,0,extension,DAL,1,0,,1,2020,109.14,11.0,0.100788,-2.294736,2022,1,0,1,,10.259375,4,3.26449,7.943,Large,1,4,3.26449,7.943,Large,1
poweldw01,Dwight Powell,15397,"Jul 09, 2023",2023,DAL,12.0,standard,1,UFA,0.3,0.324,0,0,0,free_agency,DAL,1,1,,1,2023,136.021,4.0,0.029407,-3.526515,2025,1,0,1,,4.0,4,3.26449,7.943,Large,1,4,3.26449,7.943,Large,1
powelno01,Norman Powell,17874,"Jul 15, 2015",2015,TOR,2.54,standard,1,,0.25,0.27,0,0,0,free_agency,TOR,1,0,,0,2015,70.0,0.847,0.012095,-4.414943,2017,1,0,1,,0.65,,,6.202,Large,1,,,6.202,Large,1
powelno01,Norman Powell,17874,"Oct 08, 2017",2017,TOR,42.0,extension,1,,0.25,,0,0,0,extension,TOR,1,0,,0,2018,101.869,,,,,,,0,,1.471382,,,6.202,Large,1,,,6.202,Large,1
powelno01,Norman Powell,17874,"Aug 06, 2021",2021,POR,90.0,standard,1,UFA,0.25,0.29,0,0,0,free_agency,POR,1,0,,0,2021,112.414,18.0,0.160122,-1.831817,2025,1,0,1,,15.517242,23,1.27792,2.511,Small,0,23,1.27792,2.511,Small,0
powelno01,Norman Powell,17874,"Jul 10, 2026",2026,CHI,44.08,standard,1,UFA,0.35,0.364,0,0,0,free_agency,MIA,0,0,,0,2026,170.1117,22.04,0.129562,-2.043596,2027,0,2,1,,,3,3.65475,9.441,Large,1,18,1.75692,6.266,Medium,0
poythal01,Alex Poythress,20970,"Apr 02, 2017",2017,PHI,0.031,standard,1,RFA,0.25,0.25,0,0,0,free_agency,IND,0,0,,0,2017,99.093,0.031,0.000313,-8.069827,2017,1,0,0,,0.778668,5,3.14592,6.228,Large,1,25,1.23221,2.126,Small,0
poythal01,Alex Poythress,20970,"Dec 28, 2017",2017,IND,2.3,standard,1,RFA,0.25,0.26,0,0,0,free_agency,IND,1,0,,0,2017,99.093,1.15,0.011605,-4.456297,2018,1,0,1,,0.778668,25,1.23221,2.126,Small,0,25,1.23221,2.126,Small,0
pricero01,Ronnie Price,2756,"Aug 02, 2005",2005,SAC,1.06,standard,1,,0.25,0.26,0,0,0,free_agency,SAC,1,0,,0,2005,,0.53,,,2006,1,0,1,,,20,1.49792,2.453,Small,0,20,1.49792,2.453,Small,0
pricero01,Ronnie Price,2756,"Jul 26, 2007",2007,UTH,2.288,standard,1,RFA,0.25,0.26,0,0,0,free_agency,UTH,1,0,,0,2007,,1.144,,,2008,1,0,1,,,28,1.16352,1.266,Small,0,28,1.16352,1.266,Small,0
pricero01,Ronnie Price,2756,"Jun 14, 2009",2009,UTH,2.63,standard,1,RFA,0.25,0.26,0,0,0,free_agency,UTH,1,0,,0,2009,,1.315,,,2010,1,0,1,,,28,1.16352,1.266,Small,0,28,1.16352,1.266,Small,0
pricero01,Ronnie Price,2756,"Dec 13, 2011",2011,PHX,1.069509,standard,1,UFA,0.25,0.25,0,0,0,free_agency,PHX,1,0,,0,2011,,1.07,,,2011,1,0,0,,,12,2.1982,5.059,Large,0,12,2.1982,5.059,Large,0
pricero01,Ronnie Price,2756,"Jul 18, 2012",2012,POR,2.4,standard,1,UFA,0.3,0.312,0,0,0,free_agency,POR,1,0,,0,2012,,1.2,,,2013,1,0,1,,,23,1.27792,2.511,Small,0,23,1.27792,2.511,Small,0
pricero01,Ronnie Price,2756,"Jul 25, 2013",2013,ORL,2.58,standard,1,UFA,0.3,0.312,0,0,0,free_agency,ORL,1,0,,0,2013,,1.29,,,2014,1,0,1,,,15,1.90242,2.673,Medium,0,15,1.90242,2.673,Medium,0
pricero01,Ronnie Price,2756,"Sep 24, 2014",2014,LAL,1.32,standard,1,UFA,0.3,0.3,0,0,0,free_agency,LAL,1,0,,0,2014,63.065,1.32,0.020931,-3.866534,2014,1,0,0,,,2,5.83579,12.901,Large,1,2,5.83579,12.901,Large,1
pricero01,Ronnie Price,2756,"Jul 17, 2015",2015,PHX,1.5,standard,1,UFA,0.35,0.35,0,0,0,free_agency,PHX,1,0,,0,2015,70.0,1.5,0.021429,-3.84303,2015,1,0,0,,1.499187,12,2.1982,5.059,Large,0,12,2.1982,5.059,Large,0
pricero01,Ronnie Price,2756,"Aug 13, 2016",2016,OKC,5.0,standard,1,UFA,0.35,0.364,0,0,0,free_agency,PHX,0,0,,0,2016,94.143,2.5,0.026555,-3.628524,2017,1,0,1,,0.465143,47,0.7627,1.435,Small,0,12,2.1982,5.059,Large,0
pricero01,Ronnie Price,2756,"Feb 24, 2017",2017,PHX,0.438,standard,1,UFA,0.35,0.35,0,0,0,free_agency,PHX,1,0,,0,2017,99.093,0.438,0.00442,-5.421595,2017,1,0,0,,2.442455,12,2.1982,5.059,Large,0,12,2.1982,5.059,Large,0
prigipa01,Pablo Prigioni,10998,"Jul 11, 2012",2012,NYK,0.473604,standard,1,,0.25,0.25,0,0,0,free_agency,NYK,1,0,,0,2012,,0.474,,,2012,1,0,0,,,1,7.49451,19.113,Large,1,1,7.49451,19.113,Large,1
prigipa01,Pablo Prigioni,10998,"Jul 10, 2013",2013,NYK,5.0,standard,1,RFA,0.25,0.27,0,0,0,free_agency,NYK,1,0,,0,2013,,1.667,,,2015,1,0,1,,,1,7.49451,19.113,Large,1,1,7.49451,19.113,Large,1
prigipa01,Pablo Prigioni,10998,"Aug 04, 2015",2015,LAC,0.981,standard,1,RFA,0.25,0.25,0,0,0,free_agency,LAC,1,0,,0,2015,70.0,0.981,0.014014,-4.267678,2015,1,0,0,,0.981348,2,5.83579,12.901,Large,1,2,5.83579,12.901,Large,1
prigipa01,Pablo Prigioni,10998,"Jul 29, 2016",2016,HOU,2.23,standard,1,RFA,0.25,0.26,0,0,0,free_agency,LAC,0,0,,0,2016,94.143,1.115,0.011844,-4.43596,2017,1,0,1,,1.050961,6,2.79742,7.206,Large,1,2,5.83579,12.901,Large,1
primojo01,Joshua Primo,74119,"Aug 11, 2021",2021,SAS,18.42,rookie-scale,1,,0.25,0.28,0,0,0,rookie_scale,SAS,1,0,,1,2021,112.414,4.605,0.040965,-3.195046,2024,1,0,0,,3.9468,31,1.0964,2.602,Small,0,31,1.0964,2.602,Small,0
primojo01,Joshua Primo,74119,"Nov 15, 2023",2023,LAC,3.96,two-way,1,RFA,0.25,0.26,0,0,0,rest_of_season,SAS,0,0,,0,2023,136.021,1.98,0.014557,-4.229712,2024,1,0,0,,1.764341,2,5.83579,12.901,Large,1,31,1.0964,2.602,Small,0
princta01,Tayshaun Prince,2307,"Jul 02, 2002",2002,DET,2.9,standard,1,,0.25,0.27,0,0,0,free_agency,DET,1,0,,1,2002,,0.967,,,2004,1,0,1,,,14,1.94075,4.365,Medium,0,14,1.94075,4.365,Medium,0
princta01,Tayshaun Prince,2307,"Oct 31, 2005",2005,DET,47.5,rookie-scale,1,,0.25,0.29,0,0,0,extension,DET,1,0,,0,2006,,9.5,,,2010,1,0,1,,,14,1.94075,4.365,Medium,0,14,1.94075,4.365,Medium,0
princta01,Tayshaun Prince,2307,"Dec 09, 2011",2011,DET,28.0,standard,1,UFA,0.3,0.336,0,0,0,free_agency,DET,1,0,,0,2011,,7.0,,,2014,1,0,1,,,14,1.94075,4.365,Medium,0,14,1.94075,4.365,Medium,0
princta01,Tayshaun Prince,2307,"Aug 20, 2015",2015,MIN,1.5,standard,1,UFA,0.35,0.35,0,0,0,free_agency,MIN,1,0,,0,2015,70.0,1.5,0.021429,-3.84303,2015,1,0,0,,1.499187,16,1.88668,3.703,Medium,0,16,1.88668,3.703,Medium,0
princta02,Taurean Prince,20217,"Jul 15, 2016",2016,ATL,10.75,rookie-scale,1,,0.25,0.28,0,0,0,rookie_scale,ATL,1,0,,3,2016,94.143,2.688,0.028547,-3.556204,2019,1,0,0,,2.31828,7,2.75817,6.144,Large,1,7,2.75817,6.144,Large,1
princta02,Taurean Prince,20217,"Oct 21, 2019",2019,BKN,25.25,extension,1,,0.25,0.26,0,0,0,extension,ATL,0,0,,1,2020,109.14,12.625,0.115677,-2.156952,2021,1,0,1,,3.481986,1,7.49451,19.113,Large,1,7,2.75817,6.144,Large,1
princta02,Taurean Prince,20217,"Jun 30, 2022",2022,MIN,14.56,extension,1,,0.3,0.312,0,0,0,extension,MIN,1,0,,1,2023,136.021,7.28,0.053521,-2.927678,2024,1,0,1,,7.295,16,1.88668,3.703,Medium,0,16,1.88668,3.703,Medium,0
princta02,Taurean Prince,20217,"Jul 06, 2023",2023,LAL,4.5,standard,1,UFA,0.3,0.3,0,0,0,free_agency,MIN,0,0,,1,2023,136.021,4.5,0.033083,-3.408732,2023,1,0,0,,4.516,2,5.83579,12.901,Large,1,16,1.88668,3.703,Medium,0
princta02,Taurean Prince,20217,"Jul 09, 2024",2024,MIL,2.99,standard,1,UFA,0.3,0.3,0,0,0,free_agency,LAL,0,0,,1,2024,140.588,2.99,0.021268,-3.85056,2024,1,0,0,,2.087519,38,0.9449,1.586,Small,0,2,5.83579,12.901,Large,1
princta02,Taurean Prince,20217,"Jul 08, 2025",2025,MIL,7.12,standard,1,UFA,0.3,0.312,0,0,0,free_agency,MIL,1,1,,1,2025,154.647,3.56,0.02302,-3.771385,2026,0,1,1,,3.303774,38,0.9449,1.586,Small,0,38,0.9449,1.586,Small,0
pritcpa01,Payton Pritchard,70668,"Nov 24, 2020",2020,BOS,10.45,rookie-scale,1,,0.25,0.28,0,0,0,rookie_scale,BOS,1,0,,2,2020,109.14,2.612,0.023937,-3.732324,2023,1,0,0,,2.0358,9,2.58446,4.899,Large,1,9,2.58446,4.899,Large,1
pritcpa01,Payton Pritchard,70668,"Oct 10, 2023",2023,BOS,30.0,extension,1,,0.25,0.28,0,0,0,extension,BOS,1,0,,0,2024,140.588,7.5,0.053347,-2.930931,2027,0,2,1,,4.037277,9,2.58446,4.899,Large,1,9,2.58446,4.899,Large,1
proctty01,Tyrese Proctor,98636,"Jul 01, 2025",2025,CLE,8.69,standard,1,,0.25,0.28,0,0,0,free_agency,CLE,1,0,,0,2025,154.647,2.172,0.014048,-4.265267,2028,0,3,1,,1.27287,19,1.55434,2.088,Medium,0,19,1.55434,2.088,Medium,0
prospol01,Olivier-Maxence Prosper,84439,"Jul 16, 2023",2023,DAL,13.87,rookie-scale,1,,0.25,0.28,0,0,0,rookie_scale,DAL,1,0,,2,2023,136.021,3.467,0.025492,-3.669375,2026,0,1,0,,2.73372,4,3.26449,7.943,Large,1,4,3.26449,7.943,Large,1
prospol01,Olivier-Maxence Prosper,84439,"Mar 04, 2026",2026,MEM,3.03,two-way,1,RFA,0.25,0.26,0,0,0,rest_of_season,MEM,1,0,,1,2026,170.1117,1.515,0.008906,-4.72104,2027,0,2,0,,,51,0.6663,1.358,Small,0,51,0.6663,1.358,Small,0
queende01,Derik Queen,98607,"Jul 05, 2025",2025,NOP,24.36,rookie-scale,1,,0.25,0.28,0,0,0,rookie_scale,NOP,1,0,,0,2025,154.647,6.09,0.03938,-3.234497,2028,0,3,0,,5.15796,50,0.67279,1.29,Small,0,50,0.67279,1.29,Small,0
queentr01,Trevelin Queen,70720,"Jul 01, 2022",2022,PHI,3.57,standard,1,UFA,0.25,0.26,0,0,0,free_agency,HOU,0,0,,0,2022,123.655,1.785,0.014435,-4.238077,2023,1,0,1,,0.33,5,3.14592,6.228,Large,1,6,2.79742,7.206,Large,1
quetane01,Neemias Queta,74146,"Aug 08, 2023",2023,SAC,4.22,standard,1,RFA,0.25,0.26,0,0,0,free_agency,BOS,0,0,,2,2023,136.021,2.11,0.015512,-4.166121,2024,1,0,1,,0.081253,20,1.49792,2.453,Small,0,9,2.58446,4.899,Large,1
quetane01,Neemias Queta,74146,"Jul 06, 2024",2024,BOS,7.18,standard,1,RFA,0.25,0.27,0,0,0,free_agency,BOS,1,0,,1,2024,140.588,2.393,0.017024,-4.073147,2026,0,1,1,,2.162606,9,2.58446,4.899,Large,1,9,2.58446,4.899,Large,1
quetane01,Neemias Queta,74146,"Jul 06, 2026",2026,BOS,56.0,extension,1,,0.25,0.28,0,0,0,extension,BOS,1,0,,0,2027,187.12287,14.0,0.074817,-2.592708,2030,0,5,1,,,9,2.58446,4.899,Large,1,9,2.58446,4.899,Large,1
quickim01,Immanuel Quickley,70667,"Nov 28, 2020",2020,NYK,10.8,rookie-scale,1,,0.25,0.28,0,0,0,rookie_scale,NYK,1,0,,2,2020,109.14,2.7,0.024739,-3.69938,2023,1,0,0,,2.10552,1,7.49451,19.113,Large,1,1,7.49451,19.113,Large,1
quickim01,Immanuel Quickley,70667,"Jul 08, 2024",2024,TOR,175.0,standard,1,RFA,0.25,0.29,0,0,0,free_agency,TOR,1,0,,0,2024,140.588,35.0,0.248954,-1.390486,2028,0,3,1,,32.5,,,6.202,Large,1,,,6.202,Large,1
rabbiv01,Ivan Rabb,23630,"Sep 21, 2017",2017,MEM,3.95,standard,1,,0.25,0.27,0,0,0,free_agency,MEM,1,0,,0,2017,99.093,1.317,0.013287,-4.320956,2019,1,0,1,,0.95,51,0.6663,1.358,Small,0,51,0.6663,1.358,Small,0
randlch01,Chasson Randle,20940,"Aug 04, 2016",2016,NYK,0.543,standard,1,,0.25,0.25,0,0,0,free_agency,NYK,1,0,,0,2016,94.143,0.543,0.005768,-5.155461,2016,1,0,0,,0.24386,1,7.49451,19.113,Large,1,1,7.49451,19.113,Large,1
randlch01,Chasson Randle,20940,"Jan 30, 2017",2017,PHI,3.09,standard,1,RFA,0.25,0.27,0,0,0,free_agency,NYK,0,0,,0,2017,99.093,1.03,0.010394,-4.5665,2019,1,0,1,,,5,3.14592,6.228,Large,1,1,7.49451,19.113,Large,1
randlch01,Chasson Randle,20940,"Feb 27, 2017",2017,NYK,1.46,standard,1,RFA,0.25,0.26,0,0,0,free_agency,NYK,1,0,,0,2017,99.093,0.73,0.007367,-4.91077,2018,1,0,1,,,1,7.49451,19.113,Large,1,1,7.49451,19.113,Large,1
randlch01,Chasson Randle,20940,"Oct 30, 2018",2018,WAS,1.24,standard,1,RFA,0.25,0.25,0,0,0,free_agency,WAS,1,0,,0,2018,101.869,1.24,0.012172,-4.408576,2018,1,0,0,,0.991072,8,2.63064,6.385,Large,1,8,2.63064,6.385,Large,1
randlch01,Chasson Randle,20940,"Dec 18, 2018",2018,WAS,0.869,standard,1,RFA,0.25,0.25,0,0,0,free_agency,WAS,1,0,,0,2018,101.869,0.869,0.008531,-4.7641,2018,1,0,0,,0.991072,8,2.63064,6.385,Large,1,8,2.63064,6.385,Large,1
randlju01,Julius Randle,15359,"Jul 13, 2014",2014,LAL,6.13,standard,1,,0.25,0.26,0,0,0,free_agency,LAL,1,0,,4,2014,63.065,3.065,0.048601,-3.024118,2015,1,0,1,,,2,5.83579,12.901,Large,1,2,5.83579,12.901,Large,1
randlju01,Julius Randle,15359,"Jul 09, 2018",2018,NOP,17.7,standard,1,UFA,0.25,0.26,0,0,0,free_agency,LAL,0,0,,2,2018,101.869,8.85,0.086876,-2.44327,2019,1,0,1,,8.641,50,0.67279,1.29,Small,0,2,5.83579,12.901,Large,1
randlju01,Julius Randle,15359,"Jul 08, 2019",2019,NYK,62.1,standard,1,UFA,0.25,0.27,0,0,0,free_agency,NOP,0,0,,1,2019,109.14,20.7,0.189665,-1.662498,2021,1,0,1,,18.0,1,7.49451,19.113,Large,1,50,0.67279,1.29,Small,0
randlju01,Julius Randle,15359,"Aug 26, 2021",2021,NYK,117.09,extension,1,,0.3,0.336,0,0,0,extension,NYK,1,1,,1,2022,123.655,29.273,0.236727,-1.440847,2025,1,0,1,,19.8,1,7.49451,19.113,Large,1,1,7.49451,19.113,Large,1
randlju01,Julius Randle,15359,"Jul 15, 2025",2025,MIN,100.0,standard,1,UFA,0.35,0.378,0,0,0,free_agency,MIN,1,1,,0,2025,154.647,33.333,0.215545,-1.534587,2027,0,2,1,,30.864198,16,1.88668,3.703,Medium,0,16,1.88668,3.703,Medium,0
randoza01,Zach Randolph,2626,"Aug 21, 2001",2001,POR,3.29,standard,1,,0.25,0.27,0,0,0,free_agency,POR,1,0,,2,2001,,1.097,,,2003,1,0,1,,,23,1.27792,2.511,Small,0,23,1.27792,2.511,Small,0
randoza01,Zach Randolph,2626,"Nov 01, 2004",2004,POR,84.3,rookie-scale,1,,0.25,0.3,0,0,0,extension,POR,1,0,,1,2005,,14.05,,,2010,1,0,1,,,23,1.27792,2.511,Small,0,23,1.27792,2.511,Small,0
randoza01,Zach Randolph,2626,"Apr 17, 2011",2011,MEM,66.0,extension,1,,0.35,0.392,0,0,0,extension,MEM,1,0,,1,2012,,16.5,,,2015,1,0,1,,,51,0.6663,1.358,Small,0,51,0.6663,1.358,Small,0
randoza01,Zach Randolph,2626,"Jun 30, 2014",2014,MEM,20.0,extension,1,,0.35,0.364,0,0,0,extension,MEM,1,0,,0,2015,70.0,10.0,0.142857,-1.94591,2016,1,0,1,,,51,0.6663,1.358,Small,0,51,0.6663,1.358,Small,0
randoza01,Zach Randolph,2626,"Jul 10, 2017",2017,SAC,24.0,standard,1,UFA,0.35,0.364,0,0,0,free_agency,MEM,0,0,,0,2017,99.093,12.0,0.121098,-2.111152,2018,1,0,1,,12.307692,20,1.49792,2.453,Small,0,51,0.6663,1.358,Small,0
raynama01,Maxime Raynaud,98635,,2025,SAC,5.949689,standard,1,,0.25,0.27,0,0,0,free_agency,SAC,1,0,,0,2025,154.647,1.983,0.012824,-4.356418,2027,0,2,1,,1.27287,20,1.49792,2.453,Small,0,20,1.49792,2.453,Small,0
reaveau01,Austin Reaves,74218,"Sep 27, 2021",2021,LAL,2.49,standard,1,,0.25,0.26,0,0,0,free_agency,LAL,1,0,,1,2021,112.414,1.245,0.011075,-4.503053,2022,1,0,1,,0.925258,2,5.83579,12.901,Large,1,2,5.83579,12.901,Large,1
reaveau01,Austin Reaves,74218,"Jul 06, 2023",2023,LAL,53.83,standard,1,RFA,0.25,0.28,0,0,0,free_agency,LAL,1,1,,1,2023,136.021,13.457,0.098937,-2.313273,2026,0,1,1,,12.01515,2,5.83579,12.901,Large,1,2,5.83579,12.901,Large,1
reaveau01,Austin Reaves,74218,"Jul 12, 2026",2026,LAL,184.76,maximum,1,UFA,0.25,0.28,0,1,0,free_agency,LAL,1,1,,0,2026,170.1117,46.19,0.271527,-1.303692,2029,0,4,1,,,2,5.83579,12.901,Large,1,2,5.83579,12.901,Large,1
reddica01,Cam Reddish,31567,"Jul 01, 2019",2019,ATL,19.33,rookie-scale,1,,0.25,0.28,0,0,0,rookie_scale,ATL,1,0,,3,2019,109.14,4.832,0.044278,-3.117268,2022,1,0,0,,4.24572,7,2.75817,6.144,Large,1,7,2.75817,6.144,Large,1
reddica01,Cam Reddish,31567,"Jul 06, 2023",2023,LAL,4.63,standard,1,UFA,0.25,0.26,0,0,0,free_agency,POR,0,0,,1,2023,136.021,2.315,0.017019,-4.0734,2024,1,0,1,,2.165,2,5.83579,12.901,Large,1,23,1.27792,2.511,Small,0
redicjj01,JJ Redick,2643,"Jul 07, 2006",2006,ORL,3.86,standard,1,,0.25,0.26,0,0,0,free_agency,ORL,1,0,,3,2006,,1.93,,,2007,1,0,1,,,15,1.90242,2.673,Medium,0,15,1.90242,2.673,Medium,0
redicjj01,JJ Redick,2643,"Jul 16, 2010",2010,ORL,19.69,standard,1,RFA,0.25,0.27,0,0,0,free_agency,ORL,1,0,,1,2010,,6.563,,,2012,1,0,1,,,15,1.90242,2.673,Medium,0,15,1.90242,2.673,Medium,0
redicjj01,JJ Redick,2643,"Jul 10, 2013",2013,MIL,27.755,standard,1,UFA,0.3,0.336,0,0,0,sign_and_trade,,,0,,0,2013,,6.939,,,2016,1,0,1,,,38,0.9449,1.586,Small,0,,,,,
redicjj01,JJ Redick,2643,"Jul 09, 2017",2017,PHI,23.0,standard,1,UFA,0.35,0.35,0,0,0,free_agency,LAC,0,0,,0,2017,99.093,23.0,0.232105,-1.460565,2017,1,0,0,,23.0,5,3.14592,6.228,Large,1,2,5.83579,12.901,Large,1
redicjj01,JJ Redick,2643,"Jul 06, 2018",2018,PHI,12.25,standard,1,UFA,0.35,0.35,0,0,0,free_agency,PHI,1,0,,0,2018,101.869,12.25,0.120252,-2.118162,2018,1,0,0,,12.25,5,3.14592,6.228,Large,1,5,3.14592,6.228,Large,1
redicjj01,JJ Redick,2643,"Jul 15, 2019",2019,NOP,26.5,standard,1,UFA,0.35,0.364,0,0,0,free_agency,PHI,0,0,,0,2019,109.14,13.25,0.121404,-2.108634,2020,1,0,1,,13.4863,50,0.67279,1.29,Small,0,5,3.14592,6.228,Large,1
reedda01,Davon Reed,23627,"Jul 06, 2017",2017,PHX,5.57,standard,1,,0.25,0.28,0,0,0,free_agency,PHX,1,0,,0,2017,99.093,1.393,0.014052,-4.264958,2020,1,0,1,,0.815615,12,2.1982,5.059,Large,0,12,2.1982,5.059,Large,0
reedda01,Davon Reed,23627,"Jul 09, 2022",2022,DEN,3.97,standard,1,RFA,0.25,0.26,0,0,0,free_agency,DEN,1,0,,0,2022,123.655,1.985,0.016053,-4.131877,2023,1,0,1,,1.902133,17,1.80627,3.038,Medium,0,17,1.80627,3.038,Medium,0
reedpa01,Paul Reed,70700,"Jul 08, 2023",2023,UTA,23.0,standard,1,RFA,0.25,0.27,0,0,0,offer_sheet,PHI,0,0,,0,2023,136.021,7.667,0.056364,-2.875927,2025,1,0,1,,7.723,28,1.16352,1.266,Small,0,5,3.14592,6.228,Large,1
reedpa01,Paul Reed,70700,"Jul 13, 2023",2023,PHI,23.56,standard,1,RFA,0.25,0.27,0,0,0,offer_sheet,PHI,1,0,,0,2023,136.021,7.853,0.057736,-2.851871,2025,1,0,1,,7.723,5,3.14592,6.228,Large,1,5,3.14592,6.228,Large,1
reedpa01,Paul Reed,70700,"Jul 07, 2025",2025,DET,10.94,standard,1,RFA,0.25,0.26,0,0,0,free_agency,DET,1,0,,0,2025,154.647,5.47,0.035371,-3.341866,2026,0,1,1,,5.335894,14,1.94075,4.365,Medium,0,14,1.94075,4.365,Medium,0
reedwi02,Willie Reed,11665,"Mar 26, 2014",2014,SAC,0.102,standard,1,,,,0,0,0,free_agency,SAC,1,0,,1,2014,63.065,0.102,0.001617,-6.426948,2014,1,0,0,,,20,1.49792,2.453,Small,0,20,1.49792,2.453,Small,0
reedwi02,Willie Reed,11665,"Sep 25, 2014",2014,BKN,0.915,standard,1,,,,0,0,0,free_agency,BKN,1,0,,1,2014,63.065,0.915,0.014509,-4.232997,2014,1,0,0,,,1,7.49451,19.113,Large,1,1,7.49451,19.113,Large,1
reedwi02,Willie Reed,11665,"Jul 09, 2015",2015,BKN,0.947,standard,1,,0.25,0.25,0,0,0,free_agency,BKN,1,0,,1,2015,70.0,0.947,0.013529,-4.302951,2015,1,0,0,,0.947276,1,7.49451,19.113,Large,1,1,7.49451,19.113,Large,1
reedwi02,Willie Reed,11665,"Jul 13, 2016",2016,MIA,2.1,standard,1,UFA,0.25,0.26,0,0,0,free_agency,BKN,0,0,,1,2016,94.143,1.05,0.011153,-4.496025,2017,1,0,1,,1.015696,18,1.75692,6.266,Medium,0,1,7.49451,19.113,Large,1
reedwi02,Willie Reed,11665,"Aug 03, 2017",2017,LAC,1.58,standard,1,RFA,0.25,0.25,0,0,0,free_agency,MIA,0,0,,0,2017,99.093,1.58,0.015945,-4.138634,2017,1,0,0,,1.471382,2,5.83579,12.901,Large,1,18,1.75692,6.266,Medium,0
reevean01,Antonio Reeves,93956,"Jul 22, 2024",2024,NOP,5.4,standard,1,,0.25,0.27,0,0,0,free_agency,NOP,1,0,,0,2024,140.588,1.8,0.012803,-4.358047,2026,0,1,1,,1.157153,50,0.67279,1.29,Small,0,50,0.67279,1.29,Small,0
reidna01,Naz Reid,32045,"Jul 18, 2019",2019,MIN,6.12,two-way,1,,0.25,0.28,0,0,0,two_way,MIN,1,0,,2,2019,109.14,1.53,0.014019,-4.267364,2022,1,0,0,,0.89831,16,1.88668,3.703,Medium,0,16,1.88668,3.703,Medium,0
reidna01,Naz Reid,32045,"Jun 28, 2023",2023,MIN,42.0,extension,1,,0.25,0.27,0,0,0,extension,MIN,1,1,,1,2024,140.588,14.0,0.099582,-2.306776,2026,0,1,1,,12.9504,16,1.88668,3.703,Medium,0,16,1.88668,3.703,Medium,0
reidna01,Naz Reid,32045,"Jul 14, 2025",2025,MIN,125.0,standard,1,UFA,0.25,0.29,0,0,0,free_agency,MIN,1,1,,0,2025,154.647,25.0,0.161658,-1.822269,2029,0,4,1,,21.551724,16,1.88668,3.703,Medium,0,16,1.88668,3.703,Medium,0
richaja02,Jase Richardson,98604,"Jul 03, 2025",2025,ORL,15.31,rookie-scale,1,,0.25,0.28,0,0,0,rookie_scale,ORL,1,0,,0,2025,154.647,3.828,0.02475,-3.698933,2028,0,3,0,,2.98332,15,1.90242,2.673,Medium,0,15,1.90242,2.673,Medium,0
richajo01,Josh Richardson,17868,"Jul 28, 2015",2015,MIA,2.4,standard,1,,0.25,0.27,0,0,0,free_agency,MIA,1,0,,2,2015,70.0,0.8,0.011429,-4.471639,2017,1,0,1,,0.525093,18,1.75692,6.266,Medium,0,18,1.75692,6.266,Medium,0
richajo01,Josh Richardson,17868,"Sep 18, 2017",2017,MIA,42.0,extension,1,,0.25,0.28,0,0,0,extension,MIA,1,0,,2,2018,101.869,10.5,0.103074,-2.272312,2021,1,0,1,,1.471382,18,1.75692,6.266,Medium,0,18,1.75692,6.266,Medium,0
richajo01,Josh Richardson,17868,"Aug 23, 2021",2021,BOS,12.2,extension,1,,0.3,0.3,0,0,0,extension,DAL,0,0,,1,2022,123.655,12.2,0.098662,-2.316059,2022,1,0,0,,11.615328,9,2.58446,4.899,Large,1,4,3.26449,7.943,Large,1
richajo01,Josh Richardson,17868,"Jul 02, 2023",2023,MIA,5.94,standard,1,UFA,0.3,0.312,0,0,0,free_agency,NOP,0,1,,1,2023,136.021,2.97,0.021835,-3.824247,2024,1,0,1,,2.891467,18,1.75692,6.266,Medium,0,50,0.67279,1.29,Small,0
richama01,Malachi Richardson,20227,"Jul 12, 2016",2016,SAC,7.1,rookie-scale,1,,0.25,0.28,0,0,0,rookie_scale,SAC,1,0,,2,2016,94.143,1.775,0.018854,-3.971014,2019,1,0,0,,1.43988,20,1.49792,2.453,Small,0,20,1.49792,2.453,Small,0
richani01,Nick Richards,70684,"Nov 30, 2020",2020,CHA,4.3,standard,1,,0.25,0.27,0,0,0,free_agency,CHA,1,0,,0,2020,109.14,1.433,0.013133,-4.332629,2022,1,0,1,,1.0,21,1.38202,2.66,Small,0,21,1.38202,2.66,Small,0
richani01,Nick Richards,70684,"Mar 22, 2023",2023,CHA,15.0,extension,1,,0.25,0.27,0,0,0,extension,CHA,1,0,,0,2024,140.588,5.0,0.035565,-3.336396,2026,0,1,1,,5.0,21,1.38202,2.66,Small,0,21,1.38202,2.66,Small,0
richawi02,Will Richard,99269,,2025,GSW,8.685386,standard,1,,0.25,0.28,0,0,0,free_agency,GSW,1,0,,0,2025,154.647,2.171,0.014041,-4.265798,2028,0,3,1,,1.27287,10,2.54248,4.749,Large,1,10,2.54248,4.749,Large,1
rileywi01,Will Riley,98622,"Jul 06, 2025",2025,WAS,17.22,rookie-scale,1,,0.25,0.28,0,0,0,rookie_scale,WAS,1,0,,0,2025,154.647,4.305,0.027838,-3.581368,2028,0,3,0,,3.51252,8,2.63064,6.385,Large,1,8,2.63064,6.385,Large,1
risacza01,Zaccharie Risacher,91733,"Jul 06, 2024",2024,ATL,57.03,rookie-scale,1,,0.25,0.28,0,0,0,rookie_scale,ATL,1,0,,1,2024,140.588,14.258,0.101413,-2.288551,2027,0,2,0,,12.56904,7,2.75817,6.144,Large,1,7,2.75817,6.144,Large,1
riverau01,Austin Rivers,10818,"Jul 24, 2012",2012,NOH,4.58,standard,1,,0.25,0.26,0,0,0,free_agency,NOH,1,0,,4,2012,,2.29,,,2013,1,0,1,,,50,0.67279,1.29,Small,0,50,0.67279,1.29,Small,0
riverau01,Austin Rivers,10818,"Jul 13, 2015",2015,LAC,6.5,standard,1,RFA,0.25,0.26,0,0,0,free_agency,LAC,1,0,,2,2015,70.0,3.25,0.046429,-3.06984,2016,1,0,1,,3.1,2,5.83579,12.901,Large,1,2,5.83579,12.901,Large,1
riverau01,Austin Rivers,10818,"Jul 08, 2016",2016,LAC,35.5,standard,1,UFA,0.25,0.27,0,0,0,free_agency,LAC,1,0,,2,2016,94.143,11.833,0.125695,-2.073894,2018,1,0,1,,11.0,2,5.83579,12.901,Large,1,2,5.83579,12.901,Large,1
riverau01,Austin Rivers,10818,"Dec 24, 2018",2018,HOU,1.16,standard,1,UFA,0.25,0.25,0,0,0,free_agency,LAC,0,0,,1,2018,101.869,1.16,0.011387,-4.475268,2018,1,0,0,,1.155323,6,2.79742,7.206,Large,1,2,5.83579,12.901,Large,1
riverau01,Austin Rivers,10818,"Jul 17, 2019",2019,HOU,4.54,standard,1,UFA,0.3,0.312,0,0,0,free_agency,HOU,1,1,,1,2019,109.14,2.27,0.020799,-3.872852,2020,1,0,1,,2.174318,6,2.79742,7.206,Large,1,6,2.79742,7.206,Large,1
riverau01,Austin Rivers,10818,"Nov 27, 2020",2020,NYK,9.975,standard,1,UFA,0.3,0.324,0,0,0,free_agency,HOU,0,0,,0,2020,109.14,3.325,0.030465,-3.491162,2022,1,0,1,,0.299694,1,7.49451,19.113,Large,1,6,2.79742,7.206,Large,1
riverau01,Austin Rivers,10818,"Aug 31, 2021",2021,DEN,2.4,standard,1,UFA,0.3,0.3,0,0,0,free_agency,DEN,1,0,,0,2021,112.414,2.4,0.02135,-3.84672,2021,1,0,0,,2.401537,17,1.80627,3.038,Medium,0,17,1.80627,3.038,Medium,0
riverau01,Austin Rivers,10818,"Jul 21, 2022",2022,MIN,2.91,standard,1,UFA,0.35,0.35,0,0,0,free_agency,DEN,0,0,,0,2022,123.655,2.91,0.023533,-3.749342,2022,1,0,0,,1.83609,16,1.88668,3.703,Medium,0,17,1.80627,3.038,Medium,0
roberan03,Andre Roberson,13339,"Jul 08, 2013",2013,GSW,1.9,standard,1,,0.25,0.26,0,0,0,free_agency,GSW,1,0,,2,2013,,0.95,,,2014,1,0,1,,,10,2.54248,4.749,Large,1,10,2.54248,4.749,Large,1
roberan03,Andre Roberson,13339,"Jul 14, 2017",2017,OKC,30.0,standard,1,RFA,0.25,0.27,0,0,0,free_agency,OKC,1,0,,0,2017,99.093,10.0,0.100915,-2.293474,2019,1,0,1,,9.259259,47,0.7627,1.435,Small,0,47,0.7627,1.435,Small,0
roberbr01,Brian Roberts,11160,"Aug 16, 2012",2012,NOH,1.26,standard,1,,0.25,0.26,0,0,0,free_agency,NOH,1,0,,0,2012,,0.63,,,2013,1,0,1,,,50,0.67279,1.29,Small,0,50,0.67279,1.29,Small,0
roberbr01,Brian Roberts,11160,"Jul 23, 2014",2014,CHA,5.59,standard,1,UFA,0.25,0.26,0,0,0,free_agency,CHA,1,0,,0,2014,63.065,2.795,0.044319,-3.116334,2015,1,0,1,,,21,1.38202,2.66,Small,0,21,1.38202,2.66,Small,0
roberbr01,Brian Roberts,11160,"Jul 07, 2016",2016,CHA,1.1,standard,1,RFA,0.25,0.25,0,0,0,free_agency,POR,0,0,,0,2016,94.143,1.1,0.011684,-4.449505,2016,1,0,0,,1.050961,21,1.38202,2.66,Small,0,23,1.27792,2.511,Small,0
robindu01,Duncan Robinson,27658,"Aug 06, 2021",2021,MIA,90.0,standard,1,RFA,0.25,0.29,0,0,0,free_agency,MIA,1,0,,1,2021,112.414,18.0,0.160122,-1.831817,2025,1,0,1,,15.56,18,1.75692,6.266,Medium,0,18,1.75692,6.266,Medium,0
robindu01,Duncan Robinson,27658,"Jul 07, 2025",2025,MIA,45.0,standard,1,UFA,0.3,0.324,0,0,0,sign_and_trade,MIA,1,0,,0,2025,154.647,15.0,0.096995,-2.333095,2027,0,2,1,,16.834692,18,1.75692,6.266,Medium,0,18,1.75692,6.266,Medium,0
robingl02,Glenn Robinson III,15392,"Sep 16, 2014",2014,MIN,0.507,standard,1,,0.25,0.25,0,0,0,free_agency,MIN,1,0,,0,2014,63.065,0.507,0.008039,-4.82341,2014,1,0,0,,,16,1.88668,3.703,Medium,0,16,1.88668,3.703,Medium,0
robingl02,Glenn Robinson III,15392,"Jul 27, 2015",2015,IND,3.2,standard,1,UFA,0.25,0.27,0,0,0,free_agency,IND,1,0,,0,2015,70.0,1.067,0.015238,-4.183957,2017,1,0,1,,0.845,25,1.23221,2.126,Small,0,25,1.23221,2.126,Small,0
robingl02,Glenn Robinson III,15392,"Jul 07, 2018",2018,DET,4.08,standard,1,RFA,0.25,0.25,0,0,0,free_agency,IND,0,0,,0,2018,101.869,4.08,0.040051,-3.217591,2018,1,0,0,,4.075,14,1.94075,4.365,Medium,0,25,1.23221,2.126,Small,0
robingl02,Glenn Robinson III,15392,"Jul 09, 2019",2019,GSW,1.88,standard,1,UFA,0.25,0.25,0,0,0,free_agency,DET,0,0,,0,2019,109.14,1.88,0.017226,-4.06136,2019,1,0,0,,1.882867,10,2.54248,4.749,Large,1,14,1.94075,4.365,Medium,0
robingl02,Glenn Robinson III,15392,"Nov 30, 2020",2020,SAC,2.03,standard,1,UFA,0.25,0.25,0,0,0,free_agency,PHI,0,0,,0,2020,109.14,2.03,0.0186,-3.984596,2020,1,0,0,,0.93093,20,1.49792,2.453,Small,0,5,3.14592,6.228,Large,1
robinje01,Jerome Robinson,26979,"Jul 04, 2018",2018,LAC,15.69,rookie-scale,1,,0.25,0.28,0,0,0,rookie_scale,LAC,1,0,,2,2018,101.869,3.922,0.038505,-3.256958,2021,1,0,0,,3.0462,2,5.83579,12.901,Large,1,2,5.83579,12.901,Large,1
robinje02,Jeremiah Robinson-Earl,74139,"Aug 10, 2021",2021,OKC,7.89,standard,1,,0.25,0.28,0,0,0,free_agency,OKC,1,0,,1,2021,112.414,1.972,0.017547,-4.042887,2024,1,0,1,,2.0,47,0.7627,1.435,Small,0,47,0.7627,1.435,Small,0
robinje02,Jeremiah Robinson-Earl,74139,"Nov 21, 2025",2025,IND,4.82,standard,1,RFA,0.25,0.26,0,0,0,rest_of_season,NOP,0,0,,0,2025,154.647,2.41,0.015584,-4.161518,2026,0,1,0,,0.13197,25,1.23221,2.126,Small,0,50,0.67279,1.29,Small,0
robinmi01,Mitchell Robinson,27002,"Jul 08, 2018",2018,NYK,4.7,standard,1,,0.25,0.27,0,0,0,free_agency,NYK,1,0,,1,2018,101.869,1.567,0.015379,-4.174737,2020,1,0,1,,1.48544,1,7.49451,19.113,Large,1,1,7.49451,19.113,Large,1
robinmi01,Mitchell Robinson,27002,"Jul 12, 2022",2022,NYK,60.0,standard,1,RFA,0.25,0.28,0,0,0,free_agency,NYK,1,0,,0,2022,123.655,15.0,0.121305,-2.109445,2025,1,0,1,,17.045454,1,7.49451,19.113,Large,1,1,7.49451,19.113,Large,1
robinmi01,Mitchell Robinson,27002,"Jul 06, 2026",2026,BOS,47.4,standard,1,UFA,0.3,0.324,0,0,0,free_agency,NYK,0,1,,0,2026,170.1117,15.8,0.09288,-2.376445,2028,0,3,1,,,9,2.58446,4.899,Large,1,1,7.49451,19.113,Large,1
robinor01,Orlando Robinson,78309,"Jul 01, 2023",2023,MIA,3.92,standard,1,RFA,0.25,0.26,0,0,0,free_agency,MIA,1,0,,0,2023,136.021,1.96,0.01441,-4.239865,2024,1,0,1,,1.801769,18,1.75692,6.266,Medium,0,18,1.75692,6.266,Medium,0
robinor01,Orlando Robinson,78309,"Aug 09, 2024",2024,SAC,2.09,standard,1,RFA,0.25,0.25,0,0,0,free_agency,MIA,0,0,,0,2024,140.588,2.09,0.014866,-4.20867,2024,1,0,0,,0.119972,20,1.49792,2.453,Small,0,18,1.75692,6.266,Medium,0
robinth01,Thomas Robinson,10813,"Jul 10, 2012",2012,SAC,6.9,standard,1,,0.25,0.26,0,0,0,free_agency,SAC,1,0,,2,2012,,3.45,,,2013,1,0,1,,,20,1.49792,2.453,Small,0,20,1.49792,2.453,Small,0
robinth01,Thomas Robinson,10813,"Jul 02, 2015",2015,BKN,2.03,standard,1,RFA,0.25,0.26,0,0,0,free_agency,BKN,1,0,,0,2015,70.0,1.015,0.0145,-4.233607,2016,1,0,1,,0.9813,1,7.49451,19.113,Large,1,1,7.49451,19.113,Large,1
robinth01,Thomas Robinson,10813,"Sep 21, 2016",2016,LAL,1.05,standard,1,UFA,0.25,0.25,0,0,0,free_agency,BKN,0,0,,0,2016,94.143,1.05,0.011153,-4.496025,2016,1,0,0,,1.050961,2,5.83579,12.901,Large,1,1,7.49451,19.113,Large,1
robinth01,Thomas Robinson,10813,"Aug 30, 2018",2018,ATL,1.76,standard,1,UFA,0.25,0.25,0,0,0,free_agency,ATL,1,0,,0,2018,101.869,1.76,0.017277,-4.058374,2018,1,0,0,,,7,2.75817,6.144,Large,1,7,2.75817,6.144,Large,1
robyis01,Isaiah Roby,31604,"Aug 06, 2019",2019,DAL,4.8,standard,1,,0.25,0.27,0,0,0,free_agency,OKC,0,0,,1,2019,109.14,1.6,0.01466,-4.222628,2021,1,0,1,,1.5,4,3.26449,7.943,Large,1,47,0.7627,1.435,Small,0
robyis01,Isaiah Roby,31604,"Apr 09, 2023",2023,NYK,2.47,standard,1,RFA,0.25,0.26,0,0,0,rest_of_season,NYK,1,0,,0,2023,136.021,1.235,0.009079,-4.701738,2024,1,0,0,,,1,7.49451,19.113,Large,1,1,7.49451,19.113,Large,1
roddyda01,David Roddy,78149,"Jul 02, 2022",2022,MEM,12.99,standard,1,,0.25,0.28,0,0,0,free_agency,MEM,1,0,,2,2022,123.655,3.248,0.026263,-3.63961,2025,1,0,1,,2.58864,51,0.6663,1.358,Small,0,51,0.6663,1.358,Small,0
rodrise01,Sergio Rodríguez,2682,"Jul 12, 2016",2016,PHI,8.0,standard,1,UFA,0.35,0.35,0,0,0,free_agency,PHI,1,0,,0,2016,94.143,8.0,0.084977,-2.465373,2016,1,0,0,,8.0,5,3.14592,6.228,Large,1,5,3.14592,6.228,Large,1
rolliry01,Ryan Rollins,78155,"Jul 28, 2022",2022,GSW,4.76,standard,1,,0.25,0.27,0,0,0,free_agency,GSW,1,0,,0,2022,123.655,1.587,0.012831,-4.35586,2024,1,0,1,,1.017781,10,2.54248,4.749,Large,1,10,2.54248,4.749,Large,1
rolliry01,Ryan Rollins,78155,"Jul 09, 2025",2025,MIL,12.0,standard,1,UFA,0.25,0.27,0,0,0,free_agency,MIL,1,1,,0,2025,154.647,4.0,0.025865,-3.654851,2027,0,2,1,,4.0,38,0.9449,1.586,Small,0,38,0.9449,1.586,Small,0
rondora01,Rajon Rondo,2222,"Jul 03, 2006",2006,BOS,2.37,standard,1,,0.25,0.26,0,0,0,free_agency,BOS,1,0,,3,2006,,1.185,,,2007,1,0,1,,,9,2.58446,4.899,Large,1,9,2.58446,4.899,Large,1
rondora01,Rajon Rondo,2222,"Nov 02, 2009",2009,BOS,55.0,rookie-scale,1,,0.25,0.29,0,0,0,extension,BOS,1,0,,1,2010,,11.0,,,2014,1,0,1,,,9,2.58446,4.899,Large,1,9,2.58446,4.899,Large,1
rondora01,Rajon Rondo,2222,"Jul 14, 2015",2015,SAC,9.5,standard,1,UFA,0.3,0.3,0,0,0,free_agency,SAC,1,0,,1,2015,70.0,9.5,0.135714,-1.997203,2015,1,0,0,,9.5,20,1.49792,2.453,Small,0,20,1.49792,2.453,Small,0
rondora01,Rajon Rondo,2222,"Jul 03, 2016",2016,CHI,27.4,standard,1,UFA,0.35,0.364,0,0,0,free_agency,SAC,0,0,,1,2016,94.143,13.7,0.145523,-1.927419,2017,1,0,1,,14.0,3,3.65475,9.441,Large,1,20,1.49792,2.453,Small,0
rondora01,Rajon Rondo,2222,"Jul 19, 2017",2017,NOP,3.3,standard,1,UFA,0.35,0.35,0,0,0,free_agency,CHI,0,0,,1,2017,99.093,3.3,0.033302,-3.402136,2017,1,0,0,,3.0,50,0.67279,1.29,Small,0,3,3.65475,9.441,Large,1
rondora01,Rajon Rondo,2222,"Jul 06, 2018",2018,LAL,9.0,standard,1,UFA,0.35,0.35,0,0,0,free_agency,CHI,0,0,,1,2018,101.869,9.0,0.088349,-2.426463,2018,1,0,0,,9.0,2,5.83579,12.901,Large,1,3,3.65475,9.441,Large,1
rondora01,Rajon Rondo,2222,"Jul 08, 2019",2019,LAL,5.18,standard,1,UFA,0.35,0.364,0,0,0,free_agency,LAL,1,1,,1,2019,109.14,2.59,0.023731,-3.740974,2020,1,0,1,,2.564753,2,5.83579,12.901,Large,1,2,5.83579,12.901,Large,1
rondora01,Rajon Rondo,2222,"Nov 23, 2020",2020,ATL,15.0,standard,1,UFA,0.35,0.364,0,0,0,free_agency,LAL,0,0,,0,2020,109.14,7.5,0.068719,-2.677728,2021,1,0,1,,8.25,7,2.75817,6.144,Large,1,2,5.83579,12.901,Large,1
rondora01,Rajon Rondo,2222,"Aug 31, 2021",2021,LAL,2.64,standard,1,UFA,0.35,0.35,0,0,0,free_agency,LAC,0,0,,0,2021,112.414,2.64,0.023485,-3.75141,2021,1,0,0,,2.641691,2,5.83579,12.901,Large,1,2,5.83579,12.901,Large,1
rosede01,Derrick Rose,6095,"Jul 01, 2008",2008,CHI,10.0,standard,1,,0.25,0.26,0,0,0,free_agency,CHI,1,0,,3,2008,,5.0,,,2009,1,0,1,,,3,3.65475,9.441,Large,1,3,3.65475,9.441,Large,1
rosede01,Derrick Rose,6095,"Dec 21, 2011",2011,CHI,94.3,rookie-scale,1,,0.25,0.29,0,0,0,extension,CHI,1,0,,1,2012,,18.86,,,2016,1,0,1,,,3,3.65475,9.441,Large,1,3,3.65475,9.441,Large,1
rosede01,Derrick Rose,6095,"Jul 25, 2017",2017,CLE,2.1,standard,1,UFA,0.3,0.3,0,0,0,free_agency,NYK,0,0,,1,2017,99.093,2.1,0.021192,-3.854121,2017,1,0,0,,0.290951,19,1.55434,2.088,Medium,0,1,7.49451,19.113,Large,1
rosede01,Derrick Rose,6095,"Jul 04, 2018",2018,MIN,2.4,standard,1,UFA,0.35,0.35,0,0,0,free_agency,MIN,1,0,,1,2018,101.869,2.4,0.02356,-3.748219,2018,1,0,0,,2.17626,16,1.88668,3.703,Medium,0,16,1.88668,3.703,Medium,0
rosede01,Derrick Rose,6095,"Jul 06, 2019",2019,DET,15.0,standard,1,UFA,0.35,0.364,0,0,0,free_agency,MIN,0,0,,1,2019,109.14,7.5,0.068719,-2.677728,2020,1,0,1,,7.317073,14,1.94075,4.365,Medium,0,16,1.88668,3.703,Medium,0
rosede01,Derrick Rose,6095,"Aug 17, 2021",2021,NYK,43.56,standard,1,UFA,0.35,0.378,0,0,0,free_agency,NYK,1,0,,1,2021,112.414,14.52,0.129165,-2.046661,2023,1,0,1,,13.44512,1,7.49451,19.113,Large,1,1,7.49451,19.113,Large,1
rosede01,Derrick Rose,6095,"Jul 03, 2023",2023,MEM,6.55,standard,1,UFA,0.35,0.364,0,0,0,free_agency,NYK,0,0,,0,2023,136.021,3.275,0.024077,-3.726491,2024,1,0,1,,3.196448,51,0.6663,1.358,Small,0,1,7.49451,19.113,Large,1
rosste01,Terrence Ross,10816,"Jul 10, 2012",2012,TOR,5.24,standard,1,,0.25,0.26,0,0,0,free_agency,TOR,1,0,,2,2012,,2.62,,,2013,1,0,1,,,,,6.202,Large,1,,,6.202,Large,1
rosste01,Terrence Ross,10816,"Nov 02, 2015",2015,TOR,31.5,extension,1,,0.25,0.27,0,0,0,extension,TOR,1,0,,0,2016,94.143,10.5,0.111532,-2.19344,2018,1,0,1,,3.553917,,,6.202,Large,1,,,6.202,Large,1
rosste01,Terrence Ross,10816,"Jul 06, 2019",2019,ORL,54.0,standard,1,UFA,0.3,0.336,0,0,0,free_agency,ORL,1,0,,0,2019,109.14,13.5,0.123694,-2.089942,2022,1,0,1,,12.5,15,1.90242,2.673,Medium,0,15,1.90242,2.673,Medium,0
roziete01,Terry Rozier,17844,"Jul 27, 2015",2015,BOS,3.73,standard,1,,0.25,0.26,0,0,0,free_agency,BOS,1,0,,2,2015,70.0,1.865,0.026643,-3.625234,2016,1,0,1,,1.82436,9,2.58446,4.899,Large,1,9,2.58446,4.899,Large,1
roziete01,Terry Rozier,17844,"Jul 06, 2019",2019,CHA,56.7,standard,1,RFA,0.25,0.27,0,0,0,free_agency,BOS,0,0,,0,2019,109.14,18.9,0.173172,-1.75347,2021,1,0,1,,19.894737,21,1.38202,2.66,Small,0,9,2.58446,4.899,Large,1
roziete01,Terry Rozier,17844,"Aug 24, 2021",2021,CHA,96.26,extension,1,,0.3,0.336,0,0,0,extension,CHA,1,0,,0,2022,123.655,24.065,0.194614,-1.636737,2025,1,0,1,,17.905263,21,1.38202,2.66,Small,0,21,1.38202,2.66,Small,0
rubiori01,Ricky Rubio,6305,"May 30, 2011",2011,MIN,7.0,standard,1,RFA,0.25,0.26,0,0,0,free_agency,MIN,1,0,,2,2011,,3.5,,,2012,1,0,1,,,16,1.88668,3.703,Medium,0,16,1.88668,3.703,Medium,0
rubiori01,Ricky Rubio,6305,"Oct 31, 2014",2014,MIN,55.0,extension,1,,0.25,0.28,0,0,0,extension,MIN,1,0,,0,2015,70.0,13.75,0.196429,-1.627456,2018,1,0,1,,,16,1.88668,3.703,Medium,0,16,1.88668,3.703,Medium,0
rubiori01,Ricky Rubio,6305,"Jul 08, 2019",2019,PHX,51.0,standard,1,UFA,0.3,0.324,0,0,0,free_agency,UTA,0,0,,0,2019,109.14,17.0,0.155763,-1.859418,2021,1,0,1,,16.2,12,2.1982,5.059,Large,0,28,1.16352,1.266,Small,0
rubiori01,Ricky Rubio,6305,"Jul 07, 2022",2022,CLE,18.44,standard,1,UFA,0.35,0.378,0,0,0,free_agency,IND,0,0,,0,2022,123.655,6.147,0.049708,-3.001586,2024,1,0,1,,5.853659,19,1.55434,2.088,Medium,0,25,1.23221,2.126,Small,0
rudezda01,Damjan Rudež,15567,"Jul 11, 2014",2014,IND,2.25,standard,1,,0.25,0.26,0,0,0,free_agency,IND,1,0,,0,2014,63.065,1.125,0.017839,-4.026383,2015,1,0,1,,,25,1.23221,2.126,Small,0,25,1.23221,2.126,Small,0
ruperra01,Rayan Rupert,82212,"Jul 04, 2023",2023,POR,5.23,standard,1,,0.25,0.27,0,0,0,free_agency,POR,1,0,,1,2023,136.021,1.743,0.012817,-4.35701,2025,1,0,1,,1.119563,23,1.27792,2.511,Small,0,23,1.27792,2.511,Small,0
rushbr01,Brandon Rush,6114,"Jul 15, 2008",2008,IND,3.73,standard,1,,0.25,0.26,0,0,0,free_agency,IND,1,0,,4,2008,,1.865,,,2009,1,0,1,,,25,1.23221,2.126,Small,0,25,1.23221,2.126,Small,0
rushbr01,Brandon Rush,6114,"Jul 31, 2012",2012,GSW,8.0,standard,1,RFA,0.25,0.26,0,0,0,free_agency,GSW,1,0,,2,2012,,4.0,,,2013,1,0,1,,,10,2.54248,4.749,Large,1,10,2.54248,4.749,Large,1
rushbr01,Brandon Rush,6114,"Jul 22, 2014",2014,GSW,2.4,standard,1,UFA,0.25,0.26,0,0,0,free_agency,GSW,1,1,,1,2014,63.065,1.2,0.019028,-3.961844,2015,1,0,1,,,10,2.54248,4.749,Large,1,10,2.54248,4.749,Large,1
rushbr01,Brandon Rush,6114,"Jul 08, 2016",2016,MIN,3.5,standard,1,UFA,0.3,0.3,0,0,0,free_agency,GSW,0,0,,0,2016,94.143,3.5,0.037177,-3.292052,2016,1,0,0,,3.5,16,1.88668,3.703,Medium,0,10,2.54248,4.749,Large,1
russeda01,D'Angelo Russell,17830,"Jul 10, 2015",2015,LAL,10.4,standard,1,,0.25,0.26,0,0,0,free_agency,LAL,1,0,,4,2015,70.0,5.2,0.074286,-2.599837,2016,1,0,1,,5.10312,2,5.83579,12.901,Large,1,2,5.83579,12.901,Large,1
russeda01,D'Angelo Russell,17830,"Jul 07, 2019",2019,BKN,117.0,maximum,1,RFA,0.25,0.28,0,1,0,sign_and_trade,BKN,1,0,,2,2019,109.14,29.25,0.268004,-1.316752,2022,1,0,1,,27.285,1,7.49451,19.113,Large,1,1,7.49451,19.113,Large,1
russeda01,D'Angelo Russell,17830,"Jul 07, 2023",2023,LAL,36.0,standard,1,UFA,0.3,0.312,0,0,0,free_agency,LAL,1,1,,2,2023,136.021,18.0,0.132333,-2.022438,2024,1,0,1,,17.307693,2,5.83579,12.901,Large,1,2,5.83579,12.901,Large,1
russeda01,D'Angelo Russell,17830,"Jul 06, 2025",2025,DAL,11.65,standard,1,UFA,0.35,0.364,0,0,0,free_agency,BKN,0,0,,1,2025,154.647,5.825,0.037666,-3.278986,2026,0,1,1,,5.685,4,3.26449,7.943,Large,1,1,7.49451,19.113,Large,1
sabondo01,Domantas Sabonis,20216,"Aug 12, 2016",2016,OKC,11.18,rookie-scale,1,,0.25,0.28,0,0,0,rookie_scale,OKC,1,0,,2,2016,94.143,2.795,0.029689,-3.516983,2019,1,0,0,,2.4402,47,0.7627,1.435,Small,0,47,0.7627,1.435,Small,0
sabondo01,Domantas Sabonis,20216,"Oct 21, 2019",2019,IND,77.0,extension,1,,0.25,0.28,0,0,0,extension,IND,1,0,,0,2020,109.14,19.25,0.176379,-1.73512,2023,1,0,1,,3.529555,25,1.23221,2.126,Small,0,25,1.23221,2.126,Small,0
sabondo01,Domantas Sabonis,20216,"Jul 06, 2023",2023,SAC,186.0,extension,1,,0.3,0.336,1,0,0,renegotiation,SAC,1,0,,0,2023,136.021,46.5,0.341859,-1.073357,2026,0,1,0,,30.6,20,1.49792,2.453,Small,0,20,1.49792,2.453,Small,0
salauti01,Tidjane Salaün,91756,"Jul 03, 2024",2024,CHA,34.03,rookie-scale,1,,0.25,0.28,0,0,0,rookie_scale,CHA,1,0,,1,2024,140.588,8.508,0.060514,-2.804885,2027,0,2,0,,7.48872,21,1.38202,2.66,Small,0,21,1.38202,2.66,Small,0
samanlu01,Luka Šamanić,31576,"Jul 01, 2019",2019,SAS,13.03,rookie-scale,1,,0.25,0.28,0,0,0,rookie_scale,SAS,1,0,,1,2019,109.14,3.257,0.029847,-3.511671,2022,1,0,0,,2.68992,31,1.0964,2.602,Small,0,31,1.0964,2.602,Small,0
samanlu01,Luka Šamanić,31576,"Apr 07, 2023",2023,UTH,2.5,standard,1,RFA,0.25,0.26,0,0,0,rest_of_season,UTA,0,0,,0,2023,136.021,1.25,0.00919,-4.689666,2024,1,0,0,,2.066585,28,1.16352,1.266,Small,0,28,1.16352,1.266,Small,0
sampsja02,JaKarr Sampson,15838,"Sep 15, 2014",2014,PHI,2.33,standard,1,,0.25,0.27,0,0,0,free_agency,PHI,1,0,,0,2014,63.065,0.777,0.012315,-4.39691,2016,1,0,1,,,5,3.14592,6.228,Large,1,5,3.14592,6.228,Large,1
sampsja02,JaKarr Sampson,15838,"Feb 22, 2016",2016,DEN,1.24,standard,1,RFA,0.25,0.26,0,0,0,free_agency,DEN,1,0,,0,2016,94.143,0.62,0.006586,-5.022851,2017,1,0,1,,,17,1.80627,3.038,Medium,0,17,1.80627,3.038,Medium,0
sampsja02,JaKarr Sampson,15838,"Aug 02, 2019",2019,IND,1.74,standard,1,UFA,0.25,0.25,0,0,0,free_agency,CHI,0,0,,0,2019,109.14,1.74,0.015943,-4.138746,2019,1,0,0,,1.737145,25,1.23221,2.126,Small,0,3,3.65475,9.441,Large,1
sampsja02,JaKarr Sampson,15838,"Nov 29, 2020",2020,IND,1.62,standard,1,UFA,0.25,0.25,0,0,0,free_agency,IND,1,0,,0,2020,109.14,1.62,0.014843,-4.210205,2020,1,0,0,,1.620564,25,1.23221,2.126,Small,0,25,1.23221,2.126,Small,0
sandeko01,Kobe Sanders,99262,"Feb 07, 2026",2026,LAC,2.62,standard,1,RFA,0.25,0.26,0,0,0,rest_of_season,LAC,1,0,,1,2026,170.1117,1.31,0.007701,-4.866428,2027,0,2,0,,,2,5.83579,12.901,Large,1,2,5.83579,12.901,Large,1
sandeko01,Kobe Sanders,99262,"Jul 07, 2026",2026,LAC,11.28,standard,1,RFA,0.25,0.28,0,0,0,free_agency,LAC,1,0,,0,2026,170.1117,2.82,0.016577,-4.099718,2029,0,4,1,,,2,5.83579,12.901,Large,1,2,5.83579,12.901,Large,1
santogu01,Gui Santos,78165,"Nov 07, 2023",2023,GSW,5.14,standard,1,RFA,0.25,0.27,0,0,0,free_agency,GSW,1,0,,1,2023,136.021,1.713,0.012596,-4.374368,2025,1,0,1,,1.029483,10,2.54248,4.749,Large,1,10,2.54248,4.749,Large,1
santogu01,Gui Santos,78165,"Feb 28, 2026",2026,GSW,15.0,extension,1,,0.25,0.27,0,0,0,extension,GSW,1,1,,0,2027,187.12287,5.0,0.02672,-3.622328,2029,0,4,1,,,10,2.54248,4.749,Large,1,10,2.54248,4.749,Large,1
sarafbe01,Ben Saraf,98626,"Jul 03, 2025",2025,BKN,14.81,rookie-scale,1,,0.25,0.27,0,0,0,rookie_scale,BKN,1,0,,0,2025,154.647,4.937,0.031922,-3.444455,2027,0,2,0,,2.88456,1,7.49451,19.113,Large,1,1,7.49451,19.113,Large,1
saricda01,Dario Šarić,15364,"Jul 15, 2016",2016,PHI,4.74,standard,1,RFA,0.25,0.26,0,0,0,free_agency,PHI,1,0,,3,2016,94.143,2.37,0.025174,-3.681925,2017,1,0,1,,2.31828,5,3.14592,6.228,Large,1,5,3.14592,6.228,Large,1
saricda01,Dario Šarić,15364,"Nov 28, 2020",2020,PHX,27.0,standard,1,RFA,0.25,0.27,0,0,0,free_agency,PHX,1,0,,1,2020,109.14,9.0,0.082463,-2.495407,2022,1,0,1,,9.25,12,2.1982,5.059,Large,0,12,2.1982,5.059,Large,0
saricda01,Dario Šarić,15364,"Jul 12, 2024",2024,DEN,10.59,standard,1,UFA,0.3,0.312,0,0,0,free_agency,GSW,0,1,,1,2024,140.588,5.295,0.037663,-3.279071,2025,1,0,1,,5.168,17,1.80627,3.038,Medium,0,10,2.54248,4.749,Large,1
sarral01,Alex Sarr,91734,"Jul 06, 2024",2024,WAS,51.04,rookie-scale,1,,0.25,0.28,0,0,0,rookie_scale,WAS,1,0,,1,2024,140.588,12.76,0.090762,-2.399518,2027,0,2,0,,11.24568,8,2.63064,6.385,Large,1,8,2.63064,6.385,Large,1
sassema01,Marcus Sasser,84442,"Jul 05, 2023",2023,DET,13.46,rookie-scale,1,,0.25,0.28,0,0,0,rookie_scale,DET,1,0,,2,2023,136.021,3.365,0.024739,-3.699381,2026,0,1,0,,2.62404,14,1.94075,4.365,Medium,0,14,1.94075,4.365,Medium,0
satorto01,Tomáš Satoranský,10857,"Jul 21, 2016",2016,WAS,9.0,standard,1,RFA,0.25,,0,0,0,free_agency,WAS,1,0,,0,2016,94.143,,,,,,,0,,2.870813,8,2.63064,6.385,Large,1,8,2.63064,6.385,Large,1
satorto01,Tomáš Satoranský,10857,,2019,WAS,30.0,standard,1,RFA,0.25,0.27,0,0,0,free_agency,WAS,1,0,,0,2019,109.14,10.0,0.091625,-2.390046,2021,1,0,1,,9.375,8,2.63064,6.385,Large,1,8,2.63064,6.385,Large,1
scheiba01,Baylor Scheierman,91780,"Jul 06, 2024",2024,BOS,12.81,rookie-scale,1,,0.25,0.28,0,0,0,rookie_scale,BOS,1,0,,1,2024,140.588,3.203,0.022779,-3.781902,2027,0,2,0,,2.49432,9,2.58446,4.899,Large,1,9,2.58446,4.899,Large,1
schofad01,Admiral Schofield,31601,"Jul 12, 2019",2019,WAS,4.2,standard,1,,0.25,0.27,0,0,0,free_agency,WAS,1,0,,1,2019,109.14,1.4,0.012828,-4.356159,2021,1,0,1,,1.0,8,2.63064,6.385,Large,1,8,2.63064,6.385,Large,1
schrode01,Dennis Schröder,13330,"Jul 11, 2013",2013,ATL,3.04,standard,1,,0.25,0.26,0,0,0,free_agency,ATL,1,0,,2,2013,,1.52,,,2014,1,0,1,,,7,2.75817,6.144,Large,1,7,2.75817,6.144,Large,1
schrode01,Dennis Schröder,13330,"Oct 26, 2016",2016,ATL,70.0,extension,1,,0.25,0.28,0,0,0,extension,ATL,1,0,,0,2017,99.093,17.5,0.176602,-1.733858,2020,1,0,1,,2.708582,7,2.75817,6.144,Large,1,7,2.75817,6.144,Large,1
schrode01,Dennis Schröder,13330,"Aug 13, 2021",2021,BOS,5.89,standard,1,UFA,0.3,0.3,0,0,0,free_agency,LAL,0,0,,0,2021,112.414,5.89,0.052396,-2.948932,2021,1,0,0,,5.89,9,2.58446,4.899,Large,1,2,5.83579,12.901,Large,1
schrode01,Dennis Schröder,13330,"Sep 16, 2022",2022,LAL,2.64,standard,1,UFA,0.3,0.3,0,0,0,free_agency,HOU,0,0,,0,2022,123.655,2.64,0.02135,-3.846717,2022,1,0,0,,1.83609,2,5.83579,12.901,Large,1,6,2.79742,7.206,Large,1
schrode01,Dennis Schröder,13330,"Jul 12, 2023",2023,TOR,25.43,standard,1,UFA,0.35,0.364,0,0,0,free_agency,LAL,0,0,,0,2023,136.021,12.715,0.093478,-2.370027,2024,1,0,1,,12.405,,,6.202,Large,1,2,5.83579,12.901,Large,1
schrode01,Dennis Schröder,13330,"Jul 07, 2025",2025,DET,44.43,standard,1,UFA,0.35,0.378,0,0,0,sign_and_trade,DET,1,0,,0,2025,154.647,14.81,0.095766,-2.345842,2027,0,2,1,,14.104,14,1.94075,4.365,Medium,0,14,1.94075,4.365,Medium,0
scolalu01,Luis Scola,2400,"Jul 14, 2007",2007,HOU,9.4,standard,1,UFA,0.25,0.27,0,0,0,free_agency,HOU,1,0,,0,2007,,3.133,,,2009,1,0,1,,,6,2.79742,7.206,Large,1,6,2.79742,7.206,Large,1
scolalu01,Luis Scola,2400,"Jul 16, 2010",2010,HOU,47.0,standard,1,RFA,0.25,0.29,0,0,0,free_agency,HOU,1,0,,0,2010,,9.4,,,2014,1,0,1,,,6,2.79742,7.206,Large,1,6,2.79742,7.206,Large,1
scolalu01,Luis Scola,2400,"Jul 15, 2015",2015,TOR,2.9,standard,1,UFA,0.3,0.3,0,0,0,free_agency,TOR,1,0,,0,2015,70.0,2.9,0.041429,-3.183785,2015,1,0,0,,3.0,,,6.202,Large,1,,,6.202,Large,1
scolalu01,Luis Scola,2400,"Jul 13, 2016",2016,BKN,5.5,standard,1,UFA,0.3,0.3,0,0,0,free_agency,TOR,0,0,,0,2016,94.143,5.5,0.058422,-2.840067,2016,1,0,0,,5.0,1,7.49451,19.113,Large,1,,,6.202,Large,1
scottmi01,Mike Scott,10868,"Sep 06, 2012",2012,ATL,1.26,standard,1,,0.25,0.26,0,0,0,free_agency,ATL,1,0,,0,2012,,0.63,,,2013,1,0,1,,,7,2.75817,6.144,Large,1,7,2.75817,6.144,Large,1
scottmi01,Mike Scott,10868,"Aug 25, 2014",2014,ATL,10.0,standard,1,RFA,0.25,0.27,0,0,0,free_agency,ATL,1,0,,0,2014,63.065,3.333,0.052856,-2.940193,2016,1,0,1,,,7,2.75817,6.144,Large,1,7,2.75817,6.144,Large,1
scottmi01,Mike Scott,10868,"Jul 08, 2017",2017,WAS,1.7,standard,1,UFA,0.25,0.25,0,0,0,free_agency,PHX,0,0,,0,2017,99.093,1.7,0.017156,-4.065431,2017,1,0,0,,1.471382,8,2.63064,6.385,Large,1,12,2.1982,5.059,Large,0
scottmi01,Mike Scott,10868,"Jul 09, 2018",2018,LAC,4.32,standard,1,UFA,0.25,0.25,0,0,0,free_agency,WAS,0,0,,0,2018,101.869,4.32,0.042407,-3.160432,2018,1,0,0,,4.3205,2,5.83579,12.901,Large,1,8,2.63064,6.385,Large,1
scottmi01,Mike Scott,10868,"Jul 11, 2019",2019,PHI,9.8,standard,1,UFA,0.3,0.312,0,0,0,free_agency,PHI,1,0,,0,2019,109.14,4.9,0.044896,-3.103396,2020,1,0,1,,4.767,5,3.14592,6.228,Large,1,5,3.14592,6.228,Large,1
sefolth01,Thabo Sefolosha,2250,"Jul 06, 2006",2006,CHI,3.48,standard,1,,0.25,0.26,0,0,0,free_agency,CHI,1,0,,2,2006,,1.74,,,2007,1,0,1,,,3,3.65475,9.441,Large,1,3,3.65475,9.441,Large,1
sefolth01,Thabo Sefolosha,2250,"Jul 10, 2014",2014,OKC,12.0,standard,1,UFA,0.3,0.324,0,0,0,sign_and_trade,,,0,,0,2014,63.065,4.0,0.063427,-2.757872,2016,1,0,1,,,47,0.7627,1.435,Small,0,,,,,
sefolth01,Thabo Sefolosha,2250,"Sep 23, 2019",2019,HOU,2.56,standard,1,UFA,0.35,0.35,0,0,0,free_agency,UTA,0,0,,0,2019,109.14,2.56,0.023456,-3.752624,2019,1,0,0,,2.564753,6,2.79742,7.206,Large,1,28,1.16352,1.266,Small,0
seldewa01,Wayne Selden,20921,"Mar 18, 2017",2017,MEM,1.4,standard,1,RFA,0.25,0.26,0,0,0,free_agency,NOP,0,0,,1,2017,99.093,0.7,0.007064,-4.952734,2018,1,0,1,,1.312611,51,0.6663,1.358,Small,0,50,0.67279,1.29,Small,0
seldewa01,Wayne Selden,20921,"Jul 01, 2017",2017,MEM,2.86,standard,1,RFA,0.25,0.26,0,0,0,free_agency,NOP,0,0,,0,2017,99.093,1.43,0.014431,-4.238384,2018,1,0,1,,1.312611,51,0.6663,1.358,Small,0,50,0.67279,1.29,Small,0
sengual01,Alperen Şengün,74123,"Aug 07, 2021",2021,HOU,15.55,rookie-scale,1,,0.25,0.28,0,0,0,rookie_scale,HOU,1,0,,2,2021,112.414,3.888,0.034582,-3.364422,2024,1,0,0,,3.21468,6,2.79742,7.206,Large,1,6,2.79742,7.206,Large,1
sengual01,Alperen Şengün,74123,"Oct 21, 2024",2024,HOU,185.0,rookie-scale,1,,0.25,0.29,0,0,0,extension,HOU,1,1,,0,2025,154.647,37.0,0.239255,-1.430227,2029,0,4,1,,5.424654,6,2.79742,7.206,Large,1,6,2.79742,7.206,Large,1
sensabr01,Brice Sensabaugh,82213,"Jul 02, 2023",2023,UTA,12.58,rookie-scale,1,,0.25,0.28,0,0,0,rookie_scale,UTA,1,0,,2,2023,136.021,3.145,0.023121,-3.766995,2026,0,1,0,,2.4486,28,1.16352,1.266,Small,0,28,1.16352,1.266,Small,0
serapke01,Kevin Séraphin,6899,"Jul 29, 2010",2010,WAS,3.24,standard,1,,0.25,0.26,0,0,0,free_agency,WAS,1,0,,2,2010,,1.62,,,2011,1,0,1,,,8,2.63064,6.385,Large,1,8,2.63064,6.385,Large,1
serapke01,Kevin Séraphin,6899,"Jul 18, 2014",2014,WAS,3.9,standard,1,RFA,0.25,0.25,0,0,0,rfa_match,WAS,1,0,,0,2014,63.065,3.9,0.061841,-2.783189,2014,1,0,0,,,8,2.63064,6.385,Large,1,8,2.63064,6.385,Large,1
serapke01,Kevin Séraphin,6899,"Aug 06, 2015",2015,NYK,2.8,standard,1,UFA,0.25,0.25,0,0,0,free_agency,NYK,1,0,,0,2015,70.0,2.8,0.04,-3.218876,2015,1,0,0,,2.8,1,7.49451,19.113,Large,1,1,7.49451,19.113,Large,1
sessira01,Ramon Sessions,2566,"Sep 11, 2007",2007,MIL,1.15,standard,1,,0.25,0.26,0,0,0,free_agency,MIL,1,0,,2,2007,,0.575,,,2008,1,0,1,,,38,0.9449,1.586,Small,0,38,0.9449,1.586,Small,0
sessira01,Ramon Sessions,2566,"Sep 04, 2009",2009,MIN,16.4,standard,1,RFA,0.25,0.28,0,0,0,free_agency,MIN,1,0,,2,2009,,4.1,,,2012,1,0,1,,,16,1.88668,3.703,Medium,0,16,1.88668,3.703,Medium,0
sessira01,Ramon Sessions,2566,"Jul 13, 2012",2012,CHA,10.0,standard,1,RFA,0.25,0.26,0,0,0,free_agency,CHA,1,0,,1,2012,,5.0,,,2013,1,0,1,,,21,1.38202,2.66,Small,0,21,1.38202,2.66,Small,0
sessira01,Ramon Sessions,2566,"Sep 22, 2014",2014,SAC,4.25,standard,1,UFA,0.25,0.26,0,0,0,free_agency,SAC,1,0,,1,2014,63.065,2.125,0.033695,-3.390394,2015,1,0,1,,,20,1.49792,2.453,Small,0,20,1.49792,2.453,Small,0
sessira01,Ramon Sessions,2566,"Jul 07, 2016",2016,CHA,6.0,standard,1,UFA,0.3,0.3,0,0,0,free_agency,WAS,0,0,,1,2016,94.143,6.0,0.063733,-2.753055,2016,1,0,0,,6.0,21,1.38202,2.66,Small,0,8,2.63064,6.385,Large,1
sessira01,Ramon Sessions,2566,"Aug 08, 2017",2017,NYK,2.3,standard,1,UFA,0.3,0.3,0,0,0,free_agency,CHA,0,0,,0,2017,99.093,2.3,0.023211,-3.76315,2017,1,0,0,,0.390706,1,7.49451,19.113,Large,1,21,1.38202,2.66,Small,0
sextoco01,Collin Sexton,26974,"Jul 04, 2018",2018,CLE,20.18,rookie-scale,1,,0.25,0.28,0,0,0,rookie_scale,CLE,1,0,,2,2018,101.869,5.045,0.049524,-3.00529,2021,1,0,0,,4.0686,19,1.55434,2.088,Medium,0,19,1.55434,2.088,Medium,0
sextoco01,Collin Sexton,26974,"Sep 03, 2022",2022,CLE,70.95,standard,1,RFA,0.25,0.28,0,0,0,sign_and_trade,CLE,1,0,,0,2022,123.655,17.738,0.143443,-1.941814,2025,1,0,1,,16.5,19,1.55434,2.088,Medium,0,19,1.55434,2.088,Medium,0
sextoco01,Collin Sexton,26974,"Jul 11, 2026",2026,LAL,19.2,standard,1,UFA,0.3,0.312,0,0,0,free_agency,CHI,0,1,,0,2026,170.1117,9.6,0.056434,-2.874692,2027,0,2,1,,,2,5.83579,12.901,Large,1,3,3.65475,9.441,Large,1
shamela01,Landry Shamet,26992,"Jul 04, 2018",2018,PHI,9.56,rookie-scale,1,,0.25,0.28,0,0,0,rookie_scale,LAC,0,0,,2,2018,101.869,2.39,0.023462,-3.752394,2021,1,0,0,,1.70364,5,3.14592,6.228,Large,1,2,5.83579,12.901,Large,1
shamela01,Landry Shamet,26992,"Oct 18, 2021",2021,PHX,42.5,rookie-scale,1,,0.25,0.28,0,0,0,extension,BKN,0,0,,0,2022,123.655,10.625,0.085925,-2.454286,2025,1,0,1,,3.768342,12,2.1982,5.059,Large,0,1,7.49451,19.113,Large,1
shamela01,Landry Shamet,26992,"Dec 23, 2024",2024,NYK,1.68,standard,1,UFA,0.25,0.25,0,0,0,rest_of_season,WAS,0,0,,0,2024,140.588,1.68,0.01195,-4.42704,2024,1,0,0,,1.34369,1,7.49451,19.113,Large,1,8,2.63064,6.385,Large,1
shamela01,Landry Shamet,26992,"Jul 06, 2026",2026,NYK,23.98,standard,1,UFA,0.3,0.336,0,0,0,free_agency,NYK,1,1,,0,2026,170.1117,5.995,0.035242,-3.345529,2029,0,4,1,,,1,7.49451,19.113,Large,1,1,7.49451,19.113,Large,1
shannte01,Terrence Shannon Jr.,91774,"Jul 08, 2024",2024,MIN,13.08,rookie-scale,1,,0.25,0.28,0,0,0,extension,MIN,1,0,,1,2025,154.647,3.27,0.021145,-3.856355,2028,0,3,1,,2.54664,16,1.88668,3.703,Medium,0,16,1.88668,3.703,Medium,0
sharpda01,Day'Ron Sharpe,74136,"Aug 06, 2021",2021,BKN,10.18,rookie-scale,1,,0.25,0.28,0,0,0,rookie_scale,BKN,1,0,,4,2021,112.414,2.545,0.02264,-3.788058,2024,1,0,0,,2.00904,1,7.49451,19.113,Large,1,1,7.49451,19.113,Large,1
sharpda01,Day'Ron Sharpe,74136,"Sep 03, 2025",2025,BKN,12.5,standard,1,UFA,0.25,0.26,0,0,0,free_agency,BKN,1,0,,2,2025,154.647,6.25,0.040415,-3.208564,2026,0,1,1,,6.25,1,7.49451,19.113,Large,1,1,7.49451,19.113,Large,1
sharpda01,Day'Ron Sharpe,74136,"Jul 06, 2026",2026,BKN,20.0,standard,1,UFA,0.25,0.26,0,0,0,free_agency,BKN,1,0,,0,2026,170.1117,10.0,0.058785,-2.83387,2027,0,2,1,,,1,7.49451,19.113,Large,1,1,7.49451,19.113,Large,1
sharpsh01,Shaedon Sharpe,78113,"Jul 01, 2022",2022,POR,27.34,rookie-scale,1,,0.25,0.28,0,0,0,rookie_scale,POR,1,0,,2,2022,123.655,6.835,0.055275,-2.895439,2025,1,0,0,,6.01296,23,1.27792,2.511,Small,0,23,1.27792,2.511,Small,0
sharpsh01,Shaedon Sharpe,78113,"Oct 19, 2025",2025,POR,90.0,rookie-scale,1,,0.25,0.28,0,0,0,extension,POR,1,0,,0,2026,170.1117,22.5,0.132266,-2.02294,2029,0,4,1,,8.399983,23,1.27792,2.511,Small,0,23,1.27792,2.511,Small,0
sheadja01,Jamal Shead,93955,,2024,TOR,6.113913,standard,1,,0.25,0.27,0,0,0,free_agency,TOR,1,0,,1,2024,140.588,2.038,0.014496,-4.233879,2026,0,1,1,,1.862265,,,6.202,Large,1,,,6.202,Large,1
sheppbe01,Ben Sheppard,84440,"Jul 01, 2023",2023,IND,13.02,rookie-scale,1,,0.25,0.28,0,0,0,rookie_scale,IND,1,0,,2,2023,136.021,3.255,0.02393,-3.732617,2026,0,1,0,,2.53716,25,1.23221,2.126,Small,0,25,1.23221,2.126,Small,0
sheppre01,Reed Sheppard,91739,"Jul 02, 2024",2024,HOU,45.85,rookie-scale,1,,0.25,0.28,0,0,0,rookie_scale,HOU,1,0,,1,2024,140.588,11.463,0.081533,-2.506753,2027,0,2,0,,10.09896,6,2.79742,7.206,Large,1,6,2.79742,7.206,Large,1
shumpim01,Iman Shumpert,8068,"Dec 11, 2011",2011,NYK,3.34,standard,1,,0.25,0.26,0,0,0,free_agency,NYK,1,0,,3,2011,,1.67,,,2012,1,0,1,,,1,7.49451,19.113,Large,1,1,7.49451,19.113,Large,1
shumpim01,Iman Shumpert,8068,"Jul 09, 2015",2015,CLE,40.0,standard,1,RFA,0.25,0.28,0,0,0,free_agency,CLE,1,0,,1,2015,70.0,10.0,0.142857,-1.94591,2018,1,0,1,,9.0,19,1.55434,2.088,Medium,0,19,1.55434,2.088,Medium,0
shumpim01,Iman Shumpert,8068,"Nov 13, 2019",2019,BKN,2.03,standard,1,UFA,0.3,0.3,0,0,0,free_agency,HOU,0,0,,0,2019,109.14,2.03,0.0186,-3.984596,2019,1,0,0,,0.419443,1,7.49451,19.113,Large,1,6,2.79742,7.206,Large,1
siakapa01,Pascal Siakam,20232,"Jul 09, 2016",2016,TOR,6.41,rookie-scale,1,,0.25,0.28,0,0,0,rookie_scale,TOR,1,0,,2,2016,94.143,1.603,0.017022,-4.07325,2019,1,0,0,,1.19604,,,6.202,Large,1,,,6.202,Large,1
siakapa01,Pascal Siakam,20232,"Oct 21, 2019",2019,TOR,136.9,extension,1,,0.25,0.28,1,0,0,extension,TOR,1,0,,0,2020,109.14,34.225,0.313588,-1.159675,2023,1,0,1,,2.351839,,,6.202,Large,1,,,6.202,Large,1
siakapa01,Pascal Siakam,20232,"Jul 06, 2024",2024,IND,188.95,standard,1,UFA,0.3,0.336,0,0,0,free_agency,IND,1,0,,0,2024,140.588,47.237,0.336,-1.090646,2027,0,2,1,,42.1764,25,1.23221,2.126,Small,0,25,1.23221,2.126,Small,0
silvach01,Chris Silva,32319,"Jan 15, 2020",2020,MIA,1.98,two-way,1,RFA,0.25,0.26,0,0,0,rest_of_season,MIA,1,0,,0,2020,109.14,0.99,0.009071,-4.702682,2021,1,0,0,,1.517981,18,1.75692,6.266,Medium,0,18,1.75692,6.266,Medium,0
simmobe01,Ben Simmons,20206,"Jul 02, 2016",2016,PHI,26.62,rookie-scale,1,,0.25,0.28,0,0,0,rookie_scale,PHI,1,0,,2,2016,94.143,6.655,0.07069,-2.649446,2019,1,0,0,,5.90316,5,3.14592,6.228,Large,1,5,3.14592,6.228,Large,1
simmobe01,Ben Simmons,20206,"Jul 16, 2019",2019,PHI,177.2,maximum,1,,0.25,0.29,1,1,0,extension,PHI,1,0,,0,2020,109.14,35.44,0.324721,-1.12479,2024,1,0,1,,8.11393,5,3.14592,6.228,Large,1,5,3.14592,6.228,Large,1
simmojo02,Jonathon Simmons,17983,"Jul 22, 2015",2015,SAS,1.4,standard,1,,0.25,0.26,0,0,0,free_agency,SAS,1,0,,0,2015,70.0,0.7,0.01,-4.60517,2016,1,0,1,,0.525093,31,1.0964,2.602,Small,0,31,1.0964,2.602,Small,0
simmoko01,Kobi Simmons,23674,"Sep 16, 2019",2019,CHA,1.62,standard,1,RFA,0.25,0.25,0,0,0,free_agency,CLE,0,0,,0,2019,109.14,1.62,0.014843,-4.210205,2019,1,0,0,,0.0,21,1.38202,2.66,Small,0,19,1.55434,2.088,Medium,0
simmoko01,Kobi Simmons,23674,"Apr 07, 2023",2023,CHA,2.1,two-way,1,UFA,0.25,0.26,0,0,0,rest_of_season,CHA,1,0,,0,2023,136.021,1.05,0.007719,-4.864019,2024,1,0,0,,0.116075,21,1.38202,2.66,Small,0,21,1.38202,2.66,Small,0
simonan01,Anfernee Simons,26990,"Jul 02, 2018",2018,POR,10.18,rookie-scale,1,,0.25,0.28,0,0,0,rookie_scale,POR,1,0,,2,2018,101.869,2.545,0.024983,-3.689557,2021,1,0,0,,1.83552,23,1.27792,2.511,Small,0,23,1.27792,2.511,Small,0
simonan01,Anfernee Simons,26990,"Jul 06, 2022",2022,POR,100.0,standard,1,RFA,0.25,0.28,0,0,0,free_agency,POR,1,0,,0,2022,123.655,25.0,0.202175,-1.59862,2025,1,0,1,,22.321429,23,1.27792,2.511,Small,0,23,1.27792,2.511,Small,0
simonan01,Anfernee Simons,26990,"Jul 06, 2026",2026,PHI,12.3,standard,1,UFA,0.3,0.312,0,0,0,free_agency,CHI,0,1,,0,2026,170.1117,6.15,0.036153,-3.320003,2027,0,2,1,,,5,3.14592,6.228,Large,1,3,3.65475,9.441,Large,1
simsje01,Jericho Sims,74166,"Jul 10, 2022",2022,NYK,5.66,standard,1,RFA,0.25,0.27,0,0,0,free_agency,NYK,1,0,,2,2022,123.655,1.887,0.015258,-4.182684,2024,1,0,1,,1.639842,1,7.49451,19.113,Large,1,1,7.49451,19.113,Large,1
simsje01,Jericho Sims,74166,"Jul 09, 2025",2025,MIL,5.26,standard,1,RFA,0.25,0.26,0,0,0,free_agency,MIL,1,0,,1,2025,154.647,2.63,0.017006,-4.074161,2026,0,1,1,,2.461463,38,0.9449,1.586,Small,0,38,0.9449,1.586,Small,0
singlky01,Kyle Singler,8085,"Jul 11, 2012",2012,DET,3.135,standard,1,RFA,0.25,0.27,0,0,0,free_agency,DET,1,0,,0,2012,,1.045,,,2014,1,0,1,,,14,1.94075,4.365,Medium,0,14,1.94075,4.365,Medium,0
singlky01,Kyle Singler,8085,"Jul 09, 2015",2015,OKC,19.0,standard,1,RFA,0.25,0.28,0,0,0,free_agency,OKC,1,0,,0,2015,70.0,4.75,0.067857,-2.690351,2018,1,0,1,,5.0,47,0.7627,1.435,Small,0,47,0.7627,1.435,Small,0
sloando01,Donald Sloan,8678,"Dec 09, 2011",2011,ATL,0.473604,standard,1,,0.25,0.25,0,0,0,free_agency,ATL,1,0,,0,2011,,0.474,,,2011,1,0,0,,,7,2.75817,6.144,Large,1,7,2.75817,6.144,Large,1
sloando01,Donald Sloan,8678,"Jul 03, 2013",2013,IND,1.8,standard,1,RFA,0.25,0.26,0,0,0,free_agency,IND,1,0,,0,2013,,0.9,,,2014,1,0,1,,,25,1.23221,2.126,Small,0,25,1.23221,2.126,Small,0
sloando01,Donald Sloan,8678,"Aug 10, 2015",2015,BKN,1.02,standard,1,RFA,0.25,0.25,0,0,0,free_agency,BKN,1,0,,0,2015,70.0,1.02,0.014571,-4.228693,2015,1,0,0,,1.015421,1,7.49451,19.113,Large,1,1,7.49451,19.113,Large,1
smartma01,Marcus Smart,15358,"Jul 05, 2014",2014,BOS,6.71,standard,1,,0.25,0.26,0,0,0,free_agency,BOS,1,0,,3,2014,63.065,3.355,0.053199,-2.933714,2015,1,0,1,,,9,2.58446,4.899,Large,1,9,2.58446,4.899,Large,1
smartma01,Marcus Smart,15358,"Jul 19, 2018",2018,BOS,52.0,standard,1,RFA,0.25,0.28,0,0,0,free_agency,BOS,1,0,,1,2018,101.869,13.0,0.127615,-2.058738,2021,1,0,1,,11.660716,9,2.58446,4.899,Large,1,9,2.58446,4.899,Large,1
smartma01,Marcus Smart,15358,"Aug 21, 2021",2021,BOS,76.49,extension,1,,0.3,0.336,0,0,0,extension,BOS,1,0,,1,2022,123.655,19.122,0.154644,-1.86663,2025,1,0,1,,13.839285,9,2.58446,4.899,Large,1,9,2.58446,4.899,Large,1
smartma01,Marcus Smart,15358,"Jul 22, 2025",2025,LAL,10.52,standard,1,UFA,0.35,0.364,0,0,0,free_agency,WAS,0,1,,1,2025,154.647,5.26,0.034013,-3.381014,2026,0,1,1,,5.134,2,5.83579,12.901,Large,1,8,2.63064,6.385,Large,1
smartma01,Marcus Smart,15358,"Jul 10, 2026",2026,HOU,12.43,standard,1,UFA,0.35,0.364,0,0,0,free_agency,LAL,0,1,,0,2026,170.1117,6.215,0.036535,-3.30949,2027,0,2,1,,,6,2.79742,7.206,Large,1,2,5.83579,12.901,Large,1
smithde03,Dennis Smith Jr.,23604,"Jul 05, 2017",2017,DAL,17.19,rookie-scale,1,,0.25,0.28,0,0,0,rookie_scale,DAL,1,0,,2,2017,99.093,4.298,0.043368,-3.138025,2020,1,0,0,,3.21828,4,3.26449,7.943,Large,1,4,3.26449,7.943,Large,1
smithde03,Dennis Smith Jr.,23604,"Jul 08, 2023",2023,BKN,2.53,standard,1,UFA,0.25,0.25,0,0,0,free_agency,CHA,0,0,,0,2023,136.021,2.53,0.0186,-3.98459,2023,1,0,0,,2.019706,1,7.49451,19.113,Large,1,21,1.38202,2.66,Small,0
smithdr01,Dru Smith,74420,"Oct 21, 2023",2023,MIA,3.92,two-way,1,,0.25,0.26,0,0,0,two_way,MIA,1,0,,0,2023,136.021,1.96,0.01441,-4.239865,2024,1,0,0,,1.801769,18,1.75692,6.266,Medium,0,18,1.75692,6.266,Medium,0
smithdr01,Dru Smith,74420,"Aug 16, 2025",2025,MIA,7.9,standard,1,RFA,0.25,0.27,0,0,0,free_agency,MIA,1,0,,0,2025,154.647,2.633,0.017028,-4.072895,2027,0,2,1,,2.37887,18,1.75692,6.266,Medium,0,18,1.75692,6.266,Medium,0
smithis01,Ish Smith,7116,"Aug 23, 2010",2010,HOU,1.26,standard,1,,0.25,0.26,0,0,0,free_agency,HOU,1,0,,0,2010,,0.63,,,2011,1,0,1,,,6,2.79742,7.206,Large,1,6,2.79742,7.206,Large,1
smithis01,Ish Smith,7116,"Feb 02, 2012",2012,ORL,0.522472,standard,1,RFA,0.25,0.25,0,0,0,free_agency,ORL,1,0,,0,2012,,0.522,,,2012,1,0,0,,,15,1.90242,2.673,Medium,0,15,1.90242,2.673,Medium,0
smithis01,Ish Smith,7116,"Aug 15, 2012",2012,ORL,2.85,standard,1,RFA,0.25,0.27,0,0,0,free_agency,ORL,1,0,,0,2012,,0.95,,,2014,1,0,1,,,15,1.90242,2.673,Medium,0,15,1.90242,2.673,Medium,0
smithis01,Ish Smith,7116,"Jul 18, 2014",2014,HOU,0.981,standard,1,RFA,0.25,0.25,0,0,0,free_agency,HOU,1,0,,0,2014,63.065,0.981,0.015555,-4.163349,2014,1,0,0,,,6,2.79742,7.206,Large,1,6,2.79742,7.206,Large,1
smithis01,Ish Smith,7116,"Nov 07, 2014",2014,OKC,0.923,standard,1,RFA,0.25,0.25,0,0,0,free_agency,OKC,1,0,,0,2014,63.065,0.923,0.014636,-4.224292,2014,1,0,0,,,47,0.7627,1.435,Small,0,47,0.7627,1.435,Small,0
smithis01,Ish Smith,7116,"Sep 08, 2015",2015,WAS,1.1,standard,1,UFA,0.25,0.25,0,0,0,free_agency,PHI,0,0,,0,2015,70.0,1.1,0.015714,-4.153185,2015,1,0,0,,1.100602,8,2.63064,6.385,Large,1,5,3.14592,6.228,Large,1
smithis01,Ish Smith,7116,"Jul 08, 2016",2016,DET,18.0,standard,1,UFA,0.25,0.27,0,0,0,free_agency,PHI,0,0,,0,2016,94.143,6.0,0.063733,-2.753055,2018,1,0,1,,6.0,14,1.94075,4.365,Medium,0,5,3.14592,6.228,Large,1
smithis01,Ish Smith,7116,"Aug 07, 2021",2021,CHA,9.23,standard,1,UFA,0.35,0.364,0,0,0,free_agency,WAS,0,0,,0,2021,112.414,4.615,0.041054,-3.192877,2022,1,0,1,,4.5,21,1.38202,2.66,Small,0,8,2.63064,6.385,Large,1
smithis01,Ish Smith,7116,"Oct 24, 2023",2023,CHA,3.2,standard,1,UFA,0.35,0.35,0,0,0,free_agency,DEN,0,0,,0,2023,136.021,3.2,0.023526,-3.749658,2023,1,0,0,,2.019706,21,1.38202,2.66,Small,0,17,1.80627,3.038,Medium,0
smithja02,Jason Smith,6018,"Jul 30, 2009",2009,STL,61.775,standard,1,RFA,0.25,0.3,0,0,0,free_agency,STL,1,0,,0,2009,,10.296,,,2014,1,0,1,,,24,1.27387,2.81,Small,0,24,1.27387,2.81,Small,0
smithja02,Jason Smith,6018,"Apr 22, 2012",2012,STL,16.5,standard,1,UFA,0.25,0.26,0,0,0,free_agency,STL,1,0,,0,2012,,8.25,,,2013,1,0,1,,,24,1.27387,2.81,Small,0,24,1.27387,2.81,Small,0
smithja02,Jason Smith,6018,"Aug 22, 2013",2013,NYJ,0.715,standard,1,UFA,0.25,0.25,0,0,0,free_agency,NYJ,1,0,,0,2013,,0.715,,,2013,1,0,0,,,,,,,,,,,,
smithja04,Jalen Smith,70652,"Nov 24, 2020",2020,PHX,19.33,rookie-scale,1,,0.25,0.28,0,0,0,rookie_scale,PHX,1,0,,2,2020,109.14,4.832,0.044278,-3.117268,2023,1,0,0,,4.24572,12,2.1982,5.059,Large,0,12,2.1982,5.059,Large,0
smithja04,Jalen Smith,70652,"Jul 06, 2022",2022,IND,15.13,standard,1,RFA,0.25,0.27,0,0,0,free_agency,IND,1,1,,1,2022,123.655,5.043,0.040786,-3.199428,2024,1,0,1,,4.67016,25,1.23221,2.126,Small,0,25,1.23221,2.126,Small,0
smithja04,Jalen Smith,70652,"Jul 08, 2024",2024,CHI,27.0,standard,1,RFA,0.25,0.27,0,0,0,free_agency,IND,0,0,,0,2024,140.588,9.0,0.064017,-2.748609,2026,0,1,1,,8.571429,3,3.65475,9.441,Large,1,25,1.23221,2.126,Small,0
smithja05,Jabari Smith Jr.,78109,"Jul 01, 2022",2022,HOU,40.3,rookie-scale,1,,0.25,0.28,0,0,0,rookie_scale,HOU,1,0,,2,2022,123.655,10.075,0.081477,-2.507438,2025,1,0,0,,8.88264,6,2.79742,7.206,Large,1,6,2.79742,7.206,Large,1
smithja05,Jabari Smith Jr.,78109,"Jul 06, 2025",2025,HOU,122.0,rookie-scale,1,,0.25,0.29,0,0,0,extension,HOU,1,0,,0,2026,170.1117,24.4,0.143435,-1.941872,2030,0,5,1,,12.350392,6,2.79742,7.206,Large,1,6,2.79742,7.206,Large,1
smithjo03,Josh Smith,2205,"Jul 12, 2004",2004,ATL,4.09,standard,1,,0.25,0.27,0,0,0,free_agency,ATL,1,0,,1,2004,,1.363,,,2006,1,0,1,,,7,2.75817,6.144,Large,1,7,2.75817,6.144,Large,1
smithjo03,Josh Smith,2205,"Aug 11, 2008",2008,ATL,58.0,standard,1,RFA,0.25,0.29,0,0,0,free_agency,ATL,1,0,,0,2008,,11.6,,,2012,1,0,1,,,7,2.75817,6.144,Large,1,7,2.75817,6.144,Large,1
smithjo03,Josh Smith,2205,"Jul 10, 2013",2013,DET,56.0,standard,1,UFA,0.3,0.336,0,0,0,free_agency,DET,1,0,,0,2013,,14.0,,,2016,1,0,1,,,14,1.94075,4.365,Medium,0,14,1.94075,4.365,Medium,0
smithjo03,Josh Smith,2205,"Dec 26, 2014",2014,HOU,2.077,standard,1,UFA,0.35,0.35,0,0,0,free_agency,HOU,1,0,,0,2014,63.065,2.077,0.032934,-3.413241,2014,1,0,0,,,6,2.79742,7.206,Large,1,6,2.79742,7.206,Large,1
smithjo03,Josh Smith,2205,"Jul 16, 2015",2015,LAC,1.5,standard,1,UFA,0.35,0.35,0,0,0,free_agency,HOU,0,0,,0,2015,70.0,1.5,0.021429,-3.84303,2015,1,0,0,,1.499,2,5.83579,12.901,Large,1,6,2.79742,7.206,Large,1
smithjo03,Josh Smith,2205,"Oct 28, 2017",2017,NOP,2.17,standard,1,UFA,0.35,0.35,0,0,0,free_agency,DET,0,0,,0,2017,99.093,2.17,0.021899,-3.821332,2017,1,0,0,,0.2105,50,0.67279,1.29,Small,0,14,1.94075,4.365,Medium,0
smithjr01,J.R. Smith,2296,"Jul 06, 2004",2004,NOH,3.89,standard,1,,0.25,0.27,0,0,0,free_agency,NOH,1,0,,2,2004,,1.297,,,2006,1,0,1,,,50,0.67279,1.29,Small,0,50,0.67279,1.29,Small,0
smithjr01,J.R. Smith,2296,"Aug 21, 2008",2008,DEN,16.5,standard,1,RFA,0.25,0.27,0,0,0,free_agency,DEN,1,0,,1,2008,,5.5,,,2010,1,0,1,,,17,1.80627,3.038,Medium,0,17,1.80627,3.038,Medium,0
smithjr01,J.R. Smith,2296,"Feb 17, 2012",2012,NYK,2.5,standard,1,UFA,0.3,0.3,0,0,0,free_agency,NYK,1,0,,1,2012,,2.5,,,2012,1,0,0,,,1,7.49451,19.113,Large,1,1,7.49451,19.113,Large,1
smithjr01,J.R. Smith,2296,"Jul 11, 2012",2012,NYK,5.74,standard,1,UFA,0.3,0.312,0,0,0,free_agency,NYK,1,0,,0,2012,,2.87,,,2013,1,0,1,,,1,7.49451,19.113,Large,1,1,7.49451,19.113,Large,1
smithjr01,J.R. Smith,2296,"Jul 11, 2013",2013,NYK,17.95,standard,1,UFA,0.3,0.324,0,0,0,free_agency,NYK,1,0,,0,2013,,5.983,,,2015,1,0,1,,,1,7.49451,19.113,Large,1,1,7.49451,19.113,Large,1
smithjr01,J.R. Smith,2296,"Oct 16, 2016",2016,CLE,57.0,standard,1,UFA,0.35,0.392,0,0,0,free_agency,CLE,1,0,,0,2016,94.143,14.25,0.151365,-1.888058,2019,1,0,1,,12.8,19,1.55434,2.088,Medium,0,19,1.55434,2.088,Medium,0
smithni01,Nick Smith Jr.,82206,"Jul 02, 2023",2023,CHA,12.65,standard,1,,0.25,0.28,0,0,0,free_agency,CHA,1,0,,2,2023,136.021,3.163,0.02325,-3.761446,2026,0,1,1,,2.46396,21,1.38202,2.66,Small,0,21,1.38202,2.66,Small,0
smithni01,Nick Smith Jr.,82206,"Apr 12, 2026",2026,LAL,2.5,two-way,1,RFA,0.25,0.26,0,0,0,rest_of_season,LAL,1,0,,1,2026,170.1117,1.25,0.007348,-4.913312,2027,0,2,0,,,2,5.83579,12.901,Large,1,2,5.83579,12.901,Large,1
snellto01,Tony Snell,13333,"Jul 10, 2013",2013,CHI,2.88,standard,1,,0.25,0.26,0,0,0,free_agency,CHI,1,0,,3,2013,,1.44,,,2014,1,0,1,,,3,3.65475,9.441,Large,1,3,3.65475,9.441,Large,1
snellto01,Tony Snell,13333,,2017,MIL,46.0,standard,1,RFA,0.25,0.28,0,0,0,free_agency,MIL,1,0,,1,2017,99.093,11.5,0.116053,-2.153712,2020,1,0,1,,9.821429,38,0.9449,1.586,Small,0,38,0.9449,1.586,Small,0
snellto01,Tony Snell,13333,"Aug 10, 2021",2021,POR,2.39,standard,1,UFA,0.3,0.3,0,0,0,free_agency,ATL,0,0,,0,2021,112.414,2.39,0.021261,-3.850895,2021,1,0,0,,2.389641,23,1.27792,2.511,Small,0,7,2.75817,6.144,Large,1
sochaje01,Jeremy Sochan,78122,"Jul 09, 2022",2022,SAS,23.05,rookie-scale,1,,0.25,0.28,0,0,0,rookie_scale,SAS,1,0,,2,2022,123.655,5.763,0.046601,-3.066124,2025,1,0,0,,5.06352,31,1.0964,2.602,Small,0,31,1.0964,2.602,Small,0
speigma01,Marreese Speights,6145,"Jul 10, 2008",2008,PHI,3.2,standard,1,,0.25,0.26,0,0,0,free_agency,PHI,1,0,,5,2008,,1.6,,,2009,1,0,1,,,5,3.14592,6.228,Large,1,5,3.14592,6.228,Large,1
speigma01,Marreese Speights,6145,"Jul 12, 2012",2012,MEM,8.715,standard,1,RFA,0.25,,0,0,0,free_agency,MEM,1,0,,3,2012,,,,,,,,0,,,51,0.6663,1.358,Small,0,51,0.6663,1.358,Small,0
speigma01,Marreese Speights,6145,"Jul 12, 2013",2013,GSW,11.0,standard,1,UFA,0.25,0.27,0,0,0,free_agency,GSW,1,0,,2,2013,,3.667,,,2015,1,0,1,,,10,2.54248,4.749,Large,1,10,2.54248,4.749,Large,1
speigma01,Marreese Speights,6145,"Jul 12, 2016",2016,LAC,2.86,standard,1,UFA,0.3,0.312,0,0,0,free_agency,GSW,0,0,,1,2016,94.143,1.43,0.01519,-4.18714,2017,1,0,1,,1.403611,2,5.83579,12.901,Large,1,10,2.54248,4.749,Large,1
speigma01,Marreese Speights,6145,"Jul 27, 2017",2017,ORL,2.1,standard,1,UFA,0.3,0.3,0,0,0,free_agency,LAC,0,0,,0,2017,99.093,2.1,0.021192,-3.854121,2017,1,0,0,,1.471382,15,1.90242,2.673,Medium,0,2,5.83579,12.901,Large,1
spellom01,Omari Spellman,26996,"Jul 01, 2018",2018,ATL,9.1,rookie-scale,1,,0.25,0.28,0,0,0,rookie_scale,ATL,1,0,,1,2018,101.869,2.275,0.022333,-3.801708,2021,1,0,0,,1.62048,7,2.75817,6.144,Large,1,7,2.75817,6.144,Large,1
spencca01,Cam Spencer,93960,"Jul 14, 2025",2025,MEM,10.4,standard,1,RFA,0.25,0.28,0,0,0,free_agency,MEM,1,0,,0,2025,154.647,2.6,0.016812,-4.085634,2028,0,3,1,,2.537989,51,0.6663,1.358,Small,0,51,0.6663,1.358,Small,0
spencpa01,Pat Spencer,79256,,2026,PHX,0.678882,standard,1,UFA,0.25,0.25,0,0,0,free_agency,GSW,0,0,,0,2026,170.1117,0.679,0.003991,-5.523763,2026,0,1,0,,,12,2.1982,5.059,Large,0,10,2.54248,4.749,Large,1
splitti01,Tiago Splitter,7119,"Jul 13, 2013",2013,SAS,36.0,standard,1,RFA,0.25,0.28,0,0,0,free_agency,SAS,1,0,,0,2013,,9.0,,,2016,1,0,1,,,31,1.0964,2.602,Small,0,31,1.0964,2.602,Small,0
sprinja01,Jaden Springer,74135,"Aug 04, 2021",2021,PHI,10.39,rookie-scale,1,,0.25,0.28,0,0,0,rookie_scale,PHI,1,0,,2,2021,112.414,2.598,0.023107,-3.767639,2024,1,0,0,,2.02368,5,3.14592,6.228,Large,1,5,3.14592,6.228,Large,1
sprinja01,Jaden Springer,74135,"Mar 02, 2025",2025,UTA,5.65,standard,1,RFA,0.25,0.27,0,0,0,rest_of_season,UTA,1,0,,0,2025,154.647,1.883,0.012178,-4.408102,2027,0,2,0,,0.070732,28,1.16352,1.266,Small,0,28,1.16352,1.266,Small,0
stausni01,Nik Stauskas,15360,"Jul 08, 2014",2014,SAC,5.62,standard,1,,0.25,0.26,0,0,0,free_agency,SAC,1,0,,2,2014,63.065,2.81,0.044557,-3.110981,2015,1,0,1,,,20,1.49792,2.453,Small,0,20,1.49792,2.453,Small,0
stausni01,Nik Stauskas,15360,"Jul 05, 2018",2018,POR,1.62,standard,1,UFA,0.25,0.25,0,0,0,free_agency,BKN,0,0,,0,2018,101.869,1.62,0.015903,-4.141262,2018,1,0,0,,0.540472,23,1.27792,2.511,Small,0,1,7.49451,19.113,Large,1
stausni01,Nik Stauskas,15360,"Feb 11, 2019",2019,CLE,0.54,standard,1,UFA,0.25,0.25,0,0,0,free_agency,CLE,1,0,,0,2019,109.14,0.54,0.004948,-5.308818,2019,1,0,0,,,19,1.55434,2.088,Medium,0,19,1.55434,2.088,Medium,0
stephla01,Lance Stephenson,6922,"Jul 22, 2010",2010,IND,3.35,standard,1,,0.25,0.28,0,0,0,free_agency,IND,1,0,,1,2010,,0.838,,,2013,1,0,1,,,25,1.23221,2.126,Small,0,25,1.23221,2.126,Small,0
stephla01,Lance Stephenson,6922,"Jul 18, 2014",2014,CHA,18.0,standard,1,RFA,0.25,0.26,0,0,0,free_agency,CHA,1,0,,1,2014,63.065,9.0,0.14271,-1.946941,2015,1,0,1,,,21,1.38202,2.66,Small,0,21,1.38202,2.66,Small,0
stephla01,Lance Stephenson,6922,"Mar 30, 2017",2017,IND,8.18,standard,1,UFA,0.25,0.26,0,0,0,free_agency,MIN,0,0,,1,2017,99.093,4.09,0.041274,-3.187514,2018,1,0,1,,4.18,25,1.23221,2.126,Small,0,16,1.88668,3.703,Medium,0
stephla01,Lance Stephenson,6922,"Jul 10, 2018",2018,LAL,4.45,standard,1,UFA,0.3,0.3,0,0,0,free_agency,IND,0,0,,0,2018,101.869,4.45,0.043684,-3.130784,2018,1,0,0,,4.449,2,5.83579,12.901,Large,1,25,1.23221,2.126,Small,0
stevela01,Lamar Stevens,70716,"Apr 14, 2021",2021,CLE,5.88,standard,1,RFA,0.25,0.28,0,0,0,rest_of_season,CLE,1,0,,1,2021,112.414,1.47,0.013077,-4.336926,2024,1,0,0,,1.517981,19,1.55434,2.088,Medium,0,19,1.55434,2.088,Medium,0
stewais01,Isaiah Stewart,70658,"Nov 30, 2020",2020,DET,15.1,rookie-scale,1,,0.25,0.28,0,0,0,rookie_scale,DET,1,0,,2,2020,109.14,3.775,0.034589,-3.364231,2023,1,0,0,,3.12108,14,1.94075,4.365,Medium,0,14,1.94075,4.365,Medium,0
stewais01,Isaiah Stewart,70658,"Jul 11, 2023",2023,DET,60.0,rookie-scale,1,,0.25,0.28,0,0,0,extension,DET,1,0,,0,2024,140.588,15.0,0.106695,-2.237783,2027,0,2,1,,5.266713,14,1.94075,4.365,Medium,0,14,1.94075,4.365,Medium,0
stoudam01,Amar'e Stoudemire,2669,"Jul 05, 2002",2002,PHX,8.29,standard,1,,0.25,0.28,0,0,0,free_agency,PHX,1,0,,3,2002,,2.072,,,2005,1,0,1,,,12,2.1982,5.059,Large,0,12,2.1982,5.059,Large,0
stoudam01,Amar'e Stoudemire,2669,"Oct 03, 2005",2005,PHX,75.4,rookie-scale,1,,0.25,0.29,0,0,0,extension,PHX,1,0,,2,2006,,15.08,,,2010,1,0,1,,,12,2.1982,5.059,Large,0,12,2.1982,5.059,Large,0
stoudam01,Amar'e Stoudemire,2669,"Jul 06, 2010",2010,PHX,99.7,standard,1,UFA,0.3,0.348,0,0,0,sign_and_trade,,,0,,1,2010,,19.94,,,2014,1,0,1,,,12,2.1982,5.059,Large,0,,,,,
stoudam01,Amar'e Stoudemire,2669,"Feb 18, 2015",2015,DAL,0.486,standard,1,UFA,0.35,0.35,0,0,0,free_agency,MIA,0,0,,0,2015,70.0,0.486,0.006943,-4.970042,2015,1,0,0,,1.499187,4,3.26449,7.943,Large,1,18,1.75692,6.266,Medium,0
stoudam01,Amar'e Stoudemire,2669,"Jul 10, 2015",2015,MIA,1.5,standard,1,UFA,0.35,0.35,0,0,0,free_agency,MIA,1,0,,0,2015,70.0,1.5,0.021429,-3.84303,2015,1,0,0,,1.499187,18,1.75692,6.266,Medium,0,18,1.75692,6.266,Medium,0
strawju01,Julian Strawther,84463,"Jul 06, 2023",2023,DEN,12.48,rookie-scale,1,,0.25,0.28,0,0,0,rookie_scale,DEN,1,0,,2,2023,136.021,3.12,0.022938,-3.774976,2026,0,1,0,,2.43108,17,1.80627,3.038,Medium,0,17,1.80627,3.038,Medium,0
strusma01,Max Strus,32411,"Oct 13, 2019",2019,BOS,2.4,two-way,1,,0.25,0.26,0,0,0,two_way,CHI,0,0,,0,2019,109.14,1.2,0.010995,-4.51031,2020,1,0,0,,0.0,9,2.58446,4.899,Large,1,3,3.65475,9.441,Large,1
strusma01,Max Strus,32411,"Aug 06, 2021",2021,MIA,3.42,standard,1,RFA,0.25,0.26,0,0,0,free_agency,MIA,1,0,,0,2021,112.414,1.71,0.015212,-4.185695,2022,1,0,1,,1.669178,18,1.75692,6.266,Medium,0,18,1.75692,6.266,Medium,0
strusma01,Max Strus,32411,"Jul 06, 2023",2023,CLE,62.3,standard,1,RFA,0.25,0.28,0,0,0,free_agency,MIA,0,0,,0,2023,136.021,15.575,0.114504,-2.167142,2026,0,1,1,,14.487684,19,1.55434,2.088,Medium,0,18,1.75692,6.266,Medium,0
stuckro01,Rodney Stuckey,2310,"Jul 04, 2007",2007,DET,3.26,standard,1,,0.25,0.26,0,0,0,free_agency,DET,1,0,,2,2007,,1.63,,,2008,1,0,1,,,14,1.94075,4.365,Medium,0,14,1.94075,4.365,Medium,0
stuckro01,Rodney Stuckey,2310,"Dec 17, 2011",2011,DET,25.5,standard,1,RFA,0.25,0.27,0,0,0,free_agency,DET,1,0,,0,2011,,8.5,,,2013,1,0,1,,,14,1.94075,4.365,Medium,0,14,1.94075,4.365,Medium,0
stuckro01,Rodney Stuckey,2310,"Jul 21, 2014",2014,IND,1.23,standard,1,UFA,0.3,0.3,0,0,0,free_agency,IND,1,0,,0,2014,63.065,1.23,0.019504,-3.937152,2014,1,0,0,,,25,1.23221,2.126,Small,0,25,1.23221,2.126,Small,0
suggsja01,Jalen Suggs,74112,"Aug 03, 2021",2021,ORL,29.96,rookie-scale,1,,0.25,0.28,0,0,0,rookie_scale,ORL,1,0,,2,2021,112.414,7.49,0.066629,-2.70862,2024,1,0,0,,6.59292,15,1.90242,2.673,Medium,0,15,1.90242,2.673,Medium,0
suggsja01,Jalen Suggs,74112,"Oct 21, 2024",2024,ORL,150.5,rookie-scale,1,,0.25,0.29,0,0,0,extension,ORL,1,0,,0,2025,154.647,30.1,0.194637,-1.63662,2029,0,4,1,,9.188385,15,1.90242,2.673,Medium,0,15,1.90242,2.673,Medium,0
sullija01,Jared Sullinger,10846,"Jul 03, 2012",2012,BOS,2.67,standard,1,,0.25,0.26,0,0,0,free_agency,BOS,1,0,,2,2012,,1.335,,,2013,1,0,1,,,9,2.58446,4.899,Large,1,9,2.58446,4.899,Large,1
sullija01,Jared Sullinger,10846,"Jul 14, 2016",2016,TOR,5.628,standard,1,UFA,0.25,0.25,0,0,0,free_agency,BOS,0,0,,0,2016,94.143,5.628,0.059781,-2.817061,2016,1,0,0,,5.628,,,6.202,Large,1,9,2.58446,4.899,Large,1
sumneed01,Edmond Sumner,23653,"Feb 11, 2019",2019,IND,2.04,two-way,1,,0.25,0.26,0,0,0,two_way,IND,1,0,,1,2019,109.14,1.02,0.009346,-4.672829,2020,1,0,0,,2.0,25,1.23221,2.126,Small,0,25,1.23221,2.126,Small,0
sumneed01,Edmond Sumner,23653,"Jul 29, 2019",2019,IND,4.16,standard,1,RFA,0.25,0.26,0,0,0,free_agency,IND,1,0,,1,2019,109.14,2.08,0.019058,-3.960264,2020,1,0,1,,2.0,25,1.23221,2.126,Small,0,25,1.23221,2.126,Small,0
sumneed01,Edmond Sumner,23653,"Jul 08, 2022",2022,BKN,4.21,standard,1,RFA,0.25,0.26,0,0,0,free_agency,BKN,1,0,,0,2022,123.655,2.105,0.017023,-4.07318,2023,1,0,1,,1.968175,1,7.49451,19.113,Large,1,1,7.49451,19.113,Large,1
swanica01,Caleb Swanigan,23621,"Jul 03, 2017",2017,POR,8.9,rookie-scale,1,,0.25,0.28,0,0,0,rookie_scale,POR,1,0,,2,2017,99.093,2.225,0.022454,-3.796302,2020,1,0,0,,1.46592,23,1.27792,2.511,Small,0,23,1.27792,2.511,Small,0
sykeske01,Keifer Sykes,18265,"Sep 28, 2015",2015,SAS,0.525,standard,1,,,,0,0,0,free_agency,SAS,1,0,,0,2015,70.0,0.525,0.0075,-4.892852,2015,1,0,0,,,31,1.0964,2.602,Small,0,31,1.0964,2.602,Small,0
sykeske01,Keifer Sykes,18265,"Dec 27, 2021",2021,IND,2.12,standard,1,,0.25,0.26,0,0,0,rest_of_season,IND,1,0,,0,2021,112.414,1.06,0.009429,-4.66392,2022,1,0,0,,0.558345,25,1.23221,2.126,Small,0,25,1.23221,2.126,Small,0
tateja01,Jae'Sean Tate,70758,"Nov 26, 2020",2020,HOU,2.96,standard,1,,0.25,0.26,0,0,0,free_agency,HOU,1,0,,2,2020,109.14,1.48,0.013561,-4.300589,2021,1,0,1,,1.445967,6,2.79742,7.206,Large,1,6,2.79742,7.206,Large,1
tateja01,Jae'Sean Tate,70758,"Jul 06, 2022",2022,HOU,22.1,standard,1,RFA,0.25,0.27,0,0,0,free_agency,HOU,1,0,,1,2022,123.655,7.367,0.059574,-2.82053,2024,1,0,1,,7.065217,6,2.79742,7.206,Large,1,6,2.79742,7.206,Large,1
tateja01,Jae'Sean Tate,70758,"Jul 05, 2025",2025,HOU,2.67,standard,1,UFA,0.25,0.25,0,0,0,free_agency,HOU,1,0,,0,2025,154.647,2.67,0.017265,-4.059067,2025,1,0,0,,2.296274,6,2.79742,7.206,Large,1,6,2.79742,7.206,Large,1
tatumja01,Jayson Tatum,23598,"Jul 01, 2017",2017,BOS,30.07,rookie-scale,1,,0.25,0.28,0,0,0,rookie_scale,BOS,1,0,,2,2017,99.093,7.518,0.075863,-2.578825,2020,1,0,0,,5.6454,9,2.58446,4.899,Large,1,9,2.58446,4.899,Large,1
tatumja01,Jayson Tatum,23598,"Nov 25, 2020",2020,BOS,163.0,maximum,1,,0.35,0.406,0,1,1,extension,BOS,1,1,,0,2021,112.414,32.6,0.289999,-1.237876,2025,1,0,1,,9.89712,9,2.58446,4.899,Large,1,9,2.58446,4.899,Large,1
tatumja01,Jayson Tatum,23598,"Jul 06, 2024",2024,BOS,314.0,extension,1,,0.35,0.406,0,0,1,extension,BOS,1,1,,0,2025,154.647,62.8,0.406086,-0.90119,2029,0,4,1,,34.84834,9,2.58446,4.899,Large,1,9,2.58446,4.899,Large,1
taylois01,Isaiah Taylor,20273,"Sep 23, 2016",2016,HOU,1.45,standard,1,,0.25,0.26,0,0,0,free_agency,HOU,1,0,,0,2016,94.143,0.725,0.007701,-4.866399,2017,1,0,1,,0.305,6,2.79742,7.206,Large,1,6,2.79742,7.206,Large,1
taylois01,Isaiah Taylor,20273,"Feb 27, 2017",2017,HOU,3.0,standard,1,RFA,0.25,0.27,0,0,0,free_agency,HOU,1,0,,0,2017,99.093,1.0,0.010092,-4.596059,2019,1,0,1,,1.312611,6,2.79742,7.206,Large,1,6,2.79742,7.206,Large,1
taylois01,Isaiah Taylor,20273,"Oct 16, 2017",2017,ATL,2.95,standard,1,RFA,0.25,0.26,0,0,0,free_agency,HOU,0,0,,0,2017,99.093,1.475,0.014885,-4.207401,2018,1,0,1,,1.312611,7,2.75817,6.144,Large,1,6,2.79742,7.206,Large,1
taylois01,Isaiah Taylor,20273,"Sep 18, 2019",2019,TOR,3.38,standard,1,RFA,0.25,0.26,0,0,0,free_agency,CLE,0,0,,0,2019,109.14,1.69,0.015485,-4.167903,2020,1,0,1,,0.05,,,6.202,Large,1,19,1.55434,2.088,Medium,0
taylote01,Terry Taylor,74222,"Aug 14, 2023",2023,CHI,4.22,standard,1,RFA,0.25,0.26,0,0,0,free_agency,IND,0,0,,0,2023,136.021,2.11,0.015512,-4.166121,2024,1,0,1,,2.019706,3,3.65475,9.441,Large,1,25,1.23221,2.126,Small,0
teaguje01,Jeff Teague,6272,"Jul 20, 2009",2009,ATL,2.85,standard,1,,0.25,0.26,0,0,0,free_agency,ATL,1,0,,3,2009,,1.425,,,2010,1,0,1,,,7,2.75817,6.144,Large,1,7,2.75817,6.144,Large,1
teaguje01,Jeff Teague,6272,"Jul 10, 2013",2013,MIL,32.0,standard,1,RFA,0.25,0.28,0,0,0,offer_sheet,ATL,0,0,,1,2013,,8.0,,,2016,1,0,1,,,38,0.9449,1.586,Small,0,7,2.75817,6.144,Large,1
teaguje01,Jeff Teague,6272,"Jul 10, 2017",2017,MIN,57.0,standard,1,UFA,0.3,0.324,0,0,0,free_agency,IND,0,0,,1,2017,99.093,19.0,0.191739,-1.65162,2019,1,0,1,,19.0,16,1.88668,3.703,Medium,0,25,1.23221,2.126,Small,0
teletmi01,Mirza Teletović,10905,,2012,BKN,9.68715,standard,1,,0.25,0.27,0,0,0,free_agency,,,0,,0,2012,,3.229,,,2014,1,0,1,,,1,7.49451,19.113,Large,1,,,,,
teletmi01,Mirza Teletović,10905,"Jul 17, 2015",2015,PHX,5.5,standard,1,UFA,0.25,0.25,0,0,0,free_agency,PHX,1,0,,0,2015,70.0,5.5,0.078571,-2.543747,2015,1,0,0,,5.5,12,2.1982,5.059,Large,0,12,2.1982,5.059,Large,0
teletmi01,Mirza Teletović,10905,,2016,MIL,31.5,standard,1,RFA,0.25,0.27,0,0,0,free_agency,PHX,0,0,,0,2016,94.143,10.5,0.111532,-2.19344,2018,1,0,1,,10.5,38,0.9449,1.586,Small,0,12,2.1982,5.059,Large,0
templga01,Garrett Temple,6492,"Sep 12, 2012",2012,MIA,0.854389,standard,1,RFA,0.25,0.25,0,0,0,free_agency,MIA,1,0,,3,2012,,0.854,,,2012,1,0,0,,,18,1.75692,6.266,Medium,0,18,1.75692,6.266,Medium,0
templga01,Garrett Temple,6492,"Dec 25, 2012",2012,WAS,0.572943,standard,1,RFA,0.25,0.25,0,0,0,free_agency,WAS,1,0,,3,2012,,0.573,,,2012,1,0,0,,,8,2.63064,6.385,Large,1,8,2.63064,6.385,Large,1
templga01,Garrett Temple,6492,"Jul 10, 2013",2013,WAS,0.916099,standard,1,RFA,0.25,0.25,0,0,0,free_agency,WAS,1,0,,3,2013,,0.916,,,2013,1,0,0,,,8,2.63064,6.385,Large,1,8,2.63064,6.385,Large,1
templga01,Garrett Temple,6492,"Jul 28, 2014",2014,WAS,2.08,standard,1,RFA,0.25,0.26,0,0,0,free_agency,WAS,1,0,,3,2014,63.065,1.04,0.016491,-4.104945,2015,1,0,1,,,8,2.63064,6.385,Large,1,8,2.63064,6.385,Large,1
templga01,Garrett Temple,6492,"Jul 09, 2016",2016,SAC,24.0,standard,1,UFA,0.25,0.27,0,0,0,free_agency,WAS,0,0,,2,2016,94.143,8.0,0.084977,-2.465373,2018,1,0,1,,8.0,20,1.49792,2.453,Small,0,8,2.63064,6.385,Large,1
templga01,Garrett Temple,6492,"Jul 08, 2019",2019,BKN,4.67,standard,1,UFA,0.3,0.3,0,0,0,free_agency,LAC,0,0,,1,2019,109.14,4.67,0.042789,-3.151472,2019,1,0,0,,4.767,1,7.49451,19.113,Large,1,2,5.83579,12.901,Large,1
templga01,Garrett Temple,6492,"Nov 27, 2020",2020,CHI,4.767,standard,1,UFA,0.35,0.35,0,0,0,free_agency,BKN,0,0,,0,2020,109.14,4.767,0.043678,-3.130914,2020,1,0,0,,4.767,3,3.65475,9.441,Large,1,1,7.49451,19.113,Large,1
templga01,Garrett Temple,6492,"Aug 08, 2021",2021,CHI,15.47,standard,1,UFA,0.35,0.378,0,0,0,sign_and_trade,CHI,1,0,,0,2021,112.414,5.157,0.045872,-3.081898,2023,1,0,1,,4.91,3,3.65475,9.441,Large,1,3,3.65475,9.441,Large,1
templga01,Garrett Temple,6492,"Jul 31, 2023",2023,TOR,3.2,standard,1,UFA,0.35,0.35,0,0,0,free_agency,NOP,0,0,,0,2023,136.021,3.2,0.023526,-3.749658,2023,1,0,0,,2.019706,,,6.202,Large,1,50,0.67279,1.29,Small,0
templga01,Garrett Temple,6492,"Jul 05, 2024",2024,TOR,3.3,standard,1,UFA,0.35,0.35,0,0,0,free_agency,TOR,1,0,,0,2024,140.588,3.3,0.023473,-3.751911,2024,1,0,0,,2.087519,,,6.202,Large,1,,,6.202,Large,1
templga01,Garrett Temple,6492,"Jul 01, 2025",2025,TOR,3.63,standard,1,UFA,0.35,0.35,0,0,0,free_agency,TOR,1,0,,0,2025,154.647,3.63,0.023473,-3.751912,2025,1,0,0,,2.296274,,,6.202,Large,1,,,6.202,Large,1
teodomi01,Miloš Teodosić,24094,"Jul 10, 2017",2017,LAC,12.3,standard,1,,0.25,0.26,0,0,0,free_agency,LAC,1,0,,1,2017,99.093,6.15,0.062063,-2.779607,2018,1,0,1,,6.0,2,5.83579,12.901,Large,1,2,5.83579,12.901,Large,1
terryda01,Dalen Terry,78128,"Jul 08, 2022",2022,CHI,15.45,rookie-scale,1,,0.25,0.28,0,0,0,rookie_scale,CHI,1,0,,3,2022,123.655,3.862,0.031236,-3.466181,2025,1,0,0,,3.1914,3,3.65475,9.441,Large,1,3,3.65475,9.441,Large,1
terryda01,Dalen Terry,78128,"Apr 10, 2026",2026,PHI,2.7,two-way,1,RFA,0.25,0.26,0,0,0,rest_of_season,PHI,1,0,,1,2026,170.1117,1.35,0.007936,-4.836351,2027,0,2,0,,,5,3.14592,6.228,Large,1,5,3.14592,6.228,Large,1
terryja01,Jason Terry,2281,"Jul 11, 1999",1999,ATL,4.7,standard,1,,0.25,0.27,0,0,0,free_agency,ATL,1,0,,1,1999,,1.567,,,2001,1,0,1,,,7,2.75817,6.144,Large,1,7,2.75817,6.144,Large,1
terryja01,Jason Terry,2281,"Oct 01, 2003",2003,ATL,22.5,standard,1,RFA,0.25,0.27,0,0,0,free_agency,ATL,1,0,,0,2003,,7.5,,,2005,1,0,1,,,7,2.75817,6.144,Large,1,7,2.75817,6.144,Large,1
terryja01,Jason Terry,2281,"Jul 24, 2006",2006,DAL,57.0,standard,1,UFA,0.3,0.36,0,0,0,free_agency,DAL,1,0,,0,2006,,9.5,,,2011,1,0,1,,,4,3.26449,7.943,Large,1,4,3.26449,7.943,Large,1
terryja01,Jason Terry,2281,"Jul 18, 2012",2012,BOS,15.675,standard,1,UFA,0.35,0.378,0,0,0,free_agency,BOS,1,0,,0,2012,,5.225,,,2014,1,0,1,,,9,2.58446,4.899,Large,1,9,2.58446,4.899,Large,1
terryja01,Jason Terry,2281,"Aug 24, 2015",2015,HOU,1.5,standard,1,UFA,0.35,0.35,0,0,0,free_agency,HOU,1,0,,0,2015,70.0,1.5,0.021429,-3.84303,2015,1,0,0,,1.499187,6,2.79742,7.206,Large,1,6,2.79742,7.206,Large,1
terryja01,Jason Terry,2281,"Aug 22, 2016",2016,MIL,1.55,standard,1,UFA,0.35,0.35,0,0,0,free_agency,HOU,0,0,,0,2016,94.143,1.55,0.016464,-4.10656,2016,1,0,0,,1.551659,38,0.9449,1.586,Small,0,6,2.79742,7.206,Large,1
terryja01,Jason Terry,2281,"Sep 18, 2017",2017,MIL,2.3,standard,1,UFA,0.35,0.35,0,0,0,free_agency,MIL,1,0,,0,2017,99.093,2.3,0.023211,-3.76315,2017,1,0,0,,1.471382,38,0.9449,1.586,Small,0,38,0.9449,1.586,Small,0
theisda01,Daniel Theis,23828,"Jul 20, 2017",2017,BOS,2.19,standard,1,,0.25,0.26,0,0,0,free_agency,BOS,1,0,,0,2017,99.093,1.095,0.01105,-4.505304,2018,1,0,1,,0.815615,9,2.58446,4.899,Large,1,9,2.58446,4.899,Large,1
theisda01,Daniel Theis,23828,"Jul 17, 2019",2019,BOS,10.0,standard,1,RFA,0.25,0.26,0,0,0,free_agency,BOS,1,0,,0,2019,109.14,5.0,0.045813,-3.083194,2020,1,0,1,,5.0,9,2.58446,4.899,Large,1,9,2.58446,4.899,Large,1
theisda01,Daniel Theis,23828,"Aug 07, 2021",2021,CHI,36.0,standard,1,RFA,0.25,0.28,0,0,0,sign_and_trade,CHI,1,0,,0,2021,112.414,9.0,0.080061,-2.524964,2024,1,0,1,,8.280351,3,3.65475,9.441,Large,1,3,3.65475,9.441,Large,1
theisda01,Daniel Theis,23828,"Jul 09, 2024",2024,NOP,2.8,standard,1,UFA,0.3,0.3,0,0,0,free_agency,LAC,0,0,,0,2024,140.588,2.8,0.019916,-3.916214,2024,1,0,0,,2.087519,50,0.67279,1.29,Small,0,2,5.83579,12.901,Large,1
thomaca02,Cam Thomas,76963,"May 25, 2022",2022,ARI,5.14,standard,1,RFA,0.25,0.28,0,0,0,free_agency,BKN,0,0,,0,2022,123.655,1.285,0.010392,-4.566737,2025,1,0,1,,2.13816,,,,,,1,7.49451,19.113,Large,1
thomaca02,Cam Thomas,76963,"Mar 09, 2026",2026,ATL,3.095,standard,1,UFA,0.25,0.25,0,0,0,free_agency,MIL,0,0,,0,2026,170.1117,3.095,0.018194,-4.006667,2026,0,1,0,,,7,2.75817,6.144,Large,1,38,0.9449,1.586,Small,0
thomais02,Isaiah Thomas,8111,"Dec 09, 2011",2011,SAC,2.12,standard,1,,0.25,0.27,0,0,0,free_agency,SAC,1,0,,0,2011,,0.707,,,2013,1,0,1,,,20,1.49792,2.453,Small,0,20,1.49792,2.453,Small,0
thomais02,Isaiah Thomas,8111,"Jul 11, 2014",2014,SAC,27.0,standard,1,RFA,0.25,0.28,0,0,0,sign_and_trade,SAC,1,0,,0,2014,63.065,6.75,0.107032,-2.234623,2017,1,0,1,,,20,1.49792,2.453,Small,0,20,1.49792,2.453,Small,0
thomais02,Isaiah Thomas,8111,"Jul 16, 2018",2018,DEN,2.03,standard,1,UFA,0.3,0.3,0,0,0,free_agency,LAL,0,0,,0,2018,101.869,2.03,0.019928,-3.915652,2018,1,0,0,,2.029463,17,1.80627,3.038,Medium,0,2,5.83579,12.901,Large,1
thomais02,Isaiah Thomas,8111,"Jul 10, 2019",2019,WAS,2.32,standard,1,UFA,0.3,0.3,0,0,0,free_agency,DEN,0,0,,0,2019,109.14,2.32,0.021257,-3.851064,2019,1,0,0,,2.320044,8,2.63064,6.385,Large,1,17,1.80627,3.038,Medium,0
thomala01,Lance Thomas,8713,"Sep 29, 2014",2014,OKC,0.948,standard,1,RFA,0.25,0.25,0,0,0,free_agency,OKC,1,0,,0,2014,63.065,0.948,0.015032,-4.197567,2014,1,0,0,,,47,0.7627,1.435,Small,0,47,0.7627,1.435,Small,0
thomala01,Lance Thomas,8713,"Jan 31, 2015",2015,NYK,0.424,standard,1,RFA,0.25,0.25,0,0,0,free_agency,NYK,1,0,,0,2015,70.0,0.424,0.006057,-5.106517,2015,1,0,0,,1.65,1,7.49451,19.113,Large,1,1,7.49451,19.113,Large,1
thomala01,Lance Thomas,8713,"Jul 10, 2015",2015,NYK,1.64,standard,1,RFA,0.25,0.25,0,0,0,free_agency,NYK,1,0,,0,2015,70.0,1.64,0.023429,-3.753799,2015,1,0,0,,1.65,1,7.49451,19.113,Large,1,1,7.49451,19.113,Large,1
thomala01,Lance Thomas,8713,"Jul 09, 2016",2016,NYK,27.5,standard,1,UFA,0.25,0.28,0,0,0,free_agency,NYK,1,0,,0,2016,94.143,6.875,0.073027,-2.616923,2019,1,0,1,,6.191,1,7.49451,19.113,Large,1,1,7.49451,19.113,Large,1
thomama02,Matt Thomas,31891,"Jul 18, 2019",2019,TOR,4.2,standard,1,,0.25,0.27,0,0,0,free_agency,TOR,1,0,,0,2019,109.14,1.4,0.012828,-4.356159,2021,1,0,1,,0.89831,,,6.202,Large,1,,,6.202,Large,1
thompam01,Amen Thompson,82199,"Jul 03, 2023",2023,HOU,40.0,rookie-scale,1,,0.25,0.28,0,0,0,rookie_scale,HOU,1,0,,2,2023,136.021,10.0,0.073518,-2.610224,2026,0,1,0,,8.80932,6,2.79742,7.206,Large,1,6,2.79742,7.206,Large,1
thompau01,Ausar Thompson,82200,"Jul 02, 2023",2023,DET,36.25,rookie-scale,1,,0.25,0.28,0,0,0,rookie_scale,DET,1,0,,2,2023,136.021,9.062,0.066626,-2.708664,2026,0,1,0,,7.97748,14,1.94075,4.365,Medium,0,14,1.94075,4.365,Medium,0
thompho01,Hollis Thompson,10996,"Jul 11, 2012",2012,OKC,2.09,standard,1,,,,0,0,0,free_agency,OKC,1,0,,1,2012,,0.697,,,2014,1,0,1,,,47,0.7627,1.435,Small,0,47,0.7627,1.435,Small,0
thompho01,Hollis Thompson,10996,"Sep 27, 2013",2013,PHI,2.25,standard,1,,0.25,0.27,0,0,0,free_agency,PHI,1,0,,1,2013,,0.75,,,2015,1,0,1,,,5,3.14592,6.228,Large,1,5,3.14592,6.228,Large,1
thompkl01,Klay Thompson,8062,"Oct 31, 2014",2014,GSW,69.0,extension,1,,0.25,0.28,0,0,0,extension,GSW,1,0,,0,2015,70.0,17.25,0.246429,-1.400683,2018,1,0,1,,,10,2.54248,4.749,Large,1,10,2.54248,4.749,Large,1
thompkl01,Klay Thompson,8062,"Jul 10, 2019",2019,GSW,189.9,maximum,1,UFA,0.3,0.348,0,1,0,free_agency,GSW,1,0,,0,2019,109.14,37.98,0.347993,-1.055572,2023,1,0,1,,32.742,10,2.54248,4.749,Large,1,10,2.54248,4.749,Large,1
thompkl01,Klay Thompson,8062,"Jul 06, 2024",2024,GSW,50.0,standard,1,UFA,0.35,0.378,0,0,0,sign_and_trade,GSW,1,0,,0,2024,140.588,16.667,0.11855,-2.132423,2026,0,1,1,,15.873016,10,2.54248,4.749,Large,1,10,2.54248,4.749,Large,1
thomptr01,Tristan Thompson,8054,"Dec 09, 2011",2011,CLE,7.38,standard,1,,0.25,0.26,0,0,0,free_agency,CLE,1,0,,1,2011,,3.69,,,2012,1,0,1,,,19,1.55434,2.088,Medium,0,19,1.55434,2.088,Medium,0
thomptr01,Tristan Thompson,8054,"Oct 22, 2015",2015,CLE,82.0,standard,1,RFA,0.25,0.29,0,0,0,free_agency,CLE,1,0,,0,2015,70.0,16.4,0.234286,-1.451214,2019,1,0,1,,14.26087,19,1.55434,2.088,Medium,0,19,1.55434,2.088,Medium,0
thomptr01,Tristan Thompson,8054,"Nov 30, 2020",2020,BOS,18.98,standard,1,UFA,0.3,0.312,0,0,0,free_agency,CLE,0,0,,0,2020,109.14,9.49,0.086953,-2.442393,2021,1,0,1,,9.258,9,2.58446,4.899,Large,1,19,1.55434,2.088,Medium,0
thomptr01,Tristan Thompson,8054,"Sep 12, 2023",2023,CLE,3.2,standard,1,UFA,0.35,0.35,0,0,0,free_agency,LAL,0,0,,0,2023,136.021,3.2,0.023526,-3.749658,2023,1,0,0,,2.019706,19,1.55434,2.088,Medium,0,2,5.83579,12.901,Large,1
thorjt01,JT Thor,74144,"Aug 06, 2021",2021,CHA,6.64,standard,1,,0.25,0.28,0,0,0,free_agency,CHA,1,0,,1,2021,112.414,1.66,0.014767,-4.215371,2024,1,0,1,,1.25,21,1.38202,2.66,Small,0,21,1.38202,2.66,Small,0
thornma01,Marcus Thornton,6308,"Jul 07, 2009",2009,NOH,1.2,standard,1,,0.25,0.26,0,0,0,free_agency,NOH,1,0,,0,2009,,0.6,,,2010,1,0,1,,,50,0.67279,1.29,Small,0,50,0.67279,1.29,Small,0
thornma01,Marcus Thornton,6308,"Dec 09, 2011",2011,SAC,31.15,standard,1,RFA,0.25,0.28,0,0,0,free_agency,SAC,1,0,,0,2011,,7.787,,,2014,1,0,1,,,20,1.49792,2.453,Small,0,20,1.49792,2.453,Small,0
thornma01,Marcus Thornton,6308,"Jul 14, 2015",2015,HOU,1.18,standard,1,UFA,0.25,0.25,0,0,0,free_agency,WAS,0,0,,0,2015,70.0,1.18,0.016857,-4.082981,2015,1,0,0,,0.251107,6,2.79742,7.206,Large,1,8,2.63064,6.385,Large,1
thornma01,Marcus Thornton,6308,"Mar 09, 2016",2016,WAS,0.251,standard,1,UFA,0.3,0.3,0,0,0,free_agency,WAS,1,0,,0,2016,94.143,0.251,0.002666,-5.927117,2016,1,0,0,,1.315448,8,2.63064,6.385,Large,1,8,2.63064,6.385,Large,1
thornma01,Marcus Thornton,6308,"Jul 07, 2016",2016,WAS,1.3,standard,1,UFA,0.3,0.3,0,0,0,free_agency,WAS,1,0,,0,2016,94.143,1.3,0.013809,-4.282451,2016,1,0,0,,1.315448,8,2.63064,6.385,Large,1,8,2.63064,6.385,Large,1
thornma01,Marcus Thornton,6308,"Jul 28, 2016",2016,WAS,1.32,standard,1,UFA,0.3,0.3,0,0,0,free_agency,WAS,1,0,,0,2016,94.143,1.32,0.014021,-4.267183,2016,1,0,0,,1.315448,8,2.63064,6.385,Large,1,8,2.63064,6.385,Large,1
thornsi01,Sindarius Thornwell,23649,"Jul 26, 2017",2017,LAC,3.8,standard,1,,0.25,0.27,0,0,0,free_agency,LAC,1,0,,0,2017,99.093,1.267,0.012783,-4.35967,2019,1,0,1,,0.815615,2,5.83579,12.901,Large,1,2,5.83579,12.901,Large,1
thornsi01,Sindarius Thornwell,23649,"Sep 03, 2019",2019,CLE,1.62,standard,1,RFA,0.25,0.25,0,0,0,free_agency,LAC,0,0,,0,2019,109.14,1.62,0.014843,-4.210205,2019,1,0,0,,0.183115,19,1.55434,2.088,Medium,0,2,5.83579,12.901,Large,1
thornsi01,Sindarius Thornwell,23649,"Nov 30, 2020",2020,NOP,1.68,standard,1,RFA,0.25,0.25,0,0,0,free_agency,NOP,1,0,,0,2020,109.14,1.68,0.015393,-4.173838,2020,1,0,0,,0.0,50,0.67279,1.29,Small,0,50,0.67279,1.29,Small,0
thybuma01,Matisse Thybulle,31577,"Jul 03, 2019",2019,PHI,12.51,rookie-scale,1,,0.25,0.28,0,0,0,rookie_scale,PHI,1,0,,3,2019,109.14,3.127,0.028656,-3.552397,2022,1,0,0,,2.58216,5,3.14592,6.228,Large,1,5,3.14592,6.228,Large,1
thybuma01,Matisse Thybulle,31577,"Jul 06, 2023",2023,DAL,33.0,standard,1,RFA,0.25,0.27,0,0,0,offer_sheet,POR,0,0,,1,2023,136.021,11.0,0.08087,-2.514914,2025,1,0,1,,10.5,4,3.26449,7.943,Large,1,23,1.27792,2.511,Small,0
thybuma01,Matisse Thybulle,31577,"Jul 10, 2023",2023,POR,33.08,standard,1,RFA,0.25,0.27,0,0,0,offer_sheet,POR,1,1,,1,2023,136.021,11.027,0.081066,-2.512493,2025,1,0,1,,10.5,23,1.27792,2.511,Small,0,23,1.27792,2.511,Small,0
thybuma01,Matisse Thybulle,31577,"Jul 28, 2026",2026,LAL,3.29,standard,1,UFA,0.3,0.3,0,0,0,free_agency,POR,0,0,,0,2026,170.1117,3.29,0.01934,-3.945568,2026,0,1,0,,,2,5.83579,12.901,Large,1,23,1.27792,2.511,Small,0
tilliki02,Killian Tillie,70714,"Jan 01, 2022",2022,MEM,3.8,standard,1,RFA,0.25,0.26,0,0,0,rest_of_season,MEM,1,0,,0,2022,123.655,1.9,0.015365,-4.175642,2023,1,0,0,,1.901625,51,0.6663,1.358,Small,0,51,0.6663,1.358,Small,0
tillmxa01,Xavier Tillman Sr.,70677,"Dec 01, 2020",2020,MEM,6.53,standard,1,,0.25,0.28,0,0,0,free_agency,MEM,1,0,,1,2020,109.14,1.633,0.014958,-4.202519,2023,1,0,1,,1.3,51,0.6663,1.358,Small,0,51,0.6663,1.358,Small,0
tillmxa01,Xavier Tillman Sr.,70677,"Jul 02, 2024",2024,BOS,4.78,standard,1,RFA,0.25,0.26,0,0,0,free_agency,BOS,1,0,,0,2024,140.588,2.39,0.017,-4.07454,2025,1,0,1,,2.237691,9,2.58446,4.899,Large,1,9,2.58446,4.899,Large,1
tollian01,Anthony Tolliver,6483,"Sep 28, 2007",2007,CLE,0.427163,standard,1,,,,0,0,0,free_agency,CLE,1,0,,0,2007,,0.427,,,2007,1,0,0,,,19,1.55434,2.088,Medium,0,19,1.55434,2.088,Medium,0
tollian01,Anthony Tolliver,6483,"Jul 23, 2008",2008,SAS,1.53,standard,1,,0.25,0.26,0,0,0,free_agency,SAS,1,0,,0,2008,,0.765,,,2009,1,0,1,,,31,1.0964,2.602,Small,0,31,1.0964,2.602,Small,0
tollian01,Anthony Tolliver,6483,"Aug 06, 2010",2010,MIN,4.25,standard,1,RFA,0.25,0.26,0,0,0,free_agency,MIN,1,0,,0,2010,,2.125,,,2011,1,0,1,,,16,1.88668,3.703,Medium,0,16,1.88668,3.703,Medium,0
tollian01,Anthony Tolliver,6483,"Sep 24, 2012",2012,ATL,0.854389,standard,1,RFA,0.25,0.25,0,0,0,free_agency,ATL,1,0,,0,2012,,0.854,,,2012,1,0,0,,,7,2.75817,6.144,Large,1,7,2.75817,6.144,Large,1
tollian01,Anthony Tolliver,6483,"Aug 19, 2013",2013,CHA,1.027,standard,1,UFA,0.25,0.25,0,0,0,free_agency,CHA,1,0,,0,2013,,1.027,,,2013,1,0,0,,,21,1.38202,2.66,Small,0,21,1.38202,2.66,Small,0
tollian01,Anthony Tolliver,6483,"Jul 21, 2014",2014,PHX,6.0,standard,1,UFA,0.25,0.26,0,0,0,free_agency,PHX,1,0,,0,2014,63.065,3.0,0.04757,-3.045554,2015,1,0,1,,,12,2.1982,5.059,Large,0,12,2.1982,5.059,Large,0
tollian01,Anthony Tolliver,6483,"Jul 09, 2016",2016,SAC,16.0,standard,1,UFA,0.3,0.312,0,0,0,free_agency,DET,0,0,,0,2016,94.143,8.0,0.084977,-2.465373,2017,1,0,1,,8.0,20,1.49792,2.453,Small,0,14,1.94075,4.365,Medium,0
tollian01,Anthony Tolliver,6483,"Jul 14, 2017",2017,DET,3.29,standard,1,UFA,0.3,0.3,0,0,0,free_agency,SAC,0,0,,0,2017,99.093,3.29,0.033201,-3.405171,2017,1,0,0,,2.0,14,1.94075,4.365,Medium,0,20,1.49792,2.453,Small,0
tollian01,Anthony Tolliver,6483,"Jul 07, 2018",2018,DET,5.75,standard,1,UFA,0.35,0.35,0,0,0,free_agency,SAC,0,0,,0,2018,101.869,5.75,0.056445,-2.874488,2018,1,0,0,,5.75,14,1.94075,4.365,Medium,0,20,1.49792,2.453,Small,0
tollian01,Anthony Tolliver,6483,"Jul 03, 2019",2019,POR,2.56,standard,1,UFA,0.35,0.35,0,0,0,free_agency,MIN,0,0,,0,2019,109.14,2.56,0.023456,-3.752624,2019,1,0,0,,0.434704,23,1.27792,2.511,Small,0,16,1.88668,3.703,Medium,0
tollian01,Anthony Tolliver,6483,"May 02, 2021",2021,PHI,2.96,standard,1,UFA,0.35,0.364,0,0,0,rest_of_season,PHI,1,0,,0,2021,112.414,1.48,0.013166,-4.330146,2022,1,0,0,,0.0,5,3.14592,6.228,Large,1,5,3.14592,6.228,Large,1
tomlina01,Nae'Qwan Tomlin,95599,"Feb 11, 2026",2026,CLE,3.13,two-way,1,RFA,0.25,0.26,0,0,0,rest_of_season,CLE,1,0,,0,2026,170.1117,1.565,0.0092,-4.688569,2027,0,2,0,,,19,1.55434,2.088,Medium,0,19,1.55434,2.088,Medium,0
toppiob01,Obi Toppin,70650,"Nov 23, 2020",2020,NYK,22.12,rookie-scale,1,,0.25,0.28,0,0,0,rookie_scale,NYK,1,0,,2,2020,109.14,5.53,0.050669,-2.982444,2023,1,0,0,,4.86204,1,7.49451,19.113,Large,1,1,7.49451,19.113,Large,1
toppiob01,Obi Toppin,70650,"Jul 06, 2024",2024,IND,58.0,standard,1,RFA,0.25,0.28,0,0,0,free_agency,IND,1,0,,0,2024,140.588,14.5,0.103138,-2.271685,2027,0,2,1,,12.975,25,1.23221,2.126,Small,0,25,1.23221,2.126,Small,0
toscaju01,Juan Toscano-Anderson,32831,"May 13, 2021",2021,GSW,2.06,standard,1,RFA,0.25,0.26,0,0,0,rest_of_season,GSW,1,0,,0,2021,112.414,1.03,0.009163,-4.69263,2022,1,0,0,,1.701593,10,2.54248,4.749,Large,1,10,2.54248,4.749,Large,1
toscaju01,Juan Toscano-Anderson,32831,"Jul 01, 2022",2022,LAL,1.9,standard,1,UFA,0.25,0.25,0,0,0,free_agency,GSW,0,0,,0,2022,123.655,1.9,0.015365,-4.175642,2022,1,0,0,,1.83609,2,5.83579,12.901,Large,1,10,2.54248,4.749,Large,1
townska01,Karl-Anthony Towns,17829,"Jul 07, 2015",2015,MIN,11.66,standard,1,,0.25,0.26,0,0,0,free_agency,MIN,1,0,,2,2015,70.0,5.83,0.083286,-2.485478,2016,1,0,1,,5.7036,16,1.88668,3.703,Medium,0,16,1.88668,3.703,Medium,0
townska01,Karl-Anthony Towns,17829,"Sep 23, 2018",2018,MIN,158.25,maximum,1,,0.35,0.406,0,1,1,extension,MIN,1,0,,0,2019,109.14,31.65,0.289995,-1.237893,2023,1,0,1,,7.839435,16,1.88668,3.703,Medium,0,16,1.88668,3.703,Medium,0
townska01,Karl-Anthony Towns,17829,"Jul 07, 2022",2022,MIN,220.44,extension,1,,0.35,0.392,1,0,1,extension,MIN,1,1,,0,2023,136.021,55.11,0.405158,-0.903478,2026,0,1,1,,33.8334,16,1.88668,3.703,Medium,0,16,1.88668,3.703,Medium,0
traorno01,Nolan Traoré,98615,"Jul 04, 2025",2025,BKN,18.46,rookie-scale,1,,0.25,0.28,0,0,0,rookie_scale,BKN,1,0,,0,2025,154.647,4.615,0.029842,-3.511833,2028,0,3,0,,3.81156,1,7.49451,19.113,Large,1,1,7.49451,19.113,Large,1
trentga02,Gary Trent Jr.,27003,"Jul 06, 2018",2018,POR,3.9,standard,1,,0.25,0.27,0,0,0,free_agency,POR,1,0,,2,2018,101.869,1.3,0.012761,-4.361323,2020,1,0,1,,0.838464,23,1.27792,2.511,Small,0,23,1.27792,2.511,Small,0
trentga02,Gary Trent Jr.,27003,"Aug 07, 2021",2021,TOR,51.84,standard,1,RFA,0.25,0.27,0,0,0,free_agency,TOR,1,0,,2,2021,112.414,17.28,0.153718,-1.872639,2023,1,0,1,,16.0,,,6.202,Large,1,,,6.202,Large,1
trentga02,Gary Trent Jr.,27003,"Jul 20, 2024",2024,MIL,2.6,standard,1,UFA,0.25,0.25,0,0,0,free_agency,TOR,0,0,,1,2024,140.588,2.6,0.018494,-3.990322,2024,1,0,0,,2.087519,38,0.9449,1.586,Small,0,,,6.202,Large,1
trentga02,Gary Trent Jr.,27003,"Jul 16, 2026",2026,MIL,64.0,standard,1,UFA,0.3,0.336,0,0,0,free_agency,MIL,1,0,,0,2026,170.1117,16.0,0.094056,-2.363867,2029,0,4,1,,,38,0.9449,1.586,Small,0,38,0.9449,1.586,Small,0
trieral01,Allonzo Trier,27606,"Dec 13, 2018",2018,NYK,3.38,two-way,1,,0.25,0.25,0,0,0,two_way,NYK,1,0,,1,2018,101.869,3.38,0.03318,-3.405812,2018,1,0,0,,3.382,1,7.49451,19.113,Large,1,1,7.49451,19.113,Large,1
tshieos01,Oscar Tshiebwe,84732,,2026,HOU,2.537526,standard,1,UFA,0.25,0.25,0,0,0,free_agency,UTA,0,0,,0,2026,170.1117,2.538,0.014917,-4.205266,2026,0,1,0,,,6,2.79742,7.206,Large,1,28,1.16352,1.266,Small,0
tuckepj01,P.J. Tucker,11059,"Jul 25, 2006",2006,TOR,0.412718,standard,1,,0.25,0.25,0,0,0,free_agency,TOR,1,0,,3,2006,,0.413,,,2006,1,0,0,,,,,6.202,Large,1,,,6.202,Large,1
tuckepj01,P.J. Tucker,11059,"Jul 24, 2012",2012,PHX,1.65,standard,1,UFA,0.25,0.26,0,0,0,free_agency,PHX,1,0,,3,2012,,0.825,,,2013,1,0,1,,,12,2.1982,5.059,Large,0,12,2.1982,5.059,Large,0
tuckepj01,P.J. Tucker,11059,"Jul 23, 2014",2014,PHX,16.5,standard,1,UFA,0.3,0.324,0,0,0,free_agency,PHX,1,0,,3,2014,63.065,5.5,0.087212,-2.439418,2016,1,0,1,,,12,2.1982,5.059,Large,0,12,2.1982,5.059,Large,0
tuckepj01,P.J. Tucker,11059,"Jul 06, 2017",2017,HOU,31.9,standard,1,UFA,0.35,0.392,0,0,0,free_agency,TOR,0,0,,3,2017,99.093,7.975,0.08048,-2.519747,2020,1,0,1,,7.590035,6,2.79742,7.206,Large,1,,,6.202,Large,1
tuckepj01,P.J. Tucker,11059,"Aug 07, 2021",2021,MIA,14.35,standard,1,UFA,0.35,0.364,0,0,0,free_agency,MIL,0,1,,3,2021,112.414,7.175,0.063827,-2.751586,2022,1,0,1,,7.0,18,1.75692,6.266,Medium,0,38,0.9449,1.586,Small,0
tuckepj01,P.J. Tucker,11059,"Jul 06, 2022",2022,PHI,33.0,standard,1,UFA,0.35,0.378,0,0,0,free_agency,MIA,0,1,,2,2022,123.655,11.0,0.088957,-2.4196,2024,1,0,1,,10.49,5,3.14592,6.228,Large,1,18,1.75692,6.266,Medium,0
turneev01,Evan Turner,6883,"Jul 14, 2010",2010,PHI,9.55,standard,1,,0.25,0.26,0,0,0,free_agency,PHI,1,0,,2,2010,,4.775,,,2011,1,0,1,,,5,3.14592,6.228,Large,1,5,3.14592,6.228,Large,1
turneev01,Evan Turner,6883,"Sep 28, 2014",2014,BOS,6.7,standard,1,UFA,0.25,0.26,0,0,0,free_agency,BOS,1,0,,0,2014,63.065,3.35,0.05312,-2.935206,2015,1,0,1,,,9,2.58446,4.899,Large,1,9,2.58446,4.899,Large,1
turneev01,Evan Turner,6883,"Jul 07, 2016",2016,POR,70.0,standard,1,UFA,0.25,0.28,0,0,0,free_agency,BOS,0,0,,0,2016,94.143,17.5,0.185887,-1.682614,2019,1,0,1,,16.393443,23,1.27792,2.511,Small,0,9,2.58446,4.899,Large,1
turnemy01,Myles Turner,17839,"Jul 13, 2015",2015,IND,4.82,standard,1,,0.25,0.26,0,0,0,free_agency,IND,1,0,,2,2015,70.0,2.41,0.034429,-3.368868,2016,1,0,1,,2.35776,25,1.23221,2.126,Small,0,25,1.23221,2.126,Small,0
turnemy01,Myles Turner,17839,"Oct 15, 2018",2018,IND,80.0,extension,1,,0.25,0.28,0,0,0,extension,IND,1,0,,0,2019,109.14,20.0,0.183251,-1.696899,2022,1,0,1,,3.410284,25,1.23221,2.126,Small,0,25,1.23221,2.126,Small,0
turnemy01,Myles Turner,17839,"Jan 30, 2023",2023,IND,58.0,extension,1,,0.3,0.312,0,0,0,renegotiation,IND,1,0,,0,2023,136.021,29.0,0.213202,-1.545513,2024,1,0,0,,20.975,25,1.23221,2.126,Small,0,25,1.23221,2.126,Small,0
turnemy01,Myles Turner,17839,"Jul 06, 2025",2025,MIL,108.86,standard,1,UFA,0.35,0.392,0,0,0,free_agency,IND,0,1,,0,2025,154.647,27.215,0.175981,-1.737377,2028,0,3,1,,25.318251,38,0.9449,1.586,Small,0,25,1.23221,2.126,Small,0
tysonhu01,Hunter Tyson,84466,"Jul 05, 2023",2023,DEN,7.64,standard,1,,0.25,0.28,0,0,0,free_agency,DEN,1,0,,0,2023,136.021,1.91,0.014042,-4.265706,2026,0,1,1,,1.119563,17,1.80627,3.038,Medium,0,17,1.80627,3.038,Medium,0
tysonja01,Jaylon Tyson,91773,"Jul 03, 2024",2024,CLE,16.12,rookie-scale,1,,0.25,0.28,0,0,0,rookie_scale,CLE,1,0,,1,2024,140.588,4.03,0.028665,-3.552067,2027,0,2,0,,3.32616,19,1.55434,2.088,Medium,0,19,1.55434,2.088,Medium,0
udohek01,Ekpe Udoh,8222,"Jul 07, 2010",2010,GSW,6.36,standard,1,,0.25,0.26,0,0,0,free_agency,GSW,1,0,,2,2010,,3.18,,,2011,1,0,1,,,10,2.54248,4.749,Large,1,10,2.54248,4.749,Large,1
udohek01,Ekpe Udoh,8222,"Sep 03, 2014",2014,LAC,0.981,standard,1,UFA,0.25,0.25,0,0,0,free_agency,LAC,1,0,,0,2014,63.065,0.981,0.015555,-4.163349,2014,1,0,0,,,2,5.83579,12.901,Large,1,2,5.83579,12.901,Large,1
udohek01,Ekpe Udoh,8222,"Jul 20, 2017",2017,UTH,6.5,standard,1,UFA,0.3,0.312,0,0,0,free_agency,UTA,0,0,,0,2017,99.093,3.25,0.032797,-3.417404,2018,1,0,1,,3.2,28,1.16352,1.266,Small,0,28,1.16352,1.266,Small,0
udrihbe01,Beno Udrih,2697,"Jul 14, 2004",2004,SAS,2.71,standard,1,,0.25,0.27,0,0,0,free_agency,SAS,1,0,,2,2004,,0.903,,,2006,1,0,1,,,31,1.0964,2.602,Small,0,31,1.0964,2.602,Small,0
udrihbe01,Beno Udrih,2697,"Nov 01, 2007",2007,SAC,0.788349,standard,1,RFA,0.25,0.25,0,0,0,free_agency,SAC,1,0,,1,2007,,0.788,,,2007,1,0,0,,,20,1.49792,2.453,Small,0,20,1.49792,2.453,Small,0
udrihbe01,Beno Udrih,2697,"Jul 09, 2008",2008,MIL,32.4,standard,1,RFA,0.25,0.29,0,0,0,free_agency,MIL,1,0,,1,2008,,6.48,,,2012,1,0,1,,,38,0.9449,1.586,Small,0,38,0.9449,1.586,Small,0
udrihbe01,Beno Udrih,2697,"Aug 08, 2013",2013,NYK,1.27,standard,1,UFA,0.3,0.3,0,0,0,free_agency,NYK,1,0,,0,2013,,1.27,,,2013,1,0,0,,,1,7.49451,19.113,Large,1,1,7.49451,19.113,Large,1
udrihbe01,Beno Udrih,2697,"Jul 15, 2014",2014,MEM,4.25,standard,1,UFA,0.35,0.364,0,0,0,free_agency,MEM,1,0,,0,2014,63.065,2.125,0.033695,-3.390394,2015,1,0,1,,,51,0.6663,1.358,Small,0,51,0.6663,1.358,Small,0
ulisty01,Tyler Ulis,20240,"Jul 07, 2016",2016,PHX,4.0,standard,1,,0.25,0.28,0,0,0,free_agency,PHX,1,0,,0,2016,94.143,1.0,0.010622,-4.544815,2019,1,0,1,,0.918369,12,2.1982,5.059,Large,0,12,2.1982,5.059,Large,0
valanjo01,Jonas Valančiūnas,8055,"Jul 18, 2012",2012,TOR,6.9,standard,1,RFA,0.25,0.26,0,0,0,free_agency,TOR,1,0,,3,2012,,3.45,,,2013,1,0,1,,,,,6.202,Large,1,,,6.202,Large,1
valanjo01,Jonas Valančiūnas,8055,"Jul 11, 2019",2019,MEM,45.0,standard,1,UFA,0.3,0.324,0,0,0,free_agency,MEM,1,0,,0,2019,109.14,15.0,0.137438,-1.984581,2021,1,0,1,,16.0,51,0.6663,1.358,Small,0,51,0.6663,1.358,Small,0
valanjo01,Jonas Valančiūnas,8055,"Oct 20, 2021",2021,NOP,30.14,extension,1,,0.35,0.364,0,0,0,extension,MEM,0,0,,0,2022,123.655,15.07,0.121871,-2.104789,2023,1,0,1,,14.0,50,0.67279,1.29,Small,0,51,0.6663,1.358,Small,0
valanjo01,Jonas Valančiūnas,8055,"Jul 06, 2024",2024,NOP,30.3,standard,1,UFA,0.35,0.378,0,0,0,sign_and_trade,NOP,1,0,,0,2024,140.588,10.1,0.071841,-2.633298,2026,0,1,1,,9.9,50,0.67279,1.29,Small,0,50,0.67279,1.29,Small,0
valende01,Denzel Valentine,20219,"Jul 16, 2016",2016,CHI,9.93,rookie-scale,1,,0.25,0.28,0,0,0,rookie_scale,CHI,1,0,,2,2016,94.143,2.482,0.026369,-3.635549,2019,1,0,0,,2.0922,3,3.65475,9.441,Large,1,3,3.65475,9.441,Large,1
valende01,Denzel Valentine,20219,"Nov 21, 2020",2020,CHI,4.69,standard,1,RFA,0.25,0.25,0,0,0,rfa_match,CHI,1,0,,0,2020,109.14,4.69,0.042972,-3.147199,2020,1,0,0,,4.6428,3,3.65475,9.441,Large,1,3,3.65475,9.441,Large,1
valende01,Denzel Valentine,20219,"Sep 22, 2021",2021,CLE,4.13,standard,1,UFA,0.25,0.26,0,0,0,free_agency,CHI,0,0,,0,2021,112.414,2.065,0.01837,-3.997058,2022,1,0,1,,0.111457,19,1.55434,2.088,Medium,0,3,3.65475,9.441,Large,1
vandeja01,Jarred Vanderbilt,27007,"Jul 11, 2018",2018,DEN,3.9,standard,1,,0.25,0.27,0,0,0,free_agency,DEN,1,0,,0,2018,101.869,1.3,0.012761,-4.361323,2020,1,0,1,,0.838464,17,1.80627,3.038,Medium,0,17,1.80627,3.038,Medium,0
vandeja01,Jarred Vanderbilt,27007,"Sep 15, 2021",2021,MIN,13.12,standard,1,RFA,0.25,0.27,0,0,0,free_agency,MIN,1,0,,0,2021,112.414,4.373,0.038904,-3.246663,2023,1,0,1,,4.0,16,1.88668,3.703,Medium,0,16,1.88668,3.703,Medium,0
vandeja01,Jarred Vanderbilt,27007,"Sep 15, 2023",2023,LAL,48.0,extension,1,,0.25,0.28,0,0,0,extension,LAL,1,0,,0,2024,140.588,12.0,0.085356,-2.460927,2027,0,2,1,,4.698,2,5.83579,12.901,Large,1,2,5.83579,12.901,Large,1
vanvlfr01,Fred VanVleet,20778,"Jul 18, 2016",2016,TOR,1.45,standard,1,,0.25,0.26,0,0,0,free_agency,TOR,1,0,,4,2016,94.143,0.725,0.007701,-4.866399,2017,1,0,1,,0.543471,,,6.202,Large,1,,,6.202,Large,1
vanvlfr01,Fred VanVleet,20778,"Jul 06, 2018",2018,TOR,18.0,standard,1,RFA,0.25,0.26,0,0,0,free_agency,TOR,1,0,,4,2018,101.869,9.0,0.088349,-2.426463,2019,1,0,1,,8.653847,,,6.202,Large,1,,,6.202,Large,1
vanvlfr01,Fred VanVleet,20778,"Nov 24, 2020",2020,TOR,85.0,standard,1,RFA,0.25,0.28,0,0,0,free_agency,TOR,1,0,,4,2020,109.14,21.25,0.194704,-1.636275,2023,1,0,1,,21.25,,,6.202,Large,1,,,6.202,Large,1
vanvlfr01,Fred VanVleet,20778,"Jul 07, 2023",2023,HOU,128.5,standard,1,UFA,0.3,0.324,0,0,0,free_agency,TOR,0,0,,3,2023,136.021,42.833,0.314902,-1.155493,2025,1,0,1,,40.8063,6,2.79742,7.206,Large,1,,,6.202,Large,1
vanvlfr01,Fred VanVleet,20778,"Jul 06, 2025",2025,HOU,50.0,standard,1,UFA,0.3,0.312,0,0,0,free_agency,HOU,1,1,,1,2025,154.647,25.0,0.161658,-1.822269,2026,0,1,1,,25.0,6,2.79742,7.206,Large,1,6,2.79742,7.206,Large,1
varejan01,Anderson Varejão,2265,"Aug 18, 2004",2004,CLE,2.6,standard,1,,0.25,0.27,0,0,0,free_agency,CLE,1,0,,1,2004,,0.867,,,2006,1,0,1,,,19,1.55434,2.088,Medium,0,19,1.55434,2.088,Medium,0
varejan01,Anderson Varejão,2265,"Dec 07, 2007",2007,CLE,11.1,standard,1,RFA,0.25,0.26,0,0,0,free_agency,CLE,1,0,,1,2007,,5.55,,,2008,1,0,1,,,19,1.55434,2.088,Medium,0,19,1.55434,2.088,Medium,0
varejan01,Anderson Varejão,2265,"Jul 10, 2009",2009,CLE,48.3,standard,1,UFA,0.25,0.3,0,0,0,free_agency,CLE,1,0,,0,2009,,8.05,,,2014,1,0,1,,,19,1.55434,2.088,Medium,0,19,1.55434,2.088,Medium,0
varejan01,Anderson Varejão,2265,"Oct 31, 2014",2014,CLE,30.0,extension,1,,0.35,0.378,0,0,0,extension,CLE,1,0,,0,2015,70.0,10.0,0.142857,-1.94591,2017,1,0,1,,,19,1.55434,2.088,Medium,0,19,1.55434,2.088,Medium,0
varejan01,Anderson Varejão,2265,"Feb 22, 2016",2016,GSW,0.456,standard,1,UFA,0.35,0.35,0,0,0,free_agency,GSW,1,0,,0,2016,94.143,0.456,0.004844,-5.330077,2016,1,0,0,,1.551659,10,2.54248,4.749,Large,1,10,2.54248,4.749,Large,1
varejan01,Anderson Varejão,2265,"Jul 17, 2016",2016,GSW,1.55,standard,1,UFA,0.35,0.35,0,0,0,free_agency,GSW,1,0,,0,2016,94.143,1.55,0.016464,-4.10656,2016,1,0,0,,1.551659,10,2.54248,4.749,Large,1,10,2.54248,4.749,Large,1
vassede01,Devin Vassell,70653,"Nov 27, 2020",2020,SAS,18.59,rookie-scale,1,,0.25,0.28,0,0,0,rookie_scale,SAS,1,0,,2,2020,109.14,4.647,0.042583,-3.156302,2023,1,0,0,,4.03344,31,1.0964,2.602,Small,0,31,1.0964,2.602,Small,0
vassede01,Devin Vassell,70653,"Oct 03, 2023",2023,SAS,135.0,extension,1,,0.25,0.29,0,0,0,extension,SAS,1,0,,0,2024,140.588,27.0,0.192051,-1.649997,2028,0,3,1,,5.887899,31,1.0964,2.602,Small,0,31,1.0964,2.602,Small,0
vaughra01,Rashad Vaughn,17845,"Jul 17, 2015",2015,MIL,3.54,standard,1,,0.25,0.26,0,0,0,free_agency,MIL,1,0,,3,2015,70.0,1.77,0.025286,-3.677516,2016,1,0,1,,1.73304,38,0.9449,1.586,Small,0,38,0.9449,1.586,Small,0
vezenal01,Sasha Vezenkov,23658,"Jul 13, 2023",2023,SAC,19.97,standard,1,UFA,0.25,0.27,0,0,0,free_agency,SAC,1,0,,0,2023,136.021,6.657,0.048939,-3.01719,2025,1,0,1,,6.341464,20,1.49792,2.453,Small,0,20,1.49792,2.453,Small,0
villach01,Charlie Villanueva,2569,"Jul 05, 2005",2005,TOR,4.9,standard,1,,0.25,0.26,0,0,0,free_agency,TOR,1,0,,3,2005,,2.45,,,2006,1,0,1,,,,,6.202,Large,1,,,6.202,Large,1
villach01,Charlie Villanueva,2569,"Jul 01, 2009",2009,DET,37.7,standard,1,RFA,0.25,0.29,0,0,0,free_agency,DET,1,0,,1,2009,,7.54,,,2013,1,0,1,,,14,1.94075,4.365,Medium,0,14,1.94075,4.365,Medium,0
villach01,Charlie Villanueva,2569,"Sep 23, 2014",2014,DAL,1.31,standard,1,UFA,0.3,0.3,0,0,0,free_agency,DAL,1,0,,0,2014,63.065,1.31,0.020772,-3.874139,2014,1,0,0,,,4,3.26449,7.943,Large,1,4,3.26449,7.943,Large,1
villach01,Charlie Villanueva,2569,"Aug 06, 2015",2015,DAL,1.5,standard,1,UFA,0.35,0.35,0,0,0,free_agency,DAL,1,0,,0,2015,70.0,1.5,0.021429,-3.84303,2015,1,0,0,,1.499187,4,3.26449,7.943,Large,1,4,3.26449,7.943,Large,1
vincega01,Gabe Vincent,28087,"Aug 06, 2021",2021,MIA,3.48,standard,1,RFA,0.25,0.26,0,0,0,free_agency,MIA,1,0,,0,2021,112.414,1.74,0.015478,-4.168303,2022,1,0,1,,1.669178,18,1.75692,6.266,Medium,0,18,1.75692,6.266,Medium,0
vincega01,Gabe Vincent,28087,"Jul 06, 2023",2023,LAL,33.0,standard,1,RFA,0.25,0.27,0,0,0,free_agency,MIA,0,0,,0,2023,136.021,11.0,0.08087,-2.514914,2025,1,0,1,,10.5,2,5.83579,12.901,Large,1,18,1.75692,6.266,Medium,0
vonleno01,Noah Vonleh,15361,"Jul 26, 2014",2014,CHA,5.16,standard,1,,0.25,0.26,0,0,0,free_agency,CHA,1,0,,2,2014,63.065,2.58,0.04091,-3.196377,2015,1,0,1,,,21,1.38202,2.66,Small,0,21,1.38202,2.66,Small,0
vonleno01,Noah Vonleh,15361,"Jul 24, 2018",2018,NYK,1.62,standard,1,UFA,0.25,0.25,0,0,0,free_agency,CHI,0,0,,0,2018,101.869,1.62,0.015903,-4.141262,2018,1,0,0,,1.621415,1,7.49451,19.113,Large,1,3,3.65475,9.441,Large,1
vonleno01,Noah Vonleh,15361,"Nov 27, 2020",2020,CHI,2.03,standard,1,UFA,0.25,0.25,0,0,0,free_agency,DEN,0,0,,0,2020,109.14,2.03,0.0186,-3.984596,2020,1,0,0,,0.263995,3,3.65475,9.441,Large,1,17,1.80627,3.038,Medium,0
vucevni01,Nikola Vučević,8067,"Dec 09, 2011",2011,PHI,3.36,standard,1,,0.25,0.26,0,0,0,free_agency,PHI,1,0,,2,2011,,1.68,,,2012,1,0,1,,,5,3.14592,6.228,Large,1,5,3.14592,6.228,Large,1
vucevni01,Nikola Vučević,8067,"Oct 23, 2014",2014,ORL,53.0,extension,1,,0.25,0.28,0,0,0,extension,ORL,1,0,,0,2015,70.0,13.25,0.189286,-1.664498,2018,1,0,1,,,15,1.90242,2.673,Medium,0,15,1.90242,2.673,Medium,0
vucevni01,Nikola Vučević,8067,"Jul 06, 2019",2019,ORL,100.0,standard,1,UFA,0.3,0.336,0,0,0,free_agency,ORL,1,0,,0,2019,109.14,25.0,0.229064,-1.473756,2022,1,0,1,,28.0,15,1.90242,2.673,Medium,0,15,1.90242,2.673,Medium,0
vucevni01,Nikola Vučević,8067,"Jul 01, 2026",2026,ORL,3.88,standard,1,UFA,0.35,0.35,0,0,0,free_agency,BOS,0,0,,0,2026,170.1117,3.88,0.022809,-3.78062,2026,0,1,0,,,15,1.90242,2.673,Medium,0,9,2.58446,4.899,Large,1
vujacsa01,Sasha Vujačić,2526,"Aug 07, 2015",2015,NYK,1.36,standard,1,UFA,0.35,0.35,0,0,0,free_agency,NYK,1,0,,0,2015,70.0,1.36,0.019429,-3.941011,2015,1,0,0,,1.356146,1,7.49451,19.113,Large,1,1,7.49451,19.113,Large,1
vujacsa01,Sasha Vujačić,2526,"Jul 14, 2016",2016,NYK,1.41,standard,1,UFA,0.35,0.35,0,0,0,free_agency,NYK,1,0,,0,2016,94.143,1.41,0.014977,-4.201225,2016,1,0,0,,1.410598,1,7.49451,19.113,Large,1,1,7.49451,19.113,Large,1
vukcetr01,Tristan Vukcevic,84470,"Mar 13, 2024",2024,WAS,4.85,standard,1,RFA,0.25,0.26,0,0,0,rest_of_season,WAS,1,0,,1,2024,140.588,2.425,0.017249,-4.060002,2025,1,0,0,,,8,2.63064,6.385,Large,1,8,2.63064,6.385,Large,1
vukcetr01,Tristan Vukcevic,84470,"Feb 21, 2026",2026,WAS,8.86,two-way,1,RFA,0.25,0.27,0,0,0,rest_of_season,WAS,1,0,,0,2026,170.1117,2.953,0.017361,-4.053521,2028,0,3,0,,,8,2.63064,6.385,Large,1,8,2.63064,6.385,Large,1
wadede01,Dean Wade,31963,"Sep 27, 2022",2022,CLE,18.5,extension,1,,0.25,0.27,0,0,0,extension,CLE,1,0,,0,2023,136.021,6.167,0.045336,-3.093651,2025,1,0,1,,1.930681,19,1.55434,2.088,Medium,0,19,1.55434,2.088,Medium,0
wadede01,Dean Wade,31963,"Jul 06, 2026",2026,PHI,38.7,standard,1,UFA,0.3,0.336,0,0,0,free_agency,CLE,0,0,,0,2026,170.1117,9.675,0.056874,-2.86691,2029,0,4,1,,,5,3.14592,6.228,Large,1,19,1.55434,2.088,Medium,0
wadedw01,Dwyane Wade,2556,"Aug 18, 2003",2003,MIA,8.5,standard,1,,0.25,0.27,0,0,0,free_agency,MIA,1,0,,3,2003,,2.833,,,2005,1,0,1,,,18,1.75692,6.266,Medium,0,18,1.75692,6.266,Medium,0
wadedw01,Dwyane Wade,2556,"Jun 12, 2006",2006,MIA,43.2,rookie-scale,1,,0.25,0.27,0,0,0,extension,MIA,1,0,,2,2007,,14.4,,,2009,1,0,1,,,18,1.75692,6.266,Medium,0,18,1.75692,6.266,Medium,0
wadedw01,Dwyane Wade,2556,"Jul 10, 2010",2010,MIA,107.2,standard,1,UFA,0.3,0.36,0,0,0,free_agency,MIA,1,0,,2,2010,,17.867,,,2015,1,0,1,,,18,1.75692,6.266,Medium,0,18,1.75692,6.266,Medium,0
wadedw01,Dwyane Wade,2556,"Jul 15, 2014",2014,MIA,31.125,standard,1,UFA,0.35,0.364,0,0,0,free_agency,MIA,1,1,,1,2014,63.065,15.562,0.246769,-1.399302,2015,1,0,1,,,18,1.75692,6.266,Medium,0,18,1.75692,6.266,Medium,0
wadedw01,Dwyane Wade,2556,"Jul 15, 2016",2016,CHI,47.0,standard,1,UFA,0.35,0.364,0,0,0,free_agency,MIA,0,0,,1,2016,94.143,23.5,0.24962,-1.387814,2017,1,0,1,,23.2,3,3.65475,9.441,Large,1,18,1.75692,6.266,Medium,0
wadedw01,Dwyane Wade,2556,"Sep 27, 2017",2017,CLE,2.3,standard,1,UFA,0.35,0.35,0,0,0,free_agency,CHI,0,0,,0,2017,99.093,2.3,0.023211,-3.76315,2017,1,0,0,,1.471382,19,1.55434,2.088,Medium,0,3,3.65475,9.441,Large,1
wagnefr01,Franz Wagner,74115,"Aug 03, 2021",2021,ORL,22.78,rookie-scale,1,,0.25,0.28,0,0,0,rookie_scale,ORL,1,0,,1,2021,112.414,5.695,0.050661,-2.9826,2024,1,0,0,,5.00784,15,1.90242,2.673,Medium,0,15,1.90242,2.673,Medium,0
wagnefr01,Franz Wagner,74115,"Jul 06, 2024",2024,ORL,224.23,rookie-scale,1,,0.25,0.29,0,0,0,extension,ORL,1,0,,0,2025,154.647,44.846,0.289989,-1.237911,2029,0,4,1,,7.007092,15,1.90242,2.673,Medium,0,15,1.90242,2.673,Medium,0
wagnemo01,Moritz Wagner,26991,"Jul 01, 2018",2018,LAL,9.88,rookie-scale,1,,0.25,0.28,0,0,0,rookie_scale,LAL,1,0,,4,2018,101.869,2.47,0.024247,-3.71947,2021,1,0,0,,1.76208,2,5.83579,12.901,Large,1,2,5.83579,12.901,Large,1
wagnemo01,Moritz Wagner,26991,"Aug 23, 2021",2021,ORL,3.6,standard,1,RFA,0.25,0.26,0,0,0,free_agency,ORL,1,0,,2,2021,112.414,1.8,0.016012,-4.134402,2022,1,0,1,,1.729217,15,1.90242,2.673,Medium,0,15,1.90242,2.673,Medium,0
wagnemo01,Moritz Wagner,26991,"Jul 11, 2023",2023,ORL,16.0,standard,1,UFA,0.25,0.26,0,0,0,free_agency,ORL,1,0,,2,2023,136.021,8.0,0.058814,-2.833368,2024,1,0,1,,8.0,15,1.90242,2.673,Medium,0,15,1.90242,2.673,Medium,0
wagnemo01,Moritz Wagner,26991,"Jul 06, 2024",2024,ORL,22.0,standard,1,UFA,0.25,0.26,0,0,0,free_agency,ORL,1,0,,1,2024,140.588,11.0,0.078243,-2.547938,2025,1,0,1,,11.0,15,1.90242,2.673,Medium,0,15,1.90242,2.673,Medium,0
wagnemo01,Moritz Wagner,26991,"Jul 07, 2025",2025,ORL,5.0,standard,1,UFA,0.3,0.3,0,0,0,free_agency,ORL,1,0,,0,2025,154.647,5.0,0.032332,-3.431707,2025,1,0,0,,5.0,15,1.90242,2.673,Medium,0,15,1.90242,2.673,Medium,0
wagnemo01,Moritz Wagner,26991,"Jul 31, 2026",2026,BKN,18.45,standard,1,UFA,0.3,0.312,0,0,0,free_agency,ORL,0,0,,0,2026,170.1117,9.225,0.054229,-2.914538,2027,0,2,1,,,1,7.49451,19.113,Large,1,15,1.90242,2.673,Medium,0
wainris01,Ish Wainright,74220,"Aug 08, 2021",2021,TOR,2.49,standard,1,,0.25,0.26,0,0,0,free_agency,PHX,0,0,,1,2021,112.414,1.245,0.011075,-4.503053,2022,1,0,1,,0.008558,,,6.202,Large,1,12,2.1982,5.059,Large,0
wainris01,Ish Wainright,74220,"Feb 24, 2023",2023,PHX,2.4,two-way,1,RFA,0.25,0.26,0,0,0,rest_of_season,TOR,0,0,,1,2023,136.021,1.2,0.008822,-4.730488,2024,1,0,0,,1.927896,12,2.1982,5.059,Large,0,,,6.202,Large,1
waitedi01,Dion Waiters,10812,"Jul 05, 2012",2012,CLE,7.6,standard,1,,0.25,0.26,0,0,0,free_agency,CLE,1,0,,3,2012,,3.8,,,2013,1,0,1,,,19,1.55434,2.088,Medium,0,19,1.55434,2.088,Medium,0
waitedi01,Dion Waiters,10812,"Jul 26, 2016",2016,MIA,5.93,standard,1,UFA,0.25,0.26,0,0,0,free_agency,OKC,0,0,,1,2016,94.143,2.965,0.031495,-3.457938,2017,1,0,1,,2.898,18,1.75692,6.266,Medium,0,47,0.7627,1.435,Small,0
waitedi01,Dion Waiters,10812,"Jul 07, 2017",2017,MIA,52.0,standard,1,UFA,0.25,0.28,0,0,0,free_agency,MIA,1,0,,0,2017,99.093,13.0,0.13119,-2.031109,2020,1,0,1,,11.0,18,1.75692,6.266,Medium,0,18,1.75692,6.266,Medium,0
walkeja01,Jabari Walker,78167,"Jul 13, 2022",2022,POR,4.76,standard,1,,0.25,0.27,0,0,0,free_agency,POR,1,0,,0,2022,123.655,1.587,0.012831,-4.35586,2024,1,0,1,,1.017781,23,1.27792,2.511,Small,0,23,1.27792,2.511,Small,0
walkeja01,Jabari Walker,78167,"Feb 19, 2026",2026,PHI,3.31,two-way,1,RFA,0.25,0.26,0,0,0,rest_of_season,PHI,1,0,,0,2026,170.1117,1.655,0.009729,-4.632654,2027,0,2,0,,,5,3.14592,6.228,Large,1,5,3.14592,6.228,Large,1
walkeja02,Jarace Walker,82201,"Jul 01, 2023",2023,IND,27.57,rookie-scale,1,,0.25,0.28,0,0,0,rookie_scale,IND,1,0,,2,2023,136.021,6.893,0.050672,-2.982375,2026,0,1,0,,6.05952,25,1.23221,2.126,Small,0,25,1.23221,2.126,Small,0
walkeke02,Kemba Walker,8059,"Dec 12, 2011",2011,CHA,4.82,standard,1,,0.25,0.26,0,0,0,free_agency,CHA,1,0,,2,2011,,2.41,,,2012,1,0,1,,,21,1.38202,2.66,Small,0,21,1.38202,2.66,Small,0
walkeke02,Kemba Walker,8059,"Oct 29, 2014",2014,CHA,48.0,extension,1,,0.25,0.28,0,0,0,extension,CHA,1,0,,0,2015,70.0,12.0,0.171429,-1.763589,2018,1,0,1,,,21,1.38202,2.66,Small,0,21,1.38202,2.66,Small,0
walkeke02,Kemba Walker,8059,"Jul 06, 2019",2019,CHA,140.79,maximum,1,UFA,0.3,0.336,0,1,0,sign_and_trade,CHA,1,1,,0,2019,109.14,35.197,0.322499,-1.131656,2022,1,0,1,,32.742,21,1.38202,2.66,Small,0,21,1.38202,2.66,Small,0
walkeke02,Kemba Walker,8059,"Aug 10, 2021",2021,NYK,17.89,standard,1,UFA,0.35,0.364,0,0,0,free_agency,BOS,0,0,,0,2021,112.414,8.945,0.079572,-2.531094,2022,1,0,1,,8.72902,1,7.49451,19.113,Large,1,9,2.58446,4.899,Large,1
walkelo01,Lonnie Walker IV,26984,"Jul 12, 2018",2018,SAS,12.46,rookie-scale,1,,0.25,0.28,0,0,0,rookie_scale,SAS,1,0,,3,2018,101.869,3.115,0.030578,-3.487459,2021,1,0,0,,2.35716,31,1.0964,2.602,Small,0,31,1.0964,2.602,Small,0
walkelo01,Lonnie Walker IV,26984,"Jul 06, 2022",2022,LAL,6.48,standard,1,UFA,0.25,0.25,0,0,0,free_agency,SAS,0,0,,1,2022,123.655,6.48,0.052404,-2.948775,2022,1,0,0,,6.479,2,5.83579,12.901,Large,1,31,1.0964,2.602,Small,0
walkelo01,Lonnie Walker IV,26984,"Jul 10, 2023",2023,BKN,2.34,standard,1,RFA,0.25,0.25,0,0,0,free_agency,LAL,0,0,,1,2023,136.021,2.34,0.017203,-4.062658,2023,1,0,0,,2.019706,1,7.49451,19.113,Large,1,2,5.83579,12.901,Large,1
wallaca01,Cason Wallace,82207,"Jul 07, 2023",2023,OKC,24.09,rookie-scale,1,,0.25,0.28,0,0,0,rookie_scale,OKC,1,0,,2,2023,136.021,6.022,0.044276,-3.117307,2026,0,1,0,,5.2914,47,0.7627,1.435,Small,0,47,0.7627,1.435,Small,0
wallake01,Keaton Wallace,79960,"Oct 18, 2025",2025,ATL,2.3,two-way,1,,0.25,0.25,0,0,0,two_way,ATL,1,0,,0,2025,154.647,2.3,0.014873,-4.208236,2025,1,0,0,,2.296274,7,2.75817,6.144,Large,1,7,2.75817,6.144,Large,1
wallaty01,Tyrone Wallace,20266,"Sep 03, 2018",2018,LAC,2.93,standard,1,RFA,0.25,0.26,0,0,0,offer_sheet,LAC,1,0,,0,2018,101.869,1.465,0.014381,-4.241832,2019,1,0,1,,1.349383,2,5.83579,12.901,Large,1,2,5.83579,12.901,Large,1
walljo01,John Wall,6882,"Jul 09, 2010",2010,WAS,24.05,standard,1,,0.25,0.28,0,0,0,free_agency,WAS,1,0,,3,2010,,6.013,,,2013,1,0,1,,,8,2.63064,6.385,Large,1,8,2.63064,6.385,Large,1
walljo01,John Wall,6882,"Jul 31, 2013",2013,WAS,84.79,maximum,1,,0.25,0.29,0,1,0,extension,WAS,1,0,,1,2014,63.065,16.958,0.268897,-1.313426,2018,1,0,1,,,8,2.63064,6.385,Large,1,8,2.63064,6.385,Large,1
walljo01,John Wall,6882,"Jul 26, 2017",2017,WAS,171.0,extension,1,,0.35,0.392,1,0,1,extension,WAS,1,0,,1,2018,101.869,42.75,0.419657,-0.868318,2021,1,0,1,,18.06385,8,2.63064,6.385,Large,1,8,2.63064,6.385,Large,1
walljo01,John Wall,6882,"Jul 09, 2022",2022,LAC,13.28,standard,1,UFA,0.35,0.364,0,0,0,free_agency,HOU,0,0,,0,2022,123.655,6.64,0.053698,-2.924383,2023,1,0,1,,6.479,2,5.83579,12.901,Large,1,6,2.79742,7.206,Large,1
walshjo01,Jordan Walsh,84467,"Jul 06, 2023",2023,BOS,7.64,standard,1,,0.25,0.28,0,0,0,free_agency,BOS,1,0,,1,2023,136.021,1.91,0.014042,-4.265706,2026,0,1,1,,1.119563,9,2.58446,4.899,Large,1,9,2.58446,4.899,Large,1
walshjo01,Jordan Walsh,84467,"Jul 23, 2026",2026,BOS,15.0,extension,1,,0.25,0.27,0,0,0,extension,BOS,1,0,,0,2027,187.12287,5.0,0.02672,-3.622328,2029,0,4,1,,,9,2.58446,4.899,Large,1,9,2.58446,4.899,Large,1
walteja01,Ja'Kobe Walter,91754,"Jul 04, 2024",2024,TOR,16.79,rookie-scale,1,,0.25,0.28,0,0,0,rookie_scale,TOR,1,0,,1,2024,140.588,4.197,0.029857,-3.511345,2027,0,2,0,,3.465,,,6.202,Large,1,,,6.202,Large,1
wanambr01,Brad Wanamaker,27289,"Jul 02, 2018",2018,BOS,0.838,standard,1,,0.25,0.25,0,0,0,free_agency,BOS,1,0,,0,2018,101.869,0.838,0.008226,-4.800425,2018,1,0,0,,0.838464,9,2.58446,4.899,Large,1,9,2.58446,4.899,Large,1
wanambr01,Brad Wanamaker,27289,"Nov 23, 2020",2020,GSW,2.25,standard,1,UFA,0.25,0.25,0,0,0,free_agency,BOS,0,0,,0,2020,109.14,2.25,0.020616,-3.881701,2020,1,0,0,,2.25,10,2.54248,4.749,Large,1,9,2.58446,4.899,Large,1
wareke01,Kel'el Ware,91767,"Jul 01, 2024",2024,MIA,20.5,rookie-scale,1,,0.25,0.28,0,0,0,rookie_scale,MIA,1,0,,1,2024,140.588,5.125,0.036454,-3.311703,2027,0,2,0,,4.2318,18,1.75692,6.266,Medium,0,18,1.75692,6.266,Medium,0
warretj01,T.J. Warren,15366,"Jul 12, 2014",2014,PHX,3.99,standard,1,,0.25,0.26,0,0,0,free_agency,PHX,1,0,,2,2014,63.065,1.995,0.031634,-3.453522,2015,1,0,1,,,12,2.1982,5.059,Large,0,12,2.1982,5.059,Large,0
warretj01,T.J. Warren,15366,"Sep 25, 2017",2017,PHX,47.0,extension,1,,0.25,0.28,0,0,0,extension,PHX,1,0,,0,2018,101.869,11.75,0.115344,-2.159834,2021,1,0,1,,3.152931,12,2.1982,5.059,Large,0,12,2.1982,5.059,Large,0
warretj01,T.J. Warren,15366,"Jul 07, 2022",2022,BKN,2.63,standard,1,UFA,0.3,0.3,0,0,0,free_agency,IND,0,0,,0,2022,123.655,2.63,0.021269,-3.850512,2022,1,0,0,,1.83609,1,7.49451,19.113,Large,1,25,1.23221,2.126,Small,0
washipj01,P.J. Washington,31569,"Jul 03, 2019",2019,CHA,17.88,rookie-scale,1,,0.25,0.28,0,0,0,rookie_scale,CHA,1,0,,2,2019,109.14,4.47,0.040957,-3.195243,2022,1,0,0,,3.83184,21,1.38202,2.66,Small,0,21,1.38202,2.66,Small,0
washipj01,P.J. Washington,31569,"Aug 29, 2023",2023,CHA,46.5,standard,1,RFA,0.25,0.27,0,0,0,free_agency,CHA,1,0,,0,2023,136.021,15.5,0.113953,-2.171969,2025,1,0,1,,16.847826,21,1.38202,2.66,Small,0,21,1.38202,2.66,Small,0
washipj01,P.J. Washington,31569,"Sep 10, 2025",2025,DAL,88.76,extension,1,,0.3,0.336,0,0,0,extension,DAL,1,0,,0,2026,170.1117,22.19,0.130444,-2.036814,2029,0,4,1,,14.152174,4,3.26449,7.943,Large,1,4,3.26449,7.943,Large,1
washity02,TyTy Washington Jr.,78125,"Jul 01, 2022",2022,HOU,11.34,rookie-scale,1,,0.25,0.28,0,0,0,rookie_scale,HOU,1,0,,0,2022,123.655,2.835,0.022927,-3.775453,2025,1,0,0,,2.21004,6,2.79742,7.206,Large,1,6,2.79742,7.206,Large,1
watanyu01,Yuta Watanabe,27713,"Apr 18, 2021",2021,TOR,2.08,standard,1,RFA,0.25,0.26,0,0,0,rest_of_season,TOR,1,0,,1,2021,112.414,1.04,0.009252,-4.682968,2022,1,0,0,,1.762796,,,6.202,Large,1,,,6.202,Large,1
watanyu01,Yuta Watanabe,27713,"Jul 03, 2023",2023,PHX,5.0,standard,1,UFA,0.25,0.26,0,0,0,free_agency,BKN,0,1,,1,2023,136.021,2.5,0.01838,-3.996519,2024,1,0,1,,2.346614,12,2.1982,5.059,Large,0,1,7.49451,19.113,Large,1
waterli01,Lindy Waters III,75746,"Feb 09, 2024",2024,OKC,6.29,standard,1,RFA,0.25,0.26,0,0,0,rest_of_season,OKC,1,0,,1,2024,140.588,3.145,0.02237,-3.80002,2025,1,0,0,,2.19697,47,0.7627,1.435,Small,0,47,0.7627,1.435,Small,0
waterli01,Lindy Waters III,75746,"Jul 24, 2025",2025,SAS,2.46,standard,1,RFA,0.25,0.25,0,0,0,free_agency,DET,0,0,,0,2025,154.647,2.46,0.015907,-4.140984,2025,1,0,0,,2.296274,31,1.0964,2.602,Small,0,14,1.94075,4.365,Medium,0
watfotr01,Trendon Watford,74232,"Aug 03, 2023",2023,BKN,2.02,standard,1,RFA,0.25,0.25,0,0,0,free_agency,POR,0,0,,1,2023,136.021,2.02,0.014851,-4.209712,2023,1,0,0,,2.019706,1,7.49451,19.113,Large,1,23,1.27792,2.511,Small,0
watfotr01,Trendon Watford,74232,"Jul 09, 2024",2024,BKN,2.73,standard,1,RFA,0.25,0.25,0,0,0,rfa_match,BKN,1,0,,1,2024,140.588,2.73,0.019418,-3.941532,2024,1,0,0,,2.726603,1,7.49451,19.113,Large,1,1,7.49451,19.113,Large,1
watfotr01,Trendon Watford,74232,"Jul 02, 2025",2025,PHI,5.26,standard,1,RFA,0.25,0.26,0,0,0,free_agency,BKN,0,0,,1,2025,154.647,2.63,0.017006,-4.074161,2026,0,1,1,,2.461463,5,3.14592,6.228,Large,1,1,7.49451,19.113,Large,1
watkija01,Jamir Watkins,99257,"Feb 26, 2026",2026,WAS,3.28,standard,1,RFA,0.25,0.26,0,0,0,rest_of_season,WAS,1,0,,1,2026,170.1117,1.64,0.009641,-4.641759,2027,0,2,0,,,8,2.63064,6.385,Large,1,8,2.63064,6.385,Large,1
watsocj01,C.J. Watson,2324,"Sep 18, 2007",2007,CHA,0.427163,standard,1,,0.25,0.25,0,0,0,free_agency,CHA,1,0,,1,2007,,0.427,,,2007,1,0,0,,,21,1.38202,2.66,Small,0,21,1.38202,2.66,Small,0
watsocj01,C.J. Watson,2324,"Sep 09, 2009",2009,GSW,1.0,standard,1,RFA,0.25,,0,0,0,free_agency,GSW,1,0,,1,2009,,,,,,,,0,,,10,2.54248,4.749,Large,1,10,2.54248,4.749,Large,1
watsocj01,C.J. Watson,2324,"Jul 20, 2010",2010,GSW,10.2,standard,1,RFA,0.25,0.27,0,0,0,free_agency,GSW,1,0,,1,2010,,3.4,,,2012,1,0,1,,,10,2.54248,4.749,Large,1,10,2.54248,4.749,Large,1
watsocj01,C.J. Watson,2324,"Jul 23, 2012",2012,BKN,2.1,standard,1,RFA,0.25,0.26,0,0,0,free_agency,BKN,1,0,,0,2012,,1.05,,,2013,1,0,1,,,1,7.49451,19.113,Large,1,1,7.49451,19.113,Large,1
watsocj01,C.J. Watson,2324,"Jul 10, 2013",2013,IND,4.1,standard,1,UFA,0.25,0.26,0,0,0,free_agency,IND,1,0,,0,2013,,2.05,,,2014,1,0,1,,,25,1.23221,2.126,Small,0,25,1.23221,2.126,Small,0
watsocj01,C.J. Watson,2324,"Jul 09, 2015",2015,ORL,15.0,standard,1,UFA,0.3,0.324,0,0,0,free_agency,ORL,1,0,,0,2015,70.0,5.0,0.071429,-2.639057,2017,1,0,1,,5.0,15,1.90242,2.673,Medium,0,15,1.90242,2.673,Medium,0
watsopa01,Paul Watson,28089,"Dec 20, 2020",2020,TOR,3.14,two-way,1,,0.25,0.26,0,0,0,two_way,TOR,1,0,,0,2020,109.14,1.57,0.014385,-4.241556,2021,1,0,0,,1.445697,,,6.202,Large,1,,,6.202,Large,1
watsope01,Peyton Watson,78138,"Jul 03, 2022",2022,DEN,11.27,rookie-scale,1,,0.25,0.28,0,0,0,rookie_scale,DEN,1,0,,2,2022,123.655,2.817,0.022785,-3.781645,2025,1,0,0,,2.19396,17,1.80627,3.038,Medium,0,17,1.80627,3.038,Medium,0
weberbr01,Briante Weber,18287,"Oct 19, 2015",2015,MIA,0.525,standard,1,,0.25,0.25,0,0,0,free_agency,MIA,1,0,,0,2015,70.0,0.525,0.0075,-4.892852,2015,1,0,0,,0.012355,18,1.75692,6.266,Medium,0,18,1.75692,6.266,Medium,0
weberbr01,Briante Weber,18287,"Apr 10, 2016",2016,MIA,1.9,standard,1,RFA,0.25,0.27,0,0,0,free_agency,MIA,1,0,,0,2016,94.143,0.633,0.006727,-5.001573,2018,1,0,1,,0.102898,18,1.75692,6.266,Medium,0,18,1.75692,6.266,Medium,0
weberbr01,Briante Weber,18287,"Mar 19, 2017",2017,CHA,1.6,standard,1,RFA,0.25,0.26,0,0,0,free_agency,GSW,0,0,,0,2017,99.093,0.8,0.008073,-4.819202,2018,1,0,1,,0.0,21,1.38202,2.66,Small,0,10,2.54248,4.749,Large,1
weberbr01,Briante Weber,18287,"Aug 08, 2017",2017,LAL,1.47,standard,1,RFA,0.25,0.25,0,0,0,free_agency,GSW,0,0,,0,2017,99.093,1.47,0.014835,-4.210796,2017,1,0,0,,0.0,2,5.83579,12.901,Large,1,10,2.54248,4.749,Large,1
wellsja01,Jaylen Wells,93952,"Jul 06, 2024",2024,MEM,7.9,standard,1,,0.25,0.28,0,0,0,free_agency,MEM,1,0,,0,2024,140.588,1.975,0.014048,-4.265265,2027,0,2,1,,1.157153,51,0.6663,1.358,Small,0,51,0.6663,1.358,Small,0
wembavi01,Victor Wembanyama,82196,"Jul 01, 2023",2023,SAS,55.17,rookie-scale,1,,0.25,0.28,0,0,0,rookie_scale,SAS,1,0,,2,2023,136.021,13.793,0.1014,-2.288684,2026,0,1,0,,12.16068,31,1.0964,2.602,Small,0,31,1.0964,2.602,Small,0
wembavi01,Victor Wembanyama,82196,"Jul 10, 2026",2026,SAS,252.3,rookie-scale,1,,0.25,0.29,0,0,0,extension,SAS,1,1,,0,2027,187.12287,50.46,0.269662,-1.310585,2031,0,6,1,,,31,1.0964,2.602,Small,0,31,1.0964,2.602,Small,0
weslebl01,Blake Wesley,78132,"Jul 05, 2022",2022,SAS,12.24,rookie-scale,1,,0.25,0.28,0,0,0,rookie_scale,SAS,1,0,,2,2022,123.655,3.06,0.024746,-3.699081,2025,1,0,0,,2.38548,31,1.0964,2.602,Small,0,31,1.0964,2.602,Small,0
weslebl01,Blake Wesley,78132,"Jul 21, 2025",2025,POR,2.38,standard,1,RFA,0.25,0.25,0,0,0,free_agency,SAS,0,0,,0,2025,154.647,2.38,0.01539,-4.174045,2025,1,0,0,,2.296274,23,1.27792,2.511,Small,0,31,1.0964,2.602,Small,0
westbru01,Russell Westbrook,6141,"Jul 04, 2008",2008,SEA,16.35,standard,1,,0.25,0.28,0,0,0,free_agency,SEA,1,0,,5,2008,,4.088,,,2011,1,0,1,,,13,2.09824,4.04,Large,0,13,2.09824,4.04,Large,0
westbru01,Russell Westbrook,6141,"Jan 19, 2012",2012,OKC,78.6,maximum,1,,0.25,0.29,0,1,0,extension,OKC,1,0,,3,2013,,15.72,,,2017,1,0,1,,,47,0.7627,1.435,Small,0,47,0.7627,1.435,Small,0
westbru01,Russell Westbrook,6141,"Aug 04, 2016",2016,OKC,86.0,standard,1,UFA,0.3,0.324,0,0,0,free_agency,OKC,1,0,,3,2016,94.143,28.667,0.304501,-1.18908,2018,1,0,1,,26.5401,47,0.7627,1.435,Small,0,47,0.7627,1.435,Small,0
westbru01,Russell Westbrook,6141,"Sep 29, 2017",2017,OKC,206.8,extension,1,,0.35,0.406,0,0,1,extension,OKC,1,0,,3,2018,101.869,41.36,0.406012,-0.901373,2022,1,0,1,,28.530608,47,0.7627,1.435,Small,0,47,0.7627,1.435,Small,0
westbru01,Russell Westbrook,6141,"Jul 06, 2023",2023,LAC,7.86,standard,1,UFA,0.35,0.364,0,0,0,free_agency,LAC,1,1,,2,2023,136.021,3.93,0.028893,-3.54417,2024,1,0,1,,3.835738,2,5.83579,12.901,Large,1,2,5.83579,12.901,Large,1
westbru01,Russell Westbrook,6141,"Jul 26, 2024",2024,DEN,6.77,standard,1,UFA,0.35,0.364,0,0,0,free_agency,LAC,0,1,,1,2024,140.588,3.385,0.024077,-3.72648,2025,1,0,1,,2.327525,17,1.80627,3.038,Medium,0,2,5.83579,12.901,Large,1
westbru01,Russell Westbrook,6141,"Oct 16, 2025",2025,SAC,3.63,standard,1,UFA,0.35,0.35,0,0,0,free_agency,UTA,0,0,,0,2025,154.647,3.63,0.023473,-3.751912,2025,1,0,0,,2.296274,20,1.49792,2.453,Small,0,28,1.16352,1.266,Small,0
westda01,David West,2613,"Jul 08, 2003",2003,NOH,3.74,standard,1,,0.25,0.27,0,0,0,free_agency,NOH,1,0,,2,2003,,1.247,,,2005,1,0,1,,,50,0.67279,1.29,Small,0,50,0.67279,1.29,Small,0
westda01,David West,2613,"Oct 30, 2006",2006,NOH,45.4,rookie-scale,1,,0.25,0.29,0,0,0,extension,NOH,1,0,,1,2007,,9.08,,,2011,1,0,1,,,50,0.67279,1.29,Small,0,50,0.67279,1.29,Small,0
westda01,David West,2613,"Dec 11, 2011",2011,IND,20.0,standard,1,UFA,0.3,0.312,0,0,0,free_agency,IND,1,0,,0,2011,,10.0,,,2012,1,0,1,,,25,1.23221,2.126,Small,0,25,1.23221,2.126,Small,0
westda01,David West,2613,"Jul 10, 2013",2013,IND,36.6,standard,1,UFA,0.35,0.378,0,0,0,free_agency,IND,1,0,,0,2013,,12.2,,,2015,1,0,1,,,25,1.23221,2.126,Small,0,25,1.23221,2.126,Small,0
westda01,David West,2613,"Jul 17, 2015",2015,SAS,3.05,standard,1,UFA,0.35,0.364,0,0,0,free_agency,SAS,1,0,,0,2015,70.0,1.525,0.021786,-3.826501,2016,1,0,1,,1.499,31,1.0964,2.602,Small,0,31,1.0964,2.602,Small,0
westda01,David West,2613,"Jul 09, 2016",2016,GSW,1.55,standard,1,UFA,0.35,0.35,0,0,0,free_agency,SAS,0,0,,0,2016,94.143,1.55,0.016464,-4.10656,2016,1,0,0,,1.551659,10,2.54248,4.749,Large,1,31,1.0964,2.602,Small,0
whiteco01,Coby White,31564,"Jul 01, 2019",2019,CHI,24.13,rookie-scale,1,,0.25,0.28,0,0,0,rookie_scale,CHI,1,0,,2,2019,109.14,6.032,0.055273,-2.89547,2022,1,0,0,,5.30712,3,3.65475,9.441,Large,1,3,3.65475,9.441,Large,1
whiteco01,Coby White,31564,"Jul 07, 2023",2023,CHI,36.0,standard,1,RFA,0.25,0.27,0,0,0,free_agency,CHI,1,0,,0,2023,136.021,12.0,0.088222,-2.427903,2025,1,0,1,,11.111111,3,3.65475,9.441,Large,1,3,3.65475,9.441,Large,1
whiteco01,Coby White,31564,"Jul 06, 2026",2026,CHA,74.0,standard,1,UFA,0.3,0.324,0,0,0,free_agency,CHA,1,0,,0,2026,170.1117,24.667,0.145003,-1.931002,2028,0,3,1,,,21,1.38202,2.66,Small,0,21,1.38202,2.66,Small,0
whitede01,Derrick White,23624,"Jul 06, 2017",2017,SAS,8.54,rookie-scale,1,,0.25,0.28,0,0,0,rookie_scale,SAS,1,0,,2,2017,99.093,2.135,0.021545,-3.837592,2020,1,0,0,,1.4046,31,1.0964,2.602,Small,0,31,1.0964,2.602,Small,0
whitede01,Derrick White,23624,"Dec 21, 2020",2020,SAS,70.0,extension,1,,0.25,0.28,0,0,0,extension,SAS,1,0,,0,2021,112.414,17.5,0.155675,-1.859988,2024,1,0,1,,3.516284,31,1.0964,2.602,Small,0,31,1.0964,2.602,Small,0
whitede01,Derrick White,23624,"Jul 06, 2024",2024,BOS,118.05,extension,1,,0.3,0.336,0,0,0,extension,BOS,1,1,,0,2025,154.647,29.512,0.190838,-1.656331,2028,0,3,1,,20.071429,9,2.58446,4.899,Large,1,9,2.58446,4.899,Large,1
whiteha01,Hassan Whiteside,6915,"Sep 24, 2014",2014,MEM,0.915,standard,1,RFA,0.25,0.25,0,0,0,free_agency,MEM,1,0,,1,2014,63.065,0.915,0.014509,-4.232997,2014,1,0,0,,,51,0.6663,1.358,Small,0,51,0.6663,1.358,Small,0
whiteha01,Hassan Whiteside,6915,"Nov 19, 2014",2014,MEM,0.797,standard,1,RFA,0.25,0.25,0,0,0,free_agency,MEM,1,0,,1,2014,63.065,0.797,0.012638,-4.371067,2014,1,0,0,,,51,0.6663,1.358,Small,0,51,0.6663,1.358,Small,0
whiteha01,Hassan Whiteside,6915,"Nov 24, 2014",2014,MIA,1.75,standard,1,RFA,0.25,0.26,0,0,0,free_agency,MIA,1,0,,1,2014,63.065,0.875,0.013875,-4.277697,2015,1,0,1,,,18,1.75692,6.266,Medium,0,18,1.75692,6.266,Medium,0
whiteha01,Hassan Whiteside,6915,"Jul 07, 2016",2016,MIA,98.4,maximum,1,UFA,0.25,0.28,0,1,0,free_agency,MIA,1,1,,1,2016,94.143,24.6,0.261305,-1.342068,2019,1,0,1,,22.11675,18,1.75692,6.266,Medium,0,18,1.75692,6.266,Medium,0
whiteha01,Hassan Whiteside,6915,"Nov 27, 2020",2020,SAC,2.3,standard,1,UFA,0.35,0.35,0,0,0,free_agency,POR,0,0,,0,2020,109.14,2.3,0.021074,-3.859722,2020,1,0,0,,1.620564,20,1.49792,2.453,Small,0,23,1.27792,2.511,Small,0
whiteha01,Hassan Whiteside,6915,"Aug 06, 2021",2021,UTH,2.4,standard,1,UFA,0.35,0.35,0,0,0,free_agency,SAC,0,0,,0,2021,112.414,2.4,0.02135,-3.84672,2021,1,0,0,,2.401537,28,1.16352,1.266,Small,0,20,1.49792,2.453,Small,0
whiteis01,Isaiah Whitehead,20248,"Jul 08, 2016",2016,BKN,4.59,standard,1,,0.25,0.28,0,0,0,free_agency,BKN,1,0,,0,2016,94.143,1.147,0.012189,-4.407229,2019,1,0,1,,1.074145,1,7.49451,19.113,Large,1,1,7.49451,19.113,Large,1
whiteok01,Okaro White,20798,"Jul 15, 2016",2016,MIA,1.45,standard,1,,0.25,0.26,0,0,0,free_agency,MIA,1,0,,0,2016,94.143,0.725,0.007701,-4.866399,2017,1,0,1,,0.374933,18,1.75692,6.266,Medium,0,18,1.75692,6.266,Medium,0
whiteok01,Okaro White,20798,"Feb 06, 2017",2017,MIA,1.52,standard,1,RFA,0.25,0.26,0,0,0,free_agency,MIA,1,0,,0,2017,99.093,0.76,0.00767,-4.870496,2018,1,0,1,,0.111238,18,1.75692,6.266,Medium,0,18,1.75692,6.266,Medium,0
whiteok01,Okaro White,20798,"Nov 23, 2018",2018,WAS,1.19,standard,1,RFA,0.25,0.25,0,0,0,free_agency,CLE,0,0,,0,2018,101.869,1.19,0.011682,-4.449734,2018,1,0,0,,0.264919,8,2.63064,6.385,Large,1,19,1.55434,2.088,Medium,0
whitmca01,Cam Whitmore,82202,"Jul 03, 2023",2023,HOU,15.6,rookie-scale,1,,0.25,0.28,0,0,0,rookie_scale,HOU,1,0,,2,2023,136.021,3.9,0.028672,-3.551833,2026,0,1,0,,3.21816,6,2.79742,7.206,Large,1,6,2.79742,7.206,Large,1
wiggiaa01,Aaron Wiggins,74162,"Feb 12, 2022",2022,OKC,6.39,standard,1,RFA,0.25,0.28,0,0,0,rest_of_season,OKC,1,0,,1,2022,123.655,1.597,0.012919,-4.349056,2025,1,0,0,,1.563518,47,0.7627,1.435,Small,0,47,0.7627,1.435,Small,0
wiggiaa01,Aaron Wiggins,74162,"Jul 07, 2024",2024,OKC,45.0,standard,1,RFA,0.25,0.29,0,0,0,free_agency,OKC,1,0,,0,2024,140.588,9.0,0.064017,-2.748609,2028,0,3,1,,10.514017,47,0.7627,1.435,Small,0,47,0.7627,1.435,Small,0
wiggian01,Andrew Wiggins,15353,"Jul 24, 2014",2014,CLE,11.27,standard,1,,0.25,0.26,0,0,0,free_agency,CLE,1,0,,3,2014,63.065,5.635,0.089352,-2.415169,2015,1,0,1,,,19,1.55434,2.088,Medium,0,19,1.55434,2.088,Medium,0
wiggian01,Andrew Wiggins,15353,"Oct 11, 2017",2017,MIN,147.7,maximum,1,,0.25,0.29,0,1,0,extension,MIN,1,0,,1,2018,101.869,29.54,0.28998,-1.237942,2022,1,0,1,,7.574322,16,1.88668,3.703,Medium,0,16,1.88668,3.703,Medium,0
wiggian01,Andrew Wiggins,15353,"Oct 15, 2022",2022,GSW,109.0,extension,1,,0.3,0.336,0,0,0,extension,GSW,1,1,,1,2023,136.021,27.25,0.200337,-1.607756,2026,0,1,1,,33.61677,10,2.54248,4.749,Large,1,10,2.54248,4.749,Large,1
wiggian01,Andrew Wiggins,15353,"Jul 06, 2026",2026,MIA,33.83,extension,1,,0.35,0.364,0,0,0,extension,MIA,1,1,,0,2027,187.12287,16.915,0.090395,-2.403565,2028,0,3,1,,,18,1.75692,6.266,Medium,0,18,1.75692,6.266,Medium,0
willial03,Alan Williams,18820,"Mar 18, 2016",2016,PHX,0.95,standard,1,RFA,0.25,0.26,0,0,0,free_agency,PHX,1,0,,0,2016,94.143,0.475,0.005046,-5.289255,2017,1,0,1,,0.874636,12,2.1982,5.059,Large,0,12,2.1982,5.059,Large,0
willial03,Alan Williams,18820,"Jul 26, 2017",2017,PHX,17.0,standard,1,RFA,0.25,0.27,0,0,0,free_agency,PHX,1,0,,0,2017,99.093,5.667,0.057185,-2.861458,2019,1,0,1,,6.0,12,2.1982,5.059,Large,0,12,2.1982,5.059,Large,0
willibr03,Brandon Williams,12375,"Jun 07, 2013",2013,BAL,2.675,standard,1,,0.25,0.28,0,0,0,free_agency,BAL,1,0,,0,2013,,0.669,,,2016,1,0,1,,,,,,,,,,,,
willibr03,Brandon Williams,12375,"Mar 09, 2017",2017,BAL,52.5,standard,1,RFA,0.25,0.29,0,0,0,free_agency,BAL,1,0,,0,2017,99.093,10.5,0.105961,-2.244684,2021,1,0,1,,,,,,,,,,,,
willico04,Cody Williams,91752,"Jul 02, 2024",2024,UTA,24.9,rookie-scale,1,,0.25,0.28,0,0,0,rookie_scale,UTA,1,0,,1,2024,140.588,6.225,0.044278,-3.11726,2027,0,2,0,,5.46912,28,1.16352,1.266,Small,0,28,1.16352,1.266,Small,0
willide01,Deron Williams,2757,"Jul 11, 2005",2005,UTH,7.24,standard,1,,0.25,0.26,0,0,0,free_agency,UTH,1,0,,2,2005,,3.62,,,2006,1,0,1,,,28,1.16352,1.266,Small,0,28,1.16352,1.266,Small,0
willide01,Deron Williams,2757,"Jul 18, 2008",2008,UTH,70.0,rookie-scale,1,,0.25,0.28,0,0,0,extension,UTH,1,0,,0,2009,,17.5,,,2012,1,0,1,,,28,1.16352,1.266,Small,0,28,1.16352,1.266,Small,0
willide01,Deron Williams,2757,"Jul 11, 2012",2012,BKN,98.77,standard,1,UFA,0.3,0.348,0,0,0,free_agency,BKN,1,0,,0,2012,,19.754,,,2016,1,0,1,,,1,7.49451,19.113,Large,1,1,7.49451,19.113,Large,1
willide01,Deron Williams,2757,"Jul 14, 2015",2015,DAL,11.0,standard,1,UFA,0.35,0.364,0,0,0,free_agency,DAL,1,0,,0,2015,70.0,5.5,0.078571,-2.543747,2016,1,0,1,,5.5,4,3.26449,7.943,Large,1,4,3.26449,7.943,Large,1
willide01,Deron Williams,2757,"Jul 08, 2016",2016,DAL,10.0,standard,1,UFA,0.35,0.35,0,0,0,free_agency,DAL,1,0,,0,2016,94.143,10.0,0.106221,-2.24223,2016,1,0,0,,0.259626,4,3.26449,7.943,Large,1,4,3.26449,7.943,Large,1
willide01,Deron Williams,2757,"Feb 27, 2017",2017,CLE,0.411,standard,1,UFA,0.35,0.35,0,0,0,free_agency,CLE,1,0,,0,2017,99.093,0.411,0.004148,-5.485221,2017,1,0,0,,5.474787,19,1.55434,2.088,Medium,0,19,1.55434,2.088,Medium,0
willide02,Derrick Williams,8052,"Dec 10, 2011",2011,MIN,9.4,standard,1,,0.25,0.26,0,0,0,free_agency,MIN,1,0,,2,2011,,4.7,,,2012,1,0,1,,,16,1.88668,3.703,Medium,0,16,1.88668,3.703,Medium,0
willide02,Derrick Williams,8052,"Jul 09, 2015",2015,NYK,8.998,standard,1,RFA,0.25,0.26,0,0,0,free_agency,NYK,1,0,,0,2015,70.0,4.499,0.064271,-2.74464,2016,1,0,1,,4.9,1,7.49451,19.113,Large,1,1,7.49451,19.113,Large,1
willide02,Derrick Williams,8052,"Jul 10, 2016",2016,MIA,4.6,standard,1,UFA,0.25,0.25,0,0,0,free_agency,NYK,0,0,,0,2016,94.143,4.6,0.048862,-3.018759,2016,1,0,0,,0.402043,18,1.75692,6.266,Medium,0,1,7.49451,19.113,Large,1
willide02,Derrick Williams,8052,"Mar 04, 2017",2017,CLE,0.268,standard,1,UFA,0.25,0.25,0,0,0,free_agency,CLE,1,0,,0,2017,99.093,0.268,0.002705,-5.912827,2017,1,0,0,,0.083129,19,1.55434,2.088,Medium,0,19,1.55434,2.088,Medium,0
willigr01,Grant Williams,31579,"Jul 11, 2019",2019,BOS,11.8,rookie-scale,1,,0.25,0.28,0,0,0,rookie_scale,BOS,1,0,,2,2019,109.14,2.95,0.02703,-3.610826,2022,1,0,0,,2.37984,9,2.58446,4.899,Large,1,9,2.58446,4.899,Large,1
willigr01,Grant Williams,31579,"Jul 12, 2023",2023,BOS,53.34,standard,1,RFA,0.25,0.28,0,0,0,sign_and_trade,BOS,1,0,,0,2023,136.021,13.335,0.098036,-2.322417,2026,0,1,1,,12.405,9,2.58446,4.899,Large,1,9,2.58446,4.899,Large,1
willija06,Jalen Williams,78126,"Jul 01, 2022",2022,OKC,20.26,rookie-scale,1,,0.25,0.28,0,0,0,rookie_scale,OKC,1,0,,2,2022,123.655,5.065,0.040961,-3.195141,2025,1,0,0,,4.34148,47,0.7627,1.435,Small,0,47,0.7627,1.435,Small,0
willija06,Jalen Williams,78126,"Jul 13, 2025",2025,OKC,239.19,extension,1,,0.35,0.406,0,0,1,extension,OKC,1,0,,0,2026,170.1117,47.838,0.281215,-1.268635,2030,0,5,1,,6.580997,47,0.7627,1.435,Small,0,47,0.7627,1.435,Small,0
willija07,Jaylin Williams,78150,"Jul 19, 2022",2022,OKC,8.21,standard,1,,0.25,0.28,0,0,0,free_agency,OKC,1,0,,1,2022,123.655,2.053,0.016599,-4.098437,2025,1,0,1,,2.0,47,0.7627,1.435,Small,0,47,0.7627,1.435,Small,0
willija07,Jaylin Williams,78150,"Jun 29, 2025",2025,OKC,24.0,extension,1,,0.25,0.27,0,0,0,extension,OKC,1,0,,0,2026,170.1117,8.0,0.047028,-3.057014,2028,0,3,1,,8.450704,47,0.7627,1.435,Small,0,47,0.7627,1.435,Small,0
willike04,Kenrich Williams,27758,"Jul 24, 2018",2018,NOP,2.28,standard,1,,0.25,0.26,0,0,0,free_agency,NOP,1,0,,1,2018,101.869,1.14,0.011191,-4.492659,2019,1,0,1,,0.838464,50,0.67279,1.29,Small,0,50,0.67279,1.29,Small,0
willike04,Kenrich Williams,27758,"Nov 24, 2020",2020,NOP,6.0,standard,1,UFA,0.25,0.27,0,0,0,sign_and_trade,NOP,1,0,,1,2020,109.14,2.0,0.018325,-3.999484,2022,1,0,1,,2.0,50,0.67279,1.29,Small,0,50,0.67279,1.29,Small,0
willike04,Kenrich Williams,27758,"Jul 20, 2022",2022,OKC,27.17,extension,1,,0.25,0.28,0,0,0,extension,OKC,1,0,,1,2023,136.021,6.793,0.049937,-2.99699,2026,0,1,1,,2.0,47,0.7627,1.435,Small,0,47,0.7627,1.435,Small,0
willike04,Kenrich Williams,27758,"Jul 06, 2026",2026,OKC,5.0,standard,1,UFA,0.3,0.3,0,0,0,free_agency,OKC,1,0,,0,2026,170.1117,5.0,0.029392,-3.527017,2026,0,1,0,,,47,0.7627,1.435,Small,0,47,0.7627,1.435,Small,0
willilo02,Lou Williams,2657,"Aug 18, 2005",2005,PHI,1.11,standard,1,,0.25,0.26,0,0,0,free_agency,PHI,1,0,,2,2005,,0.555,,,2006,1,0,1,,,5,3.14592,6.228,Large,1,5,3.14592,6.228,Large,1
willilo02,Lou Williams,2657,"Aug 04, 2008",2008,PHI,26.0,standard,1,RFA,0.25,0.29,0,0,0,free_agency,PHI,1,0,,1,2008,,5.2,,,2012,1,0,1,,,5,3.14592,6.228,Large,1,5,3.14592,6.228,Large,1
willilo02,Lou Williams,2657,"Jul 24, 2012",2012,ATL,12.675,standard,1,UFA,0.3,0.324,0,0,0,free_agency,ATL,1,0,,0,2012,,4.225,,,2014,1,0,1,,,7,2.75817,6.144,Large,1,7,2.75817,6.144,Large,1
willilo02,Lou Williams,2657,"Jul 09, 2015",2015,LAL,21.0,standard,1,UFA,0.35,0.378,0,0,0,free_agency,LAL,1,0,,0,2015,70.0,7.0,0.1,-2.302585,2017,1,0,1,,7.0,2,5.83579,12.901,Large,1,2,5.83579,12.901,Large,1
willilo02,Lou Williams,2657,"Aug 06, 2021",2021,ATL,5.0,standard,1,UFA,0.35,0.35,0,0,0,free_agency,ATL,1,0,,0,2021,112.414,5.0,0.044478,-3.112751,2021,1,0,0,,5.0,7,2.75817,6.144,Large,1,7,2.75817,6.144,Large,1
willima01,Mo Williams,2571,"Sep 16, 2003",2003,UTH,0.366,standard,1,,0.25,0.25,0,0,0,free_agency,UTH,1,0,,3,2003,,0.366,,,2003,1,0,0,,,28,1.16352,1.266,Small,0,28,1.16352,1.266,Small,0
willima01,Mo Williams,2571,"Aug 23, 2004",2004,MIL,5.28,standard,1,RFA,0.25,0.27,0,0,0,free_agency,MIL,1,0,,3,2004,,1.76,,,2006,1,0,1,,,38,0.9449,1.586,Small,0,38,0.9449,1.586,Small,0
willima01,Mo Williams,2571,"Jul 24, 2007",2007,MIL,51.3,standard,1,RFA,0.25,0.3,0,0,0,free_agency,MIL,1,0,,3,2007,,8.55,,,2012,1,0,1,,,38,0.9449,1.586,Small,0,38,0.9449,1.586,Small,0
willima01,Mo Williams,2571,"Aug 08, 2013",2013,POR,5.4,standard,1,UFA,0.35,0.364,0,0,0,free_agency,POR,1,0,,2,2013,,2.7,,,2014,1,0,1,,,23,1.27792,2.511,Small,0,23,1.27792,2.511,Small,0
willima01,Mo Williams,2571,"Jul 29, 2014",2014,MIN,3.75,standard,1,UFA,0.35,0.35,0,0,0,free_agency,MIN,1,0,,1,2014,63.065,3.75,0.059462,-2.82241,2014,1,0,0,,,16,1.88668,3.703,Medium,0,16,1.88668,3.703,Medium,0
willima01,Mo Williams,2571,"Jul 10, 2015",2015,CLE,4.29,standard,1,UFA,0.35,0.364,0,0,0,free_agency,CLE,1,0,,1,2015,70.0,2.145,0.030643,-3.485356,2016,1,0,1,,2.1,19,1.55434,2.088,Medium,0,19,1.55434,2.088,Medium,0
willima02,Marvin Williams,2208,"Jul 12, 2005",2005,ATL,8.06,standard,1,,0.25,0.26,0,0,0,free_agency,ATL,1,0,,4,2005,,4.03,,,2006,1,0,1,,,7,2.75817,6.144,Large,1,7,2.75817,6.144,Large,1
willima02,Marvin Williams,2208,"Jul 29, 2009",2009,ATL,37.5,standard,1,RFA,0.25,0.29,0,0,0,free_agency,ATL,1,0,,2,2009,,7.5,,,2013,1,0,1,,,7,2.75817,6.144,Large,1,7,2.75817,6.144,Large,1
willima02,Marvin Williams,2208,"Jul 21, 2014",2014,CHA,14.0,standard,1,UFA,0.3,0.312,0,0,0,free_agency,CHA,1,0,,1,2014,63.065,7.0,0.110997,-2.198256,2015,1,0,1,,,21,1.38202,2.66,Small,0,21,1.38202,2.66,Small,0
willima02,Marvin Williams,2208,"Jul 10, 2016",2016,CHA,54.5,standard,1,UFA,0.35,0.392,0,0,0,free_agency,CHA,1,0,,1,2016,94.143,13.625,0.144727,-1.932909,2019,1,0,1,,12.25,21,1.38202,2.66,Small,0,21,1.38202,2.66,Small,0
willima07,Mark Williams,78121,"Jul 02, 2022",2022,CHA,18.0,rookie-scale,1,,0.25,0.28,0,0,0,rookie_scale,CHA,1,0,,2,2022,123.655,4.5,0.036392,-3.313418,2025,1,0,0,,3.72204,21,1.38202,2.66,Small,0,21,1.38202,2.66,Small,0
willima07,Mark Williams,78121,"Jul 07, 2026",2026,PHX,38.0,standard,1,RFA,0.25,0.27,0,0,0,free_agency,PHX,1,0,,0,2026,170.1117,12.667,0.074461,-2.597481,2028,0,3,1,,,12,2.1982,5.059,Large,0,12,2.1982,5.059,Large,0
willipa01,Patrick Williams,70646,"Nov 21, 2020",2020,CHI,32.1,standard,1,,0.25,0.28,0,0,0,free_agency,CHI,1,0,,2,2020,109.14,8.025,0.073529,-2.61007,2023,1,0,1,,7.06836,3,3.65475,9.441,Large,1,3,3.65475,9.441,Large,1
willipa01,Patrick Williams,70646,"Jun 29, 2024",2024,CHI,90.0,standard,1,RFA,0.25,0.29,0,0,0,free_agency,CHI,1,1,,0,2024,140.588,18.0,0.128034,-2.055462,2028,0,3,1,,18.0,3,3.65475,9.441,Large,1,3,3.65475,9.441,Large,1
williro04,Robert Williams,26993,"Jul 05, 2018",2018,BOS,9.28,rookie-scale,1,,0.25,0.28,0,0,0,rookie_scale,BOS,1,0,,2,2018,101.869,2.32,0.022774,-3.78212,2021,1,0,0,,1.65444,9,2.58446,4.899,Large,1,9,2.58446,4.899,Large,1
williro04,Robert Williams,26993,"Aug 24, 2021",2021,BOS,48.0,rookie-scale,1,,0.25,0.28,0,0,0,extension,BOS,1,0,,0,2022,123.655,12.0,0.097044,-2.332589,2025,1,0,1,,3.661976,9,2.58446,4.899,Large,1,9,2.58446,4.899,Large,1
williro04,Robert Williams,26993,"Jun 30, 2026",2026,POR,43.5,extension,1,,0.3,0.324,0,0,0,extension,POR,1,0,,0,2027,187.12287,14.5,0.077489,-2.557617,2029,0,4,1,,,23,1.27792,2.511,Small,0,23,1.27792,2.511,Small,0
willitr02,Troy Williams,20919,"Jul 26, 2016",2016,MEM,1.45,standard,1,,0.25,0.26,0,0,0,free_agency,HOU,0,0,,0,2016,94.143,0.725,0.007701,-4.866399,2017,1,0,1,,0.181969,51,0.6663,1.358,Small,0,6,2.79742,7.206,Large,1
willitr02,Troy Williams,20919,"Mar 20, 2017",2017,HOU,0.077,standard,1,RFA,0.25,0.25,0,0,0,free_agency,HOU,1,0,,0,2017,99.093,0.077,0.000777,-7.160009,2017,1,0,0,,0.370794,6,2.79742,7.206,Large,1,6,2.79742,7.206,Large,1
willitr02,Troy Williams,20919,"Jul 25, 2017",2017,HOU,4.69,standard,1,RFA,0.25,0.27,0,0,0,free_agency,HOU,1,0,,0,2017,99.093,1.563,0.015776,-4.149239,2019,1,0,1,,0.370794,6,2.79742,7.206,Large,1,6,2.79742,7.206,Large,1
willitr02,Troy Williams,20919,"Mar 13, 2018",2018,NYK,1.76,standard,1,RFA,0.25,0.26,0,0,0,free_agency,NYK,1,0,,0,2018,101.869,0.88,0.008639,-4.751521,2019,1,0,1,,0.0,1,7.49451,19.113,Large,1,1,7.49451,19.113,Large,1
willitr02,Troy Williams,20919,"Jul 27, 2018",2018,NOP,1.5,standard,1,RFA,0.25,0.25,0,0,0,free_agency,NYK,0,0,,0,2018,101.869,1.5,0.014725,-4.218223,2018,1,0,0,,0.0,50,0.67279,1.29,Small,0,1,7.49451,19.113,Large,1
willivi01,Vince Williams Jr.,12488,"May 20, 2013",2013,PIT,2.23,standard,1,,0.25,0.28,0,0,0,free_agency,PIT,1,0,,0,2013,,0.557,,,2016,1,0,1,,,,,,,,,,,,
willivi01,Vince Williams Jr.,12488,"Aug 23, 2016",2016,PIT,5.5,standard,1,RFA,0.25,0.27,0,0,0,free_agency,PIT,1,0,,0,2016,94.143,1.833,0.019474,-3.938679,2018,1,0,1,,,,,,,,,,,,
willivi01,Vince Williams Jr.,12488,"Aug 23, 2018",2018,PIT,18.6,extension,1,,0.25,0.27,0,0,0,extension,PIT,1,0,,0,2019,109.14,6.2,0.056808,-2.868082,2021,1,0,1,,,,,,,,,,,,
willivi01,Vince Williams Jr.,12488,"Apr 14, 2021",2021,PIT,1.075,standard,1,UFA,0.3,0.3,0,0,0,free_agency,PIT,1,0,,0,2021,112.414,1.075,0.009563,-4.649868,2021,1,0,0,,,,,,,,,,,,
willizi01,Zion Williamson,31558,"Jul 01, 2019",2019,NOP,44.27,rookie-scale,1,,0.25,0.28,0,0,0,rookie_scale,NOP,1,0,,2,2019,109.14,11.068,0.101406,-2.288619,2022,1,0,0,,9.75744,50,0.67279,1.29,Small,0,50,0.67279,1.29,Small,0
willizi01,Zion Williamson,31558,"Jul 06, 2022",2022,NOP,197.23,rookie-scale,1,,0.35,0.406,0,0,1,extension,NOP,1,0,,0,2023,136.021,39.446,0.289999,-1.237877,2027,0,2,1,,13.534817,50,0.67279,1.29,Small,0,50,0.67279,1.29,Small,0
willizi02,Ziaire Williams,74117,"Aug 08, 2021",2021,MEM,19.91,rookie-scale,1,,0.25,0.28,0,0,0,rookie_scale,MEM,1,0,,3,2021,112.414,4.978,0.044278,-3.117261,2024,1,0,0,,4.37316,51,0.6663,1.358,Small,0,51,0.6663,1.358,Small,0
willizi02,Ziaire Williams,74117,"Sep 08, 2025",2025,BKN,12.5,standard,1,UFA,0.25,0.26,0,0,0,free_agency,BKN,1,0,,1,2025,154.647,6.25,0.040415,-3.208564,2026,0,1,1,,6.25,1,7.49451,19.113,Large,1,1,7.49451,19.113,Large,1
willizi02,Ziaire Williams,74117,"Jul 19, 2026",2026,LAL,2.85,standard,1,UFA,0.25,0.25,0,0,0,free_agency,BKN,0,0,,0,2026,170.1117,2.85,0.016754,-4.089136,2026,0,1,0,,,2,5.83579,12.901,Large,1,1,7.49451,19.113,Large,1
wilsodj01,D.J. Wilson,23612,"Jul 06, 2017",2017,MIL,12.18,rookie-scale,1,,0.25,0.28,0,0,0,rookie_scale,MIL,1,0,,1,2017,99.093,3.045,0.030729,-3.482558,2020,1,0,0,,2.13504,38,0.9449,1.586,Small,0,38,0.9449,1.586,Small,0
wilsodj01,D.J. Wilson,23612,"Jul 07, 2022",2022,TOR,4.55,standard,1,UFA,0.25,0.26,0,0,0,free_agency,TOR,1,0,,0,2022,123.655,2.275,0.018398,-3.995515,2023,1,0,1,,0.25,,,6.202,Large,1,,,6.202,Large,1
wilsoja03,Jalen Wilson,84477,,2026,ATL,0.678882,standard,1,UFA,0.25,0.25,0,0,0,free_agency,BKN,0,0,,0,2026,170.1117,0.679,0.003991,-5.523763,2026,0,1,0,,,7,2.75817,6.144,Large,1,1,7.49451,19.113,Large,1
windldy01,Dylan Windler,31585,"Jul 01, 2019",2019,CLE,10.45,rookie-scale,1,,0.25,0.28,0,0,0,rookie_scale,CLE,1,0,,2,2019,109.14,2.612,0.023937,-3.732324,2022,1,0,0,,2.0358,19,1.55434,2.088,Medium,0,19,1.55434,2.088,Medium,0
windldy01,Dylan Windler,31585,"Oct 21, 2023",2023,NYK,2.17,two-way,1,,0.25,0.25,0,0,0,two_way,CLE,0,0,,0,2023,136.021,2.17,0.015953,-4.138082,2023,1,0,0,,2.019706,1,7.49451,19.113,Large,1,19,1.55434,2.088,Medium,0
winslju01,Justise Winslow,17838,"Jul 03, 2015",2015,MIA,5.08,standard,1,,0.25,0.26,0,0,0,free_agency,MIA,1,0,,3,2015,70.0,2.54,0.036286,-3.316331,2016,1,0,1,,2.48172,18,1.75692,6.266,Medium,0,18,1.75692,6.266,Medium,0
winslju01,Justise Winslow,17838,"Oct 12, 2018",2018,MIA,26.0,extension,1,,0.25,0.26,0,0,0,extension,MIA,1,0,,1,2019,109.14,13.0,0.119113,-2.127682,2020,1,0,1,,3.448926,18,1.75692,6.266,Medium,0,18,1.75692,6.266,Medium,0
wisemja01,James Wiseman,70644,"Nov 26, 2020",2020,GSW,39.62,rookie-scale,1,,0.25,0.28,0,0,0,rookie_scale,GSW,1,0,,2,2020,109.14,9.905,0.090755,-2.399592,2023,1,0,0,,8.73024,10,2.54248,4.749,Large,1,10,2.54248,4.749,Large,1
wisemja01,James Wiseman,70644,"Jul 02, 2024",2024,IND,4.78,standard,1,UFA,0.25,0.26,0,0,0,free_agency,DET,0,0,,0,2024,140.588,2.39,0.017,-4.07454,2025,1,0,1,,2.237691,25,1.23221,2.126,Small,0,14,1.94075,4.365,Medium,0
wisemja01,James Wiseman,70644,"Jul 07, 2025",2025,IND,5.69,standard,1,UFA,0.25,0.26,0,0,0,free_agency,TOR,0,0,,0,2025,154.647,2.845,0.018397,-3.995582,2026,0,1,1,,0.13197,25,1.23221,2.126,Small,0,,,6.202,Large,1
witheje01,Jeff Withey,13352,"Aug 24, 2015",2015,UTH,1.96,standard,1,UFA,0.25,0.26,0,0,0,free_agency,UTA,0,0,,0,2015,70.0,0.98,0.014,-4.268698,2016,1,0,1,,0.947276,28,1.16352,1.266,Small,0,28,1.16352,1.266,Small,0
witheje01,Jeff Withey,13352,"Aug 21, 2017",2017,DAL,3.37,standard,1,RFA,0.25,0.26,0,0,0,free_agency,UTA,0,0,,0,2017,99.093,1.685,0.017004,-4.074293,2018,1,0,1,,1.57732,4,3.26449,7.943,Large,1,28,1.16352,1.266,Small,0
wolfda01,Danny Wolf,98616,"Jul 03, 2025",2025,BKN,13.38,rookie-scale,1,,0.25,0.28,0,0,0,rookie_scale,BKN,1,0,,0,2025,154.647,3.345,0.02163,-3.833678,2028,0,3,0,,2.80128,1,7.49451,19.113,Large,1,1,7.49451,19.113,Large,1
woodch01,Christian Wood,18218,"Sep 14, 2015",2015,PHI,2.4,standard,1,,0.25,0.27,0,0,0,free_agency,PHI,1,0,,1,2015,70.0,0.8,0.011429,-4.471639,2017,1,0,1,,0.305789,5,3.14592,6.228,Large,1,5,3.14592,6.228,Large,1
woodch01,Christian Wood,18218,"Apr 07, 2016",2016,PHI,0.021,standard,1,RFA,0.25,0.25,0,0,0,free_agency,PHI,1,0,,1,2016,94.143,0.021,0.000223,-8.408048,2016,1,0,0,,0.874636,5,3.14592,6.228,Large,1,5,3.14592,6.228,Large,1
woodch01,Christian Wood,18218,"Jul 13, 2016",2016,CHA,1.89,standard,1,RFA,0.25,0.26,0,0,0,free_agency,PHI,0,0,,1,2016,94.143,0.945,0.010038,-4.601385,2017,1,0,1,,0.874636,21,1.38202,2.66,Small,0,5,3.14592,6.228,Large,1
woodch01,Christian Wood,18218,"Nov 24, 2020",2020,DET,41.0,standard,1,UFA,0.25,0.27,0,0,0,sign_and_trade,DET,1,0,,1,2020,109.14,13.667,0.125221,-2.077672,2022,1,0,1,,13.015874,14,1.94075,4.365,Medium,0,14,1.94075,4.365,Medium,0
woodch01,Christian Wood,18218,"Sep 06, 2023",2023,LAL,5.75,standard,1,UFA,0.3,0.312,0,0,0,free_agency,DAL,0,1,,1,2023,136.021,2.875,0.021136,-3.856757,2024,1,0,1,,2.709849,2,5.83579,12.901,Large,1,4,3.26449,7.943,Large,1
wrighbr03,Brandan Wright,2325,"Jul 05, 2007",2007,GSW,4.8,standard,1,,0.25,0.26,0,0,0,free_agency,GSW,1,0,,2,2007,,2.4,,,2008,1,0,1,,,10,2.54248,4.749,Large,1,10,2.54248,4.749,Large,1
wrighbr03,Brandan Wright,2325,"Dec 09, 2011",2011,DAL,1.9,standard,1,RFA,0.25,0.26,0,0,0,free_agency,DAL,1,0,,0,2011,,0.95,,,2012,1,0,1,,,4,3.26449,7.943,Large,1,4,3.26449,7.943,Large,1
wrighbr03,Brandan Wright,2325,"Jul 25, 2013",2013,DAL,10.0,standard,1,UFA,0.25,0.26,0,0,0,free_agency,DAL,1,0,,0,2013,,5.0,,,2014,1,0,1,,,4,3.26449,7.943,Large,1,4,3.26449,7.943,Large,1
wrighbr03,Brandan Wright,2325,"Jul 09, 2015",2015,MEM,17.1,standard,1,UFA,0.3,0.324,0,0,0,free_agency,MEM,1,0,,0,2015,70.0,5.7,0.081429,-2.508029,2017,1,0,1,,5.5,51,0.6663,1.358,Small,0,51,0.6663,1.358,Small,0
wrighbr03,Brandan Wright,2325,"Feb 12, 2018",2018,HOU,0.706,standard,1,UFA,0.35,0.35,0,0,0,free_agency,HOU,1,0,,0,2018,101.869,0.706,0.00693,-4.971828,2018,1,0,0,,,6,2.79742,7.206,Large,1,6,2.79742,7.206,Large,1
wrighde01,Delon Wright,17848,"Jul 03, 2015",2015,TOR,3.09,standard,1,,0.25,0.26,0,0,0,free_agency,TOR,1,0,,2,2015,70.0,1.545,0.022071,-3.813471,2016,1,0,1,,1.50936,,,6.202,Large,1,,,6.202,Large,1
wrighde01,Delon Wright,17848,"Jul 08, 2019",2019,MEM,28.05,standard,1,RFA,0.25,0.27,0,0,0,sign_and_trade,MEM,1,0,,0,2019,109.14,9.35,0.08567,-2.457255,2021,1,0,1,,9.473684,51,0.6663,1.358,Small,0,51,0.6663,1.358,Small,0
wrighde01,Delon Wright,17848,"Jul 06, 2022",2022,WAS,16.0,standard,1,UFA,0.3,0.312,0,0,0,free_agency,ATL,0,0,,0,2022,123.655,8.0,0.064696,-2.738054,2023,1,0,1,,7.804878,8,2.63064,6.385,Large,1,7,2.75817,6.144,Large,1
wrighde01,Delon Wright,17848,"Jul 01, 2024",2024,MIL,3.0,standard,1,UFA,0.3,0.3,0,0,0,free_agency,MIA,0,0,,0,2024,140.588,3.0,0.021339,-3.847221,2024,1,0,0,,2.087519,38,0.9449,1.586,Small,0,18,1.75692,6.266,Medium,0
yabusgu01,Guerschon Yabusele,20221,"Jul 20, 2017",2017,BOS,12.81,rookie-scale,1,,0.25,0.28,0,0,0,rookie_scale,BOS,1,0,,2,2017,99.093,3.203,0.032318,-3.432127,2020,1,0,0,,2.24748,9,2.58446,4.899,Large,1,9,2.58446,4.899,Large,1
yabusgu01,Guerschon Yabusele,20221,"Aug 29, 2024",2024,PHI,2.09,standard,1,UFA,0.3,0.3,0,0,0,free_agency,PHI,1,0,,1,2024,140.588,2.09,0.014866,-4.20867,2024,1,0,0,,2.087519,5,3.14592,6.228,Large,1,5,3.14592,6.228,Large,1
youngni01,Nick Young,2770,"Jul 05, 2007",2007,WAS,3.0,standard,1,,0.25,0.26,0,0,0,free_agency,WAS,1,0,,4,2007,,1.5,,,2008,1,0,1,,,8,2.63064,6.385,Large,1,8,2.63064,6.385,Large,1
youngni01,Nick Young,2770,"Dec 19, 2011",2011,WAS,3.7,standard,1,RFA,0.25,,0,0,0,rfa_match,WAS,1,0,,1,2011,,,,,,,,0,,,8,2.63064,6.385,Large,1,8,2.63064,6.385,Large,1
youngni01,Nick Young,2770,"Jul 12, 2012",2012,PHI,5.6,standard,1,UFA,0.25,0.25,0,0,0,free_agency,PHI,1,0,,1,2012,,5.6,,,2012,1,0,0,,,5,3.14592,6.228,Large,1,5,3.14592,6.228,Large,1
youngni01,Nick Young,2770,"Jul 16, 2013",2013,LAL,2.33,standard,1,UFA,0.25,0.26,0,0,0,free_agency,LAL,1,0,,1,2013,,1.165,,,2014,1,0,1,,,2,5.83579,12.901,Large,1,2,5.83579,12.901,Large,1
youngni01,Nick Young,2770,"Jul 21, 2014",2014,LAL,21.3,standard,1,UFA,0.3,0.336,0,0,0,free_agency,LAL,1,0,,1,2014,63.065,5.325,0.084437,-2.471753,2017,1,0,1,,,2,5.83579,12.901,Large,1,2,5.83579,12.901,Large,1
youngni01,Nick Young,2770,"Jul 08, 2017",2017,GSW,5.192,standard,1,UFA,0.35,0.35,0,0,0,free_agency,LAL,0,0,,0,2017,99.093,5.192,0.052395,-2.94894,2017,1,0,0,,5.192,10,2.54248,4.749,Large,1,2,5.83579,12.901,Large,1
youngth01,Thaddeus Young,2658,"Jul 10, 2007",2007,PHI,3.8,standard,1,,0.25,0.26,0,0,0,free_agency,PHI,1,0,,3,2007,,1.9,,,2008,1,0,1,,,5,3.14592,6.228,Large,1,5,3.14592,6.228,Large,1
youngth01,Thaddeus Young,2658,"Jul 10, 2011",2011,PHI,4.0,standard,1,RFA,0.25,0.26,0,0,0,free_agency,PHI,1,0,,1,2011,,2.0,,,2012,1,0,1,,,5,3.14592,6.228,Large,1,5,3.14592,6.228,Large,1
youngth01,Thaddeus Young,2658,"Dec 09, 2011",2011,PHI,44.0,standard,1,RFA,0.25,0.29,0,0,0,free_agency,PHI,1,0,,1,2011,,8.8,,,2015,1,0,1,,,5,3.14592,6.228,Large,1,5,3.14592,6.228,Large,1
youngth01,Thaddeus Young,2658,"Jul 01, 2015",2015,BKN,54.0,standard,1,UFA,0.3,0.336,0,0,0,free_agency,BKN,1,0,,1,2015,70.0,13.5,0.192857,-1.645806,2018,1,0,1,,11.2,1,7.49451,19.113,Large,1,1,7.49451,19.113,Large,1
youngth01,Thaddeus Young,2658,"Jul 06, 2019",2019,CHI,41.0,standard,1,UFA,0.35,0.378,0,0,0,free_agency,IND,0,0,,0,2019,109.14,13.667,0.125221,-2.077672,2021,1,0,1,,12.9,3,3.65475,9.441,Large,1,25,1.23221,2.126,Small,0
youngth01,Thaddeus Young,2658,"Jun 30, 2022",2022,TOR,16.0,standard,1,UFA,0.35,0.364,0,0,0,free_agency,TOR,1,0,,0,2022,123.655,8.0,0.064696,-2.738054,2023,1,0,1,,8.0,,,6.202,Large,1,,,6.202,Large,1
youngtr01,Trae Young,26971,"Jul 01, 2018",2018,ATL,26.53,rookie-scale,1,,0.25,0.28,0,0,0,rookie_scale,ATL,1,0,,3,2018,101.869,6.633,0.065108,-2.731706,2021,1,0,0,,5.35644,7,2.75817,6.144,Large,1,7,2.75817,6.144,Large,1
youngtr01,Trae Young,26971,"Aug 06, 2021",2021,ATL,215.16,maximum,1,,0.25,0.29,1,1,0,extension,ATL,1,1,,1,2022,123.655,43.032,0.348,-1.055551,2026,0,1,1,,8.326471,7,2.75817,6.144,Large,1,7,2.75817,6.144,Large,1
youngtr01,Trae Young,26971,"Jul 06, 2026",2026,WAS,212.8,standard,1,UFA,0.3,0.336,0,0,0,free_agency,WAS,1,1,,0,2026,170.1117,53.2,0.312736,-1.162397,2029,0,4,1,,,8,2.63064,6.385,Large,1,8,2.63064,6.385,Large,1
yurtsom01,Omer Yurtseven,70706,"May 14, 2021",2021,MIA,1.54,standard,1,,0.25,0.26,0,0,0,rest_of_season,MIA,1,0,,1,2021,112.414,0.77,0.00685,-4.983553,2022,1,0,0,,1.489065,18,1.75692,6.266,Medium,0,18,1.75692,6.266,Medium,0
yurtsom01,Omer Yurtseven,70706,"Aug 06, 2021",2021,MIA,3.24,standard,1,,0.25,0.26,0,0,0,free_agency,MIA,1,0,,0,2021,112.414,1.62,0.014411,-4.239762,2022,1,0,1,,1.489065,18,1.75692,6.266,Medium,0,18,1.75692,6.266,Medium,0
yurtsom01,Omer Yurtseven,70706,"Jul 17, 2023",2023,UTA,5.46,standard,1,UFA,0.25,0.26,0,0,0,free_agency,MIA,0,0,,0,2023,136.021,2.73,0.02007,-3.908508,2024,1,0,1,,2.8,28,1.16352,1.266,Small,0,18,1.75692,6.266,Medium,0
zelleco01,Cody Zeller,13317,"Jul 10, 2013",2013,CHA,7.89,standard,1,,0.25,0.26,0,0,0,free_agency,CHA,1,0,,2,2013,,3.945,,,2014,1,0,1,,,21,1.38202,2.66,Small,0,21,1.38202,2.66,Small,0
zelleco01,Cody Zeller,13317,"Oct 31, 2016",2016,CHA,56.0,extension,1,,0.25,0.28,0,0,0,extension,CHA,1,0,,0,2017,99.093,14.0,0.141281,-1.957001,2020,1,0,1,,5.318313,21,1.38202,2.66,Small,0,21,1.38202,2.66,Small,0
zelleco01,Cody Zeller,13317,"Aug 04, 2021",2021,POR,2.39,standard,1,UFA,0.3,0.3,0,0,0,free_agency,CHA,0,0,,0,2021,112.414,2.39,0.021261,-3.850895,2021,1,0,0,,2.389641,23,1.27792,2.511,Small,0,21,1.38202,2.66,Small,0
zelleco01,Cody Zeller,13317,"Jul 06, 2023",2023,NOP,3.2,standard,1,UFA,0.35,0.35,0,0,0,free_agency,MIA,0,0,,0,2023,136.021,3.2,0.023526,-3.749658,2023,1,0,0,,2.019706,50,0.67279,1.29,Small,0,18,1.75692,6.266,Medium,0
zelleco01,Cody Zeller,13317,"Jul 06, 2024",2024,NOP,11.03,standard,1,UFA,0.35,0.378,0,0,0,sign_and_trade,NOP,1,0,,0,2024,140.588,3.677,0.026152,-3.643827,2026,0,1,1,,3.5,50,0.67279,1.29,Small,0,50,0.67279,1.29,Small,0
zellety01,Tyler Zeller,10825,"Jul 05, 2012",2012,CLE,3.2,standard,1,,0.25,0.26,0,0,0,free_agency,CLE,1,0,,2,2012,,1.6,,,2013,1,0,1,,,19,1.55434,2.088,Medium,0,19,1.55434,2.088,Medium,0
zellety01,Tyler Zeller,10825,"Jul 27, 2016",2016,BOS,18.0,standard,1,RFA,0.25,0.26,0,0,0,free_agency,BOS,1,0,,0,2016,94.143,9.0,0.095599,-2.34759,2017,1,0,1,,8.0,9,2.58446,4.899,Large,1,9,2.58446,4.899,Large,1
zellety01,Tyler Zeller,10825,"Sep 12, 2017",2017,BKN,3.64,standard,1,UFA,0.25,0.26,0,0,0,free_agency,BOS,0,0,,0,2017,99.093,1.82,0.018367,-3.997222,2018,1,0,1,,1.709538,1,7.49451,19.113,Large,1,9,2.58446,4.899,Large,1
zipsepa01,Paul Zipser,20254,"Jul 15, 2016",2016,CHI,3.8,standard,1,,0.25,0.28,0,0,0,free_agency,CHI,1,0,,0,2016,94.143,0.95,0.010091,-4.596108,2019,1,0,1,,0.75,3,3.65475,9.441,Large,1,3,3.65475,9.441,Large,1
zizican01,Ante Žižić,20228,"Jul 01, 2017",2017,BOS,9.75,rookie-scale,1,,0.25,0.28,0,0,0,rookie_scale,CLE,0,0,,2,2017,99.093,2.438,0.024598,-3.705086,2020,1,0,0,,1.6452,9,2.58446,4.899,Large,1,19,1.55434,2.088,Medium,0
zubaciv01,Ivica Zubac,20238,"Jul 07, 2016",2016,LAL,3.2,standard,1,,0.25,0.27,0,0,0,free_agency,LAL,1,0,,1,2016,94.143,1.067,0.01133,-4.480276,2018,1,0,1,,1.034956,2,5.83579,12.901,Large,1,2,5.83579,12.901,Large,1
zubaciv01,Ivica Zubac,20238,"Jul 10, 2019",2019,LAC,21.0,standard,1,RFA,0.25,0.27,0,0,0,free_agency,LAC,1,0,,1,2019,109.14,7.0,0.064138,-2.746721,2021,1,0,1,,6.481482,2,5.83579,12.901,Large,1,2,5.83579,12.901,Large,1
zubaciv01,Ivica Zubac,20238,"Jun 28, 2022",2022,LAC,32.8,extension,1,,0.3,0.324,0,0,0,extension,LAC,1,0,,0,2023,136.021,10.933,0.08038,-2.520993,2025,1,0,1,,10.123457,2,5.83579,12.901,Large,1,2,5.83579,12.901,Large,1
zubaciv01,Ivica Zubac,20238,"Sep 03, 2024",2024,LAC,58.6,extension,1,,0.3,0.324,0,0,0,extension,LAC,1,0,,0,2025,154.647,19.533,0.126309,-2.069023,2027,0,2,1,,11.74321,2,5.83579,12.901,Large,1,2,5.83579,12.901,Large,1
