player_id,player_name,split,log_aav_cap_share,q10,q50,q90
abrinal01,Álex Abrines,train,-2.798518,-4.388890234125443,-4.252086625917045,-2.3464235286830597
achiupr01,Precious Achiuwa,test,-3.411014,-3.7482924045334416,-2.8523871718223286,-2.2776127280447778
acyqu01,Quincy Acy,train,-4.233607,-4.184505845696631,-3.3696346356125804,-2.548606521454839
acyqu01,Quincy Acy,train,-4.43596,-4.084402324356965,-3.5069559826349304,-2.551643220885756
acyqu01,Quincy Acy,train,-4.036443,-4.181174975853636,-3.6303339690425807,-2.553551767071334
adamsst01,Steven Adams,train,-1.377183,-3.2721085229621334,-2.031292755219945,-1.6985383756987815
adamsst01,Steven Adams,train,-1.830431,-2.7213456145324653,-2.1156161347353812,-1.5702741641993387
adamsst01,Steven Adams,val,-2.379112,-3.1182536524871254,-2.2703735983242685,-1.8873222937914333
adamsst01,Steven Adams,test,-2.571506,-3.6755507907796283,-2.7866792330881576,-2.1921169335030304
adebaba01,Bam Adebayo,train,-1.237876,-2.8059471515504057,-1.2068362265654369,-1.051013799667722
adebaba01,Bam Adebayo,test,-1.062461,-2.740955887263026,-1.4326151319787916,-1.2500914604333235
afflaar01,Arron Afflalo,train,-2.169054,-3.645507575565973,-2.478028111967551,-2.08437367568736
afflaar01,Arron Afflalo,train,-2.019086,-3.5794370759141927,-2.4593805373385678,-2.0786714858560615
ajincal01,Alexis Ajinça,train,-2.679879,-3.8272545421697326,-2.914853447521317,-2.183934256422718
aldamsa01,Santi Aldama,test,-2.178944,-3.491104795101135,-2.5487126042165187,-1.9293302006616535
aldrico01,Cole Aldrich,train,-4.095774,-4.19216282839219,-3.459379774571852,-2.6005357050565845
aldrico01,Cole Aldrich,train,-2.556941,-3.8398931495316915,-3.2043215209940716,-2.341538464933484
aldrila01,LaMarcus Aldridge,train,-1.202783,-2.4944859042880654,-1.1843272420403403,-1.0433956931284436
aldrila01,LaMarcus Aldridge,train,-1.404812,-2.515953206001541,-1.5984241220693591,-1.357357475757125
alexani01,Nickeil Alexander-Walker,val,-3.408732,-4.294231232327439,-3.5706078129191847,-2.6062899743362613
alexani01,Nickeil Alexander-Walker,test,-2.300305,-3.3940165391396904,-2.052157587716223,-1.7875975494885057
allengr01,Grayson Allen,test,-2.178944,-3.063113949037728,-1.643038337596475,-1.4518912227049372
allenja01,Jarrett Allen,train,-1.726456,-2.5842197123292596,-1.66015117974504,-1.2141483918337628
allenja01,Jarrett Allen,test,-1.63198,-2.297648327835054,-1.4020349960198564,-1.150916244379777
allenla01,Lavoy Allen,train,-2.85597,-3.9988340372107274,-3.344146807427034,-2.4875317169271396
alvarjo01,Jose Alvarado,test,-3.537068,-4.100479717242318,-3.140062237114039,-2.3477969769767513
alvarjo01,Jose Alvarado,test,-3.569229,-3.9027174858565954,-3.0115977566705716,-2.268195695767102
aminual01,Al-Farouq Aminu,train,-4.104945,-3.887553680296999,-2.9143506725504293,-2.3390271983220634
aminual01,Al-Farouq Aminu,train,-2.233592,-3.4856350042057986,-2.6162357923005426,-2.0103334721790698
aminual01,Al-Farouq Aminu,train,-2.417075,-3.30454360489724,-2.267040155503113,-1.9780106192624878
anderal01,Alan Anderson,train,-3.881802,-4.216610622207875,-3.203231464704258,-2.4976798997424274
anderch01,Chris Andersen,train,-2.497914,-3.7039155255842995,-3.0678107283328053,-2.3234927281356827
anderju01,Justin Anderson,train,-3.856453,-4.533581012876074,-4.450617142885627,-2.5194803979541516
anderju01,Justin Anderson,train,-3.996987,-4.466410797976135,-4.110626171432408,-2.7555176816697386
anderky01,Kyle Anderson,train,-4.030837,-4.523525062748821,-4.450617142885627,-2.5194803979541516
anderky01,Kyle Anderson,train,-2.393673,-3.3293067363012927,-2.085968205378184,-1.7492370708047766
anderky01,Kyle Anderson,val,-2.620271,-3.5569868680307053,-2.9350798519053307,-2.24269228426777
anderky01,Kyle Anderson,test,-2.724459,-3.2163728061852326,-2.293304454807725,-1.9230493608497639
anderry01,Ryan Anderson,train,-1.549083,-3.4314557699355155,-1.967609676980541,-1.6830297592346153
antetgi01,Giannis Antetokounmpo,train,-1.377183,-3.217733546128207,-1.4475941722498726,-1.3265841229704929
antetgi01,Giannis Antetokounmpo,train,-0.901404,-1.551403750359711,-0.3516756985750167,-0.15656601786091962
antetgi01,Giannis Antetokounmpo,val,-0.877548,-2.0207359247974863,-0.819719704468509,-0.6268025868994163
antetth01,Thanasis Antetokounmpo,train,-4.60517,-4.542196797766978,-4.475018602371848,-2.5194803979541516
antetth01,Thanasis Antetokounmpo,train,-4.238376,-4.501556807573932,-3.5036070800098837,-2.666111546780484
antetth01,Thanasis Antetokounmpo,train,-4.131628,-4.416947178985088,-3.878970669379449,-2.7917595759565055
anthoca01,Carmelo Anthony,train,-0.932516,-2.1395267416409594,-0.6379967460396072,-0.6471972096326377
anthoco01,Cole Anthony,val,-2.378323,-3.9820005665247833,-2.458887787915793,-1.9433636527669638
anunoog01,OG Anunoby,train,-1.831817,-3.5144154964374517,-1.9799577969388797,-1.7018742578724622
anunoog01,OG Anunoby,test,-1.19633,-3.2291523967751945,-1.837570336468652,-1.4823996250664218
arcidry01,Ryan Arcidiacono,train,-4.873319,-4.581240838675362,-4.4955750103183805,-2.5194803979541516
arcidry01,Ryan Arcidiacono,train,-3.594019,-4.251337594018738,-3.1823151501393294,-2.4916231397374613
arizatr01,Trevor Ariza,train,-2.064724,-3.1450102646505114,-1.5014288281731412,-1.4739445564441356
arizatr01,Trevor Ariza,train,-2.166903,-3.2233892441008125,-2.26036811836212,-1.9525726068542646
arthuda01,Darrell Arthur,train,-3.192443,-4.179967459322391,-3.379231301882434,-2.5559625033387565
asikom01,Ömer Aşık,train,-1.79749,-3.141786332117352,-2.0177309356898907,-1.6611694196528666
augusdj01,D.J. Augustin,train,-3.045554,-3.726183971271058,-2.7358088529612754,-2.124812261038074
augusdj01,D.J. Augustin,train,-2.563813,-3.2543348387574342,-2.5682188048150154,-1.8578538917608312
augusdj01,D.J. Augustin,train,-2.746721,-3.1855084645178025,-2.4569003383101506,-1.8975032035923538
avdijde01,Deni Avdija,val,-2.324795,-3.752020928839528,-2.167240599651358,-1.849774412119412
aytonde01,Deandre Ayton,val,-1.313967,-2.9455933222571007,-1.5919401642616895,-1.2452507160341104
aytonde01,Deandre Ayton,test,-2.948664,-3.5313928982699183,-2.6117618642819194,-1.9297473410194803
babbilu01,Luke Babbitt,train,-4.095774,-4.249870378252971,-3.641983190685876,-2.684746628584597
bacondw01,Dwayne Bacon,train,-4.357042,-4.385770441644412,-4.247673672310596,-2.3464235286830597
bacondw01,Dwayne Bacon,train,-4.133016,-4.537218418673919,-3.722576498223776,-2.670251383528944
baglema01,Marvin Bagley III,val,-2.291767,-4.103378813060553,-2.917491937778151,-2.1936255961901376
bakerro01,Ron Baker,train,-3.106531,-4.589711904976217,-3.755588437143614,-2.7104318081152603
ballla01,LaMelo Ball,val,-1.237887,-3.4269523133694073,-1.4458207511025438,-1.0964325123211776
balllo01,Lonzo Ball,train,-1.726456,-3.698214289682055,-1.9711738213954721,-1.6103212167221321
balllo01,Lonzo Ball,test,-2.83387,-4.381923278958632,-3.1919301565664786,-2.35553131444914
bambamo01,Mo Bamba,val,-2.485352,-3.845397807319649,-2.837283726260512,-2.2574771020876043
bambamo01,Mo Bamba,test,-3.854134,-4.2320455830636075,-4.013290840452205,-2.6759617460622813
bantoda01,Dalano Banton,train,-4.503053,-4.5098306473694505,-4.456290940379633,-2.5194803979541516
bantoda01,Dalano Banton,val,-4.166121,-4.460896664612132,-3.9914688674038556,-2.758096396534178
barbole01,Leandro Barbosa,train,-3.158521,-3.893860402948845,-3.237514982789977,-2.4727918922520633
bareajo01,J.J. Barea,train,-2.862201,-3.7111329267359654,-2.651086302841596,-2.121768446252418
bargnan01,Andrea Bargnani,train,-3.873489,-4.204495577815707,-3.003187823458802,-2.2643078870474636
barneha02,Harrison Barnes,train,-1.383568,-3.1817446807797607,-1.8307490825816362,-1.5350318646397856
barneha02,Harrison Barnes,train,-1.636275,-3.2434783398493776,-1.8059530920133662,-1.5948217981462394
barneha02,Harrison Barnes,val,-2.055462,-2.9071913921817987,-1.5909103237016557,-1.5371670946164557
barnema02,Matt Barnes,train,-2.732436,-3.5182730830477422,-2.544889749521052,-2.1624609635931917
bartowi01,Will Barton,train,-2.986254,-4.256686108434593,-3.288578138356092,-2.458172947092656
bartowi01,Will Barton,train,-2.03969,-3.17534769704562,-1.8292706454057592,-1.58864568037125
bartowi01,Will Barton,train,-2.014138,-3.798659956195393,-2.7196885501063375,-2.176167409228624
bassbr01,Brandon Bass,train,-3.127632,-3.273596366293265,-2.5570169336086024,-2.0621464324981673
bassech01,Charles Bassey,train,-4.357545,-4.364392882880276,-4.245782406479261,-2.3464235286830597
bateske01,Keita Bates-Diop,train,-4.361323,-4.384616758284428,-4.223902634768154,-2.3464235286830597
bateske01,Keita Bates-Diop,train,-4.131628,-4.4111508884733635,-4.073796435915684,-2.756491469703097
bateske01,Keita Bates-Diop,val,-3.996519,-4.134686239661563,-3.1377985063185276,-2.446737581584898
batumni01,Nicolas Batum,train,-1.366761,-2.7296434931834948,-1.3636130061409344,-1.1893419626376822
batumni01,Nicolas Batum,train,-3.543533,-3.5391229507225064,-2.6290931141228087,-2.224802755469275
batumni01,Nicolas Batum,val,-2.394908,-3.5129403993315025,-2.7331354027990162,-2.2334554581024433
batumni01,Nicolas Batum,test,-3.377218,-3.370641492982692,-2.735703134563978,-2.2635335531474947
batumni01,Nicolas Batum,test,-3.293686,-3.319402918578459,-2.8546079181958905,-2.334758695672483
bayleje01,Jerryd Bayless,train,-3.045554,-3.812912393421318,-2.989479183301226,-2.308240754835371
baynear01,Aron Baynes,train,-2.376693,-4.104655631263305,-3.1204833306265605,-2.3766929999999995
baynear01,Aron Baynes,train,-2.955981,-3.73859305060767,-3.058882030318831,-2.372760578561107
baynear01,Aron Baynes,train,-2.722029,-3.985705518068127,-3.081136704722161,-2.3114079338049986
bazemke01,Kent Bazemore,train,-3.451019,-4.501641417478372,-3.633131425242893,-2.7148114109071066
bazemke01,Kent Bazemore,train,-1.682614,-3.8095744097005837,-2.33652073328947,-1.9646504307981736
bealbr01,Bradley Beal,train,-1.308492,-3.374957321439762,-1.837527025457037,-1.4086898050744705
bealbr01,Bradley Beal,train,-1.135285,-2.8089332605812523,-1.33327899181247,-1.2099841876132928
bealbr01,Bradley Beal,val,-0.901401,-3.076581269661019,-1.4274528762823522,-1.1436200182208727
bealbr01,Bradley Beal,test,-3.338217,-3.5209486076933176,-2.388358692068225,-1.9485615278698893
beaslma01,Malik Beasley,train,-1.984581,-3.834875652581234,-2.6627705072801384,-2.017436828756475
belinma01,Marco Belinelli,train,-2.831928,-3.719308406157773,-2.6876627182298876,-2.2503593220669327
belljo01,Jordan Bell,train,-4.505304,-4.521299617242231,-4.49773893667466,-2.5194803979541516
bembrde01,DeAndre' Bembry,train,-4.077446,-4.488086675294836,-3.5567835866515574,-2.602029536565065
bendedr01,Dragan Bender,train,-4.133016,-4.473289468130128,-3.637966408493346,-2.655718769327003
bertada01,Dāvis Bertāns,train,-2.642686,-4.089840896650255,-3.4139967604916315,-2.565084214498779
bertada01,Dāvis Bertāns,train,-1.920043,-3.4010659070477147,-1.9521708973810026,-1.5860125637538647
beverpa01,Patrick Beverley,train,-2.499295,-3.5844385453562633,-2.4236275263812765,-1.8082645214693995
beverpa01,Patrick Beverley,train,-2.102364,-3.5399332976876186,-2.567718331409566,-2.0316006254938084
beysa01,Saddiq Bey,test,-3.100007,-3.514416961023536,-2.3399579054057655,-1.8607421495075438
birchkh01,Khem Birch,train,-4.537209,-4.577490883014508,-4.509679578056221,-2.5194803979541516
birchkh01,Khem Birch,train,-3.594019,-4.257924875037129,-3.7089649341738067,-2.6126390000329716
birchkh01,Khem Birch,train,-2.825068,-3.7737271171969575,-2.871675462554737,-2.1944100620641795
bitadgo01,Goga Bitadze,test,-2.82557,-3.8251848842691114,-3.1609955601481783,-2.348365439204211
biyombi01,Bismack Biyombo,train,-3.192443,-3.8648502789928916,-3.1786295254950048,-2.398816998873583
biyombi01,Bismack Biyombo,train,-1.654443,-3.2477041566783154,-2.3486596695740936,-1.8895595391861433
bjeline01,Nemanja Bjelica,train,-2.701875,-3.9041096644990834,-3.0124187488210907,-2.276841884243455
blackta01,Tarik Black,train,-4.537209,-4.577490883014508,-4.506107187041477,-2.5194803979541516
blackta01,Tarik Black,train,-2.684618,-4.34273926915364,-3.837323912509634,-2.6345656727621938
blakean01,Antonio Blakeney,train,-4.252124,-4.656147868240886,-3.8924385423743013,-2.64910545528726
blakest01,Steve Blake,train,-3.390394,-3.9403737286167906,-3.031140996749859,-2.3636573730427792
bledser01,Eric Bledsoe,train,-1.609438,-3.5421420516720272,-1.6833752463599292,-1.3737532152666114
bledser01,Eric Bledsoe,train,-1.830431,-2.811247558022334,-1.4778464989301516,-1.273858809089422
bogdabo01,Bogdan Bogdanović,train,-2.398834,-4.39175311392547,-4.180563372641792,-2.3464235286830597
bogdabo01,Bogdan Bogdanović,train,-1.80226,-3.660825190119893,-1.9274037890855278,-1.6170403464488348
bogdabo01,Bogdan Bogdanović,val,-2.11262,-3.474836164863555,-1.9613210954388256,-1.6107360132028221
bogdabo02,Bojan Bogdanović,train,-2.910634,-4.38929547752416,-4.246622969070966,-2.3464235286830597
bogdabo02,Bojan Bogdanović,train,-2.244684,-3.9995437630221917,-2.795326220675153,-2.2120351443446995
bogdabo02,Bojan Bogdanović,train,-1.787097,-3.095330192241412,-1.7635099083531074,-1.4811333649320861
bogdabo02,Bojan Bogdanović,val,-1.941626,-3.3054861770775283,-2.0077229752954464,-1.7139298362719702
bogutan01,Andrew Bogut,train,-1.659259,-3.764640426915933,-2.6836183088118997,-2.010023342503337
bolbo01,Bol Bol,val,-4.029038,-4.558259096783841,-4.33792612582937,-2.8724399002601024
boldejo01,Jonah Bolden,train,-4.064072,-4.2566606898853605,-3.9978185485944597,-2.1733666594119683
bonaad01,Adem Bona,test,-4.265265,-4.221598895300913,-3.9957171421151987,-2.1733666594119683
bongais01,Isaac Bonga,train,-4.316203,-4.388849515889209,-4.256289438875568,-2.3464235286830597
bookede01,Devin Booker,train,-3.471467,-4.541685880850414,-4.455660518435854,-2.5194803979541516
bookede01,Devin Booker,train,-1.237893,-3.6579276513743877,-1.364626758458539,-1.1857489697797026
bookede01,Devin Booker,val,-0.903478,-2.7518878203655746,-1.0618753899330509,-0.9539972687987182
bookede01,Devin Booker,test,-0.943548,-2.7837048604666244,-1.3915966581918582,-1.2445395153117431
booketr01,Trevor Booker,train,-2.556974,-3.7980404571351243,-3.0913322447399536,-2.3314612069804816
booketr01,Trevor Booker,train,-2.320191,-3.568747629182294,-2.9774522590439125,-2.2670773089972616
bouchch01,Chris Boucher,train,-2.783089,-4.292518336146991,-3.5527112528367883,-2.5897605263893224
bouchch01,Chris Boucher,val,-2.353642,-3.285378866932103,-2.5918930905538846,-1.9454070414444578
bradlav01,Avery Bradley,train,-2.064724,-3.87963495966116,-2.2916420889326172,-1.891415648849719
bradlav01,Avery Bradley,train,-2.09956,-3.8516952017903536,-2.742160877432676,-2.09956
bradlav01,Avery Bradley,train,-3.106462,-4.083284211216725,-2.8537150188883964,-2.3556468783475055
bradlto01,Tony Bradley,train,-4.072471,-4.132383391400024,-3.4794260135417012,-2.4957183518779735
brazdig01,Ignas Brazdeikis,train,-4.506152,-4.5381419400752705,-4.496688233435028,-2.5194803979541516
breweco01,Corey Brewer,train,-2.194372,-3.364281828845168,-2.377234619322039,-1.9039682950435424
bridgmi01,Mikal Bridges,test,-1.512114,-2.837897218633133,-1.2615362288249359,-1.2547385874133878
bridgmi02,Miles Bridges,test,-1.726958,-3.625436765950494,-1.937085445710611,-1.7024500772778168
briscis01,Isaiah Briscoe,train,-4.219891,-4.3080535054137385,-4.015432987470026,-2.1733666594119683
brissos01,Oshae Brissett,val,-4.0734,-4.1660624557441475,-3.4215051704212005,-2.515413368236291
broekry01,Ryan Broekhoff,train,-4.50147,-4.5847634508505735,-4.513462109718891,-2.5194803979541516
brogdma01,Malcolm Brogdon,train,-1.636275,-3.3167347947633656,-1.8677154258387376,-1.4806061776988466
brogdma01,Malcolm Brogdon,train,-1.70398,-3.455299562835515,-2.013139859963117,-1.6156661672270098
brookar01,Armoni Brooks,train,-4.134402,-4.341909058025683,-3.0174691928645716,-2.110669435433627
brookdi01,Dillon Brooks,train,-2.265453,-4.19961545374599,-2.265453,-1.956875236764476
brookdi01,Dillon Brooks,val,-1.844756,-3.7846729784973947,-1.9351033674809286,-1.758731657534205
brownan02,Anthony Brown,train,-4.39545,-4.4055081219182854,-4.2470432503668185,-2.3464235286830597
brownan02,Anthony Brown,train,-4.678346,-4.650241290082365,-3.8287957528352434,-2.7021156831128392
brownbr01,Bruce Brown,train,-4.348584,-4.379546368391391,-4.207486519903126,-2.3464235286830597
brownbr01,Bruce Brown,val,-2.924383,-3.6451490830824214,-2.860418540244611,-2.207685193668757
brownbr01,Bruce Brown,val,-1.799294,-3.4568071279367967,-2.5863061960065488,-2.041832523365576
browngr01,Greg Brown III,train,-4.357545,-4.373576299373928,-4.250825782029488,-2.3464235286830597
brownja02,Jaylen Brown,train,-1.412661,-3.557421267217803,-2.027952372205675,-1.6990347339013727
brownja02,Jaylen Brown,val,-0.901415,-2.8804782410176006,-0.8635606760229333,-0.912734296408021
brownma02,Markel Brown,train,-4.537209,-4.523525062748821,-4.503202593520738,-2.5194803979541516
brownst02,Sterling Brown,train,-4.35967,-4.390942142387129,-4.248093953606449,-2.3464235286830597
brownst02,Sterling Brown,train,-3.623576,-4.119136879318545,-3.2566888236039055,-2.4551975321101707
browntr01,Troy Brown Jr.,val,-3.526515,-4.036746817092362,-3.0863546229807497,-2.472371827813389
brunsja01,Jalen Brunson,train,-4.195157,-4.262338460135566,-4.005173471271874,-2.1733666594119683
brunsja01,Jalen Brunson,val,-1.559399,-3.1648079984447266,-1.9023035088555162,-1.5540410904260538
brunsja01,Jalen Brunson,test,-1.374383,-2.273928908093321,-0.8234392380270998,-0.7340931409428364
brussni01,Nicolás Brussino,train,-4.727136,-4.453794717711044,-4.268650361552981,-2.3464235286830597
bryanko01,Kobe Bryant,train,-0.966112,-2.5159859467101,-1.1635291326922044,-0.9716694331251343
bryanth01,Thomas Bryant,train,-4.505304,-4.527058339223998,-4.46892452358199,-2.5194803979541516
bryanth01,Thomas Bryant,train,-2.572368,-3.964586880123851,-2.82917007911214,-2.210337288871474
bryanth01,Thomas Bryant,val,-3.925129,-3.998542864219167,-3.1926153080705855,-2.3876425750853163
bullore01,Reggie Bullock,train,-3.679768,-4.358634922717573,-3.84655355076635,-2.704744956409431
bullore01,Reggie Bullock,train,-3.281644,-3.875637499261678,-2.872213839354121,-2.2616519874926975
bullore01,Reggie Bullock,train,-2.418271,-3.706804427165298,-2.5709746461472496,-2.0956876774958806
burketr01,Trey Burke,train,-4.361323,-4.170611614673668,-3.2240382561188947,-2.304004128826953
burketr01,Trey Burke,train,-3.545229,-3.952217946193243,-3.2774627714236324,-2.275980370287743
burksal01,Alec Burks,train,-1.89712,-3.785540927237325,-1.9941303550816698,-1.772920641089122
burksal01,Alec Burks,train,-2.419603,-3.639384880016471,-2.5956965686319293,-2.0390154746572255
butleja02,Jared Butler,train,-4.503053,-4.5030529999999995,-4.480482259217927,-2.5194803979541516
butleji01,Jimmy Butler,train,-1.628884,-2.4111780460877847,-0.8970577465444545,-0.8223925407449373
butleji01,Jimmy Butler,train,-1.131656,-2.072751104710135,-1.1137894235317427,-0.85445564325826
butleji01,Jimmy Butler,train,-0.929765,-2.4513913259307514,-1.3860039905251433,-1.0698361684488915
butleji01,Jimmy Butler,test,-1.120433,-2.2572891657571974,-1.6569321489660453,-1.2481408858600767
cabocbr01,Bruno Caboclo,train,-3.74539,-4.523525062748821,-4.45313883066074,-2.5194803979541516
cabocbr01,Bruno Caboclo,train,-4.522889,-4.468533520412253,-3.4922896357301867,-2.56007760189814
caldwke01,Kentavious Caldwell-Pope,train,-2.577581,-3.4193632010111847,-2.5775810000000003,-2.0416807584867818
caldwke01,Kentavious Caldwell-Pope,train,-2.125121,-3.371909273828958,-2.4919178829062205,-1.935179816852599
caldwke01,Kentavious Caldwell-Pope,val,-2.199772,-3.5179848730669088,-2.1423632392574,-1.9503996465966948
caldwke01,Kentavious Caldwell-Pope,test,-1.854791,-3.2071002343093213,-2.188138282243356,-1.9235633507204237
camarto01,Toumani Camara,val,-4.265706,-4.234109573384031,-3.996767845354829,-2.1733666594119683
camarto01,Toumani Camara,test,-2.1283,-3.6778833639553516,-1.938632793277233,-1.7322464175433825
campafa01,Facundo Campazzo,train,-3.380253,-4.612680015806715,-4.5176649226774135,-2.5194803979541516
canaais01,Isaiah Canaan,train,-4.496025,-4.278820228620008,-3.0458553760382228,-2.4123693322332693
cancavl01,Vlatko Čančar,train,-4.356159,-4.377511910802377,-4.2224316502326715,-2.3464235286830597
cancavl01,Vlatko Čančar,val,-3.996248,-4.362335674728845,-3.831977703823659,-2.608874899934075
capelca01,Clint Capela,train,-3.949422,-4.523525062748821,-4.445153486039548,-2.5194803979541516
capelca01,Clint Capela,train,-1.69425,-2.8158923066924855,-1.8885527662684616,-1.5153869586026825
capelca01,Clint Capela,test,-3.090011,-3.018438389647858,-2.2388223639989224,-1.7380032385082391
carrode01,DeMarre Carroll,train,-1.574347,-3.1011462235705722,-2.0403555160746487,-1.6356696466193144
carrode01,DeMarre Carroll,train,-2.341256,-3.583061602249368,-2.469607712064124,-2.0377507421882077
carteje01,Jevon Carter,train,-3.348897,-4.293452583063416,-3.3488970000000005,-2.491747389158533
carteje01,Jevon Carter,val,-4.042768,-4.102970643849349,-3.529172596376473,-2.617854893127067
carteje01,Jevon Carter,val,-3.041007,-3.7888189328343125,-2.7903093731886353,-2.2573444433574745
cartemi01,Michael Carter-Williams,train,-3.498709,-4.2040527355711825,-3.40330304584655,-2.4621668476760976
cartevi01,Vince Carter,train,-2.757872,-3.210615099189651,-2.2975193043430244,-1.8372074336865745
cartewe01,Wendell Carter Jr.,train,-2.291767,-3.6531271804377767,-2.2042474019241074,-1.7199436993432542
cartewe01,Wendell Carter Jr.,test,-2.06817,-3.354273331811983,-2.294855774487497,-1.7431326664874758
carusal01,Alex Caruso,train,-3.681031,-4.517928085397284,-3.637000115112604,-2.5113787641968326
carusal01,Alex Caruso,train,-2.497565,-3.856730064927114,-2.8794841425246336,-2.1056347811709797
carusal01,Alex Caruso,test,-2.031757,-3.4879443500531204,-2.0140425741334136,-1.7162481316894191
casspom01,Omri Casspi,train,-3.149883,-3.9918512290521764,-3.1052391151131054,-2.382043849339719
caulewi01,Willie Cauley-Stein,train,-3.002901,-4.53315541035924,-4.404335911688299,-2.5194803979541516
caulewi01,Willie Cauley-Stein,train,-3.89063,-3.5121652050732584,-2.533127549155729,-2.0532279573593124
caulewi01,Willie Cauley-Stein,train,-3.281644,-3.5718097394400945,-3.055657787810267,-2.1877336909791643
cavanty01,Tyler Cavanaugh,train,-4.5665,-4.62997751035195,-4.508628874816591,-2.5194803979541516
chalmma01,Mario Chalmers,train,-2.721058,-3.412420450626287,-2.6541897958920972,-2.0051032881350324
champju02,Julian Champagnie,val,-3.814197,-4.362653830257178,-3.2301924816933614,-2.2252786791353416
champju02,Julian Champagnie,test,-2.523715,-3.5961206683788567,-2.202405064361064,-1.8874464156457085
chandke01,Kennedy Chandler,val,-4.239479,-4.252453138807772,-4.009376284230397,-2.1733666594119683
chandty01,Tyson Chandler,train,-1.683546,-2.396262873184953,-1.6742893806938302,-1.3364954594692677
chandwi01,Wilson Chandler,train,-2.091657,-3.4334984003992943,-1.675138195597878,-1.5878273309021327
chrisca02,Cam Christie,test,-4.265265,-4.2039901970930265,-4.005173471271874,-2.1733666594119683
chrisma02,Max Christie,val,-4.502685,-4.497070327718942,-4.503202593520738,-2.5194803979541516
chrisma02,Max Christie,test,-2.866392,-4.086387912885796,-3.167716609261094,-2.370624576536107
chrisse01,Semaj Christon,train,-4.727136,-4.388890234125443,-4.254188032396306,-2.3464235286830597
cissemo01,Moussa Cisse,test,-4.269355,-4.482008900250174,-3.5559320598278745,-2.5719396935885275
cissosi01,Sidy Cissoko,val,-4.35701,-4.399984499276682,-4.247883812958523,-2.3464235286830597
clarkbr01,Brandon Clarke,val,-2.387081,-3.1864303777527327,-2.1936661395803485,-1.6241423422137813
clarkga01,Gary Clark,train,-3.974792,-4.470736622954588,-3.8513182686844085,-2.7160831267935466
clarkja02,Jaylen Clark,test,-3.932482,-4.082096497944954,-3.40478806835537,-2.502930513271228
clarkjo01,Jordan Clarkson,train,-4.537209,-4.523525062748821,-4.480272118570001,-2.5194803979541516
clarkjo01,Jordan Clarkson,train,-2.019086,-3.89806176371168,-2.1485281200186863,-1.831655738087
clarkjo01,Jordan Clarkson,train,-2.136956,-3.571699032770098,-2.2157650722542197,-1.7811673652111437
claxtni01,Nic Claxton,train,-4.356159,-4.396626214269133,-4.248934516198153,-2.3464235286830597
claxtni01,Nic Claxton,val,-2.66283,-4.09951082159852,-3.336833925545493,-2.412463112236057
claxtni01,Nic Claxton,test,-1.757417,-2.8763045894871824,-1.948224004443609,-1.498777242194906
collida01,Darren Collison,train,-2.293474,-3.4587913984405034,-2.548129358825012,-1.9836910131069916
colliis01,Isaiah Collier,test,-3.774901,-4.2402240951919445,-3.9788807459543185,-2.1733666594119683
collijo01,John Collins,train,-1.503313,-2.8857400846552412,-1.6307051792035336,-1.2446445235411416
collijo01,John Collins,test,-2.303242,-3.367752237425256,-2.0558136952227715,-1.7468543934102685
collini01,Nick Collison,train,-3.223059,-3.5660344735094025,-2.8446958707331422,-2.236957386944022
colliza01,Zach Collins,train,-2.727488,-4.097176007091584,-3.1222771992097185,-2.293820337091095
colliza01,Zach Collins,val,-2.088789,-4.208644452528118,-2.7864743578650044,-2.2514281917874173
colliza01,Zach Collins,test,-3.091699,-4.080762432084027,-3.240586190311223,-2.3013450354774023
conlemi01,Mike Conley,train,-1.126433,-2.57675233086313,-1.5705935576830299,-1.1843610283702901
conlemi01,Mike Conley,train,-1.600705,-2.9500067438454294,-2.1086921537750096,-1.6082405053442013
conlemi01,Mike Conley,test,-2.701746,-2.748523033213502,-1.933222391571779,-1.6848910103983383
connapa01,Pat Connaughton,train,-4.430817,-4.398972845002612,-4.18392562300861,-2.3464235286830597
connapa01,Pat Connaughton,train,-3.018655,-3.6766130381411766,-2.931338574174152,-2.226433755734727
connapa01,Pat Connaughton,val,-2.66962,-3.458723655391207,-2.2872279045713237,-1.944865842715805
cookqu01,Quinn Cook,train,-5.011574,-4.695521826114026,-4.096853106668306,-2.7089446437078735
cookqu01,Quinn Cook,train,-3.594019,-4.257209496901403,-3.490278310032966,-2.5661958252807606
couside01,DeMarcus Cousins,train,-1.346885,-3.5275336082909554,-1.6684572782104028,-1.4616781154198513
covinro01,Robert Covington,train,-4.137521,-4.5811227395194205,-4.190653569027478,-2.723531285666717
covinro01,Robert Covington,train,-1.882848,-3.703673667758923,-1.9216392767341315,-1.6228530961916223
covinro01,Robert Covington,val,-2.427903,-3.627582598060227,-2.4806755140971584,-2.0548744167101245
crabbal01,Allen Crabbe,train,-1.616291,-3.822643656192559,-2.1797965147939458,-1.9145139578969967
craigto01,Torrey Craig,train,-3.93054,-4.54071867093396,-3.813599844643975,-2.703471609195666
craigto01,Torrey Craig,train,-3.112751,-4.029298116188584,-3.4812943143601935,-2.4752109997198
craigto01,Torrey Craig,val,-3.925129,-3.811649668419954,-2.9058817265156875,-2.3405088410701067
crawfja01,Jamal Crawford,train,-1.905758,-3.236646456186059,-2.1697518227078016,-1.8150266726590032
crawfja01,Jamal Crawford,train,-3.103155,-3.5398460098383207,-2.5141094520482823,-2.1249122357922694
crowdja01,Jae Crowder,train,-2.302585,-3.522586849876473,-2.348697968314289,-1.8849709940805732
crowdja01,Jae Crowder,train,-2.418446,-3.479615019772273,-2.4124634238505616,-1.9851347496432905
cunnida01,Dante Cunningham,train,-3.149883,-3.7066543072472977,-2.831201350177055,-2.2467034577931084
curryse01,Seth Curry,train,-4.268698,-4.68450016422841,-4.574926911000203,-2.951772266408673
curryse01,Seth Curry,train,-3.46301,-4.508432124896016,-3.748582420974021,-2.636466410708037
curryse01,Seth Curry,train,-2.61319,-3.7421607683955314,-2.7529682712950447,-2.045694551191751
curryse01,Seth Curry,val,-3.526515,-3.720170523510634,-3.108268433928272,-2.251801325927748
curryst01,Stephen Curry,train,-0.901197,-0.9011969999999994,-0.538795954287417,-0.1235230118586712
curryst01,Stephen Curry,train,-0.831525,-2.680607776723284,-0.833809833212241,-0.8296093858027271
danietr01,Troy Daniels,train,-4.373579,-4.712910992144919,-3.9998123378040247,-2.6496347220407594
danietr01,Troy Daniels,train,-4.271999,-4.660424364807477,-4.021902250163058,-2.6496347220407594
danietr01,Troy Daniels,train,-3.340842,-4.348565558945259,-3.3619326219483865,-2.4264629351523044
davisan02,Anthony Davis,train,-1.308492,-2.0948243382588823,-0.5857664077478044,-0.5422183403134568
davisan02,Anthony Davis,train,-1.055572,-1.753795599153836,-0.7159817253912948,-0.46362270278754947
davisan02,Anthony Davis,val,-0.877548,-2.984583648678182,-1.2714960515493634,-1.2122087889029884
davisde01,Deyonta Davis,train,-4.257133,-4.397493415752751,-4.244311421943778,-2.3464235286830597
davised01,Ed Davis,train,-4.104945,-3.6504116997987595,-3.288283270156388,-2.3080147453215463
davised01,Ed Davis,train,-2.351375,-3.3136885243746206,-2.520106687136469,-1.973002747113931
davised01,Ed Davis,train,-3.106462,-3.4424083793537466,-2.8928451072945345,-2.272927257437181
daviste02,Terence Davis,train,-4.506152,-4.556874367475235,-4.516404078789857,-2.5194803979541516
daviste02,Terence Davis,train,-3.335894,-4.278831352399264,-3.414808418368291,-2.489005309906375
dedmode01,Dewayne Dedmon,train,-3.46301,-4.239201723860335,-3.606421461154648,-2.6136100141222744
dedmode01,Dewayne Dedmon,train,-2.102364,-3.4843614764298763,-2.5423678535687806,-1.9555569152916006
dedmode01,Dewayne Dedmon,val,-3.311198,-4.046792514192793,-3.279634994750941,-2.507589305243798
dekkesa01,Sam Dekker,train,-3.72673,-4.534152522406083,-4.450617142885627,-2.5194803979541516
delanma01,Malcolm Delaney,train,-3.628524,-4.587959347654091,-4.518715625917045,-2.5194803979541516
dellama01,Matthew Dellavedova,train,-2.283052,-3.6964021852848092,-2.3176853461270834,-1.8744591308633212
denglu01,Luol Deng,train,-1.848102,-3.200912589482161,-2.1928183075609464,-1.74033712266343
denglu01,Luol Deng,train,-1.654443,-2.8772360012122116,-1.7706553266137033,-1.5212553717161885
derozde01,DeMar DeRozan,train,-1.219779,-2.441045237104886,-1.0107210799651245,-0.8884282252727489
derozde01,DeMar DeRozan,train,-1.37815,-2.6768023961611402,-1.3781500000000029,-1.225207087943923
derozde01,DeMar DeRozan,test,-1.744307,-2.1717148011933576,-0.8672527536735033,-1.0071971452881756
diabamo01,Moussa Diabaté,test,-4.305743,-4.4111233537060555,-4.088652476384736,-2.669686727766463
diallch01,Cheick Diallo,train,-4.727136,-4.395482710468208,-4.226004041247416,-2.3464235286830597
diallha01,Hamidou Diallo,train,-4.492659,-4.505323526410994,-4.456501081027559,-2.5194803979541516
diallha01,Hamidou Diallo,train,-3.07353,-4.308529771023872,-3.1804204870018857,-2.418893519077022
diawamo01,Mohamed Diawara,test,-4.099718,-4.107810539820136,-3.324391450448376,-2.4448021146050523
diawbo01,Boris Diaw,train,-2.198256,-3.3030692466756983,-2.1982560000000015,-1.8211046974793026
dickgr01,Gradey Dick,val,-3.234779,-4.2302626695416645,-3.9588922400745465,-2.1733666594119683
dienggo01,Gorgui Dieng,train,-1.791154,-3.323318343548068,-2.182909737494054,-1.731196056390326
diengou01,Ousmane Dieng,test,-3.372867,-4.19653628821046,-3.2096428456187724,-2.4090407456700413
dinwisp01,Spencer Dinwiddie,train,-4.314559,-4.38929547752416,-4.22684460383912,-2.3464235286830597
dinwisp01,Spencer Dinwiddie,train,-4.529926,-4.585790756986999,-4.072709491754328,-2.7394476345590624
dinwisp01,Spencer Dinwiddie,train,-4.578716,-4.504047799099782,-3.8236949306298955,-2.5663907652879705
dinwisp01,Spencer Dinwiddie,train,-2.253187,-3.788106975780767,-2.204372948009782,-1.8873603439745177
dinwisp01,Spencer Dinwiddie,train,-1.831817,-3.6906525674578474,-3.0244085797577256,-1.9710012016306926
divindo01,Donte DiVincenzo,val,-3.288184,-3.9065027949885334,-3.2023184221262655,-2.2503082711735964
divindo01,Donte DiVincenzo,val,-2.451726,-3.535814506511735,-2.423743529493182,-1.8946661691536593
doncilu01,Luka Dončić,train,-1.055551,-2.652580535665379,-0.8179607414489327,-0.638209156311299
doncilu01,Luka Dončić,test,-1.157771,-2.381729393663866,-1.1688900773010433,-0.7914027622640094
dorsety01,Tyler Dorsey,train,-4.505304,-4.523525062748821,-4.505304000000001,-2.5194803979541516
dortlu01,Luguentz Dort,val,-2.014135,-3.9984856385250054,-2.0655969243130192,-1.681334164022568
dosunay01,Ayo Dosunmu,train,-4.503053,-4.506540226088959,-4.501101187041478,-2.5194803979541516
dosunay01,Ayo Dosunmu,val,-2.966899,-3.8983094845923296,-2.762263843739636,-2.1606118107561434
dosunay01,Ayo Dosunmu,test,-2.027394,-3.1837616516266785,-1.9053248199793764,-1.5016326167645497
dotsoda01,Damyean Dotson,train,-4.283684,-4.395758528044607,-4.249985219437784,-2.3464235286830597
douglto01,Toney Douglas,train,-4.033384,-4.257923363759122,-3.890283189315373,-2.5976745105802133
dragigo01,Goran Dragić,train,-1.711602,-2.439910872074352,-1.0653951030058995,-0.9836030223900263
drumman01,Andre Drummond,train,-1.310066,-2.383651698075152,-1.1436189731153472,-0.9980278858956975
drumman01,Andre Drummond,val,-3.629652,-3.4539284127530574,-2.730875942610439,-2.1530816096592678
drumman01,Andre Drummond,test,-3.336396,-3.2845121523506684,-2.6816052234605676,-2.148119510126411
dudleja01,Jared Dudley,train,-2.24223,-3.378475869144205,-2.4601022006730107,-2.0500234870346516
duncati01,Tim Duncan,train,-2.557477,-2.5574769999999996,-2.005959287917678,-1.5728307154582122
dunlemi02,Mike Dunleavy,train,-2.969279,-3.152165310823496,-2.0942533682030464,-1.7420628690124824
dunnkr01,Kris Dunn,train,-3.083194,-4.248747527580025,-3.264476786007153,-2.4376657055017827
dunnkr01,Kris Dunn,test,-3.254509,-3.9592820192825764,-2.8224411423730125,-2.209200235621241
duranke01,Kevin Durant,train,-1.243438,-1.7804166253161666,-1.15560017695966,-0.7528027060566316
duranke01,Kevin Durant,train,-1.35249,-2.2280242644755988,-1.5137778011193515,-1.0894756504021479
duranke01,Kevin Durant,train,-1.197798,-1.814264577191743,-1.3092462281928634,-0.86583105083749
duranke01,Kevin Durant,train,-0.977475,-1.6832444709779595,-0.5441530855835155,-0.5107273956198963
duranke01,Kevin Durant,train,-0.934798,-2.834277014502666,-1.1586471241864986,-0.9849514347833355
duranke01,Kevin Durant,test,-1.329793,-2.6905750913953406,-1.2480467346319712,-1.2359484711444857
durenja01,Jalen Duren,val,-3.234661,-4.259606945121487,-3.94838520767824,-2.1733666594119683
easonta01,Tari Eason,test,-2.345904,-3.396006215572785,-2.2085405626651498,-1.6899619508096477
edwaran01,Anthony Edwards,val,-1.055566,-3.4133742919993453,-1.0804777175004046,-1.106668127370239
edwarca01,Carsen Edwards,train,-4.287166,-4.373590841601155,-4.229996713558012,-2.3464235286830597
edwarju01,Justin Edwards,test,-4.182483,-4.363761836905414,-3.107126486627941,-2.2843176724099212
edwarke02,Kessler Edwards,val,-4.238077,-4.460974034984337,-3.5700799597779262,-2.6174150180345235
ellebcj01,CJ Elleby,train,-4.506152,-4.557017602364581,-4.501101187041478,-2.5194803979541516
ellenhe01,Henry Ellenson,train,-4.697644,-4.607580231660321,-3.934838404772929,-2.7380060788944
ellenhe01,Henry Ellenson,train,-4.077446,-4.588540812758228,-4.510575262473344,-2.904635697078939
ellinwa01,Wayne Ellington,train,-3.819965,-4.0461754304458974,-3.012236198912273,-2.4029490098388853
ellinwa01,Wayne Ellington,train,-2.730805,-4.150583857701639,-3.144930989738228,-2.539082887364759
ellinwa01,Wayne Ellington,train,-2.61319,-3.5909972138459447,-2.908530374101936,-2.231933652216376
elliske01,Keon Ellis,test,-2.939231,-3.804442949349636,-3.1953171856490945,-2.3596453046074073
ellismo01,Monta Ellis,train,-1.8506,-3.114486214534524,-1.6299107431591473,-1.4257414726696438
embiijo01,Joel Embiid,train,-2.535729,-4.2550658922995,-3.942080988240456,-2.1733666594119683
embiijo01,Joel Embiid,train,-1.237942,-4.055396285698522,-1.9512136769153612,-1.4639862423775125
embiijo01,Joel Embiid,train,-0.841184,-2.636908352437192,-1.1145255966572394,-0.8016283722948678
embiijo01,Joel Embiid,test,-0.904007,-2.1757677951277286,-0.9245769933617334,-0.550925595578942
ennisja01,James Ennis III,train,-4.39691,-4.38929547752416,-4.204754691480087,-2.3464235286830597
ennisja01,James Ennis III,train,-3.46301,-4.3825777890653335,-3.779232323881654,-2.5729610525017756
ennisja01,James Ennis III,train,-4.07268,-3.953718767172838,-3.1152031432363185,-2.403443648778002
ennisja01,James Ennis III,train,-3.974792,-3.844830539516208,-3.2087680963290652,-2.3704749431314864
eubandr01,Drew Eubanks,train,-4.125426,-4.462711388735395,-3.7253365749648846,-2.5529212987348644
eubandr01,Drew Eubanks,val,-3.996519,-3.781097994539427,-3.0492568133270375,-2.3497707000625088
eubandr01,Drew Eubanks,test,-3.361714,-3.6778276169624466,-3.2309205158352836,-2.3766260833290302
evansja01,Jawun Evans,train,-4.505304,-4.513476868476088,-4.503202593520738,-2.5194803979541516
exumda01,Danté Exum,train,-2.837185,-4.523525062748821,-4.453979393252445,-2.5194803979541516
exumda01,Danté Exum,train,-2.225792,-4.270893530638016,-3.537514051983793,-2.3519103669809263
exumda01,Danté Exum,train,-3.728937,-4.271601132740221,-3.6466249299111353,-2.474322589138941
exumda01,Danté Exum,val,-3.789504,-4.367989686528887,-3.4057894159572237,-2.556579399057215
ezelife01,Festus Ezeli,train,-2.521283,-4.198382471273963,-3.4916399158269638,-2.5355263968595496
farieke01,Kenneth Faried,train,-1.722767,-2.9367366993710355,-1.6759472940562106,-1.348673405408786
favorde01,Derrick Favors,train,-1.681377,-3.4859825489264624,-2.073204752806923,-1.7394175742914622
favorde01,Derrick Favors,train,-1.689831,-3.126072273462362,-2.36034400990082,-1.8993158449989993
favorde01,Derrick Favors,train,-2.418446,-2.8775314769729103,-2.3536442107762756,-1.7356231059755438
feldeka01,Kay Felder,train,-4.727136,-4.382475657695752,-4.257130001467273,-2.3464235286830597
feliccr01,Cristiano Felício,train,-4.60517,-4.590011740656684,-4.501904374082954,-2.5194803979541516
feliccr01,Cristiano Felício,train,-2.516617,-3.9716881419373857,-3.0222442590555283,-2.24934410869307
fernabr01,Bruno Fernando,train,-4.243681,-4.404207077322404,-4.243681,-2.3464235286830597
fernabr01,Bruno Fernando,val,-3.910341,-4.177525510020399,-3.391031947395066,-2.34327100443549
ferreyo01,Yogi Ferrell,train,-4.90149,-4.649956591597787,-4.499147401333125,-2.5194803979541516
filipky01,Kyle Filipowski,test,-3.847221,-4.2402240951919445,-3.9925650323963064,-2.1733666594119683
finnedo01,Dorian Finney-Smith,train,-4.727136,-4.453794717711044,-4.241306932995795,-2.3464235286830597
finnedo01,Dorian Finney-Smith,train,-3.306337,-4.042553825676318,-2.810264929708958,-2.261498758367134
finnedo01,Dorian Finney-Smith,val,-2.34786,-3.1420131548727555,-1.6681351605019499,-1.5120192850688063
finnedo01,Dorian Finney-Smith,test,-2.462634,-3.5310476610840196,-2.347688794252253,-1.9322743172447103
flemira01,Rasheer Fleming,test,-4.265267,-4.19804678882548,-3.994666438875568,-2.1733666594119683
fontesi01,Simone Fontecchio,val,-3.678061,-4.551919830659103,-4.514722953606448,-2.5194803979541516
fontesi01,Simone Fontecchio,test,-2.866392,-4.402539702918357,-3.1757932867457477,-2.4653086627891785
forbebr01,Bryn Forbes,train,-4.866399,-4.581240838675362,-4.493473603839119,-2.5194803979541516
forbebr01,Bryn Forbes,train,-3.525075,-4.354057348594905,-3.3558966694638777,-2.6122876174838088
forbebr01,Bryn Forbes,train,-3.819248,-4.040550419061598,-3.0079226264407315,-2.2903194178586914
fournev01,Evan Fournier,train,-1.711602,-3.4191384415139345,-1.7589475150197056,-1.5597020312729413
fournev01,Evan Fournier,train,-1.818023,-3.3554757168630838,-1.830196936816304,-1.5121314428082804
foxde01,De'Aaron Fox,train,-1.237876,-3.5249204814154216,-1.5290544320905841,-1.2268087345105472
foxde01,De'Aaron Fox,test,-1.121379,-2.8405155850473913,-1.1972638414468424,-1.0569332921930068
fraziti01,Tim Frazier,train,-5.052574,-4.732183368572756,-3.9163110668533623,-2.5872053612079675
fraziti01,Tim Frazier,train,-3.826975,-4.5233635481635766,-3.7819624726421512,-2.6613482344151147
fryech01,Channing Frye,train,-2.064724,-3.404113719215025,-2.086938599532676,-1.855814358414896
fultzma01,Markelle Fultz,train,-1.908778,-4.161965777908095,-2.4629026836409746,-2.0236943761835717
furphjo01,Johnny Furphy,test,-4.181529,-4.238512959788271,-4.0030720647926135,-2.1733666594119683
gabriwe01,Wenyen Gabriel,train,-4.167903,-4.641021740270215,-4.189317325415119,-2.849838583616817
gaffoda01,Daniel Gafford,train,-4.270637,-4.2550266282859885,-3.967323010318381,-2.1733666594119683
gaffoda01,Daniel Gafford,train,-2.222738,-4.004187007145948,-2.976465255494397,-2.2227379999999997
gaffoda01,Daniel Gafford,test,-2.239071,-2.9367668809883622,-2.1710411395521656,-1.6093750970674296
gallida01,Danilo Gallinari,train,-1.833437,-3.5564573643075845,-2.3204190721015854,-1.8017477529125683
gallida01,Danilo Gallinari,train,-1.523983,-3.110221427028737,-1.7181180159730942,-1.4606649914004186
gallida01,Danilo Gallinari,train,-1.673834,-3.1543642486739953,-1.7715638307267056,-1.5032546561868998
gallida01,Danilo Gallinari,val,-2.924383,-3.3124603407084465,-2.6015948345416233,-2.045489335962454
gallola01,Langston Galloway,train,-4.864681,-4.582261235587148,-3.1262621251342093,-2.339087904690858
gallola01,Langston Galloway,train,-2.877108,-4.222990561290247,-3.1074358697017006,-2.409995745597471
garlada01,Darius Garland,val,-1.237877,-3.6250504384315807,-1.3866665476560551,-1.246193928858975
garneke01,Kevin Garnett,train,-2.138282,-3.697882639248255,-3.1077841084727647,-2.271390453148492
garzalu01,Luka Garza,train,-4.503053,-4.531573700777884,-4.447885314462587,-2.5194803979541516
garzalu01,Luka Garza,test,-4.132684,-4.365122721038338,-4.147995247650096,-2.762377945075344
garzalu01,Luka Garza,test,-4.074161,-4.314158690600076,-4.057711080887279,-2.7765038269537263
gasolma01,Marc Gasol,train,-1.128777,-2.1423775083063035,-1.0885705554517722,-0.8782470082154745
gasolma01,Marc Gasol,train,-3.725648,-3.4081318524107918,-2.791024146691817,-2.0873146243809195
gasolpa01,Pau Gasol,train,-2.138192,-3.1665909100400453,-1.9562258161516017,-1.5638246993038794
gasolpa01,Pau Gasol,train,-1.781645,-2.8624115989733236,-1.94550349887519,-1.5946021951147156
gasolpa01,Pau Gasol,train,-1.806941,-2.4946585199789184,-2.0262965474756234,-1.479418489373828
gayru01,Rudy Gay,train,-1.658228,-3.2368875438476614,-1.4651258605875768,-1.3746058646635344
gayru01,Rudy Gay,train,-2.444297,-3.514430048746546,-2.3503679838056986,-1.8088765747947357
gayru01,Rudy Gay,train,-1.920043,-3.544532870401783,-2.4401331115797853,-2.047100950833702
gayru01,Rudy Gay,train,-2.494866,-3.5674049397318592,-2.6699009975897026,-2.1817022181254333
geeal01,Alonzo Gee,train,-3.948391,-4.211149177948052,-3.645372249722927,-2.5708785731334443
georgpa01,Paul George,train,-1.2365,-2.899985151012811,-1.0683065712210231,-1.0416712652258702
georgpa01,Paul George,train,-1.090731,-2.3793866949541282,-1.2183952465273236,-0.9998651606295548
georgpa01,Paul George,train,-0.937999,-2.402941427102683,-1.271982549839803,-0.9006227012441692
georgpa01,Paul George,test,-0.977525,-2.9728315337934106,-1.4206982010456581,-1.372375216339057
gibsota01,Taj Gibson,train,-1.957001,-3.3518654798141228,-2.5650877850869866,-2.042552125235797
gibsota01,Taj Gibson,train,-2.390046,-3.15161640916231,-2.551585547928856,-1.9926369911158086
gibsota01,Taj Gibson,train,-3.1028,-3.468620471438987,-3.0329002637031963,-2.285257221200197
giddejo01,Josh Giddey,test,-1.822269,-3.2290693928492433,-2.0008536644580017,-1.5263960313143192
gilgesh01,Shai Gilgeous-Alexander,train,-1.237873,-3.2816071458609257,-1.4228777489969917,-1.049373500179802
gilgesh01,Shai Gilgeous-Alexander,test,-0.918198,-1.2781391966461357,-0.35681069321297,-0.162589377491122
gillan01,Anthony Gill,train,-4.51031,-4.632964968565219,-4.510309999999999,-2.5194803979541516
gillan01,Anthony Gill,val,-4.167778,-4.435535262388797,-3.924478755914212,-2.7398218698101644
gillan01,Anthony Gill,test,-4.07454,-4.304573183626994,-3.8562020517088067,-2.7135367807051867
gilleco01,Collin Gillespie,test,-2.651549,-3.6860464375022954,-2.3018492520529046,-1.8596397654370835
ginobma01,Manu Ginóbili,train,-3.192443,-3.3524538831043857,-2.730923086985073,-2.0245282958626767
goberru01,Rudy Gobert,train,-1.35738,-3.167294258093073,-1.8354512556006446,-1.517261248712021
goberru01,Rudy Gobert,train,-1.008616,-1.8329041389896212,-0.7844385398766378,-0.6628101872241408
goberru01,Rudy Gobert,test,-1.443833,-2.0280831946115834,-1.2212121634739086,-1.1039903882171216
goodwar01,Archie Goodwin,train,-4.529926,-4.505925262466602,-3.443943261599405,-2.571147345651986
goodwar01,Archie Goodwin,train,-4.788431,-4.517022924596775,-3.889803459021471,-2.6362550222833674
goodwjo01,Jordan Goodwin,test,-3.290629,-3.913146464121609,-2.881864914983047,-2.2215868783733628
gordoaa01,Aaron Gordon,train,-2.738069,-4.523525062748821,-4.427476527286963,-2.5194803979541516
gordoaa01,Aaron Gordon,train,-1.627955,-3.387086384393041,-1.936109661410624,-1.570987255512561
gordoaa01,Aaron Gordon,train,-1.74249,-3.3858403055647157,-1.9892535082345906,-1.599518928624861
gordoaa01,Aaron Gordon,test,-1.49922,-2.8302932175703637,-1.7018216583344314,-1.4972617349332047
gordoer01,Eric Gordon,train,-1.960817,-3.6308246908253294,-2.183926853619458,-1.719334433710146
gordoer01,Eric Gordon,train,-1.75347,-3.254046480632482,-1.5894157692478639,-1.4986044350825072
gordoer01,Eric Gordon,val,-3.726491,-3.8237081347946065,-2.6167621693709546,-2.2424055083257692
gordoer01,Eric Gordon,test,-3.72648,-3.6890129740130186,-2.6463416867717178,-2.243268507758579
gortama01,Marcin Gortat,train,-1.659259,-2.6904978117395175,-1.4595380869861407,-1.301342340376453
grahade01,Devonte' Graham,train,-4.318657,-4.377516758211453,-4.253137329156676,-2.3464235286830597
grahade01,Devonte' Graham,train,-2.251973,-3.7313649283691483,-2.0827845685758595,-1.6732385348683474
grahatr01,Treveon Graham,train,-4.166263,-4.389080680650831,-3.6374062977684147,-2.6849829403249146
grantje01,Jerami Grant,train,-4.249526,-4.38929547752416,-4.227264885134972,-2.3464235286830597
grantje01,Jerami Grant,train,-2.426463,-3.5545501390852037,-2.7206906539528983,-2.100469428624498
grantje01,Jerami Grant,train,-1.696899,-3.131976757999701,-2.0610424780509824,-1.6707577660025663
grantje01,Jerami Grant,val,-1.447073,-3.2274614462323683,-1.4628943462118684,-1.4032609011466801
grantje02,Jerian Grant,train,-3.772261,-4.542196797766978,-4.45587065908378,-2.5194803979541516
grantje02,Jerian Grant,train,-3.999484,-4.233104815058651,-3.950661146887053,-2.575192449547486
greenaj01,A.J. Green,val,-4.167702,-4.382961107476767,-3.801388679337372,-2.604880867007681
greenaj01,A.J. Green,test,-2.716087,-3.881545430597543,-2.4720356910089096,-2.049093242975335
greenda02,Danny Green,train,-2.24223,-2.956183087139441,-1.7113251295487852,-1.4631222285758623
greenda02,Danny Green,train,-2.419603,-3.2790374908553206,-2.5850197633748846,-2.0907113307000396
greendr01,Draymond Green,train,-1.477061,-2.81658363739124,-1.729616018629484,-1.4338630847065885
greendr01,Draymond Green,val,-1.693933,-3.04983803975213,-1.9635090247980047,-1.6809782462847842
greenja01,JaMychal Green,train,-4.537209,-4.577490883014508,-4.466760597225711,-2.5194803979541516
greenja01,JaMychal Green,train,-2.504195,-3.9157130044194974,-2.84698463121753,-2.2733788815482225
greenja01,JaMychal Green,train,-3.106462,-3.735224046925592,-2.9599960053000136,-2.190877225868092
greenja01,JaMychal Green,train,-2.693858,-3.9144105075286,-3.124526345457948,-2.3477294143358844
greenja01,JaMychal Green,train,-2.618054,-3.8455960016690005,-3.1410018213271647,-2.327184354035289
greenja02,Javonte Green,train,-4.51031,-4.5617862470915025,-4.515563516198153,-2.5194803979541516
greenja02,Javonte Green,train,-4.168303,-4.4194477954136175,-3.9370778794302996,-2.734941634960798
greenje02,Jeff Green,train,-3.218111,-3.4436611423714845,-2.5091965381791193,-2.163664653992532
greenje02,Jeff Green,val,-2.833368,-3.414919517626796,-2.8603770570827836,-2.259255790916831
greenjo02,Josh Green,val,-2.330874,-3.9361488655206127,-2.640067183612719,-2.1115082793544326
griffbl01,Blake Griffin,train,-1.062664,-2.6070608759026737,-1.2639074449067063,-0.9766836440377809
grimequ01,Quentin Grimes,test,-2.428405,-3.5249980517462793,-2.184689117722111,-1.7926564932955589
gueyemo02,Mouhamed Gueye,val,-4.265706,-4.227872412126505,-3.9788807459543185,-2.1733666594119683
hachiru01,Rui Hachimura,val,-2.079596,-3.927527037433735,-2.814966711298876,-2.142539953257426
hachiru01,Rui Hachimura,test,-2.497398,-3.553094610693055,-2.717257229650992,-2.1176176169600383
hairspj02,P.J. Hairston,train,-3.982898,-4.523525062748821,-4.47270705524466,-2.5194803979541516
halibty01,Tyrese Haliburton,val,-1.055566,-2.889244550952892,-1.2963388262322637,-0.9668643234073775
hamilju01,Justin Hamilton,train,-4.926671,-4.659411232978633,-4.293456358716802,-2.82147280647637
hamilju01,Justin Hamilton,train,-3.446203,-4.415814319033207,-3.4462030000000006,-2.52479094425837
hardati02,Tim Hardaway Jr.,train,-1.720378,-3.635344397830913,-1.9248800275257603,-1.720378
hardati02,Tim Hardaway Jr.,train,-1.790995,-3.33005589462787,-2.0062521676671126,-1.692299360343598
hardeja01,James Harden,train,-1.211669,-1.2964713882708985,-0.22929087068462062,-0.1441716375378821
hardeja01,James Harden,train,-0.868318,-1.1175588161656855,-0.17212210642787484,-0.025266765035417915
hardeja01,James Harden,val,-1.281767,-2.329998395178965,-1.5024390607215217,-1.1847121179268445
hardeja01,James Harden,test,-1.390486,-2.4481365005235785,-1.7682135128077574,-1.4825325507829388
hardeja01,James Harden,test,-1.333689,-2.374203307073718,-1.455171205140425,-1.2546222478661613
hardyja02,Jaden Hardy,val,-4.35586,-4.377472646788865,-4.252506907212897,-2.3464235286830597
hardyja02,Jaden Hardy,test,-3.249386,-4.228112324872332,-3.0192076845491416,-2.3590450309563193
harklma01,Maurice Harkless,train,-2.19344,-3.7552057044059826,-2.710948051718045,-2.1016790531163254
harklma01,Maurice Harkless,train,-3.218111,-3.894159489445564,-3.353101716370139,-2.4474502200108272
harremo01,Montrezl Harrell,train,-4.202885,-4.399922937181422,-4.199501175281934,-2.3464235286830597
harremo01,Montrezl Harrell,train,-2.831928,-3.7496479052149057,-3.006481788815828,-2.2593577093177557
harremo01,Montrezl Harrell,train,-2.442393,-3.07158458082563,-2.263498566634285,-1.6804373192932722
harremo01,Montrezl Harrell,val,-3.858145,-2.930035745918205,-2.4820955265908364,-1.8223159742618091
harrian01,Andrew Harrison,train,-4.544815,-4.397493415752751,-4.249354797494005,-2.3464235286830597
harride01,Devin Harris,train,-2.72347,-3.467785654608239,-2.7234700000000003,-1.8984687255781028
harriga01,Gary Harris,train,-3.70269,-4.523525062748821,-4.410640131126083,-2.5194803979541516
harriga01,Gary Harris,train,-1.579165,-3.690432461444153,-1.9681328936709215,-1.6685284024401998
harriga01,Gary Harris,val,-2.34786,-4.01217914901102,-2.5913732242504626,-2.190321771679444
harriga01,Gary Harris,test,-2.930931,-3.8149778575390325,-3.067664664616543,-2.3574808625332437
harriga01,Gary Harris,test,-3.726078,-3.8690868356687567,-3.4809467653098025,-2.51260589227537
harrijo01,Joe Harris,train,-4.249526,-4.38929547752416,-4.247883812958523,-2.3464235286830597
harrijo01,Joe Harris,train,-4.529926,-4.595712447610574,-4.529926000000001,-2.900525037926078
harrijo01,Joe Harris,train,-2.544246,-4.115565643576755,-2.9798046345939984,-2.3762904293085962
harrijo01,Joe Harris,train,-1.761438,-3.2744295775201633,-2.0385200624110897,-1.6249544478508247
harrish01,Shaquille Harrison,train,-4.898125,-4.648202325537106,-3.871288093969769,-2.633209477920085
harrish01,Shaquille Harrison,train,-4.252124,-4.595715698199664,-3.871288093969769,-2.633209477920085
harrito02,Tobias Harris,train,-1.475907,-3.4552339203947726,-1.91930865826579,-1.6048965156145902
harrito02,Tobias Harris,train,-1.109113,-2.541877252176422,-1.1388152722329652,-1.0591817128654215
harrito02,Tobias Harris,test,-1.687737,-2.9926059337619226,-2.015499728622341,-1.7486691865462825
harrito02,Tobias Harris,test,-2.40079,-3.002582026462128,-2.322340947781841,-1.8936254630346938
harteis01,Isaiah Hartenstein,train,-4.167903,-4.501285692888361,-3.9454865887885218,-2.721868253074276
harteis01,Isaiah Hartenstein,val,-2.738054,-3.8855121317024284,-3.1850034624995636,-2.37983372938704
harteis01,Isaiah Hartenstein,test,-1.578538,-3.036947715525315,-2.4256298198005424,-1.8665478757663347
harteis01,Isaiah Hartenstein,test,-1.917579,-2.8965140002272376,-2.523392661354551,-1.7433165869033327
hartjo01,Josh Hart,train,-2.185322,-3.7911157534664928,-2.7456393309129834,-2.0859255246603507
hartjo01,Josh Hart,val,-1.938667,-3.213352035921485,-1.7911253865430612,-1.586599111272108
hasleud01,Udonis Haslem,train,-3.116334,-3.8620690771977233,-3.4697420354510715,-2.427753650306724
hausesa01,Sam Hauser,val,-4.184452,-4.436324029722513,-3.9987090890942083,-2.694304076709064
hausesa01,Sam Hauser,test,-2.620777,-3.5948172780170227,-2.2735006889553278,-1.8870318690173495
hawessp01,Spencer Hawes,train,-2.408095,-3.259756112255692,-1.8757516395652254,-1.6652952671860475
hayesja02,Jaxson Hayes,val,-4.0734,-3.7774512020942788,-3.527018212969151,-2.412618171143181
hayesja02,Jaxson Hayes,test,-3.344696,-3.5713515976804606,-3.0871269779958928,-2.318920379474181
haywago01,Gordon Hayward,train,-1.387802,-3.227211953606265,-1.4518579720770353,-1.3728662686376338
haywago01,Gordon Hayward,train,-1.131887,-2.2420166812256355,-1.2448932625898173,-0.9705234611131432
haywago01,Gordon Hayward,train,-1.291434,-3.3647082557700636,-1.6096228909393746,-1.4676535733415956
hendege02,Gerald Henderson,train,-2.34759,-3.7491163181423173,-3.0125659384861327,-2.2651200769404665
hensojo01,John Henson,train,-2.059908,-3.6288135169975053,-2.4294809377549296,-1.8786159147365975
hernaju01,Juancho Hernangómez,train,-2.746721,-4.094596972390312,-3.2801932073249067,-2.381372183075421
hernawi01,Willy Hernangómez,train,-4.173251,-4.271375484875136,-3.970475120037273,-2.1733666594119683
hernawi01,Willy Hernangómez,train,-3.828825,-3.8846172257965423,-3.0791649282934777,-2.282494460331861
herroty01,Tyler Herro,val,-1.511612,-3.7070039932452303,-1.719899738099931,-1.4814609285689722
hezonma01,Mario Hezonja,train,-2.906937,-4.548545934174149,-4.430628637005855,-2.5194803979541516
hieldbu01,Buddy Hield,train,-3.165419,-4.265339975835154,-3.954689427116024,-2.1733666594119683
hieldbu01,Buddy Hield,train,-1.535631,-3.4884789536422693,-1.535631,-1.4585654242848438
hieldbu01,Buddy Hield,test,-2.700878,-3.3010568576355137,-2.090493731108716,-1.7844719819389394
highsha01,Haywood Highsmith,test,-3.257585,-4.205041713147897,-3.372952679507401,-2.5464369281859964
hilarne01,Nenê,train,-3.305908,-3.463841770127543,-2.7043583960426343,-2.054948808614765
hilarne01,Nenê,train,-2.390046,-3.688233426047774,-3.43978122322676,-2.4541992121736658
hillge01,George Hill,train,-1.65162,-3.0476085253371084,-2.151238489350045,-1.5941837787687763
hillge01,George Hill,train,-2.431911,-3.3164195539326595,-2.6893296417218915,-2.0211993442048963
hillge01,George Hill,train,-3.335894,-3.5846077223161705,-3.10304439110372,-2.233564175633827
hillida01,Darrun Hilliard,train,-4.430817,-4.410318690684873,-4.247883812958523,-2.3464235286830597
hilljo01,Jordan Hill,train,-3.158521,-3.678376048156086,-2.940566941825508,-2.2533254720720377
hillso01,Solomon Hill,train,-2.059908,-3.8214643136501256,-3.0671203179979383,-2.1778932138849063
hinriki01,Kirk Hinrich,train,-3.114547,-3.6871090934841995,-2.7094550285278176,-2.183257423074854
holidaa01,Aaron Holiday,test,-3.380348,-4.000685451163118,-3.2608419542701412,-2.525627435289004
holidjr01,Jrue Holiday,train,-1.369215,-3.2237290673961034,-1.7053691727492934,-1.4068499036214865
holidjr01,Jrue Holiday,train,-1.298515,-2.954269404487264,-1.4399391957119576,-1.2827011800010606
holidjr01,Jrue Holiday,test,-1.522165,-2.567529073474012,-1.3639712649318394,-1.2863554361000373
holidju01,Justin Holiday,train,-4.268698,-4.491956734635689,-3.8354230943468592,-2.741032461474053
holidju01,Justin Holiday,train,-3.091981,-4.186859625824724,-3.2164203520543015,-2.509263258571266
holidju01,Justin Holiday,train,-2.899761,-3.77778371764187,-2.7070060639660367,-2.16011007671319
holliro01,Rondae Hollis-Jefferson,train,-3.937341,-4.525902232159476,-4.4533489713086665,-2.5194803979541516
holmeri01,Richaun Holmes,train,-4.212485,-4.417673179734315,-4.200551878521564,-2.3464235286830597
holmeri01,Richaun Holmes,train,-3.106462,-3.7331943349961194,-3.1185282625515645,-2.3023228922736054
holmeri01,Richaun Holmes,train,-2.268601,-3.1393560513132455,-2.0058296133864473,-1.614307283925102
holmeri01,Richaun Holmes,test,-2.478892,-4.003690402573582,-3.2794560620620805,-2.4173959964898306
holmgch01,Chet Holmgren,test,-1.065072,-3.318414432425509,-1.8526337919195148,-1.3271212479837904
hoodro01,Rodney Hood,train,-3.866534,-4.523525062748821,-4.433150324780969,-2.5194803979541516
hoodro01,Rodney Hood,train,-2.92619,-3.854279861427549,-2.855736121853341,-2.238962838846762
hoodro01,Rodney Hood,train,-2.346029,-4.070852236749339,-3.1648492662213243,-2.270980337245362
horfoal01,Al Horford,train,-1.203721,-2.6554504620656427,-1.5242932673552692,-1.3283233593933281
horfoal01,Al Horford,train,-1.387578,-2.5183160711212453,-1.6799668533479077,-1.3470760671781208
horfoal01,Al Horford,val,-2.635542,-3.2093881419398818,-2.074462633490506,-1.8817678703816245
horfoal01,Al Horford,test,-3.278986,-2.9139312298245432,-2.389681720609256,-1.97410940476263
horfoal01,Al Horford,test,-3.19126,-3.1802864241064075,-2.7511838798626806,-2.124806120345464
hortota01,Talen Horton-Tucker,train,-4.51031,-4.524543988136504,-4.471866492652955,-2.5194803979541516
hortota01,Talen Horton-Tucker,train,-2.391016,-4.198953562287047,-3.08217523435629,-2.3131543797385956
houseda01,Danuel House Jr.,train,-4.873319,-4.58553758207994,-4.490321494120227,-2.5194803979541516
houseda01,Danuel House Jr.,train,-3.379804,-4.253338517462439,-3.124200220430299,-2.2831031057605427
houseda01,Danuel House Jr.,val,-3.380033,-4.1847402571945596,-3.5516062933844856,-2.4713379186891062
houstca01,Caleb Houstan,val,-4.098437,-4.246310017286313,-3.9799314491939493,-2.1733666594119683
howardw01,Dwight Howard,train,-1.387814,-2.8848614784483058,-1.8166858999833964,-1.543522204608517
howardw01,Dwight Howard,train,-2.928072,-2.693797233278806,-1.796820620317364,-1.552393679012498
huertke01,Kevin Huerter,test,-2.939231,-3.6424216350910705,-2.6708461273971094,-2.0995146419904045
huertma01,Marcelo Huertas,train,-4.116285,-4.591530215818991,-3.7680983939262775,-2.686522767945615
huestjo01,Josh Huestis,train,-4.095774,-4.530821867630264,-4.450617142885627,-2.5194803979541516
humphkr01,Kris Humphries,train,-2.653512,-3.365738631240461,-2.3769742177311826,-1.943999302306428
huntede01,De'Andre Hunter,val,-1.799294,-4.008469853475553,-2.2285965153528116,-1.8200411230944766
ibakase01,Serge Ibaka,train,-1.520284,-3.0709190890642772,-1.9558486508709314,-1.6831107933399339
ibakase01,Serge Ibaka,train,-2.442393,-3.2714533367696856,-2.371337431134833,-1.8618364529037512
ighodos01,Oso Ighodaro,test,-4.265265,-4.2088405146140335,-3.9957171421151987,-2.1733666594119683
iguodan01,Andre Iguodala,train,-1.82347,-2.9415499678805657,-2.2554860725774617,-1.830370800176159
iguodan01,Andre Iguodala,train,-1.984581,-3.670319014127233,-2.9505073383018865,-2.204310692213127
ilyaser01,Ersan İlyasova,train,-2.677778,-3.2904456767133174,-2.3974045211124624,-1.939276047662003
inglejo01,Joe Ingles,train,-3.483027,-4.404711393882585,-3.368614245977324,-2.5716161385591914
inglejo01,Joe Ingles,train,-2.031109,-3.5809848680236698,-2.4927623324266226,-1.9624253603345299
inglejo01,Joe Ingles,val,-2.514914,-3.561957521871686,-3.0678431588151693,-2.2237760569055096
ingrabr01,Brandon Ingram,train,-1.237893,-3.4263088182400683,-1.5199070052047976,-1.2378930000000004
ingrabr01,Brandon Ingram,test,-1.447576,-3.7216977998080925,-2.0507341110029995,-1.5051737409923942
irvinky01,Kyrie Irving,train,-1.311452,-3.0052629722243127,-1.134005745958737,-1.0096351933784677
irvinky01,Kyrie Irving,train,-1.162601,-2.2995525484834056,-1.280762400302841,-0.9220565057356114
irvinky01,Kyrie Irving,val,-1.17514,-2.909591000306989,-1.49352884639996,-1.291151860018022
irvinky01,Kyrie Irving,test,-1.365098,-2.826863254269668,-1.6426771100574005,-1.3164976174325047
isaacjo01,Jonathan Isaac,train,-1.861417,-3.853180429384705,-2.273375507787115,-1.757963379464436
iwundwe01,Wes Iwundu,train,-4.295954,-4.384609971911722,-4.231047416797643,-2.3464235286830597
iwundwe01,Wes Iwundu,train,-4.133016,-4.228979406026993,-3.517380279419422,-2.5563798291038435
jacksan01,Andre Jackson Jr.,val,-4.265706,-4.212954995437371,-3.9790908866022447,-2.1733666594119683
jacksfr01,Frank Jackson,train,-4.35967,-4.3886197486990275,-4.251035922677414,-2.3464235286830597
jacksfr01,Frank Jackson,train,-4.133016,-4.4848171235582495,-3.678149276991676,-2.664205285012155
jacksfr01,Frank Jackson,train,-3.598884,-4.387518306895909,-3.528165949440514,-2.5390107450688126
jacksgg01,GG Jackson II,val,-4.157725,-4.240481007872949,-3.9788807459543185,-2.1733666594119683
jacksis01,Isaiah Jackson,test,-3.095235,-3.973135115000362,-3.480282142038697,-2.2900383044040318
jacksjo02,Josh Jackson,train,-3.106462,-4.6884138938423385,-3.736690399561934,-2.592385496484413
jacksre01,Reggie Jackson,train,-1.475907,-3.221906120324659,-1.804943337407888,-1.4759070000000003
jacksre01,Reggie Jackson,train,-2.342642,-3.603287746598142,-2.8131744514377086,-2.202032293183434
jacksre01,Reggie Jackson,val,-3.278679,-3.855491823719228,-2.8448705756672124,-2.332544186007324
jackstr02,Trayce Jackson-Davis,val,-4.265706,-4.2087658645142705,-3.971525823276904,-2.1733666594119683
jamesbr02,Bronny James,test,-4.265265,-4.218648762137526,-4.000970658313352,-2.1733666594119683
jamesle01,LeBron James,train,-1.094893,-1.0341400521438535,-0.8834102222705953,-0.4327343402262689
jamesle01,LeBron James,train,-1.038257,-1.4596391563634303,-0.8964710902626365,-0.6048399332502452
jamesle01,LeBron James,train,-0.976281,-1.1979242846173106,-0.43028113045007244,-0.32377271071399116
jamesle01,LeBron James,train,-0.96495,-2.110833286583719,-1.039492947317334,-0.9041053436530018
jamesle01,LeBron James,val,-1.010635,-2.529505771392757,-0.9906149734742908,-1.0504464040903871
jamesle01,LeBron James,test,-1.020302,-2.5243160171237826,-1.3827418768571273,-1.312040121290862
jamesle01,LeBron James,test,-3.757689,-2.473352254222198,-1.6499929596515768,-1.439720872894637
jamessi01,Sion James,test,-4.127859,-4.226219930372646,-3.9988692518340905,-2.1733666594119683
jeffeal01,Al Jefferson,train,-2.24223,-3.1281240349522212,-2.4260620308634007,-1.7934860545433369
jefferi01,Richard Jefferson,train,-3.615279,-3.521503523864791,-2.7988289502707575,-2.2064598307138845
jeffrda01,DaQuan Jeffries,test,-3.934233,-4.45377961670731,-3.9430993630043343,-2.606017236133585
jerebjo01,Jonas Jerebko,train,-2.639057,-3.9417851508915,-3.2587044933865252,-2.4581316407463456
jerebjo01,Jonas Jerebko,train,-3.185072,-3.782389249400267,-3.2452594114726705,-2.4859615634825403
jeromty01,Ty Jerome,val,-4.0734,-4.256448703476824,-3.5634482374889287,-2.5423371145765588
jeromty01,Ty Jerome,test,-2.81977,-3.7274515811697224,-2.7917332610388965,-2.0924324471748363
joeis01,Isaiah Joe,train,-4.356159,-4.425371201436288,-4.237351636235426,-2.3464235286830597
joeis01,Isaiah Joe,val,-4.126016,-4.274607613986634,-3.60541130263585,-2.6060553856558726
joeis01,Isaiah Joe,test,-2.460927,-3.620094817034117,-2.674236150076154,-2.0709278581475057
johnsal02,Alize Johnson,train,-4.505905,-4.524905604853541,-4.498579499266364,-2.5194803979541516
johnsal02,Alize Johnson,train,-4.131628,-4.459971436188732,-4.040191570996493,-2.7453827831948554
johnsam01,Amir Johnson,train,-1.763589,-3.0816600724253242,-2.534457459559835,-1.954096440793493
johnsca02,Cameron Johnson,val,-1.750504,-3.4170022004394487,-2.320717350680249,-1.6919247502186248
johnsja01,James Johnson,train,-3.227875,-4.100646270052593,-3.34810529146401,-2.457459705297328
johnsja01,James Johnson,train,-1.926518,-3.4943751311376285,-2.3306973770712625,-1.9351561542449085
johnske07,Keon Johnson,test,-4.132684,-4.591100285220569,-4.105077654933336,-2.720879221723104
johnsst04,Stanley Johnson,train,-3.183785,-4.544548275909533,-4.403915630392447,-2.5194803979541516
johnsst04,Stanley Johnson,train,-3.380253,-4.227062037769626,-3.306038945367191,-2.5197760382906202
johnsty01,Tyler Johnson,train,-4.537209,-4.577490883014508,-4.497466276149716,-2.5194803979541516
johnsty01,Tyler Johnson,train,-4.892852,-4.6298771248137225,-3.7593269564639353,-2.627748335699233
johnsty01,Tyler Johnson,train,-2.019086,-4.1540542980363675,-2.682910081921273,-2.0004746902510497
johnswe01,Wesley Johnson,train,-4.095774,-4.136300389619025,-2.83807609558307,-2.374246032907041
johnswe01,Wesley Johnson,train,-2.775528,-3.7876994508523483,-2.7908464753352855,-2.236603375464984
jokicni01,Nikola Jokić,train,-3.941011,-4.408476675236159,-4.23443481149125,-2.3464235286830597
jokicni01,Nikola Jokić,train,-1.237942,-2.2738247629551838,-1.2379420000000012,-0.8806888385387328
jokicni01,Nikola Jokić,val,-0.901412,-1.2699187826845253,-0.22342461917510104,-0.11380978839482347
jonesco02,Colby Jones,val,-4.127767,-4.235006828803917,-4.00160108025713,-2.1733666594119683
jonesda03,Damian Jones,train,-4.077446,-4.264294775661924,-3.529999207950889,-2.5837225297163338
jonesda03,Damian Jones,val,-3.92345,-3.9353550188789947,-3.273689162795777,-2.395876724776032
jonesde02,Derrick Jones Jr.,train,-4.419652,-4.4575805441990575,-4.221318427116023,-2.3464235286830597
jonesde02,Derrick Jones Jr.,train,-4.166263,-4.523415524992823,-4.043947743261558,-2.734032205977998
jonesde02,Derrick Jones Jr.,train,-2.442393,-4.05364757690138,-3.140351460797707,-2.3704481943469657
jonesde02,Derrick Jones Jr.,val,-3.629652,-3.8806935647587713,-3.379690019210093,-2.400421382933741
jonesde02,Derrick Jones Jr.,test,-2.643249,-3.715707295958757,-2.7164325495144546,-2.1791155866251217
joneshe01,Herbert Jones,train,-4.149327,-4.370568482042542,-4.228735869670455,-2.3464235286830597
joneshe01,Herbert Jones,val,-2.313273,-3.605125768423531,-2.4084541555502934,-1.8389874751432804
joneshe01,Herbert Jones,test,-2.021755,-3.625676604370882,-2.543067581425922,-1.7991321187055886
joneska03,Kam Jones,test,-4.265267,-4.219238207081114,-4.0030720647926135,-2.1733666594119683
jonessp01,Spencer Jones,test,-3.365749,-4.336632285493725,-3.1556953208472422,-2.483832587638018
jonestr01,Tre Jones,val,-2.661517,-4.026904344880493,-2.865425953976288,-2.2492520558904827
jonestr01,Tre Jones,test,-2.961704,-3.5452070186215052,-3.0429512077078558,-2.1066147248647225
jonesty01,Tyus Jones,train,-3.978468,-4.537459424877431,-4.457761924915116,-2.5194803979541516
jonesty01,Tyus Jones,train,-2.51788,-3.749731309401195,-2.6527129597941803,-2.1144487324405348
jonesty01,Tyus Jones,val,-2.143347,-3.61761219301377,-2.9730840227362765,-2.2840758168090636
jordade01,DeAndre Jordan,train,-1.162009,-2.095056825032434,-1.3550113228550174,-1.1620090000000067
jordade01,DeAndre Jordan,train,-2.390046,-2.109908228784256,-1.5501399718224151,-1.1929545952593306
jordade01,DeAndre Jordan,test,-3.756431,-3.851731143628195,-3.4169745188246177,-2.535945937778662
josepco01,Cory Joseph,train,-2.237266,-3.6215976811315524,-2.675184798231844,-2.0768759321020935
josepco01,Cory Joseph,train,-2.174935,-3.494982848986219,-2.5881182610569273,-2.132536142273684
josepco01,Cory Joseph,train,-3.105775,-3.7474120797592074,-2.956211826544369,-2.3251775944220445
josepco01,Cory Joseph,test,-3.72648,-3.931359158511548,-3.692756096603642,-2.6120658473558946
juzanjo01,Johnny Juzang,test,-3.895887,-4.337224313051077,-3.346328307079686,-2.309123604556336
kalkbry01,Ryan Kalkbrenner,test,-4.127859,-4.226219930372646,-3.9913041885087495,-2.1733666594119683
kaminfr01,Frank Kaminsky,train,-3.266417,-4.537203481678242,-4.426425824047333,-2.5194803979541516
kanteen01,Enes Freedom,train,-1.386294,-3.4279633577663344,-1.7083610521467072,-1.571963856979485
kellyry01,Ryan Kelly,train,-3.584507,-4.055844027617413,-3.2951193377124026,-2.2706311718717354
kellyry01,Ryan Kelly,train,-2.19646,-4.15987447273299,-2.6619342826540926,-2.0875229633740107
kellyry01,Ryan Kelly,test,-2.843921,-4.421322813980192,-3.4329886776481455,-2.5491393871099466
kennalu01,Luke Kennard,train,-2.102363,-3.977546184950243,-2.3959872406560185,-1.8583879609942278
kennalu01,Luke Kennard,test,-3.30949,-3.550455434494875,-2.905802338006801,-2.2613676041551787
kesslwa01,Walker Kessler,test,-1.6593,-3.597687158519803,-2.2066304792508884,-1.5264461662903732
kiddgmi01,Michael Kidd-Gilchrist,train,-1.979866,-3.6273374294741716,-2.099328671680161,-1.7236725656085587
kilpase01,Sean Kilpatrick,train,-4.342806,-4.6879727096179185,-4.046529922806297,-2.686966275497385
kilpase01,Sean Kilpatrick,train,-4.832497,-4.480654003220294,-3.3397979457122284,-2.3288875007332956
kilpase01,Sean Kilpatrick,train,-3.897751,-4.277624382573732,-3.4544147365175797,-2.4166822017627014
klebima01,Maxi Kleber,train,-4.505304,-4.57787916048146,-4.508208593520738,-2.5194803979541516
klebima01,Maxi Kleber,train,-2.50658,-3.84697325653488,-2.72428064232122,-2.0949542583497363
klebima01,Maxi Kleber,val,-2.514914,-3.618770046882831,-2.518132366039274,-1.980793072967174
knighbr03,Brandon Knight,train,-1.905758,-3.489224039566696,-1.5700615481154374,-1.3200324899457154
knighna01,Nathan Knight,val,-4.167778,-4.4801458415953785,-4.043329696351737,-2.7829657700532766
knoxke01,Kevin Knox,val,-3.718883,-4.404257141233421,-4.047459359096055,-2.7398728018351712
kolekty01,Tyler Kolek,test,-4.128259,-4.222387568757507,-4.004122768032244,-2.1733666594119683
kolokch01,Christian Koloko,val,-4.259786,-4.370883563632454,-4.246833109718892,-2.3464235286830597
konchjo01,John Konchar,train,-3.881701,-4.379241849625854,-3.7078851455054362,-2.4628259327960706
konchjo01,John Konchar,val,-3.066983,-3.9483458132736167,-2.8624352643283193,-2.23658170496085
korkmfu01,Furkan Korkmaz,train,-4.167903,-4.444623739983057,-3.7656199233806915,-2.6991806349907392
korkmfu01,Furkan Korkmaz,train,-3.112751,-3.919872979707043,-3.0832523443799364,-2.2493937683586713
kornelu01,Luke Kornet,train,-3.881701,-4.474372476535904,-3.6250979230301987,-2.6058093363044175
kornelu01,Luke Kornet,val,-3.995515,-4.420089171696678,-4.229390462862606,-2.7702001024429435
kornelu01,Luke Kornet,test,-2.721211,-3.1078287809954297,-2.5257511742312824,-1.8905916992162815
korveky01,Kyle Korver,train,-2.603629,-3.016493686501082,-2.3160693120448435,-1.8571997492935417
koufoko01,Kosta Koufos,train,-2.141317,-3.206828313229032,-2.5272343729265967,-1.9556461876120643
krejcvi01,Vít Krejčí,train,-4.266347,-4.271525754556478,-4.004122768032244,-2.1733666594119683
krejcvi01,Vít Krejčí,test,-4.029543,-4.174078983720449,-3.1718434638824493,-2.2623947534831372
kuminjo01,Jonathan Kuminga,test,-1.888409,-3.8336500012471806,-2.9024217922136626,-2.128918782233835
kurucro01,Rodions Kurucs,train,-4.093059,-4.3912169904817135,-4.246202687775114,-2.3464235286830597
kuzmaky01,Kyle Kuzma,train,-2.157239,-3.7850759141894215,-2.3656943087637368,-1.8335143615511427
kuzmaky01,Kyle Kuzma,val,-1.799294,-3.6686824956699122,-1.816659623568785,-1.5817232881898273
kuzmimi01,Mindaugas Kuzminskas,train,-3.46301,-4.593800475590143,-4.513462109718891,-2.5194803979541516
lambje01,Jeremy Lamb,train,-2.598905,-4.093778338311873,-3.1318731865274496,-2.257014338962336
lambje01,Jeremy Lamb,train,-2.341256,-3.342066002110094,-2.2145474742170537,-1.8581675097806833
landajo01,Jock Landale,train,-4.503053,-4.572152431399592,-4.505056483801846,-2.5194803979541516
landajo01,Jock Landale,val,-2.833368,-3.9441880492837473,-2.981917081546615,-2.2221164525940575
laravja01,Jake LaRavia,test,-3.249386,-4.145222813297702,-3.3213702369099396,-2.478017777604887
larkish01,Shane Larkin,train,-3.84303,-4.354060732318924,-3.284952820050706,-2.5790001540788876
larsspe01,Pelle Larsson,test,-4.358047,-4.350533170851429,-4.22684460383912,-2.3464235286830597
lauvejo01,Joffrey Lauvergne,train,-3.698449,-4.512758501469803,-3.7948033817290643,-2.5910379461801267
lauvejo01,Joffrey Lauvergne,train,-4.132325,-4.2035043674075565,-3.4857065174554123,-2.5919649951763066
lavinza01,Zach LaVine,train,-3.402229,-4.523525062748821,-4.434831449964378,-2.5194803979541516
lavinza01,Zach LaVine,train,-1.653273,-3.858859795334116,-2.2532618583365434,-1.661403677957943
lavinza01,Zach LaVine,val,-1.055551,-2.8888351387250006,-1.2417123618623376,-1.0799520107128497
laymaja01,Jake Layman,train,-4.390664,-4.410928010005671,-4.25019536008571,-2.3464235286830597
laymaja01,Jake Layman,train,-3.366441,-4.128245445366101,-2.838178108494516,-2.306265033984482
leeco01,Courtney Lee,train,-2.059908,-3.131499043505926,-2.076259690804279,-1.7464382130407787
leeda03,Damion Lee,train,-4.866399,-4.594301212947649,-4.492422900599489,-2.5194803979541516
leesa01,Saben Lee,train,-4.183748,-4.312246540073618,-3.469926367933522,-2.4588583697912836
lenal01,Alex Len,train,-3.175593,-3.8221224065479937,-3.021926650049852,-2.3070470531480356
lenal01,Alex Len,train,-3.38063,-3.746671057308402,-3.2011540357159842,-2.3936044608951206
leonaka01,Kawhi Leonard,train,-1.311452,-2.5888034983216546,-1.4899208353970375,-1.107960490978528
leonaka01,Kawhi Leonard,train,-1.155156,-2.6408240798130045,-1.529497791504746,-1.1607172374415304
leonaka01,Kawhi Leonard,train,-0.936466,-2.2789436843736226,-1.3197746691407928,-0.9336836223504998
leonaka01,Kawhi Leonard,test,-1.132394,-3.0578760564876237,-1.3848144829927223,-1.3465419447772864
leoname01,Meyers Leonard,train,-2.217537,-3.828241460998417,-2.7002469940956493,-2.0788710060001403
leuerjo01,Jon Leuer,train,-2.19344,-3.7717375573754617,-2.710222310871694,-2.0985708222599015
leverca01,Caris LeVert,train,-1.830431,-3.993892847531368,-2.5658849228252105,-1.9332121386198629
leverca01,Caris LeVert,val,-2.140221,-3.749770967774618,-2.6671437957100927,-2.1338643360023584
leverca01,Caris LeVert,test,-2.370105,-3.4982653612514296,-2.744946929170478,-2.07641429585487
liggide01,DeAndre Liggins,train,-4.449734,-4.449734,-3.836779522182357,-2.8101928589386036
lillada01,Damian Lillard,train,-1.213396,-2.3401467638035145,-0.8465715710148016,-0.687862040727133
lillada01,Damian Lillard,train,-0.908442,-1.741445139223408,-0.6394338155654089,-0.4962294348880847
lillada01,Damian Lillard,val,-0.882292,-2.7550929686430226,-1.7164200310774407,-1.2076621969484678
lillada01,Damian Lillard,test,-2.402088,-2.4215950553363914,-1.4264196585775188,-1.1158101885774205
linje01,Jeremy Lin,train,-3.466879,-3.6525864791775904,-2.7777536853740834,-2.0414900456134895
linje01,Jeremy Lin,train,-1.997977,-3.594003771696304,-2.470727062882355,-1.9263557839421577
littlna01,Nassir Little,val,-2.966899,-4.003065659389452,-2.4861960502403355,-2.000000568204858
liveris01,Isaiah Livers,train,-4.325652,-4.397344115553223,-4.223272212824376,-2.3464235286830597
livinsh01,Shaun Livingston,train,-2.43157,-3.643976291868627,-2.6436875946840575,-2.1183552182034973
livinsh01,Shaun Livingston,train,-2.529618,-3.403503934867729,-2.8210092702471696,-2.175832396256078
looneke01,Kevon Looney,train,-4.104395,-4.533727889371064,-4.408118443350969,-2.5194803979541516
looneke01,Kevon Looney,train,-3.119166,-3.602881912996207,-2.8436428115626367,-2.2121101102165173
looneke01,Kevon Looney,val,-2.802592,-3.5130089378699485,-2.7068181000162204,-2.1825036144698133
looneke01,Kevon Looney,test,-2.961704,-3.1239433135346157,-2.9709979114920535,-2.2091742296720476
lopezbr01,Brook Lopez,train,-1.196068,-3.032363752431212,-1.966567694999654,-1.5450337773108118
lopezbr01,Brook Lopez,train,-2.127682,-2.9282546796659874,-1.7854765083860324,-1.589969852950642
lopezbr01,Brook Lopez,val,-1.734755,-3.1595533891224523,-2.0546095834215867,-1.8876339533182975
lopezbr01,Brook Lopez,test,-2.847259,-2.6725139773984647,-1.9475178756278129,-1.7698728767341718
lopezro01,Robin Lopez,train,-1.645806,-2.794638034668038,-2.0710152480138477,-1.5695072812029736
lopezro01,Robin Lopez,train,-3.106462,-3.6156301461257754,-2.750070381140279,-2.256633518691248
loveke01,Kevin Love,train,-1.425097,-2.3824883094268774,-0.9778464602694341,-0.905475894924848
loveke01,Kevin Love,train,-1.288106,-2.610532695374925,-1.4097809688680412,-1.1604238337625095
loveke01,Kevin Love,val,-3.54417,-3.5339024277176043,-2.847748971691041,-2.2320415886722826
loveke01,Kevin Love,test,-3.559539,-3.355972649834344,-2.903887099108235,-2.1730979525824075
lowryky01,Kyle Lowry,train,-1.659259,-2.597227240137221,-1.4630461122439744,-1.2188087744875662
lowryky01,Kyle Lowry,train,-1.089501,-2.2441102409992792,-1.4611678853090706,-1.0667726947516127
lowryky01,Kyle Lowry,train,-1.37815,-2.8312232420043966,-1.6209373541307226,-1.378007264456139
lylestr01,Trey Lyles,train,-3.419943,-4.545333071438867,-4.427686667934889,-2.5194803979541516
lylestr01,Trey Lyles,train,-2.987883,-4.015660974135424,-3.236194485672372,-2.4274776202928776
lylestr01,Trey Lyles,train,-3.78023,-4.169839289867113,-3.6894267119895465,-2.594196131169448
lylestr01,Trey Lyles,val,-2.833368,-3.8379863128871885,-3.1201312320719983,-2.4284652406253264
macksh01,Shelvin Mack,train,-3.254904,-4.080778454311524,-3.0530557232982583,-2.350039916148762
macksh01,Shelvin Mack,train,-2.804299,-4.146656186091775,-3.2977849014168163,-2.46827905875263
mahinia01,Ian Mahinmi,train,-1.772226,-3.3222660284874252,-2.2670909646839235,-1.860096759090663
maledth01,Théo Maledon,train,-4.016291,-4.422999848916524,-4.257340142115199,-2.3464235286830597
mamuksa01,Sandro Mamukelashvili,test,-4.074161,-4.153507953044081,-3.570472284476137,-2.6140066932927852
mamuksa01,Sandro Mamukelashvili,test,-2.571506,-3.468249845545667,-2.3860547653418407,-1.9408753920052313
mannte01,Terance Mann,train,-4.332629,-4.393999403291086,-4.22684460383912,-2.3464235286830597
mannte01,Terance Mann,train,-2.4196,-4.1653558456523605,-3.100835340215009,-2.4195999999999995
mannte01,Terance Mann,test,-2.28961,-3.281889017552592,-2.305708142502846,-1.8617084067546705
manntr01,Tre Mann,test,-2.961704,-4.248195382098905,-3.1516186869251075,-2.182169350792914
marjabo01,Boban Marjanović,train,-2.598905,-4.225103035938558,-3.5265778979874955,-2.491683933785693
marjabo01,Boban Marjanović,train,-3.439868,-4.103032414454305,-3.511785974766499,-2.514562063804187
marjabo01,Boban Marjanović,train,-3.469426,-4.124600778999116,-3.8402037571918592,-2.619140226238959
markkla01,Lauri Markkanen,train,-1.8968,-3.634543954008855,-2.1577158669886187,-1.6819728339520834
marshna01,Naji Marshall,test,-2.748609,-3.9344962305542213,-3.056631706913203,-2.2714066870635983
marshna01,Naji Marshall,test,-2.38183,-3.5687201394631094,-2.0494687971776555,-1.7743039915424332
martica02,Caleb Martin,train,-4.356159,-4.429261495638717,-4.244459042714687,-2.3464235286830597
martica02,Caleb Martin,val,-2.900083,-4.055544422621809,-2.9688142861243976,-2.250961236353085
martica02,Caleb Martin,test,-2.775638,-3.5104748416955243,-2.4137098122382357,-1.8503652301075597
martico01,Cody Martin,train,-4.293855,-4.37529567537303,-4.251035922677414,-2.3464235286830597
martico01,Cody Martin,val,-2.758257,-3.7804934675915325,-2.5857304754751667,-2.0574719138240263
martija01,Jarell Martin,train,-4.017384,-4.532706055537935,-4.448725877054292,-2.5194803979541516
martike03,Kelan Martin,train,-4.238376,-4.64791189522875,-3.8393063758333295,-2.6754451593034356
martike04,KJ Martin,train,-4.265731,-4.292471260521054,-3.9778300427146878,-2.1733666594119683
martity01,Tyrese Martin,val,-4.502685,-4.504211046028152,-4.475859164963552,-2.5194803979541516
masonfr01,Frank Mason III,train,-4.26436,-4.39175311392547,-4.254188032396306,-2.3464235286830597
matkoka01,Karlo Matković,test,-4.358047,-4.35452598170697,-4.223482353472302,-2.3464235286830597
matthwe02,Wesley Matthews,train,-1.386294,-2.921221022126613,-1.8007551683602512,-1.3812537652610821
matthwe02,Wesley Matthews,train,-3.725648,-3.725648000000002,-2.5759878188183194,-2.1311575412266026
maxeyty01,Tyrese Maxey,test,-1.237887,-2.637558016162113,-1.1231493006527744,-0.9362383326171506
mbahalu01,Luc Mbah a Moute,train,-3.733885,-4.0406574024381605,-3.3132036041227195,-2.5947208593812854
mcadoja01,James Michael McAdoo,train,-4.931692,-4.684185476973509,-4.189890189805183,-2.789112133098832
mcbrimi01,Miles McBride,train,-4.357545,-4.394830249206637,-4.231047416797643,-2.3464235286830597
mcbrimi01,Miles McBride,val,-3.479497,-4.313728201227752,-3.2725976465315476,-2.488708745994886
mccaija01,Jared McCain,test,-3.364354,-4.221598895300913,-3.9820328556732107,-2.1733666594119683
mccawpa01,Patrick McCaw,train,-4.873319,-4.525493110833499,-4.505093859352074,-2.5194803979541516
mccawpa01,Patrick McCaw,train,-3.525075,-4.3689215018726255,-3.3858870435677595,-2.545614777770192
mccawpa01,Patrick McCaw,train,-3.306337,-4.320097278922876,-3.949234511958751,-2.6927862604628094
mccolcj01,CJ McCollum,train,-1.318914,-3.668356632720541,-1.5814733371673588,-1.5072020305462464
mccolcj01,CJ McCollum,train,-1.186074,-2.9284583418979784,-1.5601301027819234,-1.320809613404275
mccolcj01,CJ McCollum,val,-1.447073,-3.46852502453544,-1.8790916445590884,-1.6531050732537245
mccontj01,T.J. McConnell,train,-3.439868,-3.751336329223505,-3.147387274936812,-2.2980546482336206
mccontj01,T.J. McConnell,train,-2.593957,-3.3940606232943806,-2.380320262575955,-1.8380459605938273
mccontj01,T.J. McConnell,test,-2.620777,-3.486977080298182,-2.2185601615236363,-1.812679646513943
mcculch01,Chris McCullough,train,-4.095774,-4.525902232159476,-4.456921362323411,-2.5194803979541516
mcdanja01,Jalen McDaniels,train,-4.265731,-4.24106609014837,-3.9799314491939493,-2.1733666594119683
mcdanja01,Jalen McDaniels,val,-3.380252,-4.027544037535461,-3.0108774366191473,-2.377423795502233
mcdanja02,Jaden McDaniels,val,-1.680074,-3.462246475939299,-1.68669634373942,-1.534882150851001
mcdankj01,K.J. McDaniels,train,-3.066768,-4.475414649658963,-3.362739638538122,-2.5295412294765898
mcderdo01,Doug McDermott,train,-3.298298,-4.523525062748821,-4.4516678461252575,-2.5194803979541516
mcderdo01,Doug McDermott,train,-2.631258,-3.7672442603524217,-2.8135153673658877,-2.2029279897524283
mcderdo01,Doug McDermott,train,-2.083131,-3.5312713667414144,-2.241505965488562,-1.8859173869604078
mcgeeja01,JaVale McGee,train,-3.281644,-3.4604724390866126,-2.58124297435298,-2.13436186118179
mcgeeja01,JaVale McGee,val,-3.071198,-3.3236338548709754,-2.5856905761338185,-2.0903529828275893
mcgruro01,Rodney McGruder,train,-4.727136,-4.448297755819357,-4.26654895507372,-2.3464235286830597
mcgruro01,Rodney McGruder,train,-3.083194,-4.018670344656567,-2.9682191029787472,-2.2295162505766495
mckinal01,Alfonzo McKinnie,train,-4.505304,-4.569851366311422,-4.513462109718891,-2.5194803979541516
mckinal01,Alfonzo McKinnie,train,-4.238425,-4.634637169983778,-4.463753412661193,-2.9204753316540835
mckinal01,Alfonzo McKinnie,train,-4.091051,-4.174304791095277,-3.297849519320363,-2.3260728794229464
mclaujo01,Jordan McLaughlin,train,-3.95208,-4.233380318844917,-3.394115379209999,-2.414377376459206
mclembe01,Ben McLemore,train,-2.922708,-4.2054056840137335,-3.3279725963062314,-2.460270850200751
mclembe01,Ben McLemore,train,-3.927164,-4.369523096146216,-4.03087547568421,-2.682029663686025
mcrobjo01,Josh McRoberts,train,-2.4103,-3.4343149708385994,-2.225376091044629,-1.9079589157132577
meeksjo01,Jodie Meeks,train,-2.30839,-3.4794162352194316,-2.177074284344688,-1.8380281297243775
meeksjo01,Jodie Meeks,train,-3.387098,-4.093461629150019,-3.325950967886303,-2.416442484403686
mejrisa01,Salah Mejri,train,-4.471639,-4.4533172479171,-4.260244735635936,-2.3464235286830597
mellini01,Nicolò Melli,train,-3.306337,-4.5746420607008,-4.509049156112442,-2.5194803979541516
meltode01,De'Anthony Melton,train,-4.445541,-4.532722536728792,-4.479011274682444,-2.5194803979541516
meltode01,De'Anthony Melton,train,-2.535072,-4.1580893345460765,-2.916766967952644,-2.192340391248503
meltode01,De'Anthony Melton,test,-3.857885,-4.036540640067564,-3.4745656269367364,-2.303038504254557
meltode01,De'Anthony Melton,test,-3.30949,-4.1245826702337505,-3.124365321504013,-2.3511453500126356
merrisa01,Sam Merrill,train,-4.51031,-4.562642535855864,-4.5000504838018465,-2.5194803979541516
merrisa01,Sam Merrill,val,-4.167778,-4.564407081029391,-4.250635753950008,-2.8020375596956515
merrisa01,Sam Merrill,test,-2.789853,-3.7248179972549176,-2.7797024464963296,-2.129322851732551
metuch01,Chimezie Metu,train,-4.361323,-4.379451359173509,-4.224743197359858,-2.3464235286830597
metuch01,Chimezie Metu,train,-4.125426,-4.484705074372887,-4.006422173209926,-2.680727668197906
micicva01,Vasilije Micić,val,-2.851871,-4.383519304869721,-4.232518401333126,-2.3464235286830597
middlkh01,Khris Middleton,train,-1.609438,-3.3840113865209576,-1.831458304822882,-1.5546313691252267
middlkh01,Khris Middleton,train,-1.123099,-2.9639597941647295,-1.4587832611662914,-1.2599008274957102
middlkh01,Khris Middleton,val,-1.478822,-3.2352870195606256,-2.4881395549279577,-1.7285627447727812
middlkh01,Khris Middleton,test,-3.366601,-3.6262292402329512,-2.336247613920332,-1.9810470398873965
milescj01,C.J. Miles,train,-2.642313,-3.6360191062998095,-2.640025884619079,-2.0268082032100794
milescj01,C.J. Miles,train,-2.475795,-3.3823625607373464,-2.4371149397461167,-2.053163427432315
milleda01,Darius Miller,train,-4.195459,-4.430591131742646,-3.7720890613062217,-2.7031506014570392
milleda01,Darius Miller,train,-2.729022,-4.102288358393004,-3.1179710542026147,-2.4457828590611648
millejo02,Jordan Miller,test,-3.507215,-4.046283008769096,-3.0200504309379426,-2.2772367789547725
millele01,Leonard Miller,val,-4.180441,-4.231526873828571,-3.9767793394750575,-2.1733666594119683
millemi01,Mike Miller,train,-3.116334,-3.70725650783131,-2.9397255696637106,-2.3110761812797747
millemi01,Mike Miller,train,-3.628524,-3.9714356467341263,-3.739763278341877,-2.615795207312716
millspa01,Paul Millsap,train,-1.249435,-2.6613311391159407,-1.70102173277717,-1.4138425162108148
millspa01,Paul Millsap,train,-1.178332,-2.580709532816906,-1.8207494273752385,-1.4841240691925257
millspa02,Patty Mills,train,-2.677829,-3.753933967194961,-2.810692970098982,-2.1944514183821644
millspa02,Patty Mills,train,-2.111152,-3.3144672770935095,-2.372375914984161,-1.8923972032517054
millspa02,Patty Mills,train,-2.924613,-3.6556328308024555,-2.7720275678973394,-2.278149133358019
millspa02,Patty Mills,val,-2.924383,-3.619530483716061,-2.564638089071635,-2.2725309967139373
miltosh01,Shake Milton,val,-3.303371,-3.89435586928552,-3.1174332525777273,-2.3513460921201834
miltosh01,Shake Milton,test,-3.8296,-3.9185962935526377,-3.1495582488793508,-2.2656239714051827
minotjo01,Josh Minott,val,-4.266488,-4.234112481829476,-3.9578415368349162,-2.1733666594119683
minotjo01,Josh Minott,test,-4.132887,-4.356460427668193,-4.048994747186102,-2.8369759701754313
minotjo01,Josh Minott,test,-3.632378,-4.2307975495929755,-3.535583726933658,-2.5860051773587482
mirotni01,Nikola Mirotić,train,-2.433376,-4.38929547752416,-4.241579593520738,-2.3464235286830597
mitchaj01,Ajay Mitchell,test,-3.976434,-4.290804933307179,-3.5207255612425983,-2.451358283857418
mitchda01,Davion Mitchell,test,-2.556238,-3.9741012492088035,-3.0060444761746297,-2.3619462575665167
mitchdo01,Donovan Mitchell,train,-1.237876,-3.063794632884382,-1.0851433313732546,-0.9591948954946297
mitchdo01,Donovan Mitchell,test,-1.126991,-2.7358991134938515,-1.311657261600009,-1.0333587104834403
mitchdo01,Donovan Mitchell,test,-1.009688,-2.5117411324716965,-0.9432139882401125,-0.8504732106913231
monkma01,Malik Monk,val,-2.544339,-4.008746107241235,-2.7685526174396666,-2.2681380506701894
monkma01,Malik Monk,test,-1.975676,-3.365289775023891,-2.130043961542026,-1.717012709104221
monrogr01,Greg Monroe,train,-1.407469,-3.059597121246923,-1.9974811818883604,-1.5348413286221392
mooreet01,E'Twaun Moore,train,-4.164369,-4.285886033875069,-3.350202745049381,-2.596795167361824
mooreet01,E'Twaun Moore,train,-2.404749,-3.8542846557239083,-2.795350047789235,-2.153348126264494
moranja01,Ja Morant,val,-1.237877,-3.176201661826381,-1.1405730022272316,-0.9221134498160772
moreler01,Eric Moreland,train,-4.39691,-4.443261297789848,-4.259614313692158,-2.3464235286830597
moreler01,Eric Moreland,train,-3.993566,-4.423951203614703,-3.282165607181671,-2.4818421328285427
morrima02,Markieff Morris,train,-2.169054,-3.5220738548910746,-1.8960121802744374,-1.6491814321699318
morrima02,Markieff Morris,train,-3.504788,-3.693683755961326,-2.9635924690563864,-2.2497071974689953
morrima03,Marcus Morris,train,-2.639057,-3.782133655432884,-2.2748865111975536,-1.9151672505288106
morrima03,Marcus Morris,train,-1.920043,-3.314985961576764,-1.9200430000000006,-1.6277962801371821
morrimo01,Monte Morris,train,-4.183285,-4.4683761686257695,-4.110503192504196,-2.6575854595962847
morrimo01,Monte Morris,train,-2.496844,-3.691465608127622,-2.5439713016095915,-1.9687948710702114
morroan01,Anthony Morrow,train,-2.940193,-3.9593594873786087,-2.932792151813424,-2.264042125429003
mozgoti01,Timofey Mozgov,train,-1.772226,-3.2381508772996828,-2.554595153209353,-1.8907261165243876
mudiaem01,Emmanuel Mudiay,train,-3.094764,-4.54270626046082,-4.456921362323411,-2.5194803979541516
muhamsh01,Shabazz Muhammad,train,-4.074293,-3.945269130492178,-3.084363101846967,-2.3603508385303895
murrade01,Dejounte Murray,train,-4.081081,-4.258815847960355,-3.9630950530330695,-2.1733666594119683
murrade01,Dejounte Murray,train,-1.920043,-3.9911917330275144,-2.6294279851791003,-2.0061288506015424
murrade01,Dejounte Murray,val,-1.593826,-3.0646273520822067,-1.3352176103751359,-1.2718598327715447
murraja01,Jamal Murray,train,-1.025742,-3.2341425581293906,-1.3746053114225503,-1.2541360996004964
murraja01,Jamal Murray,test,-1.090623,-3.318304672276086,-1.57089329851855,-1.3777140755463249
muscami01,Mike Muscala,train,-2.986621,-3.994225868341225,-3.229474956414758,-2.4884865423722387
muscami01,Mike Muscala,train,-3.927164,-3.8644130715598353,-3.11842734606556,-2.4054827172925615
muscami01,Mike Muscala,train,-3.469426,-4.092984231656681,-3.3288586010709666,-2.457912973830514
muscami01,Mike Muscala,val,-3.564732,-4.091836646783316,-3.453080025208838,-2.5294271794472745
mykhasv01,Svi Mykhailiuk,train,-4.252124,-4.513775953616051,-4.45587065908378,-2.5194803979541516
mykhasv01,Svi Mykhailiuk,train,-4.131628,-4.352830581628403,-3.3250090661588154,-2.5291190371892367
mykhasv01,Svi Mykhailiuk,test,-3.62075,-3.9596478655009086,-3.3550352356563002,-2.3460378659761303
naderab01,Abdel Nader,train,-4.269156,-4.389995443394672,-4.224743197359858,-2.3464235286830597
naderab01,Abdel Nader,train,-3.989821,-4.304542954568508,-3.7794376343781115,-2.608271981569951
nancela02,Larry Nance Jr.,train,-4.082981,-4.539737707142946,-4.4474650331667345,-2.5194803979541516
nancela02,Larry Nance Jr.,train,-2.276718,-3.4166191162632167,-2.254104615368908,-1.7642975787237978
nancela02,Larry Nance Jr.,val,-2.53419,-3.8517008847465917,-2.9254783068768364,-2.2304536845494933
nancepe01,Pete Nance,test,-4.163784,-4.470111102404571,-3.7449412839634313,-2.6907172424961967
napiesh01,Shabazz Napier,train,-3.909094,-4.523525062748821,-4.462174878521564,-2.5194803979541516
nelsoja01,Jameer Nelson,train,-3.116334,-3.7335630931398334,-2.6178418477189807,-2.0961808214134914
nelsoja01,Jameer Nelson,train,-2.737038,-3.7335820083171156,-2.7807258504996106,-2.124200809419877
nembhan01,Andrew Nembhard,val,-4.054356,-4.240761672858424,-4.004963330623949,-2.1733666594119683
nembhan01,Andrew Nembhard,test,-2.06817,-4.104298255025383,-2.654392938956289,-2.1099475322576775
nesmiaa01,Aaron Nesmith,val,-2.547938,-4.071226582015697,-2.5516731058763473,-2.1582408630873853
nesmiaa01,Aaron Nesmith,test,-2.13102,-3.820353490258439,-2.761687296610662,-2.1116695514273878
netora01,Raul Neto,train,-4.353856,-4.4111034862142064,-4.256289438875568,-2.3464235286830597
netora01,Raul Neto,train,-3.83523,-4.269560980614074,-3.830487914812273,-2.634957186723299
niangge01,Georges Niang,train,-4.727136,-4.401984540261259,-4.245782406479261,-2.3464235286830597
niangge01,Georges Niang,train,-4.124935,-4.475338981321038,-4.248089495051104,-2.763525686376489
niangge01,Georges Niang,train,-3.513228,-4.02559037775728,-3.35206931560355,-2.529410414042293
niangge01,Georges Niang,val,-2.772743,-3.6695177958275984,-2.831650846078339,-2.2317172021371388
nichoan01,Andrew Nicholson,train,-2.673013,-4.032706683884507,-3.02618482377419,-2.260928739730865
noahjo01,Joakim Noah,train,-1.646282,-2.9194604716592343,-2.594252575987913,-1.676089344841098
noelne01,Nerlens Noel,train,-3.995079,-3.9601077523371595,-3.5870141080868447,-2.3897767334067
noelne01,Nerlens Noel,train,-2.496844,-3.2934746713920644,-2.6722933022650346,-2.015659461717522
noguelu01,Lucas Nogueira,train,-3.556379,-4.523525062748821,-4.448305595758439,-2.5194803979541516
nowelja01,Jaylen Nowell,train,-6.147919,-4.377442592852597,-4.229786572910086,-2.3464235286830597
nowitdi01,Dirk Nowitzki,train,-2.023902,-2.56210992490991,-1.5141866886988087,-1.2719131916634332
ntilila01,Frank Ntilikina,train,-4.075085,-4.45024909198626,-4.025480565425793,-2.746832120326547
nunnke01,Kendrick Nunn,train,-3.088058,-4.21068825192509,-2.9188729641340094,-2.203657633606638
nurkiju01,Jusuf Nurkić,train,-3.556379,-4.523525062748821,-4.438008704010059,-2.5194803979541516
nurkiju01,Jusuf Nurkić,train,-2.138781,-3.6668305343502423,-2.149542598347098,-1.8087631817737502
nurkiju01,Jusuf Nurkić,val,-1.955295,-3.6369088582314473,-2.1638376325161164,-1.7670644309332955
nurkiju01,Jusuf Nurkić,test,-2.73856,-3.6957368151466348,-2.82634402293091,-2.148665759122624
nwabada01,David Nwaba,train,-4.959902,-4.648463942531594,-3.7809500684805473,-2.6315691362637565
nwabada01,David Nwaba,train,-4.133016,-4.233330749391893,-3.458657672117627,-2.4965982374600415
nwabada01,David Nwaba,train,-3.112751,-4.177358055675464,-3.1933226796191776,-2.295175160953229
nworajo01,Jordan Nwora,train,-4.51031,-4.562642535855864,-4.495847670843324,-2.5194803979541516
nworajo01,Jordan Nwora,val,-3.752785,-4.395677818641287,-3.4459787091348515,-2.6015255912019613
obryajo01,Johnny O'Bryant,train,-4.354887,-4.38929547752416,-4.240108608985255,-2.3464235286830597
obryajo01,Johnny O'Bryant,train,-4.764477,-4.625227223134904,-4.250784713216203,-2.8033126100841255
ojelese01,Semi Ojeleye,train,-4.238384,-4.389995443394672,-4.221591087640967,-2.3464235286830597
okafoja01,Jahlil Okafor,train,-2.704129,-4.551902764958975,-4.420121604609548,-2.5194803979541516
okafoja01,Jahlil Okafor,train,-3.996987,-4.25942166997096,-3.5858124344141196,-2.463278459502434
okoboel01,Elie Okobo,train,-4.263685,-4.3984929515041316,-4.254188032396306,-2.3464235286830597
okogijo01,Josh Okogie,val,-3.853284,-4.032544164822294,-3.2066621625794096,-2.471048045850627
okogijo01,Josh Okogie,test,-2.866392,-3.966735210201156,-3.4390724167937656,-2.5291799546857674
okogijo01,Josh Okogie,test,-3.344696,-3.851515724716015,-3.2365825888169244,-2.521494821576702
okongon01,Onyeka Okongwu,val,-2.205316,-3.2879038261616707,-2.0363893381848346,-1.6878675405804897
okorois01,Isaac Okoro,test,-2.547938,-3.427780955296777,-2.5880840254509985,-1.9560612014997023
okpalkz01,KZ Okpala,train,-4.356159,-4.3748923709379435,-4.248934516198153,-2.3464235286830597
okpalkz01,KZ Okpala,val,-4.131877,-4.538787435926229,-4.081992920853599,-2.779424005352899
oladivi01,Victor Oladipo,train,-1.539702,-3.546256298173745,-1.7145144987748646,-1.4999317128795018
oladivi01,Victor Oladipo,val,-2.609221,-4.342134641764888,-3.4214912236563464,-2.3415574547694944
olynyke01,Kelly Olynyk,train,-2.07033,-3.3687194303435595,-2.4458304347610857,-1.8552393237454765
olynyke01,Kelly Olynyk,train,-2.204492,-3.2638903489177276,-2.2300913590937035,-1.8285954070234203
olynyke01,Kelly Olynyk,test,-2.466626,-3.521946232821701,-2.417562824617261,-2.052437295632801
onealro01,Royce O'Neale,train,-4.35967,-4.4494204157612565,-4.262136001467272,-2.3464235286830597
onealro01,Royce O'Neale,train,-2.524964,-3.607861371969233,-2.19057025533668,-1.8366121307868677
onealro01,Royce O'Neale,test,-2.594458,-3.2661041179817563,-2.2962510251618116,-1.846230402557586
onimi01,Miye Oni,train,-4.356159,-4.379375254851023,-4.250825782029488,-2.3464235286830597
oquinky01,Kyle O'Quinn,train,-2.862201,-3.8692026381056968,-2.7216901367115907,-2.0550360155593386
osmande01,Cedi Osman,train,-2.641075,-4.01303092414717,-2.0392887353463083,-1.8836847111805515
oubreke01,Kelly Oubre Jr.,train,-3.573003,-4.533208247118163,-4.434201028020599,-2.5194803979541516
oubreke01,Kelly Oubre Jr.,train,-1.984581,-3.9017761773477333,-2.673403846794365,-2.151055326211362
oubreke01,Kelly Oubre Jr.,train,-2.19646,-3.8080263271425316,-2.630519681393073,-2.1163641285994537
oubreke01,Kelly Oubre Jr.,test,-2.847816,-3.72054349708307,-2.490053162574215,-2.1156666970482547
oubreke01,Kelly Oubre Jr.,test,-3.026242,-3.667106880948224,-2.603043119787399,-2.120060546249057
parkeja01,Jabari Parker,train,-2.52676,-4.523525062748821,-4.403285208448668,-2.5194803979541516
parkeja01,Jabari Parker,train,-2.820829,-3.983489699903096,-2.7636805879582194,-2.1110736360647473
parketo01,Tony Parker,train,-3.01425,-3.4877553074892376,-3.000345183833655,-2.218620838660108
parsoch01,Chandler Parsons,train,-1.411965,-3.1354650020061015,-1.9556272282712888,-1.5188029947955592
parsoch01,Chandler Parsons,train,-1.382509,-3.0162202605749924,-2.0490541168123775,-1.4685503665220307
pascher01,Eric Paschall,train,-4.356159,-4.364367191612176,-4.240528890281108,-2.3464235286830597
pattepa01,Patrick Patterson,train,-2.344108,-3.6750208012819945,-2.7551865663040256,-2.0969878368798254
pattepa01,Patrick Patterson,train,-2.899832,-3.3486675705966595,-2.6402519513693523,-2.0350930243331753
paulbr01,Brandon Paul,train,-4.866399,-4.607485196151362,-4.516614219437783,-2.5194803979541516
paulch01,Chris Paul,train,-1.077975,-1.2892904842649497,-0.7214842285604881,-0.3704244133914858
paulch01,Chris Paul,train,-0.936685,-1.7356354997041281,-1.2822890772407671,-0.841987267224195
paulch01,Chris Paul,train,-1.320991,-2.188316361500682,-1.4148662074577516,-1.1551318102028947
paynead01,Adreian Payne,train,-3.504947,-4.523525062748821,-4.449146158350144,-2.5194803979541516
payneca01,Cameron Payne,train,-3.523365,-4.530821867630264,-4.438403840979122,-2.5194803979541516
payneca01,Cameron Payne,train,-4.077446,-4.4155402057462085,-3.664392822855592,-2.631886954042737
payneca01,Cameron Payne,train,-2.876362,-3.9846410626975346,-3.1146260529004484,-2.3051945866017536
paytoel01,Elfrid Payton,train,-3.248078,-4.523525062748821,-4.435882153204008,-2.5194803979541516
paytoel01,Elfrid Payton,train,-2.61319,-3.857037783485441,-2.930653539153063,-2.115163399907259
paytoga02,Gary Payton II,train,-4.321671,-4.589256999063619,-4.4955750103183805,-2.5194803979541516
paytoga02,Gary Payton II,train,-4.989101,-4.738149887902857,-4.107475084330188,-2.703363660214114
paytoga02,Gary Payton II,val,-2.652259,-3.9410037797388338,-3.0793514495695558,-2.3256791759429762
peavymi01,Micah Peavy,test,-4.265798,-4.218707900528248,-3.9999199550737212,-2.1733666594119683
pendano01,Noah Penda,test,-4.242512,-4.225966895618901,-3.9999199550737212,-2.1733666594119683
phillju01,Julian Phillips,val,-4.204773,-4.229558825743894,-3.981402433729432,-2.1733666594119683
pickeja02,Jalen Pickett,val,-4.191318,-4.2222203331444,-3.9805618711377275,-2.1733666594119683
piercpa01,Paul Pierce,train,-2.453148,-2.972036453314969,-2.3236112485191978,-1.7331886077563632
piercpa01,Paul Pierce,train,-2.988142,-2.9134219291067143,-2.1925307309553457,-1.6819691390704286
plowdda01,Daeqwon Plowden,test,-4.198403,-4.5044595297425305,-3.4216384509133384,-2.470147868728604
plumlma01,Mason Plumlee,train,-1.981099,-3.1598103829372968,-2.3203449698407677,-1.7949770484713365
plumlma01,Mason Plumlee,train,-2.586061,-3.3900343090882314,-2.8095721330395236,-2.0348468317206905
plumlmi01,Miles Plumlee,train,-2.019086,-3.612708919567495,-2.9218965555126193,-2.086819342448521
poeltja01,Jakob Poeltl,train,-2.523578,-3.374191751164728,-2.8446992979920847,-2.0650361411454057
poeltja01,Jakob Poeltl,val,-1.942395,-2.8240008708384625,-1.9184104074799733,-1.5355248600617533
poeltja01,Jakob Poeltl,test,-1.798316,-3.1410224334410133,-1.8923777366202434,-1.622507914833038
poolejo01,Jordan Poole,val,-1.447073,-3.6913270021751483,-1.8137365425935825,-1.5957996498408271
portecr01,Craig Porter Jr.,val,-4.217198,-4.295083777691165,-4.000697997788408,-2.1733666594119683
porteke02,Kevin Porter Jr.,val,-2.149009,-4.121171885504122,-2.053303906808065,-1.7609786822176914
porteke02,Kevin Porter Jr.,test,-4.07454,-4.179058268697752,-3.2904205767897694,-2.3597253356169325
porteke02,Kevin Porter Jr.,test,-3.381014,-4.026752276935514,-3.071324257964909,-2.3078039299467235
portemi01,Michael Porter Jr.,train,-1.276246,-3.4356047750452765,-1.517724233122565,-1.3600324600531477
porteot01,Otto Porter Jr.,train,-1.314208,-2.983595103771857,-1.5607068314895214,-1.4416096466067374
porteot01,Otto Porter Jr.,val,-3.001043,-3.820211067055278,-3.008218767488752,-2.3462612119614072
portibo01,Bobby Portis,train,-3.897838,-4.536045920390998,-4.358054680490971,-2.5194803979541516
portibo01,Bobby Portis,train,-3.384299,-3.9893094125679953,-2.9880688124226733,-2.3282265489209313
portibo01,Bobby Portis,train,-3.228161,-3.812674560752213,-2.893024780026413,-2.2693870331900072
portibo01,Bobby Portis,val,-2.320578,-3.2422545994867975,-1.9588926775054452,-1.6933443639996073
portibo01,Bobby Portis,test,-2.365618,-3.280332559672502,-2.3935850057912,-1.871415157550559
porzikr01,Kristaps Porziņģis,train,-2.807476,-4.542196797766978,-4.426425824047333,-2.5194803979541516
porzikr01,Kristaps Porziņģis,train,-1.237893,-3.5541235033928125,-2.4809348884519755,-1.71692953996093
porzikr01,Kristaps Porziņģis,val,-1.544636,-3.201342666119463,-1.7529074279470824,-1.470994437790095
porzikr01,Kristaps Porziņģis,test,-2.236033,-3.287817381352247,-2.427681031837802,-1.7334907828569506
postqu01,Quinten Post,test,-2.83387,-4.055392949033668,-2.8633058563680835,-2.2386088910819764
poweldw01,Dwight Powell,train,-4.537209,-4.523525062748821,-4.448515736406366,-2.5194803979541516
poweldw01,Dwight Powell,train,-2.294736,-3.0439356006134477,-2.16395996912617,-1.7104255488252742
poweldw01,Dwight Powell,val,-3.526515,-2.9899824036308207,-2.5793096158011615,-1.9557900119347327
powelno01,Norman Powell,train,-4.414943,-4.3977803823700246,-4.248934516198153,-2.3464235286830597
powelno01,Norman Powell,train,-1.831817,-3.190249116566988,-1.665900201457238,-1.4408253026783702
powelno01,Norman Powell,test,-2.043596,-3.355363316237256,-2.2681071901551926,-1.8158683192519343
poythal01,Alex Poythress,train,-4.456297,-4.70808972478525,-3.600474887759595,-2.4871920120762825
pricero01,Ronnie Price,train,-3.628524,-4.232779720558176,-3.3757695621725032,-2.6358189374901038
prigipa01,Pablo Prigioni,train,-4.43596,-4.012284423840346,-3.619309202260525,-2.54315359295051
princta02,Taurean Prince,train,-2.156952,-4.177896938520782,-2.6707984401664797,-2.1330548380791177
princta02,Taurean Prince,val,-2.927678,-4.09491402389846,-3.000710011827689,-2.368543533488228
princta02,Taurean Prince,test,-3.771385,-3.779017608181376,-2.7856779278137145,-2.338563946149917
pritcpa01,Payton Pritchard,val,-2.930931,-3.7669758488572547,-2.867604043190401,-2.054997281369179
proctty01,Tyrese Proctor,test,-4.265267,-4.218011327844089,-4.006224174511505,-2.1733666594119683
queentr01,Trevelin Queen,val,-4.238077,-4.643809246642433,-4.300818958471375,-2.8047739179176125
quetane01,Neemias Queta,val,-4.166121,-4.553192577230737,-4.343179916376391,-2.863641223460787
quetane01,Neemias Queta,test,-4.073147,-4.249141006539162,-3.6304331185913585,-2.5231368082678682
quetane01,Neemias Queta,test,-2.592708,-3.2110171200722224,-1.9697763405281234,-1.6635890421272275
quickim01,Immanuel Quickley,test,-1.390486,-2.9750998918546667,-1.739470225814432,-1.3442104644655894
rabbiv01,Ivan Rabb,train,-4.320956,-4.381819318506921,-4.247883812958523,-2.3464235286830597
randlch01,Chasson Randle,train,-4.5665,-4.511704377952322,-3.7988623497599265,-2.5539899694988404
randlch01,Chasson Randle,train,-4.91077,-4.645933963176983,-4.047876910884359,-2.7270468387699323
randlju01,Julius Randle,train,-3.024118,-4.523525062748821,-4.402234505209037,-2.5194803979541516
randlju01,Julius Randle,train,-2.44327,-3.6462399732251662,-2.4546443858685008,-1.9281320391026953
randlju01,Julius Randle,train,-1.662498,-3.2054569659078327,-1.8898804871046548,-1.485599117201912
randlju01,Julius Randle,train,-1.440847,-2.9995417619082057,-1.0557318502050386,-1.0734782915325807
randlju01,Julius Randle,test,-1.534587,-2.8710641544388356,-1.8182240433080448,-1.4622789767749418
randoza01,Zach Randolph,train,-1.94591,-3.1835636623403003,-1.7617212180818795,-1.5891175549606409
randoza01,Zach Randolph,train,-2.111152,-3.204230529765793,-2.38499453881429,-1.9020038969429565
raynama01,Maxime Raynaud,test,-4.356418,-4.353826015836459,-4.241579593520738,-2.3464235286830597
reaveau01,Austin Reaves,train,-4.503053,-4.559848252943093,-4.495154729022528,-2.5194803979541516
reaveau01,Austin Reaves,val,-2.313273,-3.6928401870988337,-2.3706713082712447,-1.8100436140769882
reaveau01,Austin Reaves,test,-1.303692,-2.9212129703951883,-1.6718179439491316,-1.1663510330901103
reddica01,Cam Reddish,val,-4.0734,-4.318160803322656,-3.3252602254467947,-2.438547195655814
redicjj01,JJ Redick,train,-2.108634,-3.035160162037232,-2.1042845662663794,-1.791208277775966
reedda01,Davon Reed,train,-4.264958,-4.264958,-4.001811220905056,-2.1733666594119683
reedda01,Davon Reed,val,-4.131877,-4.385741765738415,-3.799239427951477,-2.723655477737305
reedpa01,Paul Reed,val,-2.851871,-3.999865977646646,-3.0961478193925562,-2.3568225441461657
reedpa01,Paul Reed,test,-3.341866,-3.8183415489169783,-3.675891684624338,-2.490043786819264
reedwi02,Willie Reed,train,-4.496025,-4.545812082415622,-3.904375012334264,-2.737839703121288
reevean01,Antonio Reeves,test,-4.358047,-4.35452598170697,-4.251035922677414,-2.3464235286830597
reidna01,Naz Reid,val,-2.306776,-3.709667350311768,-2.500251821463859,-1.955914562751617
reidna01,Naz Reid,test,-1.822269,-3.0582852162654617,-1.7455849825750744,-1.496320668324679
richajo01,Josh Richardson,train,-4.471639,-4.397945194278593,-4.207906801198979,-2.3464235286830597
richajo01,Josh Richardson,train,-2.272312,-3.927263375377373,-2.2615930865766014,-1.8694089729250332
richajo01,Josh Richardson,val,-3.824247,-3.789657881121928,-2.9222887718483253,-2.2371738434891943
richani01,Nick Richards,train,-4.332629,-4.4401819751257605,-4.242630296760369,-2.3464235286830597
richani01,Nick Richards,val,-3.336396,-4.04476414838117,-2.74750841016181,-2.2002374638947346
richawi02,Will Richard,test,-4.265798,-4.214568213177718,-4.001811220905056,-2.1733666594119683
riverau01,Austin Rivers,train,-3.06984,-4.363193620242081,-3.276362870798028,-2.58565036508711
riverau01,Austin Rivers,train,-2.073894,-4.014703708577561,-2.909911118656426,-2.278189113378878
riverau01,Austin Rivers,train,-3.872852,-3.8977821635287846,-2.895438395494468,-2.3675927382382094
riverau01,Austin Rivers,train,-3.491162,-3.8046780160943534,-2.7471909528741856,-2.199253182889868
roberan03,Andre Roberson,train,-2.293474,-3.641220174141741,-2.593511292553577,-2.1336562309777847
roberbr01,Brian Roberts,train,-3.116334,-4.223316894003044,-3.18776671246579,-2.416958094692263
robindu01,Duncan Robinson,train,-1.831817,-3.490148383967795,-1.9605698000824272,-1.6008952911711425
robindu01,Duncan Robinson,test,-2.333095,-3.773583627431477,-2.3924879703779176,-1.9827927044884333
robingl02,Glenn Robinson III,train,-4.183957,-4.424637665917981,-3.931304030193486,-2.6946679514637903
robinje02,Jeremiah Robinson-Earl,train,-4.042887,-4.271525754556478,-3.9725765265165345,-2.1733666594119683
robinmi01,Mitchell Robinson,train,-4.174737,-4.386795668663893,-4.221591087640967,-2.3464235286830597
robinmi01,Mitchell Robinson,val,-2.109445,-2.9422902678381853,-2.1875966302601837,-1.6351754133027825
robinmi01,Mitchell Robinson,test,-2.376445,-3.552631532073982,-2.878408385523606,-2.160660833422612
robinor01,Orlando Robinson,val,-4.239865,-4.5208301754072036,-3.949485284410212,-2.7280870285047367
robinth01,Thomas Robinson,train,-4.233607,-4.269983157825434,-3.562564040649594,-2.5986972445896495
robyis01,Isaiah Roby,train,-4.222628,-4.367369192052671,-4.223692494120228,-2.3464235286830597
roddyda01,David Roddy,val,-3.63961,-4.252453138807772,-3.9473345044386092,-2.1733666594119683
rolliry01,Ryan Rollins,val,-4.35586,-4.349419236245865,-4.256289438875568,-2.3464235286830597
rolliry01,Ryan Rollins,test,-3.654851,-4.2119194075079776,-3.419916390803171,-2.4832883528640526
rondora01,Rajon Rondo,train,-1.927419,-3.7803462879262084,-2.456767768764167,-2.041265731770849
rondora01,Rajon Rondo,train,-3.740974,-3.7409739999999996,-2.789041858786973,-2.170089820152165
rondora01,Rajon Rondo,train,-2.677728,-3.8180257312329218,-3.10911914547274,-2.3079291794327785
rosede01,Derrick Rose,train,-2.677728,-3.921343530392987,-2.6777280000000006,-2.0772266207671857
rosede01,Derrick Rose,train,-2.046661,-3.582565372971291,-2.4901819011584325,-1.9044043322970579
rosede01,Derrick Rose,val,-3.726491,-3.9555418227155617,-3.601143353493146,-2.459550986489635
rosste01,Terrence Ross,train,-2.19344,-3.846150770849559,-2.3895046841468823,-2.015721637629759
rosste01,Terrence Ross,train,-2.089942,-3.494472920176423,-2.0899420000000006,-1.808251249511323
roziete01,Terry Rozier,train,-3.625234,-4.54292633283285,-4.459022768802672,-2.5194803979541516
roziete01,Terry Rozier,train,-1.75347,-3.584667023490195,-2.703782412969708,-2.0972160910815494
roziete01,Terry Rozier,train,-1.636737,-3.3462707911845957,-1.4983766816999764,-1.4298674515229752
rubiori01,Ricky Rubio,train,-1.627456,-3.4546465254458325,-1.9323313705476477,-1.5907845616449305
rubiori01,Ricky Rubio,train,-1.859418,-3.195961650851879,-2.332220952899193,-1.7093404364721672
rubiori01,Ricky Rubio,val,-3.001586,-3.5434764484964942,-2.5761510810561843,-1.8742620318455296
rudezda01,Damjan Rudež,train,-4.026383,-4.577490883014508,-4.510730281295851,-2.5194803979541516
ruperra01,Rayan Rupert,val,-4.35701,-4.368339158608691,-4.228946010318381,-2.3464235286830597
rushbr01,Brandon Rush,train,-3.961844,-4.225597666187453,-3.846467851920566,-2.6347203665898244
russeda01,D'Angelo Russell,train,-2.599837,-4.539737707142946,-4.4142125221408275,-2.5194803979541516
russeda01,D'Angelo Russell,train,-1.316752,-3.6939886511150006,-1.5952250314286338,-1.4841441187383426
russeda01,D'Angelo Russell,val,-2.022438,-3.5571950533441594,-2.323847587038518,-1.89273206093122
russeda01,D'Angelo Russell,test,-3.278986,-3.482384894979681,-2.6956381268436522,-2.019944966975144
sabondo01,Domantas Sabonis,train,-1.73512,-3.3052064420419263,-1.865442419227096,-1.5224201140527032
sampsja02,JaKarr Sampson,train,-4.39691,-4.443261297789848,-4.264657689242385,-2.3464235286830597
sampsja02,JaKarr Sampson,train,-5.022851,-4.527700508241428,-3.546855440568555,-2.6766899407866376
sandeko01,Kobe Sanders,test,-4.099718,-4.08635835804038,-2.9285908318697897,-2.2164751309553252
santogu01,Gui Santos,val,-4.374368,-4.395482077076373,-4.233148823276904,-2.3464235286830597
santogu01,Gui Santos,test,-3.622328,-3.9926241555303292,-2.704573449684336,-2.1345712943072086
saricda01,Dario Šarić,train,-3.681925,-4.553519375885676,-4.429577933766224,-2.5194803979541516
saricda01,Dario Šarić,train,-2.495407,-3.434541370178241,-2.536837741303913,-1.8821698202151131
saricda01,Dario Šarić,test,-3.279071,-3.9767274216416597,-3.202529220083767,-2.4346071653692256
satorto01,Tomáš Satoranský,train,-2.390046,-3.6080776633677925,-2.6253684896399485,-2.0488828762663123
schofad01,Admiral Schofield,train,-4.356159,-4.3782070292638124,-4.22138094699304,-2.3464235286830597
schrode01,Dennis Schröder,train,-1.733858,-3.8995946282143046,-2.3368343771968285,-1.9104991283304098
schrode01,Dennis Schröder,val,-2.370027,-3.588367050232249,-2.6071933585798215,-2.1166612815311465
schrode01,Dennis Schröder,test,-2.345842,-3.402327081938851,-1.991085527452537,-1.816341971854617
scottmi01,Mike Scott,train,-2.940193,-4.091110204218091,-2.9703857590548237,-2.320337824163052
scottmi01,Mike Scott,train,-3.103396,-4.051707613382052,-3.232944572003833,-2.5710952360965416
sefolth01,Thabo Sefolosha,train,-2.757872,-3.4209023031635364,-2.4205884179693267,-1.9625916905632366
seldewa01,Wayne Selden,train,-4.952734,-4.700849695420623,-3.992845059111109,-2.6923914897040815
seldewa01,Wayne Selden,train,-4.238384,-4.648363068083181,-4.014934971470142,-2.6923914897040815
sessira01,Ramon Sessions,train,-3.390394,-3.603234870939778,-2.6183755484898894,-2.0929569072759544
sextoco01,Collin Sexton,val,-1.941814,-3.852248099604849,-2.368641516205159,-1.6010543019481187
sextoco01,Collin Sexton,test,-2.874692,-3.5241768312532344,-2.6771118978461512,-1.9730600619420213
shamela01,Landry Shamet,test,-3.345529,-3.777618814044815,-2.7056014005544062,-2.1087564115282222
sharpda01,Day'Ron Sharpe,test,-3.208564,-3.993877735098702,-3.2806473982500517,-2.4063111312162846
sharpda01,Day'Ron Sharpe,test,-2.83387,-3.8196582369792007,-3.148932933167922,-2.30765502509158
sheadja01,Jamal Shead,test,-4.233879,-4.367177234653279,-4.229996713558012,-2.3464235286830597
shumpim01,Iman Shumpert,train,-1.94591,-3.818035853201508,-2.6286800810187883,-2.013173429774176
siakapa01,Pascal Siakam,train,-1.159675,-3.1232983924526687,-1.5484407715588504,-1.3837479151841792
siakapa01,Pascal Siakam,test,-1.090646,-2.5238315635374304,-1.341355269636941,-1.1370512011008038
simmobe01,Ben Simmons,train,-1.12479,-2.913676148122639,-1.1985333214722353,-1.0076795300119077
simmojo02,Jonathon Simmons,train,-4.60517,-4.589076675446009,-4.5176649226774135,-2.5194803979541516
simonan01,Anfernee Simons,val,-1.59862,-3.916192452654056,-2.331212730965188,-1.8688583469453122
simonan01,Anfernee Simons,test,-3.320003,-3.7164088857612896,-2.8396867209759034,-2.1207781719448544
simsje01,Jericho Sims,val,-4.182684,-4.307004243448547,-3.6103221876574922,-2.5776739141392135
simsje01,Jericho Sims,test,-4.074161,-4.069645380089211,-3.718432858384824,-2.6422838325949876
singlky01,Kyle Singler,train,-2.690351,-3.581740808002752,-2.611056409617602,-1.998042126625043
smartma01,Marcus Smart,train,-2.933714,-4.523525062748821,-4.430628637005855,-2.5194803979541516
smartma01,Marcus Smart,train,-2.058738,-3.6402755926109487,-2.427318615612628,-1.8197883199245217
smartma01,Marcus Smart,train,-1.86663,-3.2366489220699792,-1.8476852173634561,-1.4977344735057505
smartma01,Marcus Smart,test,-3.381014,-3.969925806273139,-3.2609390806001692,-2.346145491947101
smartma01,Marcus Smart,test,-3.30949,-3.9916126866406216,-2.8853771513525603,-2.3719129543318314
smithdr01,Dru Smith,test,-4.072895,-4.379701381388165,-3.6249087875655586,-2.4515918173638904
smithis01,Ish Smith,train,-2.753055,-4.172711093873083,-2.608567349657148,-2.2091883833235744
smithis01,Ish Smith,train,-3.192877,-4.01242386300423,-3.2821610422160328,-2.479787856606465
smithja04,Jalen Smith,val,-3.199428,-4.177319903838465,-3.155421709037116,-2.3580844619002646
smithja04,Jalen Smith,test,-2.748609,-3.707326570320559,-2.940155567800173,-2.1510022495271994
smithjr01,J.R. Smith,train,-1.888058,-3.0775284164373393,-1.9106565188090472,-1.7083062992511284
smithni01,Nick Smith Jr.,val,-3.761446,-4.249289719645061,-3.9620443497934383,-2.1733666594119683
snellto01,Tony Snell,train,-2.153712,-3.7139811192278165,-2.368600267873665,-2.034378600237548
speigma01,Marreese Speights,train,-4.18714,-3.768493029604706,-3.2123325129959843,-2.4357356065635676
spencca01,Cam Spencer,test,-4.085634,-4.226128931201812,-3.6059033107435994,-2.4338069371062545
stausni01,Nik Stauskas,train,-3.110981,-4.523525062748821,-4.45587065908378,-2.5194803979541516
stephla01,Lance Stephenson,train,-1.946941,-3.6095823638555027,-2.408207421616809,-1.936908419639423
stephla01,Lance Stephenson,train,-3.187514,-4.424065374136428,-3.617512680209393,-2.5246436675314845
strusma01,Max Strus,train,-4.185695,-4.524341851249814,-3.883941729832203,-2.716510749703283
strusma01,Max Strus,val,-2.167142,-3.669479851903981,-2.32680466751697,-1.903222847422155
sumneed01,Edmond Sumner,train,-3.960264,-4.570181806614241,-4.180823620777293,-2.832034004473643
sumneed01,Edmond Sumner,val,-4.07318,-4.32241102905785,-3.4357647472699133,-2.5328423827111184
tateja01,Jae'Sean Tate,train,-4.300589,-4.614896251236062,-4.466130175281933,-2.5194803979541516
tateja01,Jae'Sean Tate,val,-2.82053,-3.917216354714018,-2.5980503642266966,-2.0318242330208385
tatumja01,Jayson Tatum,train,-1.237876,-2.8519094597039345,-1.0338964373965078,-0.8901290642818738
tatumja01,Jayson Tatum,test,-0.90119,-1.8968018457580549,-0.47294415915303123,-0.4489791440531383
taylois01,Isaiah Taylor,train,-4.866399,-4.586082430860034,-4.522918438875568,-2.5194803979541516
taylois01,Isaiah Taylor,train,-4.596059,-4.596059000000003,-4.093923248580293,-2.685533446749357
taylois01,Isaiah Taylor,train,-4.207401,-4.677801957887221,-4.3429378097047255,-2.858590316020449
taylois01,Isaiah Taylor,train,-4.167903,-4.4912830329955105,-3.489784443290728,-2.545877222248566
taylote01,Terry Taylor,val,-4.166121,-4.4249441084849614,-4.086226476822099,-2.715155029672749
teaguje01,Jeff Teague,train,-1.65162,-2.726877724760689,-1.8462030514788674,-1.4769524334503084
teletmi01,Mirza Teletović,train,-2.19344,-3.883707066425658,-2.7061845133221825,-2.1306766028468846
templga01,Garrett Temple,train,-4.104945,-4.38671987182206,-3.753281147617214,-2.7763578151107464
templga01,Garrett Temple,train,-2.465373,-4.004205792963228,-2.8062579910099528,-2.3283620051810883
templga01,Garrett Temple,train,-3.081898,-3.770099095853702,-2.4815453685511466,-2.1001438376100428
teodomi01,Miloš Teodosić,train,-2.779607,-4.567442688741775,-4.495364869670454,-2.5194803979541516
theisda01,Daniel Theis,train,-4.505304,-4.5781908488850185,-4.507157890281107,-2.5194803979541516
theisda01,Daniel Theis,train,-3.083194,-4.058905650716279,-3.487065738697482,-2.510599557584405
theisda01,Daniel Theis,train,-2.524964,-3.268334590631471,-2.103681615223852,-1.661532367869993
thomais02,Isaiah Thomas,train,-2.234623,-3.0672278726999793,-1.4602461594807112,-1.191034895366218
thomala01,Lance Thomas,train,-2.616923,-4.157062559586524,-2.8555079510211323,-2.2195307237865713
thomama02,Matt Thomas,train,-4.356159,-4.422644782250575,-4.269701064792612,-2.3464235286830597
thompkl01,Klay Thompson,train,-1.400683,-3.322799605491234,-1.5079914168453454,-1.3863257827869853
thompkl01,Klay Thompson,train,-1.055572,-2.7119559973440115,-1.2131069134012573,-1.1312072072111845
thompkl01,Klay Thompson,test,-2.132423,-3.429840709768637,-1.7818078636603394,-1.7119041854769925
thomptr01,Tristan Thompson,train,-1.451214,-2.8408331831198663,-1.8577659552488,-1.451214000000003
thomptr01,Tristan Thompson,train,-2.442393,-3.7847340210500744,-2.60892335470009,-2.1354721635621843
thorjt01,JT Thor,train,-4.215371,-4.25247349792589,-3.9803517304898017,-2.1733666594119683
thornsi01,Sindarius Thornwell,train,-4.35967,-4.379247283251428,-4.248934516198153,-2.3464235286830597
thybuma01,Matisse Thybulle,val,-2.512493,-3.6963614162340503,-2.808330907191489,-2.1648715806803
tillmxa01,Xavier Tillman Sr.,train,-4.202519,-4.305469103216266,-3.971525823276904,-2.1733666594119683
tillmxa01,Xavier Tillman Sr.,test,-4.07454,-3.9294208525662864,-3.40705815639803,-2.4679476351197085
tollian01,Anthony Tolliver,train,-3.045554,-4.105602857739304,-3.3095178692243254,-2.5029955405743727
tollian01,Anthony Tolliver,train,-2.465373,-3.8258469552920302,-3.186414529126203,-2.4241603654844694
toppiob01,Obi Toppin,test,-2.271685,-3.4023091246774433,-2.401357162007562,-1.9072370190858927
townska01,Karl-Anthony Towns,train,-2.485478,-4.537459424877431,-4.446834611222957,-2.5194803979541516
townska01,Karl-Anthony Towns,train,-1.237893,-1.75052187320391,-0.5514809244772745,-0.4424584525624553
townska01,Karl-Anthony Towns,val,-0.903478,-2.6862818258642305,-1.0156323988943432,-0.9353990127653296
trentga02,Gary Trent Jr.,train,-4.361323,-4.379073261265615,-4.207066238607274,-2.3464235286830597
trentga02,Gary Trent Jr.,train,-1.872639,-4.071885737092818,-2.584522354874095,-2.1055416859026375
trentga02,Gary Trent Jr.,test,-2.363867,-3.7066563338453413,-2.6588251935772527,-2.0650315889419883
tuckepj01,P.J. Tucker,train,-2.439418,-3.6954808724773,-2.436589186301719,-2.0438985141127266
tuckepj01,P.J. Tucker,train,-2.519747,-3.2608515367437336,-2.1989914658424725,-1.848181690291284
tuckepj01,P.J. Tucker,train,-2.751586,-3.5727961266428334,-2.969508533214918,-2.3148706704026965
tuckepj01,P.J. Tucker,val,-2.4196,-3.37622386974597,-2.396360830070282,-2.0481222775065038
turneev01,Evan Turner,train,-2.935206,-3.9934895567477176,-2.63722829069766,-2.1465588920815346
turneev01,Evan Turner,train,-1.682614,-3.5457913669293477,-2.197416387889948,-1.8307475943628333
turnemy01,Myles Turner,train,-3.368868,-4.532313415402815,-4.446414329927104,-2.5194803979541516
turnemy01,Myles Turner,train,-1.696899,-3.160263928327897,-1.8454051087432004,-1.4584129717941368
turnemy01,Myles Turner,test,-1.737377,-2.9172101530768417,-1.743610709339029,-1.4909316605662952
tysonhu01,Hunter Tyson,val,-4.265706,-4.2222203331444,-3.9999199550737212,-2.1733666594119683
udohek01,Ekpe Udoh,train,-3.417404,-4.3845653916495175,-3.3836050601417433,-2.556695357417759
udrihbe01,Beno Udrih,train,-3.390394,-4.02605422858396,-3.518776473945233,-2.505921574316483
ulisty01,Tyler Ulis,train,-4.544815,-4.26938513870871,-4.0114776907096585,-2.1733666594119683
valanjo01,Jonas Valančiūnas,train,-1.984581,-2.936207710181793,-2.3129869993995653,-1.5892558618432864
valanjo01,Jonas Valančiūnas,train,-2.104789,-3.049081835019172,-1.9268179059866843,-1.6206050859057706
valanjo01,Jonas Valančiūnas,test,-2.633298,-2.674292611477183,-1.744643751616278,-1.5422513503376134
valende01,Denzel Valentine,train,-3.997058,-4.3315849288082555,-3.487271820706396,-2.611375251420795
vandeja01,Jarred Vanderbilt,train,-4.361323,-4.385005520492288,-4.249144656846079,-2.3464235286830597
vandeja01,Jarred Vanderbilt,train,-3.246663,-4.128919203914736,-3.221892105629291,-2.4323360347847705
vandeja01,Jarred Vanderbilt,val,-2.460927,-3.181267572173578,-2.070495070929005,-1.6779110335366156
vanvlfr01,Fred VanVleet,train,-4.866399,-4.58801509285846,-4.428884991945429,-2.5194803979541516
vanvlfr01,Fred VanVleet,train,-2.426463,-4.187958292901083,-3.1656897790949112,-2.46674204582093
vanvlfr01,Fred VanVleet,train,-1.636275,-3.3189168429063436,-1.8799041930883023,-1.4912845597384414
vanvlfr01,Fred VanVleet,val,-1.155493,-3.1139577881357803,-1.8192811024231226,-1.5111377945252302
vanvlfr01,Fred VanVleet,test,-1.822269,-3.0309853175664903,-2.287878546310393,-1.735432680162834
varejan01,Anderson Varejão,train,-1.94591,-3.4852621146530494,-2.22627128509787,-1.889644145642376
vassede01,Devin Vassell,val,-1.649997,-3.7180819108239453,-1.8097657352790937,-1.482028074077915
vaughra01,Rashad Vaughn,train,-3.677516,-4.546971495706407,-4.432730043485116,-2.5194803979541516
vezenal01,Sasha Vezenkov,val,-3.01719,-4.3692364140285775,-4.246833109718892,-2.3464235286830597
vincega01,Gabe Vincent,train,-4.168303,-4.561026541504669,-3.8613413515376527,-2.748062409112107
vincega01,Gabe Vincent,val,-2.514914,-4.067060709490603,-2.881579728357303,-2.2367145884212625
vonleno01,Noah Vonleh,train,-3.196377,-4.523525062748821,-4.444943345391621,-2.5194803979541516
vucevni01,Nikola Vučević,train,-1.664498,-3.4288484985461762,-1.8187751390631464,-1.506400843440903
vucevni01,Nikola Vučević,train,-1.473756,-2.862423169933392,-1.4394595275245319,-1.2957379869145902
wadede01,Dean Wade,val,-3.093651,-4.103980937135455,-3.0231378153038455,-2.2749190544578353
wadede01,Dean Wade,test,-2.86691,-3.559851139045324,-2.709997205414547,-2.0618303565599496
wadedw01,Dwyane Wade,train,-1.399302,-2.8286399531552844,-2.1044094250246723,-1.4532118352313508
wadedw01,Dwyane Wade,train,-1.387814,-3.31247839698117,-2.1491767942328472,-1.7398100854427594
wagnemo01,Moritz Wagner,train,-4.134402,-4.290541583698915,-3.5590600111092052,-2.571350961732225
wagnemo01,Moritz Wagner,val,-2.833368,-3.9493688618192104,-3.128072562844462,-2.340934061801876
wagnemo01,Moritz Wagner,test,-2.547938,-3.582369973008574,-2.903787462738196,-2.205039121584989
wagnemo01,Moritz Wagner,test,-2.914538,-3.804408795040895,-3.5504872436480204,-2.432803919382998
wainris01,Ish Wainright,train,-4.503053,-4.561300051961223,-4.484017274682444,-2.5194803979541516
waitedi01,Dion Waiters,train,-3.457938,-4.07457592002365,-2.8992676465858263,-2.3154318348384213
waitedi01,Dion Waiters,train,-2.031109,-3.8351959088859138,-2.3431949328766732,-1.8034135027312646
walkeja01,Jabari Walker,val,-4.35586,-4.378562344349051,-4.244311421943778,-2.3464235286830597
walkeke02,Kemba Walker,train,-1.763589,-3.49839866745638,-1.6238520315990093,-1.4410501476179662
walkeke02,Kemba Walker,train,-1.131656,-2.4198206002099383,-0.8737112375635268,-0.8464885893680059
walkeke02,Kemba Walker,train,-2.531094,-3.183132834561201,-2.31385417452202,-1.6954415353467638
wallaty01,Tyrone Wallace,train,-4.241832,-4.513865088367262,-3.1330819472996914,-2.3180074813282334
walljo01,John Wall,train,-1.313426,-3.416455390202272,-1.558018465204976,-1.198676736408551
walljo01,John Wall,train,-0.868318,-2.594392246454446,-0.9990679377891292,-0.8683180000000028
walljo01,John Wall,val,-2.924383,-4.254430074318969,-3.2322924719681563,-2.43605172364692
walshjo01,Jordan Walsh,val,-4.265706,-4.214457207509888,-3.9799314491939493,-2.1733666594119683
walshjo01,Jordan Walsh,test,-3.622328,-4.003602126810022,-2.913350395441729,-2.302686714628669
warretj01,T.J. Warren,train,-3.453522,-4.523525062748821,-4.452718549364889,-2.5194803979541516
warretj01,T.J. Warren,train,-2.159834,-3.723987677845563,-1.963691199044939,-1.7225485775959846
washipj01,P.J. Washington,val,-2.171969,-3.70457746141893,-2.2705590821766535,-1.8724635652815245
washipj01,P.J. Washington,test,-2.036814,-3.6225848246310006,-1.8479871044595106,-1.6272100466113104
watanyu01,Yuta Watanabe,val,-3.996519,-4.200581118842594,-3.5338540720654583,-2.6029875674154135
watfotr01,Trendon Watford,test,-4.074161,-4.2138721542947275,-3.3150024335932997,-2.3885838814067606
watsocj01,C.J. Watson,train,-2.639057,-3.5654201928742797,-2.68814378428765,-2.00671249693865
weberbr01,Briante Weber,train,-5.001573,-4.592551073147612,-3.638655253608909,-2.4417299715382725
weberbr01,Briante Weber,train,-4.819202,-4.6685236415892994,-4.197634607532467,-2.783821265720182
wellsja01,Jaylen Wells,test,-4.265265,-4.234458586837471,-4.001811220905056,-2.1733666594119683
westbru01,Russell Westbrook,train,-1.18908,-2.2132642758786174,-1.2803497518828735,-0.9350887191557826
westbru01,Russell Westbrook,train,-0.901373,-1.4076172782065548,0.007467475870863272,-0.016466407698165764
westbru01,Russell Westbrook,val,-3.54417,-3.534734269143728,-2.237859802542294,-1.9779396163853271
westbru01,Russell Westbrook,test,-3.72648,-3.6125202971424497,-2.624297347558507,-2.2052697410074815
westda01,David West,train,-3.826501,-2.8506838914725803,-2.3257707343935365,-1.7157420009987325
whiteco01,Coby White,val,-2.427903,-3.73100335189897,-2.7503749790153145,-2.0956271241473408
whiteco01,Coby White,test,-1.931002,-3.4673917062404027,-2.4556259440534385,-1.7502527409306985
whitede01,Derrick White,train,-1.859988,-3.6970275890646658,-2.2088934858552243,-1.7688384599725884
whitede01,Derrick White,test,-1.656331,-2.6755195340320896,-1.4740264189899173,-1.2503838069621969
whiteha01,Hassan Whiteside,train,-4.277697,-4.542042428595196,-3.4786857369806405,-2.6396572832153926
whiteha01,Hassan Whiteside,train,-1.342068,-3.1781385708784917,-1.8935015014109817,-1.5398756024789246
whiteis01,Isaiah Whitehead,train,-4.407229,-4.275044973545336,-4.000340236369573,-2.1733666594119683
whiteok01,Okaro White,train,-4.866399,-4.582527341044017,-4.515563516198153,-2.5194803979541516
whiteok01,Okaro White,train,-4.870496,-4.626342701194709,-3.998951090141593,-2.7688147359660142
wiggiaa01,Aaron Wiggins,test,-2.748609,-3.520555421730344,-2.5427568925302246,-1.9063497387341488
wiggian01,Andrew Wiggins,train,-2.415169,-4.523525062748821,-4.435461871908156,-2.5194803979541516
wiggian01,Andrew Wiggins,train,-1.237942,-3.344184185836321,-1.0419605296202876,-1.1138678623924645
wiggian01,Andrew Wiggins,val,-1.607756,-3.254698446379579,-1.5219634964770032,-1.4554838162438186
wiggian01,Andrew Wiggins,test,-2.403565,-3.4040048131336276,-2.0580922287484658,-1.8381686533491137
willial03,Alan Williams,train,-5.289255,-4.717353881055327,-4.308504056137155,-2.8352015981435867
willial03,Alan Williams,train,-2.861458,-4.311629033926418,-3.3636793386005013,-2.4250257050221933
willide01,Deron Williams,train,-2.543747,-2.9545002690657487,-2.3052105840149486,-1.7124775343928296
willide02,Derrick Williams,train,-2.74464,-3.912060537328599,-3.1191307150870133,-2.354188110054001
willigr01,Grant Williams,val,-2.322417,-3.3939599891872136,-2.100084932504318,-1.7888932733721072
willija06,Jalen Williams,test,-1.268635,-2.6680911175207336,-1.1148558321983861,-0.897721212285876
willija07,Jaylin Williams,val,-4.098437,-4.2772641174201285,-3.9725765265165345,-2.1733666594119683
willija07,Jaylin Williams,test,-3.057014,-3.8278522855719093,-2.9495676524986347,-2.1671618681711697
willike04,Kenrich Williams,train,-4.492659,-4.566352506440682,-4.492422900599489,-2.5194803979541516
willike04,Kenrich Williams,train,-3.999484,-4.3538111838176725,-3.1248642950077836,-2.3299304503482112
willike04,Kenrich Williams,val,-2.99699,-3.91774789947533,-2.559293808210437,-1.962412515200633
willilo02,Lou Williams,train,-2.302585,-3.368534444476258,-2.2674237903565446,-1.8794712655579684
willima01,Mo Williams,train,-3.485356,-3.853898018446189,-2.6122386728800464,-2.1178608309875515
willima02,Marvin Williams,train,-2.198256,-3.6113444852613172,-2.766314644819577,-2.1965283144371104
willima02,Marvin Williams,train,-1.932909,-2.946045904668705,-1.8094968987166578,-1.6435727617007683
willima07,Mark Williams,test,-2.597481,-3.45153166260147,-2.6233481562553553,-1.9068785010473257
willipa01,Patrick Williams,train,-2.61007,-4.298443268502147,-3.9557401303556547,-2.1733666594119683
willipa01,Patrick Williams,test,-2.055462,-3.672106924385594,-2.3982785781839406,-1.777994537199562
williro04,Robert Williams,test,-2.557617,-3.833633582051721,-2.760560244096909,-2.1534205858881825
willitr02,Troy Williams,train,-4.866399,-4.586082430860034,-4.512831687775113,-2.5194803979541516
willitr02,Troy Williams,train,-4.149239,-4.463134434615048,-3.548604345134706,-2.459254590445937
willitr02,Troy Williams,train,-4.751521,-4.615775898372844,-3.9209303112988367,-2.640984153753094
willizi02,Ziaire Williams,test,-3.208564,-4.27163091681652,-3.128864778141049,-2.4559776446281756
wilsodj01,D.J. Wilson,val,-3.995515,-4.4680176709396076,-3.95602961491777,-2.6643193748673193
winslju01,Justise Winslow,train,-3.316331,-4.532174779503253,-4.430208355710002,-2.5194803979541516
winslju01,Justise Winslow,train,-2.127682,-4.1233840588578,-2.831416461313,-2.2574135921495735
wisemja01,James Wiseman,test,-4.07454,-4.23958301421973,-3.395966507847015,-2.515181617221552
wisemja01,James Wiseman,test,-3.995582,-4.300931177835373,-4.200493703937033,-2.622194934090388
witheje01,Jeff Withey,train,-4.268698,-4.382854717966535,-4.0598762745512955,-2.7622642523117005
witheje01,Jeff Withey,train,-4.074293,-4.152479696170126,-3.8248732427644034,-2.6838545927118194
woodch01,Christian Wood,train,-4.471639,-4.471639000000002,-4.242567776883352,-2.3464235286830597
woodch01,Christian Wood,train,-4.601385,-4.656810167689514,-4.2011337914610785,-2.825015319800457
woodch01,Christian Wood,train,-2.077672,-4.059542984644289,-2.536704788224291,-2.0263109230406866
woodch01,Christian Wood,val,-3.856757,-3.6019764361366877,-2.5669116568563606,-1.9553924506111773
wrighbr03,Brandan Wright,train,-2.508029,-3.2428806635848595,-2.69555782677721,-2.0290848571987876
wrighde01,Delon Wright,train,-3.813471,-4.532009967594685,-4.460073472042303,-2.5194803979541516
wrighde01,Delon Wright,train,-2.457255,-3.6407864403349204,-2.5065131348636465,-1.994612395500693
wrighde01,Delon Wright,val,-2.738054,-3.5215412788551843,-3.120873152163493,-2.3186510626358445
youngni01,Nick Young,train,-2.471753,-3.6252394618375945,-2.0969050000341887,-1.7780989195640216
youngth01,Thaddeus Young,train,-1.645806,-3.096256216532146,-1.8167368952533767,-1.576299918925707
youngth01,Thaddeus Young,train,-2.077672,-2.895085460470173,-1.9302429933898064,-1.6893450875501868
youngth01,Thaddeus Young,val,-2.738054,-3.4794836385857595,-3.038681540887351,-2.298955698397807
youngtr01,Trae Young,train,-1.055551,-2.979093869973092,-1.1042705554903214,-0.8536532721685777
youngtr01,Trae Young,test,-1.162397,-3.339872979958704,-2.4059152394129297,-1.5148166615134409
yurtsom01,Omer Yurtseven,train,-4.239762,-4.5610882201846215,-4.500853670843323,-2.5194803979541516
yurtsom01,Omer Yurtseven,val,-3.908508,-4.456657746600611,-4.153352363688918,-2.703623351010946
zelleco01,Cody Zeller,train,-1.957001,-3.347174652302994,-2.1097910304361847,-1.7145199997719214
zelleco01,Cody Zeller,test,-3.643827,-3.9792843645887617,-3.3093562334830313,-2.4093507691912723
zellety01,Tyler Zeller,train,-2.34759,-3.7370772093861437,-3.4038789815803194,-2.350180654860904
zellety01,Tyler Zeller,train,-3.997222,-3.8149788049275792,-3.6062336608368217,-2.481013473969153
zipsepa01,Paul Zipser,train,-4.596108,-4.250741033922284,-3.997608407946534,-2.1733666594119683
zubaciv01,Ivica Zubac,train,-4.480276,-4.399552110387142,-4.221591087640967,-2.3464235286830597
zubaciv01,Ivica Zubac,train,-2.746721,-4.003337580888673,-3.040935869940549,-2.2732401072671586
zubaciv01,Ivica Zubac,val,-2.520993,-2.8592752405903594,-2.03743568781364,-1.6073432513374402
zubaciv01,Ivica Zubac,test,-2.069023,-2.7946089331109567,-1.9238521008331335,-1.5689951866784377
