player_id,player_name,split,log_aav_cap_share,linear_controls_only,linear_interpretable,linear_all_stats,linear_posinter
abrinal01,Álex Abrines,train,-2.798518,-4.033306497134534,-3.9789694391392665,-4.029944490565178,-3.9757611352509747
achiupr01,Precious Achiuwa,test,-3.411014,-3.2016574657716768,-2.729017724069783,-2.901102876646277,-2.7318980619927404
acyqu01,Quincy Acy,train,-4.233607,-3.465226623301684,-3.41557923138227,-3.428198848726107,-3.4091941064252715
acyqu01,Quincy Acy,train,-4.43596,-3.3794563248884275,-3.5425759879676972,-3.5784988439246135,-3.533798797014378
acyqu01,Quincy Acy,train,-4.036443,-3.5847507073390856,-3.830250311967575,-3.808409215567683,-3.8223047139286326
adamsst01,Steven Adams,train,-1.377183,-1.7911370075019402,-1.937693213857645,-1.888018595924456,-1.9269465651734539
adamsst01,Steven Adams,train,-1.830431,-2.869770219880885,-2.204432160678939,-2.1918389964922103,-2.189390850196279
adamsst01,Steven Adams,val,-2.379112,-2.2280447427942827,-2.2023886809835957,-2.436503669759115,-2.1958198179526307
adamsst01,Steven Adams,test,-2.571506,-1.4949690846685704,-2.505249776382591,-2.7499174607765196,-2.5072012721889667
adebaba01,Bam Adebayo,train,-1.237876,-1.5387623137034387,-1.5306597764472198,-1.562657003004612,-1.5463270613591207
adebaba01,Bam Adebayo,test,-1.062461,-1.9446814510356445,-1.5287544614988149,-1.6206770859798452,-1.5315599360111918
afflaar01,Arron Afflalo,train,-2.169054,-3.0989577541377695,-2.682800699858818,-2.5838209908269896,-2.677820357358673
afflaar01,Arron Afflalo,train,-2.019086,-3.0131874557245126,-2.531785053047914,-2.4783283632316535,-2.531683829836917
ajincal01,Alexis Ajinça,train,-2.679879,-2.1539272044361413,-2.8080396835568027,-2.9116135646569794,-2.8074306348735245
aldamsa01,Santi Aldama,test,-2.178944,-3.00572139036153,-2.4655372620395,-2.429448251916924,-2.4605643006858133
aldrico01,Cole Aldrich,train,-4.095774,-3.266566889884144,-3.434124974021667,-3.4921448232413974,-3.419718148542605
aldrico01,Cole Aldrich,train,-2.556941,-2.705031828584945,-2.8194902194870104,-2.7010448543036443,-2.807969620784035
aldrila01,LaMarcus Aldridge,train,-1.202783,-1.9782144327494695,-1.1948046283511409,-1.1176771668761072,-1.2170497478424869
aldrila01,LaMarcus Aldridge,train,-1.404812,-2.087795457418954,-1.7261024167574637,-1.7151221041542284,-1.7490359869533327
alexani01,Nickeil Alexander-Walker,val,-3.408732,-3.4524693849411916,-3.4301401095013015,-3.488737107025305,-3.4513006580810197
alexani01,Nickeil Alexander-Walker,test,-2.300305,-1.838111557463082,-1.991883471239164,-2.0950014825749026,-2.0039176317108796
allengr01,Grayson Allen,test,-2.178944,-1.9646586509413773,-1.9726513081480253,-2.1753594366939946,-1.9784006024122143
allenja01,Jarrett Allen,train,-1.726456,-1.9957814165474346,-1.667962719248384,-1.644359291213814,-1.6615836183225399
allenja01,Jarrett Allen,test,-1.63198,-1.9697145001965923,-1.3407433063138416,-1.4043706997671777,-1.3419990216854703
allenla01,Lavoy Allen,train,-2.85597,-3.2844036843420037,-3.2243514754482203,-3.0767601224147225,-3.2232333319206847
alvarjo01,Jose Alvarado,test,-3.537068,-2.9090714325275235,-3.1421315502602027,-3.1591143645576323,-3.137111957980127
alvarjo01,Jose Alvarado,test,-3.569229,-3.121152810056124,-3.2731306729598084,-3.3270263453926963,-3.268058448565125
aminual01,Al-Farouq Aminu,train,-4.104945,-3.2820768831319063,-2.8293441824792396,-2.8629337099084218,-2.835026865318574
aminual01,Al-Farouq Aminu,train,-2.233592,-2.1948994163396955,-2.420954688319566,-2.3715803894760152,-2.4354912144535015
aminual01,Al-Farouq Aminu,train,-2.417075,-2.3275829855726102,-2.079742296935156,-2.1813437958152564,-2.0751694944673664
anderal01,Alan Anderson,train,-3.881802,-3.1683067946558,-3.6488801131808497,-3.751983012836956,-3.6544586594415422
anderch01,Chris Andersen,train,-2.497914,-2.7730734152507983,-3.0875190029011805,-3.13905161228926,-3.0773118536146398
anderju01,Justin Anderson,train,-3.856453,-4.068530971187765,-4.074952981686946,-4.086799576841791,-4.0749117823877015
anderju01,Justin Anderson,train,-3.996987,-3.6056115816398755,-4.279836727484819,-4.283353501445835,-4.319182507407644
anderky01,Kyle Anderson,train,-4.030837,-4.068530971187765,-4.016039680346964,-3.965733775466356,-4.014959354918112
anderky01,Kyle Anderson,train,-2.393673,-2.007377611144691,-1.8567404058808283,-1.862559164118521,-1.8671936732754557
anderky01,Kyle Anderson,val,-2.620271,-3.05723600553619,-2.8390411645059626,-2.903372891551035,-2.8348842438278616
anderky01,Kyle Anderson,test,-2.724459,-1.9186429409440218,-2.2156577237457444,-2.32336270976446,-2.2083014669423466
anderry01,Ryan Anderson,train,-1.549083,-2.0848456054635163,-2.130293993283732,-2.055486239198242,-2.1330639009693284
antetgi01,Giannis Antetokounmpo,train,-1.377183,-1.8370309309636779,-1.3343696567066146,-1.4036076852633323,-1.3730075092026957
antetgi01,Giannis Antetokounmpo,train,-0.901404,-1.220714169211359,-0.8179673981852038,-0.7144237387881986,-0.8366166936854169
antetgi01,Giannis Antetokounmpo,val,-0.877548,-1.7124036049568216,-0.8007049577682439,-0.996774008264262,-0.8201198733589106
antetth01,Thanasis Antetokounmpo,train,-4.60517,-4.280456765883804,-4.161447050261931,-4.206304765790247,-4.165351364306666
antetth01,Thanasis Antetokounmpo,train,-4.238376,-3.369933268975242,-3.659576179197406,-3.5939089011334806,-3.6621446662142842
antetth01,Thanasis Antetokounmpo,train,-4.131628,-3.1485150295416586,-3.9581628509074913,-3.990984995223359,-3.95495203493714
anthoca01,Carmelo Anthony,train,-0.932516,-1.166963289232791,-0.7518167837128855,-0.9420598921812005,-0.7685701601824548
anthoco01,Cole Anthony,val,-2.378323,-2.4337887647942007,-2.3888156206935944,-2.4788749457157233,-2.4057657950166647
anunoog01,OG Anunoby,train,-1.831817,-1.9453750411526596,-2.1518753867512457,-2.2633577365175483,-2.1656150741006677
anunoog01,OG Anunoby,test,-1.19633,-1.694851140990831,-2.1353505462245272,-2.23214103966493,-2.156776483335928
arcidry01,Ryan Arcidiacono,train,-4.873319,-4.5065030774377774,-4.419182437038633,-4.491958388663599,-4.416304625899892
arcidry01,Ryan Arcidiacono,train,-3.594019,-3.681749878942472,-3.338746410911768,-3.391443766680241,-3.334735611110719
arizatr01,Trevor Ariza,train,-2.064724,-1.4741694895092645,-1.5413989512280284,-1.7672487475289658,-1.5433011986238845
arizatr01,Trevor Ariza,train,-2.166903,-2.4881352280945763,-2.3235680463815456,-2.319056671085854,-2.3306552401298246
arthuda01,Darrell Arthur,train,-3.192443,-2.943597033833881,-3.2734051444494114,-3.226776315164262,-3.2658431396171688
asikom01,Ömer Aşık,train,-1.79749,-1.8351004263661599,-1.999508496653403,-1.9970079009606856,-2.0010745678465107
augusdj01,D.J. Augustin,train,-3.045554,-3.3268227115764155,-2.759264260670155,-2.7057513447095363,-2.7600441072676123
augusdj01,D.J. Augustin,train,-2.563813,-2.203752588978018,-2.735134304540009,-2.678464250315192,-2.735346634603227
augusdj01,D.J. Augustin,train,-2.746721,-2.6275008390748478,-2.9532524833026006,-2.869370293237591,-2.9514397046711935
avdijde01,Deni Avdija,val,-2.324795,-1.8683222424148627,-2.1362010137289147,-2.18240231611714,-2.1461483486974444
aytonde01,Deandre Ayton,val,-1.313967,-1.7725048547177829,-1.3695531417677496,-1.369781880736992,-1.374065942867408
aytonde01,Deandre Ayton,test,-2.948664,-2.9081335475225383,-2.763732358171517,-2.9605754986347312,-2.760931032141096
babbilu01,Luke Babbitt,train,-4.095774,-3.324977337926355,-3.6363199772095904,-3.6321664305110524,-3.6332602848136437
bacondw01,Dwayne Bacon,train,-4.357042,-3.9894986611028753,-4.075023289942671,-4.065821396668639,-4.075576645388397
bacondw01,Dwayne Bacon,train,-4.133016,-3.7959269653371,-4.05545999828645,-4.214874157625971,-4.0677397679576615
baglema01,Marvin Bagley III,val,-2.291767,-2.9639996417599503,-2.8462772941606587,-2.9285851376435006,-2.8486840370028204
bakerro01,Ron Baker,train,-3.106531,-3.6654903489966846,-3.966547114304701,-4.092229742164698,-3.9856447712955414
ballla01,LaMelo Ball,val,-1.237887,-1.4041541900954473,-1.6502690546195584,-1.508771276732496,-1.6532806811060228
balllo01,Lonzo Ball,train,-1.726456,-1.9018422753826798,-1.8099813584997266,-1.6684744651768897,-1.8092340151752841
balllo01,Lonzo Ball,test,-2.83387,-2.761336279327379,-3.184135380817783,-3.3986110351695413,-3.1865833632466054
bambamo01,Mo Bamba,val,-2.485352,-3.398231111759138,-2.7333732572792337,-2.7769602404573024,-2.7138788580469204
bambamo01,Mo Bamba,test,-3.854134,-3.055149918106111,-3.8231945390076443,-4.189849243515983,-3.821891325487597
bantoda01,Dalano Banton,train,-4.503053,-4.124855331799898,-4.083530389501041,-3.9843274010294993,-4.082003706691814
bantoda01,Dalano Banton,val,-4.166121,-3.2502244906975224,-3.897080460123836,-4.0725174835333995,-3.8979573269250216
barbole01,Leandro Barbosa,train,-3.158521,-2.703483660952749,-2.9381516790230937,-2.9408545453818706,-2.956202271345827
bareajo01,J.J. Barea,train,-2.862201,-2.300220766087076,-2.9037501223342255,-2.944052517504276,-2.9041651957028196
bargnan01,Andrea Bargnani,train,-3.873489,-2.940174395671748,-2.9393806795423036,-2.98076284485149,-2.9399238623650747
barneha02,Harrison Barnes,train,-1.383568,-1.7789515727228453,-1.6363591560969033,-1.5373550540097205,-1.6423381249944236
barneha02,Harrison Barnes,train,-1.636275,-2.2019072153279575,-1.9328201815758579,-1.9533889286937132,-1.9305732159697278
barneha02,Harrison Barnes,val,-2.055462,-1.6641828802849865,-1.5514842519249763,-1.6040135554545516,-1.548445647406783
barnema02,Matt Barnes,train,-2.732436,-2.722499161603478,-2.5854374038975614,-2.5842964357841174,-2.606198611543423
bartowi01,Will Barton,train,-2.986254,-3.162418661397472,-3.300740276275742,-3.2746513247404696,-3.316909638274367
bartowi01,Will Barton,train,-2.03969,-2.37946536066469,-1.8861505274195425,-1.9955118580032565,-1.8775092844688888
bartowi01,Will Barton,train,-2.014138,-3.0736839911968032,-2.782492518981138,-2.707774829139916,-2.7899343348857393
bassbr01,Brandon Bass,train,-3.127632,-2.6549948271429256,-2.6124167619757763,-2.4714786510265845,-2.616917006743534
bassech01,Charles Bassey,train,-4.357545,-3.9707238742321644,-3.9882484836015006,-4.001801202169909,-3.9872275422609205
bateske01,Keita Bates-Diop,train,-4.361323,-3.7838311286970727,-3.8775091533107924,-3.9118458640920557,-3.876775149268515
bateske01,Keita Bates-Diop,train,-4.131628,-3.3490723946744523,-3.987346640482698,-4.032366325921615,-3.98233289704624
bateske01,Keita Bates-Diop,val,-3.996519,-3.1276541552408688,-3.3918802504555194,-3.6562951518994766,-3.386181663473889
batumni01,Nicolas Batum,train,-1.366761,-0.8740263850176819,-1.0308179600684646,-0.9874801647366134,-1.0493689654122886
batumni01,Nicolas Batum,train,-3.543533,-2.0614480145743936,-2.3259517284004154,-2.3097112045116317,-2.3337913451834207
batumni01,Nicolas Batum,val,-2.394908,-2.1646565491263074,-2.487490580645431,-2.658643305627738,-2.4866513138511515
batumni01,Nicolas Batum,test,-3.377218,-1.9931159522997937,-2.6007985615568,-2.751904530395071,-2.5999663501801398
batumni01,Nicolas Batum,test,-3.293686,-2.0963244868517075,-2.603588675674665,-2.591673320917551,-2.5954964430787966
bayleje01,Jerryd Bayless,train,-3.045554,-3.291359225265073,-3.0475276471339536,-2.92778295916887,-3.0445339798619355
baynear01,Aron Baynes,train,-2.376693,-2.8315329575291557,-3.062141634257348,-2.9185836247438033,-3.0737305864542375
baynear01,Aron Baynes,train,-2.955981,-3.2389656581404975,-3.0640687173322516,-2.952002999122209,-3.0624894871761397
baynear01,Aron Baynes,train,-2.722029,-3.54746857514307,-3.5677160171878928,-3.4958315262775685,-3.5745888349870767
bazemke01,Kent Bazemore,train,-3.451019,-3.681749878942472,-3.7363156106094744,-3.7465416679921426,-3.7502923321881836
bazemke01,Kent Bazemore,train,-1.682614,-2.5586797563440746,-2.463280988497842,-2.3817229822993022,-2.472627780102706
bealbr01,Bradley Beal,train,-1.308492,-1.692922898099937,-1.6888081583099106,-1.6075122442528222,-1.662588315546866
bealbr01,Bradley Beal,train,-1.135285,-2.1426207446350367,-1.3425111880384621,-1.3979571729399543,-1.2946231324994382
bealbr01,Bradley Beal,val,-0.901401,-1.3174022979784965,-1.4297646024437665,-1.427039165779589,-1.3853281330145548
bealbr01,Bradley Beal,test,-3.338217,-2.4873856913965513,-2.6070173071110596,-2.725394261129633,-2.5912334158532473
beaslma01,Malik Beasley,train,-1.984581,-2.6904529234165446,-2.808201559706698,-2.6369969524459385,-2.8054384487545923
belinma01,Marco Belinelli,train,-2.831928,-2.820785984597209,-2.6803889098910023,-2.68342232668824,-2.676786889332466
belljo01,Jordan Bell,train,-4.505304,-4.475693861139212,-4.327973193934405,-4.387423355021227,-4.323117402939284
bembrde01,DeAndre' Bembry,train,-4.077446,-3.733103628654712,-3.940596765186587,-4.100612674823843,-3.958090812215542
bendedr01,Dragan Bender,train,-4.133016,-3.4963294790380433,-3.864304850638309,-3.9724288254898603,-3.8570807812066183
bertada01,Dāvis Bertāns,train,-2.642686,-3.443187042808025,-3.266673444981662,-3.233877366411346,-3.255849746483464
bertada01,Dāvis Bertāns,train,-1.920043,-2.1354168381876013,-2.083727661193793,-2.002800142819469,-2.0892605417605807
beverpa01,Patrick Beverley,train,-2.499295,-2.774510284354866,-2.561859835704412,-2.5412589548310143,-2.566979692561004
beverpa01,Patrick Beverley,train,-2.102364,-2.8573162109807106,-2.6430765069484328,-2.7224493454121217,-2.6523587612983066
beysa01,Saddiq Bey,test,-3.100007,-2.95584374775446,-2.296510464537169,-2.32833652613031,-2.3061236494412998
birchkh01,Khem Birch,train,-4.537209,-4.616210588059946,-4.4102844236438346,-4.381309773764284,-4.409958188376799
birchkh01,Khem Birch,train,-3.594019,-3.7914573895646413,-3.686907362807358,-3.6987220145370308,-3.685156307198806
birchkh01,Khem Birch,train,-2.825068,-3.1441520298521857,-3.026724268004632,-2.8603922262643398,-3.0226572439308677
bitadgo01,Goga Bitadze,test,-2.82557,-2.797060389288439,-2.9187767938296716,-2.954617554022471,-2.9061680693392966
biyombi01,Bismack Biyombo,train,-3.192443,-2.9702073475069013,-2.8842953730800587,-2.8165523349666923,-2.8626407696826592
biyombi01,Bismack Biyombo,train,-1.654443,-2.1218863562869315,-2.0452003440024593,-1.9573408301294657,-2.029183381908997
bjeline01,Nemanja Bjelica,train,-2.701875,-3.0518560276032862,-2.7576566743947906,-2.7430109053356206,-2.7463044454860013
blackta01,Tarik Black,train,-4.537209,-4.580747101748604,-4.3850228861933065,-4.349577804368799,-4.385451472015008
blackta01,Tarik Black,train,-2.684618,-3.7559939032532985,-3.9802080535052315,-3.9824865081610947,-3.9797471566293794
blakean01,Antonio Blakeney,train,-4.252124,-3.9627572726111366,-4.13134290742819,-4.346258211391344,-4.137688514353721
blakest01,Steve Blake,train,-3.390394,-2.7319393482758296,-2.998214980940716,-3.053233275310428,-2.9932727435612545
bledser01,Eric Bledsoe,train,-1.609438,-1.3359924051367695,-1.6299713369666162,-1.596279558871232,-1.6368528169464436
bledser01,Eric Bledsoe,train,-1.830431,-1.6739703568203426,-1.7359880727670243,-1.8228899760423973,-1.7433446223811653
bogdabo01,Bogdan Bogdanović,train,-2.398834,-3.4142178124870477,-3.5805943033894474,-3.6471793226299782,-3.5826871848416726
bogdabo01,Bogdan Bogdanović,train,-1.80226,-1.8277065286767464,-1.8386232916065843,-1.767371287542118,-1.8199215661408599
bogdabo01,Bogdan Bogdanović,val,-2.11262,-1.5303766243989034,-1.81776024171958,-1.8487176363377975,-1.810468531277803
bogdabo02,Bojan Bogdanović,train,-2.910634,-3.9790682239524804,-4.000178432527189,-4.061545745495192,-4.00090092486024
bogdabo02,Bojan Bogdanović,train,-2.244684,-3.4944318473227898,-2.7979337589230138,-2.758341878703379,-2.804275204266999
bogdabo02,Bojan Bogdanović,train,-1.787097,-2.3713617247243923,-1.850405608843301,-1.7758199111739548,-1.8559379498627062
bogdabo02,Bojan Bogdanović,val,-1.941626,-2.39517245098062,-1.730817286583445,-1.6863937219675909,-1.7252234361040877
bogutan01,Andrew Bogut,train,-1.659259,-1.8484807154719927,-2.363996509167308,-2.2245642323047408,-2.334648332559593
bolbo01,Bol Bol,val,-4.029038,-3.5927186703165206,-4.214934827251865,-4.323625030580073,-4.1956618332842215
boldejo01,Jonah Bolden,train,-4.064072,-3.5053895484966175,-3.661608523806502,-3.767976951264518,-3.6618337002188888
bonaad01,Adem Bona,test,-4.265265,-3.4845286741958277,-3.7022345811618957,-3.7978800993431783,-3.7047856313524514
bongais01,Isaac Bonga,train,-4.316203,-4.075028245736114,-4.143178769257895,-4.217563546481484,-4.141409138854491
bookede01,Devin Booker,train,-3.471467,-4.1185970695096605,-4.1390587980652,-4.175144837296642,-4.138593163363447
bookede01,Devin Booker,train,-1.237893,-1.4384514029906583,-1.2855453387672786,-1.209962140716768,-1.2324072480759747
bookede01,Devin Booker,val,-0.903478,-1.482599486146308,-1.194983802650206,-1.2180939190749673,-1.1266815967912494
bookede01,Devin Booker,test,-0.943548,-2.265353602755686,-1.6055361554761376,-1.67893858880432,-1.5516888196889687
booketr01,Trevor Booker,train,-2.556974,-3.4044893740493753,-3.0185457095100774,-2.9825641491205825,-3.018497905080609
booketr01,Trevor Booker,train,-2.320191,-3.2329487772228616,-2.915495795071618,-2.8717792575699224,-2.9103922367980344
bouchch01,Chris Boucher,train,-2.783089,-4.151362955621163,-3.7673316111364494,-3.746196335159816,-3.7562496101949416
bouchch01,Chris Boucher,val,-2.353642,-3.2129929150447922,-2.733695076018756,-2.6596916414913974,-2.758672618324766
bradlav01,Avery Bradley,train,-2.064724,-2.2250120215980114,-2.148883280773448,-2.0022961410755853,-2.130541769918606
bradlav01,Avery Bradley,train,-2.09956,-2.7835827111097977,-2.735363939352835,-2.727589290643508,-2.7159477054736234
bradlav01,Avery Bradley,train,-3.106462,-2.697812412696541,-2.962123674246199,-2.9783574237596047,-2.96667889817669
bradlto01,Tony Bradley,train,-4.072471,-2.984809959517454,-3.5441436210629256,-3.7263453243793836,-3.546256045100751
brazdig01,Ignas Brazdeikis,train,-4.506152,-4.465263423988818,-4.431298794463908,-4.518533309223431,-4.43675991892545
breweco01,Corey Brewer,train,-2.194372,-2.6732590895737234,-2.4478618641144623,-2.4800941830697703,-2.447075341064619
bridgmi01,Mikal Bridges,test,-1.512114,-1.564876709933336,-1.5455024814898448,-1.7363617835336345,-1.5654732787375338
bridgmi02,Miles Bridges,test,-1.726958,-2.7634422766271567,-1.9712509568918073,-2.087715499098179,-1.996536160643113
briscis01,Isaiah Briscoe,train,-4.219891,-3.7022306360294848,-3.9659985580858823,-3.9450229640724395,-3.9690172861990494
brissos01,Oshae Brissett,val,-4.0734,-3.4789179706647735,-3.8156750671584847,-3.958339455618078,-3.801740759070802
broekry01,Ryan Broekhoff,train,-4.50147,-4.653760161801369,-4.482002397673977,-4.386557193591992,-4.4824021923124215
brogdma01,Malcolm Brogdon,train,-1.636275,-2.0952339969880267,-1.8047137736097636,-1.743553715736644,-1.78152342070647
brogdma01,Malcolm Brogdon,train,-1.70398,-2.6462250839301538,-2.0127702009902064,-1.8389563364196193,-2.0238932424958476
brookar01,Armoni Brooks,train,-4.134402,-3.090739782962273,-3.19394771114096,-3.209464561874243,-3.193371943053851
brookdi01,Dillon Brooks,train,-2.265453,-2.6414099484549567,-2.3904336364901466,-2.217241891909665,-2.371373266266244
brookdi01,Dillon Brooks,val,-1.844756,-1.7963898088615022,-1.8589810754407603,-1.6652137845378592,-1.8589638521234952
brownan02,Anthony Brown,train,-4.39545,-3.9832403988126384,-4.105093624544676,-4.057184935206438,-4.108597695306843
brownan02,Anthony Brown,train,-4.678346,-4.011086942480447,-4.211121366528953,-4.385307048713648,-4.206345169194137
brownbr01,Bruce Brown,train,-4.348584,-3.6511766563440347,-3.882403851020299,-3.954145490416461,-3.882406935469416
brownbr01,Bruce Brown,val,-2.924383,-3.1306476239081578,-2.8319305682219786,-2.9003664412115566,-2.8487634332027456
brownbr01,Bruce Brown,val,-1.799294,-3.1839785158530014,-2.3871043262656593,-2.3605265230994417,-2.402253024257755
browngr01,Greg Brown III,train,-4.357545,-4.02078997255406,-3.997637445483017,-4.026925252811992,-3.997816011563132
brownja02,Jaylen Brown,train,-1.412661,-1.8787526795652576,-1.9254392538387166,-1.814599184946282,-1.9210041511532867
brownja02,Jaylen Brown,val,-0.901415,-0.9713712369490233,-1.1012421948448854,-1.0892673270048965,-1.1135092712131653
brownma02,Markel Brown,train,-4.537209,-4.529932134321266,-4.442921397629982,-4.488102890403821,-4.442162659846539
brownst02,Sterling Brown,train,-4.35967,-3.9936708359630333,-4.0367805960784,-4.080221733059797,-4.035949070540124
brownst02,Sterling Brown,train,-3.623576,-3.473141803527156,-3.444969601297185,-3.424299469663066,-3.4562843118038673
browntr01,Troy Brown Jr.,val,-3.526515,-3.345838212227145,-3.037690543136969,-3.1187059057163955,-3.0412333588255374
brunsja01,Jalen Brunson,train,-4.195157,-3.578402608549382,-3.9067145935471874,-3.844607172339703,-3.908670439133561
brunsja01,Jalen Brunson,val,-1.559399,-2.582108813227563,-2.1541115312721746,-2.2341668375108013,-2.132939727828628
brunsja01,Jalen Brunson,test,-1.374383,-1.6902826695180937,-1.2366933907161703,-1.3276828631973894,-1.255771340455056
brussni01,Nicolás Brussino,train,-4.727136,-4.219717147517006,-4.178024993904817,-4.184622401105987,-4.177683570413455
bryanko01,Kobe Bryant,train,-0.966112,-1.9435096701463295,-1.269760612896885,-1.5267399762064624,-1.2062244815978893
bryanth01,Thomas Bryant,train,-4.505304,-4.219960230411514,-4.18499153508332,-4.246639417127634,-4.186519541102904
bryanth01,Thomas Bryant,train,-2.572368,-2.9194422690302666,-2.7088698492087744,-2.839452088221307,-2.7069141706474427
bryanth01,Thomas Bryant,val,-3.925129,-3.002248195656111,-3.030005053316514,-3.170340642076208,-3.0403379435899476
bullore01,Reggie Bullock,train,-3.679768,-3.5023470275482618,-3.9031865638654746,-3.885173909939907,-3.8971906304772714
bullore01,Reggie Bullock,train,-3.281644,-3.2809287881146783,-2.8958770219481234,-2.837991728212768,-2.8967763599162444
bullore01,Reggie Bullock,train,-2.418271,-2.6336234284022226,-2.679079407622262,-2.609682806258753,-2.6865153121844507
burketr01,Trey Burke,train,-4.361323,-3.510506683028259,-3.3838405284477275,-3.410713067266845,-3.3837621129657593
burketr01,Trey Burke,train,-3.545229,-2.863201323315804,-3.5660954036794195,-3.5239212616240003,-3.5647861316209855
burksal01,Alec Burks,train,-1.89712,-1.708548633470798,-1.806765614076554,-1.8115364190165564,-1.7940715668576404
burksal01,Alec Burks,train,-2.419603,-2.2543292117398273,-2.621844150774367,-2.511025459101819,-2.6231023540909817
butleja02,Jared Butler,train,-4.503053,-4.334695039065858,-4.223733053499645,-4.171355807765849,-4.221119787859849
butleji01,Jimmy Butler,train,-1.628884,-1.0104276387384217,-0.8123333038376837,-0.8404695252891452,-0.7857975456019273
butleji01,Jimmy Butler,train,-1.131656,-1.5112102403326797,-0.9829265661114812,-0.9732741159482643,-0.9491538985220904
butleji01,Jimmy Butler,train,-0.929765,-1.6363142069959349,-1.3744104010889582,-1.3158600625697925,-1.3821692639389567
butleji01,Jimmy Butler,test,-1.120433,-2.249041290057935,-1.7320111335628257,-1.661240445139848,-1.7378954302950795
cabocbr01,Bruno Caboclo,train,-3.74539,-4.093564020348713,-4.026734695061291,-3.9867127698384235,-4.024779433116278
cabocbr01,Bruno Caboclo,train,-4.522889,-3.6306446308008233,-3.6333643770313477,-3.6416441573814824,-3.640140213484875
caldwke01,Kentavious Caldwell-Pope,train,-2.577581,-2.7160783766492456,-2.4944025539699495,-2.516191668542668,-2.4906595683199475
caldwke01,Kentavious Caldwell-Pope,train,-2.125121,-2.6345868291791326,-2.536480630129522,-2.4951745809164234,-2.5398188469300926
caldwke01,Kentavious Caldwell-Pope,val,-2.199772,-1.9773384100987599,-2.205738604643891,-2.3721303648737084,-2.201564252304178
caldwke01,Kentavious Caldwell-Pope,test,-1.854791,-2.1894197876273602,-2.162523208337373,-2.2820807394884244,-2.1754749982665134
camarto01,Toumani Camara,val,-4.265706,-3.4949591113462226,-3.9017798642465134,-4.089876282475895,-3.9032970025923093
camarto01,Toumani Camara,test,-2.1283,-1.9499203659679616,-1.7865658977169945,-2.008061170855542,-1.787979919820815
campafa01,Facundo Campazzo,train,-3.380253,-4.986546591266864,-4.67826737354139,-4.8086257924596065,-4.67881333512482
canaais01,Isaiah Canaan,train,-4.496025,-3.5486701205048434,-3.345725986441574,-3.459569942063803,-3.3475337515906505
cancavl01,Vlatko Čančar,train,-4.356159,-3.76922851668652,-3.749570232517343,-3.9042888481374995,-3.74912314948825
cancavl01,Vlatko Čančar,val,-3.996248,-2.8587050197779575,-3.652089301024366,-3.767581081003323,-3.6376844696419433
capelca01,Clint Capela,train,-3.949422,-4.014292698005711,-3.9914321364601673,-3.9405439333910532,-3.9913894788555497
capelca01,Clint Capela,train,-1.69425,-2.4183601264915073,-1.7719692052991762,-1.642609272035716,-1.7491381004253463
capelca01,Clint Capela,test,-3.090011,-1.778634369348711,-2.182966100177966,-2.2750524452984395,-2.1740981507369246
carrode01,DeMarre Carroll,train,-1.574347,-2.3085383880420043,-2.1101498238228125,-2.0970865479622836,-2.116266855390425
carrode01,DeMarre Carroll,train,-2.341256,-2.425699015281148,-2.6502262227662556,-2.676135463152754,-2.6413329261930008
carteje01,Jevon Carter,train,-3.348897,-3.1216603135728027,-3.484826299071191,-3.4639856539372262,-3.4831458940524542
carteje01,Jevon Carter,val,-4.042768,-3.1348197987683153,-3.603925306479442,-3.686598549690474,-3.6033835863307266
carteje01,Jevon Carter,val,-3.041007,-2.7123859278272175,-2.934843540850881,-3.0568268309198503,-2.9416335152121795
cartemi01,Michael Carter-Williams,train,-3.498709,-3.297244337600166,-3.2561999813699805,-3.182614960461184,-3.2733244218176285
cartevi01,Vince Carter,train,-2.757872,-2.0019400280582396,-2.207411951833858,-2.35390012355945,-2.2098460984100097
cartewe01,Wendell Carter Jr.,train,-2.291767,-1.7807065703515452,-1.9756589355957939,-1.9609409483401814,-1.9790701343458286
cartewe01,Wendell Carter Jr.,test,-2.06817,-1.9991604379977166,-2.1104077941018144,-2.1196567983421755,-2.1199527822197513
carusal01,Alex Caruso,train,-3.681031,-3.8895034987783537,-3.874520122535702,-3.894430769636446,-3.873907025112471
carusal01,Alex Caruso,train,-2.497565,-2.766433376179956,-2.9590251311660047,-2.7694028199939233,-2.955926689030735
carusal01,Alex Caruso,test,-2.031757,-2.0799016149211456,-2.3414362655111347,-2.5281360420846797,-2.359242704218394
casspom01,Omri Casspi,train,-3.149883,-3.2392070395130985,-3.0699290218465745,-3.0559385385101114,-3.073936146891944
caulewi01,Willie Cauley-Stein,train,-3.002901,-3.6697124309566345,-3.7468558448587084,-3.6303217445730476,-3.747071027454379
caulewi01,Willie Cauley-Stein,train,-3.89063,-3.001498658958086,-2.629288055959135,-2.798404593444703,-2.6255112760193784
caulewi01,Willie Cauley-Stein,train,-3.281644,-3.3957718743739154,-3.003054148248172,-2.8458676028980703,-2.982533641032238
cavanty01,Tyler Cavanaugh,train,-4.5665,-4.896844831773468,-4.541712894670788,-4.624346553222743,-4.5404381386771515
chalmma01,Mario Chalmers,train,-2.721058,-3.312220099565863,-2.6821907533817506,-2.6133707046184482,-2.676061567808795
champju02,Julian Champagnie,val,-3.814197,-2.7700967281221076,-3.2910053046431185,-3.5335789428754314,-3.3011944462494207
champju02,Julian Champagnie,test,-2.523715,-2.457243881850494,-2.2573864127798973,-2.438515254332427,-2.271277880913404
chandke01,Kennedy Chandler,val,-4.239479,-3.620124357150962,-3.920771211629329,-4.112500403548882,-3.9194886057223797
chandty01,Tyson Chandler,train,-1.683546,-1.5806542521343698,-1.6877178193405764,-1.8345927500006671,-1.6838513401052146
chandwi01,Wilson Chandler,train,-2.091657,-1.2358893053728548,-1.5621535537415259,-1.469080546008962,-1.5790700727160636
chrisca02,Cam Christie,test,-4.265265,-3.578402608549382,-3.84075081615571,-4.059923488858468,-3.8424666162655954
chrisma02,Max Christie,val,-4.502685,-4.529932134321266,-4.386898887031949,-4.559282811053679,-4.38758386538516
chrisma02,Max Christie,test,-2.866392,-2.7536494100540767,-3.2172671837106708,-3.39780395011684,-3.2452317408032276
chrisse01,Semaj Christon,train,-4.727136,-4.054167371435324,-4.020132528595779,-4.086851440842275,-4.017431050606442
cissemo01,Moussa Cisse,test,-4.269355,-3.4130591196892124,-3.5309564421488,-3.750345424893352,-3.5136257736215635
cissosi01,Sidy Cissoko,val,-4.35701,-3.9915847485329543,-4.0217312636793405,-4.192805143182798,-4.028241292921507
clarkbr01,Brandon Clarke,val,-2.387081,-1.8954413790058895,-2.006842063538235,-2.159726353106727,-2.0196370180517538
clarkga01,Gary Clark,train,-3.974792,-4.099210769869188,-4.0397653231938895,-3.9969411384562856,-4.034311755012913
clarkja02,Jaylen Clark,test,-3.932482,-3.2838931599020906,-3.360296462085191,-3.4321187006075897,-3.383535653291226
clarkjo01,Jordan Clarkson,train,-4.537209,-4.332608951635779,-4.250359745763813,-4.2573265218328835,-4.24912051479091
clarkjo01,Jordan Clarkson,train,-2.019086,-2.55632622736859,-2.139341830039535,-2.122404841789047,-2.1180855257007742
clarkjo01,Jordan Clarkson,train,-2.136956,-2.454432071972408,-2.17390641370171,-2.201483222754414,-2.157163875735104
claxtni01,Nic Claxton,train,-4.356159,-4.00201518568335,-4.097549488171857,-4.192177918858414,-4.098146633180837
claxtni01,Nic Claxton,val,-2.66283,-3.567256451660729,-3.290277718943672,-3.4054971782164674,-3.278530478654281
claxtni01,Nic Claxton,test,-1.757417,-2.394308686455261,-1.9973954947392225,-2.014045039546245,-1.9713502084337513
collida01,Darren Collison,train,-2.293474,-3.171970814190534,-2.774140767053034,-2.812752509075429,-2.773747492676407
colliis01,Isaiah Collier,test,-3.774901,-3.3477020269826316,-3.6707211094022005,-3.8261196945675633,-3.6759991816997446
collijo01,John Collins,train,-1.503313,-1.8422660698936066,-1.6477388692702633,-1.518501438046264,-1.6698560458740084
collijo01,John Collins,test,-2.303242,-2.0127575890775944,-1.9869214361710392,-2.1153454307538806,-1.9898372686093637
collini01,Nick Collison,train,-3.223059,-2.368429701132474,-2.977950871053034,-3.018476094696013,-2.9670543403884775
colliza01,Zach Collins,train,-2.727488,-2.8828306877016954,-3.0832818970552816,-2.9014098084005595,-3.0875892682989488
colliza01,Zach Collins,val,-2.088789,-2.516646949485238,-2.68697563332046,-2.8891437286731794,-2.6913707110176532
colliza01,Zach Collins,test,-3.091699,-2.2593360542454675,-3.1532532353543137,-3.4076718983265732,-3.168775362203107
conlemi01,Mike Conley,train,-1.126433,-1.4699273941542808,-1.5487946977841676,-1.5733919266153573,-1.5523195769945728
conlemi01,Mike Conley,train,-1.600705,-2.1815842608250504,-2.1025113547982848,-1.8389785424559835,-2.1006965617362767
conlemi01,Mike Conley,test,-2.701746,-2.0206949050592518,-1.9843118277941039,-2.0404131190546986,-1.9832532416013533
connapa01,Pat Connaughton,train,-4.430817,-3.4475952113683115,-3.7062892584337925,-3.657620747008626,-3.705760083332957
connapa01,Pat Connaughton,train,-3.018655,-2.6067181558900807,-2.8092310104589164,-2.615780908625459,-2.836619209457895
connapa01,Pat Connaughton,val,-2.66962,-1.662683806888937,-2.281681598943275,-2.472938763384308,-2.288292113594175
cookqu01,Quinn Cook,train,-5.011574,-4.364625301049257,-4.606497884779287,-4.759026226828887,-4.596232770867108
cookqu01,Quinn Cook,train,-3.594019,-3.852142380751758,-3.669645619387,-3.7024811308456718,-3.6656732193074544
couside01,DeMarcus Cousins,train,-1.346885,-1.7807065703515452,-1.4803606804910177,-1.3942100922402563,-1.481278472992933
covinro01,Robert Covington,train,-4.137521,-3.6393851697258537,-4.392743204590349,-4.348908460272268,-4.382871790153505
covinro01,Robert Covington,train,-1.882848,-2.375002797682356,-2.165542219969737,-2.1334942837808453,-2.185488148448996
covinro01,Robert Covington,val,-2.427903,-2.60661615052404,-2.5204743072589064,-2.6577572807451024,-2.5306187429243403
crabbal01,Allen Crabbe,train,-1.616291,-1.9417186503341988,-2.0414611073864526,-1.9411004573464903,-2.045615448989331
craigto01,Torrey Craig,train,-3.93054,-3.7132819041736753,-3.961562537937988,-4.130484557036909,-3.9637782003593287
craigto01,Torrey Craig,train,-3.112751,-3.455971008933905,-3.3448058613002893,-3.1731417934788553,-3.355085048036803
craigto01,Torrey Craig,val,-3.925129,-3.234552769500321,-3.0540651508289995,-3.1156084182348014,-3.061977482555398
crawfja01,Jamal Crawford,train,-1.905758,-1.8002039567325765,-2.093581988828781,-2.1783217049274377,-2.082190332057775
crawfja01,Jamal Crawford,train,-3.103155,-2.1901984212052614,-2.2357498166162504,-2.1847640317834474,-2.2294248523103852
crowdja01,Jae Crowder,train,-2.302585,-2.0982404144013236,-2.38021627733516,-2.3108822382792735,-2.3870507499826044
crowdja01,Jae Crowder,train,-2.418446,-2.8621054863637685,-2.5924650170223753,-2.5685308282698465,-2.5977936412451985
cunnida01,Dante Cunningham,train,-3.149883,-2.7530118394767618,-2.8286069511372487,-2.8445480783667345,-2.821397983320235
curryse01,Seth Curry,train,-4.268698,-3.788381051656519,-4.809350251731859,-4.796054706226788,-4.797659710990885
curryse01,Seth Curry,train,-3.46301,-3.8417119436013625,-4.081426171407201,-4.10984140998714,-4.0752731675508365
curryse01,Seth Curry,train,-2.61319,-2.632871522589708,-2.828863568925395,-2.763233077374427,-2.8391391364602807
curryse01,Seth Curry,val,-3.526515,-3.2413198547085647,-3.2260552248858048,-3.188641937229112,-3.2325491972116054
curryst01,Stephen Curry,train,-0.901197,-1.6352801651546538,-1.0292811679808307,-0.9708947021172658,-1.0229389450556945
curryst01,Stephen Curry,train,-0.831525,-1.1860913161889473,-0.9227569432964273,-0.9527704865076863,-0.9313632599388355
danietr01,Troy Daniels,train,-4.373579,-4.133924719482506,-4.19615103853297,-4.201856203228038,-4.200175121783179
danietr01,Troy Daniels,train,-4.271999,-4.031838871583762,-4.142708397240746,-4.136062373896541,-4.147373576157044
danietr01,Troy Daniels,train,-3.340842,-2.8932458069915934,-3.396484220292949,-3.3576382875121262,-3.4102461295050412
davisan02,Anthony Davis,train,-1.308492,-0.962447627846605,-0.17529681926003526,-0.2807428115774142,-0.2450743624521774
davisan02,Anthony Davis,train,-1.055572,-1.6840475538852924,-0.7881555673507261,-0.6687325798843378,-0.8393771102481926
davisan02,Anthony Davis,val,-0.877548,-1.6057724322427749,-1.0999917824298024,-1.1177130307072338,-1.0788260170804023
davisde01,Deyonta Davis,train,-4.257133,-3.9561212622216115,-3.992053869400431,-4.067675746530512,-3.9919351510160066
davised01,Ed Davis,train,-4.104945,-3.425350248350165,-3.4207872270371573,-3.421840794706624,-3.4233563948511447
davised01,Ed Davis,train,-2.351375,-2.863815187050966,-2.438470794701269,-2.4785928403823005,-2.4557895982964086
davised01,Ed Davis,train,-3.106462,-2.9964987562838807,-2.9064621503389523,-2.9036779744636885,-2.9149912289850284
daviste02,Terence Davis,train,-4.506152,-4.682965385822474,-4.48684750894928,-4.622444579255488,-4.484462984762661
daviste02,Terence Davis,train,-3.335894,-3.858212187327169,-3.577615089481343,-3.627772918117852,-3.5850553589370064
dedmode01,Dewayne Dedmon,train,-3.46301,-3.252818733453026,-3.6857246184035253,-3.698163027169008,-3.678067817093043
dedmode01,Dewayne Dedmon,train,-2.102364,-2.8977007412576543,-2.698870771859167,-2.6398976184075775,-2.691746178823812
dedmode01,Dewayne Dedmon,val,-3.311198,-3.1161546089038255,-3.2706918179677507,-3.325911132528795,-3.2716931015025974
dekkesa01,Sam Dekker,train,-3.72673,-4.068530971187765,-4.041637905849351,-4.1255298472579405,-4.040288920287352
delanma01,Malcolm Delaney,train,-3.628524,-4.705912347553343,-4.5012459163814045,-4.502807519019623,-4.500360271282354
dellama01,Matthew Dellavedova,train,-2.283052,-2.3317107456923947,-2.477289836017496,-2.398202792758865,-2.470825042628629
denglu01,Luol Deng,train,-1.848102,-2.6821139637339524,-2.3648886067942785,-2.4039341239140635,-2.373282519170659
denglu01,Luol Deng,train,-1.654443,-1.7480226741007256,-1.5923333907870632,-1.6384227805700267,-1.5913975012532604
derozde01,DeMar DeRozan,train,-1.219779,-1.5475940566272401,-0.9786196020926952,-0.9799141056554579,-0.933823590579141
derozde01,DeMar DeRozan,train,-1.37815,-1.7679632184182976,-1.3800958949569881,-1.3417809634679743,-1.3731953785085822
derozde01,DeMar DeRozan,test,-1.744307,-1.5106523231785272,-0.93925782341298,-0.9702245196718757,-0.9563727198171366
diabamo01,Moussa Diabaté,test,-4.305743,-3.1378147817313686,-3.8658471753585335,-4.153011997645745,-3.87872156032802
diallch01,Cheick Diallo,train,-4.727136,-3.8046920029978626,-3.9486795561243535,-3.9073289178123605,-3.947887053284452
diallha01,Hamidou Diallo,train,-4.492659,-4.1269414192299765,-4.090620240847465,-4.1304855118785815,-4.086115380793006
diallha01,Hamidou Diallo,train,-3.07353,-3.405396755286585,-3.1905926094108357,-3.066147222491445,-3.203304639200782
diawamo01,Mohamed Diawara,test,-4.099718,-2.766406648414569,-3.4533505240126496,-3.576683321128814,-3.4500351745303997
diawbo01,Boris Diaw,train,-2.198256,-1.8066738359229557,-2.1390877131200576,-2.247397615714074,-2.1381894202447365
dickgr01,Gradey Dick,val,-3.234779,-3.179584068318251,-3.5970652090519053,-3.699030470576934,-3.5982049776878093
dienggo01,Gorgui Dieng,train,-1.791154,-2.5385416909759226,-2.1615859490897185,-2.116178072194482,-2.1504457588268133
diengou01,Ousmane Dieng,test,-3.372867,-3.0184263706568295,-3.2445707572129003,-3.479176279029602,-3.2508193293538152
dinwisp01,Spencer Dinwiddie,train,-4.314559,-3.8130363527181785,-3.9271511660209293,-3.907587615257519,-3.927963166650663
dinwisp01,Spencer Dinwiddie,train,-4.529926,-3.464047917108815,-4.033589711975584,-4.237173926413605,-4.025235670468039
dinwisp01,Spencer Dinwiddie,train,-4.578716,-3.2793478350867886,-3.9204634838549195,-4.01402357359174,-3.913028035045862
dinwisp01,Spencer Dinwiddie,train,-2.253187,-2.3875216913773194,-2.4998504393514507,-2.4954142843925786,-2.5073421063825347
dinwisp01,Spencer Dinwiddie,train,-1.831817,-2.207245147634977,-2.997171070855175,-2.862414364747032,-3.0094281381982406
divindo01,Donte DiVincenzo,val,-3.288184,-3.2676627268361793,-3.471515841063442,-3.609686928952451,-3.4713089883911823
divindo01,Donte DiVincenzo,val,-2.451726,-2.419341735616209,-2.437915989112771,-2.482871727779111,-2.4383217412969396
doncilu01,Luka Dončić,train,-1.055551,-1.1108709856263275,-1.0889826227598822,-1.1403386120024306,-1.1064815063805349
doncilu01,Luka Dončić,test,-1.157771,-1.9968336367876192,-1.322586109425949,-1.4364649249616939,-1.3383585525428892
dorsety01,Tyler Dorsey,train,-4.505304,-4.550793008622056,-4.327246170470652,-4.434514945494017,-4.325090377399424
dortlu01,Luguentz Dort,val,-2.014135,-2.116533106119415,-2.1158243618451555,-2.0502183920055588,-2.0978195010049765
dosunay01,Ayo Dosunmu,train,-4.503053,-4.509071260020476,-4.375627537849137,-4.4075051824870535,-4.375945789794536
dosunay01,Ayo Dosunmu,val,-2.966899,-3.2085532986392282,-2.824860250842843,-2.849742177431756,-2.836835334426043
dosunay01,Ayo Dosunmu,test,-2.027394,-1.9498352350205042,-1.9604498791041083,-2.052068511346644,-1.950199439165839
dotsoda01,Damyean Dotson,train,-4.283684,-4.012445622833744,-4.1929899037888605,-4.289350644226539,-4.193687127882958
douglto01,Toney Douglas,train,-4.033384,-3.301789662415468,-3.8573851619656634,-3.806602726042584,-3.876968845207322
dragigo01,Goran Dragić,train,-1.711602,-0.9397687752537238,-1.1578861166054146,-1.1937743508948828,-1.1670636121648612
drumman01,Andre Drummond,train,-1.310066,-1.3537457701690794,-0.8436567199731728,-0.6340978596738989,-0.8339548958921776
drumman01,Andre Drummond,val,-3.629652,-2.4055194587054647,-2.520067248785783,-2.752684785168089,-2.5131736669403137
drumman01,Andre Drummond,test,-3.336396,-2.422957694844121,-2.522161171506385,-2.732753337545528,-2.5240911262494903
dudleja01,Jared Dudley,train,-2.24223,-2.481098332226438,-2.4088673633877598,-2.443653615607014,-2.399015354359982
duncati01,Tim Duncan,train,-2.557477,-1.9688324398368706,-1.9174561801127292,-2.1723193246764736,-1.8938211191332643
dunlemi02,Mike Dunleavy,train,-2.969279,-1.482211846308078,-2.0754324484920406,-2.1399420029742897,-2.08682400872463
dunnkr01,Kris Dunn,train,-3.083194,-3.554555232839937,-3.388544432238034,-3.33059517151405,-3.3829812493853786
dunnkr01,Kris Dunn,test,-3.254509,-2.14233572352251,-2.7194442920652744,-2.7995997524862206,-2.7201986119179393
duranke01,Kevin Durant,train,-1.243438,-2.3836683339266314,-0.994219711621585,-1.1641991702328183,-1.0282457701274494
duranke01,Kevin Durant,train,-1.35249,-2.486876868478545,-1.4938376391061876,-1.5151793251147438,-1.5227488153163418
duranke01,Kevin Durant,train,-1.197798,-2.590085403030459,-1.314798870507265,-1.342158702735881,-1.3633004482541953
duranke01,Kevin Durant,train,-0.977475,-1.2504767069307763,-0.7518999839841634,-0.848740582024714,-0.7805311527989485
duranke01,Kevin Durant,train,-0.934798,-0.8998159107080892,-0.9912843424618631,-0.7525318873447651,-1.0128546587895348
duranke01,Kevin Durant,test,-1.329793,-1.5082642428269457,-1.387102941757848,-1.5240329022649461,-1.4092358322815355
durenja01,Jalen Duren,val,-3.234661,-3.0752796968143015,-3.498647926515687,-3.572376689123339,-3.505337511705799
easonta01,Tari Eason,test,-2.345904,-2.0541918645896464,-2.3156354153046097,-2.379918337390378,-2.313292299941196
edwaran01,Anthony Edwards,val,-1.055566,-1.3988157418191576,-0.910329788765571,-0.9032567238741187,-0.8670829443534327
edwarca01,Carsen Edwards,train,-4.287166,-3.8443276641693633,-4.013760762902492,-4.079466449284142,-4.013922161459649
edwarju01,Justin Edwards,test,-4.182483,-3.464045547994326,-3.241103846643153,-3.3906384878327693,-3.246202114532201
edwarke02,Kessler Edwards,val,-4.238077,-3.52497362207595,-3.6028987005611492,-3.809577899240127,-3.606918450823278
ellebcj01,CJ Elleby,train,-4.506152,-4.800135940884391,-4.42275770552544,-4.446857819387355,-4.4222836836893755
ellenhe01,Henry Ellenson,train,-4.697644,-3.617190113807499,-4.102998186876261,-4.1732551689180415,-4.090388154939506
ellenhe01,Henry Ellenson,train,-4.077446,-3.7203986483594127,-4.964398483533652,-5.229993221557186,-4.956194769439698
ellinwa01,Wayne Ellington,train,-3.819965,-3.2767566132545203,-3.210617906969431,-3.30458924221507,-3.2100091728164313
ellinwa01,Wayne Ellington,train,-2.730805,-3.1909863148412634,-3.3413602811956626,-3.452780826722351,-3.350163624170854
ellinwa01,Wayne Ellington,train,-2.61319,-2.9336754196014927,-2.907218266224107,-2.8700785928291035,-2.907714327975264
elliske01,Keon Ellis,test,-2.939231,-3.7409098636827087,-3.13255796211777,-3.19381745313304,-3.1550376452577558
ellismo01,Monta Ellis,train,-1.8506,-2.0280398172913463,-1.725452593612503,-1.6556924324705466,-1.6902713081688125
embiijo01,Joel Embiid,train,-2.535729,-3.0126970739119323,-3.4439244522232917,-3.368984926143788,-3.4460501173938036
embiijo01,Joel Embiid,train,-1.237942,-1.4556215299913273,-1.677648444131301,-1.541929465580878,-1.644365709963271
embiijo01,Joel Embiid,train,-0.841184,-1.5883050992242418,-1.031078118306615,-0.791463893245659,-1.0319607141380354
embiijo01,Joel Embiid,test,-0.904007,-1.806758966870413,-0.8919922394594915,-0.5550698620226964,-0.8869934081632089
ennisja01,James Ennis III,train,-4.39691,-3.6240575197530083,-3.6961581774560814,-3.7105188004702514,-3.696094116868487
ennisja01,James Ennis III,train,-3.46301,-3.2251914415365746,-3.6225036095397662,-3.65880359838592,-3.6195864902735724
ennisja01,James Ennis III,train,-4.07268,-3.1035284873171305,-3.194296370647576,-3.281132602034596,-3.193596538733525
ennisja01,James Ennis III,train,-3.974792,-3.1568593792619746,-3.283689132551196,-3.3347845888608805,-3.289935760457084
eubandr01,Drew Eubanks,train,-4.125426,-3.3927454254164964,-3.8758612201232348,-3.9850129779659538,-3.8691387221084974
eubandr01,Drew Eubanks,val,-3.996519,-3.2702569695916823,-3.299568714821546,-3.445271082247975,-3.2841990697142043
eubandr01,Drew Eubanks,test,-3.361714,-3.373465504143596,-3.0606210022533173,-2.966433530718179,-3.058781965373857
evansja01,Jawun Evans,train,-4.505304,-4.529932134321266,-4.4436189203258385,-4.552275651963736,-4.442152734368789
exumda01,Danté Exum,train,-2.837185,-4.101908370069029,-4.0458736577495085,-4.006512324886547,-4.045374168725773
exumda01,Danté Exum,train,-2.225792,-3.007807477791609,-3.393859514904801,-3.303396668393577,-3.3929899796101033
exumda01,Danté Exum,train,-3.728937,-2.7006189399447686,-3.67641045177431,-3.7378183722916223,-3.705419294897599
exumda01,Danté Exum,val,-3.789504,-3.0048431060041967,-3.5329353938877386,-3.528171627029064,-3.5429141783687554
ezelife01,Festus Ezeli,train,-2.521283,-3.3980426560443124,-3.1777580018672493,-3.1776402656261142,-3.1699585804560164
farieke01,Kenneth Faried,train,-1.722767,-1.8850109418554946,-1.593561853802294,-1.5349108680902854,-1.6052209541918692
favorde01,Derrick Favors,train,-1.681377,-1.6021581745367697,-1.7609470055810363,-1.648913147410736,-1.7908930285671865
favorde01,Derrick Favors,train,-1.689831,-2.7952441125182546,-2.2181471624283415,-2.183122667626269,-2.2124314892463843
favorde01,Derrick Favors,train,-2.418446,-2.439003433669715,-2.7080184825504396,-2.686623900863459,-2.707517870270824
feldeka01,Kay Felder,train,-4.727136,-4.08337259545643,-4.1836512511007715,-4.295726535145681,-4.184193000444569
feliccr01,Cristiano Felício,train,-4.60517,-4.539025353147024,-4.376203881905914,-4.375706551189233,-4.376831632356679
feliccr01,Cristiano Felício,train,-2.516617,-2.762742628879835,-3.0897389098188284,-3.0716343427927923,-3.0972310677254185
fernabr01,Bruno Fernando,train,-4.243681,-3.9498629999313746,-4.042923454337633,-4.163378286704028,-4.047195952453144
fernabr01,Bruno Fernando,val,-3.910341,-1.8432891932539148,-3.177184280162267,-3.4867164392554706,-3.184354066959787
ferreyo01,Yogi Ferrell,train,-4.90149,-4.833031244613036,-4.7171085130909205,-4.775504141948827,-4.72045587514719
filipky01,Kyle Filipowski,test,-3.847221,-3.453237362744643,-3.6816310494482707,-3.811545158364302,-3.6868559309667055
finnedo01,Dorian Finney-Smith,train,-4.727136,-3.9785861287998614,-4.05268310141206,-4.046089251185228,-4.053750351262077
finnedo01,Dorian Finney-Smith,train,-3.306337,-3.0680626318912987,-2.9288798961007565,-2.859551717064584,-2.9370061457768832
finnedo01,Dorian Finney-Smith,val,-2.34786,-1.9057661077465464,-1.8597964154669495,-2.053151455221796,-1.8588786506090007
finnedo01,Dorian Finney-Smith,test,-2.462634,-2.2167772688839165,-2.627767124388294,-2.8381235187002014,-2.62439060904224
flemira01,Rasheer Fleming,test,-4.265267,-3.4740982370454327,-3.737480843000718,-3.974499405828338,-3.7419381757374097
fontesi01,Simone Fontecchio,val,-3.678061,-4.666276686381842,-4.400329865358575,-4.407053725852405,-4.398399153618101
fontesi01,Simone Fontecchio,test,-2.866392,-3.841523487886537,-3.3773045100681998,-3.4112048541155513,-3.3902127074236668
forbebr01,Bryn Forbes,train,-4.866399,-4.485642203136988,-4.423390645069719,-4.499284768957498,-4.421383741633646
forbebr01,Bryn Forbes,train,-3.525075,-3.660889004641682,-3.462677651610122,-3.4020575974579352,-3.473115373706895
forbebr01,Bryn Forbes,train,-3.819248,-3.780413088679084,-3.5207904553027456,-3.424664004804004,-3.5118764341923123
fournev01,Evan Fournier,train,-1.711602,-1.6970950729600949,-1.670322209353082,-1.5560103265880123,-1.6726442403305992
fournev01,Evan Fournier,train,-1.818023,-1.3918218292581406,-1.6441108751654276,-1.4061736039713684,-1.6503313839683167
foxde01,De'Aaron Fox,train,-1.237876,-1.6847884338089678,-1.892572721714936,-1.7908312071756434,-1.8966351615176806
foxde01,De'Aaron Fox,test,-1.121379,-1.5291725098419746,-1.2349656500756736,-1.1474515087200798,-1.2489111467302763
fraziti01,Tim Frazier,train,-5.052574,-4.385486175350047,-4.409202230837851,-4.555719321450062,-4.392649782504957
fraziti01,Tim Frazier,train,-3.826975,-3.9587735534658046,-4.062031579219402,-4.085913526884771,-4.050759227819785
fryech01,Channing Frye,train,-2.064724,-1.9677839955990744,-1.9710367474364097,-2.000776077718246,-1.9802794120353118
fultzma01,Markelle Fultz,train,-1.908778,-2.6747873473362205,-2.5056577074754824,-2.3963723035400317,-2.5027652524254087
furphjo01,Johnny Furphy,test,-4.181529,-3.557541734248592,-3.7435615504494955,-3.835974079311611,-3.746049370644079
gabriwe01,Wenyen Gabriel,train,-4.167903,-3.987846341311785,-4.400730386457109,-4.519197196551515,-4.375858027805005
gaffoda01,Daniel Gafford,train,-4.270637,-3.2329672183282874,-3.627180091058644,-3.6806947533827805,-3.6323783179190983
gaffoda01,Daniel Gafford,train,-2.222738,-2.352672068801139,-2.669669043678251,-2.7259035174375525,-2.6530242018033783
gaffoda01,Daniel Gafford,test,-2.239071,-2.0095908751481115,-2.0387831524721163,-2.1541041985169187,-2.023056509610297
gallida01,Danilo Gallinari,train,-1.833437,-1.7953382792419748,-2.1065896672474187,-2.0687714240447415,-2.1173567579869204
gallida01,Danilo Gallinari,train,-1.523983,-1.9918967147768045,-1.7348868153307029,-1.7473131822101675,-1.7435428999441398
gallida01,Danilo Gallinari,train,-1.673834,-2.0256505004009493,-1.7048494368913134,-1.6901946938269439,-1.6950021496200058
gallida01,Danilo Gallinari,val,-2.924383,-2.5300976904761745,-2.6386483710776942,-2.5738906623409203,-2.6309852889295264
gallola01,Langston Galloway,train,-4.864681,-4.322903552447677,-3.638862268239633,-3.6860145589798874,-3.6425928155808607
gallola01,Langston Galloway,train,-2.877108,-3.896190930563435,-3.345139510673875,-3.438259848616876,-3.34626236754083
garlada01,Darius Garland,val,-1.237877,-1.3791211409344994,-1.6100843342894182,-1.6828534862535007,-1.6061644454235835
garneke01,Kevin Garnett,train,-2.138282,-2.007131550276317,-2.8169104437524695,-2.916352917080859,-2.810117950490731
garzalu01,Luka Garza,train,-4.503053,-4.0414118345967385,-4.021717602486467,-3.92030671902588,-4.025089066247909
garzalu01,Luka Garza,test,-4.132684,-3.2699895280462767,-3.84837085423443,-4.195790105302948,-3.8616188425077027
garzalu01,Luka Garza,test,-4.074161,-3.4230757052052603,-3.96134058840957,-4.188735170900818,-3.9716967824652567
gasolma01,Marc Gasol,train,-1.128777,-1.4745809965744756,-1.0035344593820175,-1.2028709215447368,-0.9856226001873032
gasolma01,Marc Gasol,train,-3.725648,-2.953067306995103,-2.8894552335988593,-2.882164305162314,-2.876157398076644
gasolpa01,Pau Gasol,train,-2.138192,-1.9219191690172133,-1.8264299480828547,-1.8398956268744922,-1.8121552824712266
gasolpa01,Pau Gasol,train,-1.781645,-2.2261433350766415,-1.9673861973319826,-2.096531008722126,-1.9418004941987748
gasolpa01,Pau Gasol,train,-1.806941,-1.853587106742613,-1.9058934091125217,-2.0104474655690088,-1.8976144911008932
gayru01,Rudy Gay,train,-1.658228,-1.5934697717411863,-1.225583912020022,-1.2402062024992373,-1.2489678312007064
gayru01,Rudy Gay,train,-2.444297,-2.3802456957644984,-2.3701534840186858,-2.3657645331545654,-2.3902007879390403
gayru01,Rudy Gay,train,-1.920043,-2.3976839319031553,-2.2278554079306945,-2.3561682230762804,-2.2289271641777204
gayru01,Rudy Gay,train,-2.494866,-2.2261433350766415,-2.8137569407069054,-2.8067529062851073,-2.8179245426399873
geeal01,Alonzo Gee,train,-3.948391,-3.5009575511584328,-3.6926891354698457,-3.628510358310491,-3.6851976174481216
georgpa01,Paul George,train,-1.2365,-1.0312885130392115,-0.7898808009185116,-0.8479306284184704,-0.8059704680418589
georgpa01,Paul George,train,-1.090731,-1.9375885210999253,-1.3829309292394267,-1.421356875442076,-1.3931325484401225
georgpa01,Paul George,train,-0.937999,-1.3867047008614413,-1.4068553663107584,-1.2011206814762092,-1.4170720651064532
georgpa01,Paul George,test,-0.977525,-1.6119455635855546,-1.491624865466546,-1.6367234200020668,-1.4946818557028791
gibsota01,Taj Gibson,train,-1.957001,-3.053063830676032,-2.533298184587535,-2.412599362529773,-2.541001831691087
gibsota01,Taj Gibson,train,-2.390046,-2.881523233849518,-2.5884018268103444,-2.5687330193055686,-2.589556344033618
gibsota01,Taj Gibson,train,-3.1028,-2.7099826370230042,-2.997354768938618,-2.9591563232737075,-2.984048622138442
giddejo01,Josh Giddey,test,-1.822269,-2.5278705400455093,-1.9981012060583732,-2.1415360290908887,-2.014730537111011
gilgesh01,Shai Gilgeous-Alexander,train,-1.237873,-1.4613983647215272,-1.2974646820371665,-1.2237710004831484,-1.2598468742128612
gilgesh01,Shai Gilgeous-Alexander,test,-0.918198,-1.505546447877177,-0.7706494579975107,-0.8844844042616917,-0.7955768953958007
gillan01,Anthony Gill,train,-4.51031,-4.9135335312140995,-4.609131896250145,-4.630912617463752,-4.610410659329301
gillan01,Anthony Gill,val,-4.167778,-3.7977156518548782,-4.0204967694681235,-4.236755052754764,-4.009756045493877
gillan01,Anthony Gill,test,-4.07454,-3.6261750550283645,-3.965118618608083,-4.01739765978664,-3.954399714057089
gilleco01,Collin Gillespie,test,-2.651549,-2.8334288877225022,-2.4930978464638356,-2.6513237605804356,-2.498540890098141
ginobma01,Manu Ginóbili,train,-3.192443,-2.68053669922188,-2.704235852536568,-2.7189564474209087,-2.7028791519817004
goberru01,Rudy Gobert,train,-1.35738,-1.6167607865473226,-1.5913116202861748,-1.5770564583316138,-1.55874079834819
goberru01,Rudy Gobert,train,-1.008616,-1.0889795108722684,-0.9324345487526946,-0.9158371585626446,-0.9128352712680523
goberru01,Rudy Gobert,test,-1.443833,-1.59534199509238,-1.2982185138946916,-1.2873678955236743,-1.2735823648263471
goodwar01,Archie Goodwin,train,-4.529926,-3.889612443975829,-3.8100515362180016,-3.8728165969541632,-3.8122917910666647
goodwar01,Archie Goodwin,train,-4.788431,-3.803842145562572,-3.9852287873958043,-3.9736391229892365,-4.000828325922582
goodwjo01,Jordan Goodwin,test,-3.290629,-3.046053662573281,-2.964851329350589,-3.070029508891143,-2.9655209296040708
gordoaa01,Aaron Gordon,train,-2.738069,-3.8691217010721997,-3.8783360759616023,-3.814126190260388,-3.877939116089099
gordoaa01,Aaron Gordon,train,-1.627955,-2.299256045908838,-1.861187067488256,-1.6818114426184265,-1.8715290390557555
gordoaa01,Aaron Gordon,train,-1.74249,-1.3216596037861121,-1.940720539428077,-1.9227646722820162,-1.9464858906963267
gordoaa01,Aaron Gordon,test,-1.49922,-1.7290923043974535,-1.8036854513256027,-2.0155389694302,-1.8140163528627702
gordoer01,Eric Gordon,train,-1.960817,-1.7590401252851495,-2.097711461114131,-1.9519284848200529,-2.0820305995842725
gordoer01,Eric Gordon,train,-1.75347,-0.8313213257694936,-1.4021326860547125,-1.3263200717056256,-1.389695015409479
gordoer01,Eric Gordon,val,-3.726491,-2.1101775621642354,-2.335758593424326,-2.3187548059018943,-2.3368738895652466
gordoer01,Eric Gordon,test,-3.72648,-2.2133860967161487,-2.5759926361939445,-2.5233028659177004,-2.585514949135306
gortama01,Marcin Gortat,train,-1.659259,-1.7806214394040878,-1.4431122057673669,-1.3116894104149528,-1.4317402957505811
grahade01,Devonte' Graham,train,-4.318657,-4.043736934284929,-4.143338608339602,-4.189299680027073,-4.144418587938374
grahade01,Devonte' Graham,train,-2.251973,-2.1661609696107123,-2.1096241579895754,-2.0376351753632376,-2.108159997688241
grahatr01,Treveon Graham,train,-4.166263,-3.770784970978677,-3.870182736027796,-3.9193351111917565,-3.887423304750643
grantje01,Jerami Grant,train,-4.249526,-3.8172085275783365,-3.916401099046322,-3.8934423063624535,-3.916256846168453
grantje01,Jerami Grant,train,-2.426463,-3.009893565221688,-2.8323402660890147,-2.8746589195541215,-2.8422932318882754
grantje01,Jerami Grant,train,-1.696899,-2.5882523017723074,-2.1367629983161893,-2.0918559913831465,-2.1374926715333524
grantje01,Jerami Grant,val,-1.447073,-1.57963490477645,-1.651366374314076,-1.8010153236564779,-1.6721621775296105
grantje02,Jerian Grant,train,-3.772261,-4.12068315693974,-4.2091904395629545,-4.211931646621032,-4.2128920407810195
grantje02,Jerian Grant,train,-3.999484,-3.65776376739185,-4.262627064294361,-4.375244878045286,-4.282968679851393
greenaj01,A.J. Green,val,-4.167702,-3.491164684585353,-3.90396410052934,-4.137299269159554,-3.9233092766605155
greenaj01,A.J. Green,test,-2.716087,-2.1235737779899413,-2.522898253729216,-2.6251046783798606,-2.5353067579247113
greenda02,Danny Green,train,-2.24223,-1.4491516508009485,-1.5513696530306338,-1.6549946922387733,-1.5702308597961565
greenda02,Danny Green,train,-2.419603,-2.745446123334347,-2.637467210983625,-2.637126229621063,-2.652668285588339
greendr01,Draymond Green,train,-1.477061,-1.1431112079713364,-1.452781417915187,-1.5590014658988234,-1.454161818789684
greendr01,Draymond Green,val,-1.693933,-1.659416751559365,-1.9987826158418711,-2.1470367237290384,-2.0050715508399017
greenja01,JaMychal Green,train,-4.537209,-4.25076944671008,-4.147108044408815,-4.074508192071187,-4.145464146266786
greenja01,JaMychal Green,train,-2.504195,-3.4260162482147742,-2.8041734102177656,-2.731949984758744,-2.7979222592694843
greenja01,JaMychal Green,train,-3.106462,-3.2544756513882604,-3.0828727064634562,-3.061445069622872,-3.0828804798720952
greenja01,JaMychal Green,train,-2.693858,-3.5988712241970195,-3.1627430823873217,-3.0121382478593364,-3.1548870219580194
greenja01,JaMychal Green,train,-2.618054,-3.222036244919847,-3.044528214118213,-2.856471592345337,-3.0362366529001377
greenja02,Javonte Green,train,-4.51031,-4.674621036102158,-4.450367907512275,-4.486625277063774,-4.448200038570783
greenja02,Javonte Green,train,-4.168303,-3.849867837606853,-4.152343297980297,-4.13796399246552,-4.145816186861259
greenje02,Jeff Green,train,-3.218111,-2.1542261119759125,-2.2338409015259613,-2.2159515527493423,-2.2322429872233487
greenje02,Jeff Green,val,-2.833368,-2.171664348114569,-2.4331629555168988,-2.3893404738292787,-2.427406625427125
greenjo02,Josh Green,val,-2.330874,-2.402497453343016,-2.6110800892611303,-2.7380147693026182,-2.61592626134393
griffbl01,Blake Griffin,train,-1.062664,-1.673990266690041,-1.3088623316951857,-1.330352887309184,-1.3098988651391288
grimequ01,Quentin Grimes,test,-2.428405,-2.404739123605656,-2.3506683842215708,-2.544778874997655,-2.349509506522085
gueyemo02,Mouhamed Gueye,val,-4.265706,-3.3477020269826316,-3.5781906969506823,-3.632225657099781,-3.578839997993697
hachiru01,Rui Hachimura,val,-2.079596,-2.9744300789103453,-2.78402590142393,-2.801438309291609,-2.7841263286245974
hachiru01,Rui Hachimura,test,-2.497398,-3.1430063039494467,-2.760382979822805,-2.881263380117716,-2.7585181152486933
hairspj02,P.J. Hairston,train,-3.982898,-4.257509804152935,-4.141711606704687,-4.106502255729454,-4.14261444453685
halibty01,Tyrese Haliburton,val,-1.055566,-1.3937237529450524,-1.4310310401397763,-1.50833740458827,-1.4327580624651375
hamilju01,Justin Hamilton,train,-4.926671,-4.0217580934108605,-4.436958546357158,-4.573065637346953,-4.4382460957486
hamilju01,Justin Hamilton,train,-3.446203,-3.5591528157204313,-3.635076660246458,-3.3875916168732267,-3.641580948249071
hardati02,Tim Hardaway Jr.,train,-1.720378,-1.870550963931495,-1.7922221383657515,-1.7517854316088577,-1.7775288613741427
hardati02,Tim Hardaway Jr.,train,-1.790995,-2.1578586655162804,-2.0320943724482667,-1.9765208183881886,-2.013479123667234
hardeja01,James Harden,train,-1.211669,-0.7860144163417853,0.06433012855843234,0.12069224506112697,0.12978578686251563
hardeja01,James Harden,train,-0.868318,-0.6117086318512635,-0.0925167235437061,-0.05844390021809609,-0.09712557087497409
hardeja01,James Harden,val,-1.281767,-2.0823088888751835,-1.4702525163281157,-1.5327999795724785,-1.4800541931454343
hardeja01,James Harden,test,-1.390486,-2.0997471250138404,-1.7775439390925507,-1.9353771030181504,-1.7918661411770935
hardeja01,James Harden,test,-1.333689,-2.2029556595657542,-1.579783232973679,-1.597098719590706,-1.5924389116247952
hardyja02,Jaden Hardy,val,-4.35586,-4.037478671994692,-4.088503082756519,-4.274968787740514,-4.089394690514171
hardyja02,Jaden Hardy,test,-3.249386,-2.4924399266164308,-2.9688623972259798,-3.2234125150839237,-2.981075276044669
harklma01,Maurice Harkless,train,-2.19344,-2.5195261903251933,-2.675141946171605,-2.648358733107972,-2.6850159636827753
harklma01,Maurice Harkless,train,-3.218111,-2.9923265814237228,-3.347202318335585,-3.3966316667760403,-3.3542048336240047
harremo01,Montrezl Harrell,train,-4.202885,-3.5719053340010336,-3.8080765187848784,-3.8960145256183454,-3.8086595273658883
harremo01,Montrezl Harrell,train,-2.831928,-3.137146599978413,-2.861847346740646,-3.022793845652334,-2.863996691806635
harremo01,Montrezl Harrell,train,-2.442393,-3.2067930414087447,-2.48608458635862,-2.4488739645295166,-2.4836811392778975
harremo01,Montrezl Harrell,val,-3.858145,-2.933166596683486,-2.7073740423904824,-2.9548781189199795,-2.716280837109685
harrian01,Andrew Harrison,train,-4.544815,-4.006187360543507,-3.920630792413276,-4.058818678790468,-3.9205288390946764
harride01,Devin Harris,train,-2.72347,-2.0280398172913463,-2.7892581882007157,-2.748856137928497,-2.7851754821846737
harriga01,Gary Harris,train,-3.70269,-3.732295053859004,-3.8288876275197117,-3.7761828916925024,-3.8280703205232114
harriga01,Gary Harris,train,-1.579165,-1.5279141502259432,-1.70298249783102,-1.7311759722028255,-1.6811632725869026
harriga01,Gary Harris,val,-2.34786,-2.050592183931543,-2.2401833384371406,-2.221300621642139,-2.2381970160486118
harriga01,Gary Harris,test,-2.930931,-2.5494594913809148,-2.7925060078130777,-2.793074486387142,-2.810421417340708
harriga01,Gary Harris,test,-3.726078,-2.652668025932828,-3.4771370819714713,-3.528353039922864,-3.512219421074312
harrijo01,Joe Harris,train,-4.249526,-3.9915847485329543,-4.020996108049448,-4.008502143520034,-4.021585895483822
harrijo01,Joe Harris,train,-4.529926,-3.6425963129235903,-4.579398127373766,-4.522783881601991,-4.610338882781253
harrijo01,Joe Harris,train,-2.544246,-3.471055716097077,-3.0997386515350254,-3.1066461800763183,-3.104447360077684
harrijo01,Joe Harris,train,-1.761438,-2.589172631755525,-2.374018881992795,-2.2463240557998008,-2.38567227415404
harrish01,Shaquille Harrison,train,-4.898125,-4.3333339895980725,-4.197199372668758,-4.301077664118441,-4.19223197509883
harrish01,Shaquille Harrison,train,-4.252124,-4.042269308734157,-4.086372803405817,-4.174322910164263,-4.0821393929879015
harrito02,Tobias Harris,train,-1.475907,-2.5927799641579763,-1.9613808138219107,-1.8455870705133608,-1.9820799679650198
harrito02,Tobias Harris,train,-1.109113,-1.7240563650119367,-1.2710291517323502,-1.3264917014806101,-1.2786252400249463
harrito02,Tobias Harris,test,-1.687737,-2.722499161603478,-1.7888206667989717,-1.639960010136695,-1.7981676078050144
harrito02,Tobias Harris,test,-2.40079,-2.5509585647769644,-2.239424060270454,-2.2308693536484787,-2.236293221351403
harteis01,Isaiah Hartenstein,train,-4.167903,-3.493120704954795,-3.8751930560567427,-3.9619461103983586,-3.8748108398840535
harteis01,Isaiah Hartenstein,val,-2.738054,-3.2194942602295367,-3.020168509656193,-3.0676227719189066,-3.0074461789598654
harteis01,Isaiah Hartenstein,test,-1.578538,-2.5223112579100113,-2.2197090687217194,-2.2499709271819643,-2.2064483985060024
harteis01,Isaiah Hartenstein,test,-1.917579,-2.5397494940486682,-2.4467039460184585,-2.3708823744023917,-2.4421798166808033
hartjo01,Josh Hart,train,-2.185322,-2.8167425573963594,-2.7321621011353345,-2.641571618185912,-2.7347687101832863
hartjo01,Josh Hart,val,-1.938667,-1.638130483766119,-1.8744745842394532,-2.1050797436305264,-1.8818381237329471
hasleud01,Udonis Haslem,train,-3.116334,-2.9654748863781015,-3.5497551276228996,-3.5140831608838323,-3.540676812909678
hausesa01,Sam Hauser,val,-4.184452,-3.2458614910080494,-4.003264651788008,-3.896839960689388,-3.9982398679713484
hausesa01,Sam Hauser,test,-2.620777,-2.067249417377809,-2.3875446093832373,-2.4852815702841213,-2.39565356788206
hawessp01,Spencer Hawes,train,-2.408095,-1.9712066337612075,-1.8290876800876854,-1.8152874025078873,-1.8224430662618651
hayesja02,Jaxson Hayes,val,-4.0734,-3.2321992405248365,-3.5860697335346816,-3.6603643158776586,-3.5850635432279967
hayesja02,Jaxson Hayes,test,-3.344696,-3.1638671782502366,-2.7482342644934334,-2.8591834879684823,-2.749515048210872
haywago01,Gordon Hayward,train,-1.387802,-1.4508715493995743,-1.1602877775534342,-1.1076864548951928,-1.169940430251326
haywago01,Gordon Hayward,train,-1.131887,-1.8239495493976166,-1.1840268447024977,-1.335757626163561,-1.1968077471745513
haywago01,Gordon Hayward,train,-1.291434,-1.7443732960723901,-1.7761454067943003,-1.7395243705870609,-1.7867163384050224
hendege02,Gerald Henderson,train,-2.34759,-3.1742976154006315,-2.828053556607629,-2.682698064235039,-2.8410580731598043
hensojo01,John Henson,train,-2.059908,-1.8870970292855735,-2.2237586408067385,-2.13606012379547,-2.190689886476938
hernaju01,Juancho Hernangómez,train,-2.746721,-3.2988721586555245,-3.4669065815649973,-3.3437871218250876,-3.453816217662058
hernawi01,Willy Hernangómez,train,-4.173251,-3.264258529779472,-3.6092138507625853,-3.6835584669183015,-3.611835509874775
hernawi01,Willy Hernangómez,train,-3.828825,-2.608081556323268,-2.8974129081684676,-2.880592511658795,-2.8993405756940454
herroty01,Tyler Herro,val,-1.511612,-1.9371631276074692,-1.6410594811962051,-1.6836807033246624,-1.6008244976958317
hezonma01,Mario Hezonja,train,-2.906937,-3.9004130125233845,-3.92881563682431,-3.8558876737401624,-3.930480823353381
hieldbu01,Buddy Hield,train,-3.165419,-3.137862319716671,-3.6077357982951375,-3.6455359669503844,-3.60868299153252
hieldbu01,Buddy Hield,train,-1.535631,-1.8850109418554946,-1.5185277083997724,-1.685991120660415,-1.489886281116632
hieldbu01,Buddy Hield,test,-2.700878,-2.126567354065096,-2.1059276805847684,-2.258358066160043,-2.1206853257948626
highsha01,Haywood Highsmith,test,-3.257585,-3.5113879883088277,-3.421534034200736,-3.5162646989406765,-3.4155578342763264
hilarne01,Nenê,train,-3.305908,-1.93935740515587,-2.532915203009711,-2.534589106578139,-2.532351322317776
hilarne01,Nenê,train,-2.390046,-2.243581571215298,-3.2309874483932215,-3.192587512069682,-3.231089273029704
hillge01,George Hill,train,-1.65162,-2.5833166163003085,-2.0272131550637775,-1.9327678868562232,-2.0331522453339645
hillge01,George Hill,train,-2.431911,-2.4117760194737947,-2.8028650027163726,-2.7830061017658014,-2.795509803284877
hillge01,George Hill,train,-3.335894,-2.7160001855332228,-3.1118520170719552,-2.9771212272280496,-3.1077136520681745
hillida01,Darrun Hilliard,train,-4.430817,-3.9915847485329543,-4.1019241791806955,-4.042259517901131,-4.1045297155815765
hilljo01,Jordan Hill,train,-3.158521,-3.1325758667990518,-2.8522584932229322,-2.734470726916864,-2.858515660559599
hillso01,Solomon Hill,train,-2.059908,-2.5927799641579763,-2.9578590740816817,-2.8898419088214817,-2.9556631573187406
hinriki01,Kirk Hinrich,train,-3.114547,-2.694389774534408,-2.6859299081242325,-2.6338846647637575,-2.6894003115718035
holidaa01,Aaron Holiday,test,-3.380348,-3.1336717037510873,-3.2530632197744787,-3.3112390978958306,-3.2515703483027862
holidjr01,Jrue Holiday,train,-1.369215,-1.650802591179154,-1.7530181775629392,-1.767560579768778,-1.7637253103861354
holidjr01,Jrue Holiday,train,-1.298515,-1.4041429370000982,-1.6692416766581333,-1.6106478513958122,-1.6838733687588716
holidjr01,Jrue Holiday,test,-1.522165,-1.1468320417603275,-1.6418628784895137,-1.7633870675999683,-1.6646048343202269
holidju01,Justin Holiday,train,-4.268698,-3.9020200233588276,-3.9764009772605733,-3.978179205730717,-3.99597251300845
holidju01,Justin Holiday,train,-3.091981,-3.730479426532314,-3.46974926747594,-3.481502372392676,-3.482987506215586
holidju01,Justin Holiday,train,-2.899761,-3.238590806663447,-3.0096681057938186,-3.0572800130086275,-3.018941978694475
holliro01,Rondae Hollis-Jefferson,train,-3.937341,-4.095650107778792,-4.128125631549054,-4.175963595822617,-4.128398747419421
holmeri01,Richaun Holmes,train,-4.212485,-3.5823357711514285,-3.786478927104374,-3.7050111386117743,-3.7906477741693214
holmeri01,Richaun Holmes,train,-3.106462,-3.2507855716807215,-3.0526975657568403,-3.0898817271887373,-3.045559569944831
holmeri01,Richaun Holmes,train,-2.268601,-2.0778378064752543,-2.0222312994312452,-2.0024943807852242,-2.011226879661796
holmeri01,Richaun Holmes,test,-2.478892,-2.2906273656966523,-3.163687347882899,-3.2645681009210135,-3.170631019531241
holmgch01,Chet Holmgren,test,-1.065072,-1.5200495265437575,-1.6155911478315632,-1.496393747196943,-1.5779493835773253
hoodro01,Rodney Hood,train,-3.866534,-3.9254460616843323,-3.897277778425675,-3.8308148966762303,-3.8951771588046835
hoodro01,Rodney Hood,train,-2.92619,-3.1714619912725275,-2.83656070104642,-2.8879447383748746,-2.8318752039790933
hoodro01,Rodney Hood,train,-2.346029,-3.5657352066883563,-3.2366840316821732,-3.2257866730500453,-3.236705921362619
horfoal01,Al Horford,train,-1.203721,-1.6211176411199182,-1.2774488553424028,-1.2794183012523808,-1.262281088400191
horfoal01,Al Horford,train,-1.387578,-1.5527855788453182,-1.5133935907578047,-1.597611788275882,-1.4993753417693232
horfoal01,Al Horford,val,-2.635542,-1.867660985965461,-1.9102121001525547,-1.928458041318674,-1.8916905450215205
horfoal01,Al Horford,test,-3.278986,-1.9896933141376607,-2.2316274779596026,-2.2354376047997984,-2.2270001008114653
horfoal01,Al Horford,test,-3.19126,-2.092901848689574,-2.6988149801959564,-2.6822999794416655,-2.68468587235773
hortota01,Talen Horton-Tucker,train,-4.51031,-4.249165454432619,-4.279376866222925,-4.4088050262156155,-4.2815941184351285
hortota01,Talen Horton-Tucker,train,-2.391016,-2.9486474930513724,-2.9665419663961754,-2.874420067964357,-2.974200924997341
houseda01,Danuel House Jr.,train,-4.873319,-4.454350891685803,-4.380855047160422,-4.458145001679965,-4.381723182710046
houseda01,Danuel House Jr.,train,-3.379804,-3.0680626318912987,-3.1790219366229184,-3.208586336824718,-3.1837954209069768
houseda01,Danuel House Jr.,val,-3.380033,-3.2366388569304,-3.7603333866443354,-3.7961017180244223,-3.7674749568193704
houstca01,Caleb Houstan,val,-4.098437,-3.3581324641330266,-3.6211091244211984,-3.6906669483407195,-3.624065687453115
howardw01,Dwight Howard,train,-1.387814,-1.9763981559792851,-1.7411854006262382,-1.6761290286618609,-1.7216583416472664
howardw01,Dwight Howard,train,-2.928072,-2.280622322038713,-1.752561482108327,-1.6621372403163264,-1.7329886225631206
huertke01,Kevin Huerter,test,-2.939231,-2.6482260404127755,-2.6502321530434405,-2.7705468668658844,-2.6590863693360514
huertma01,Marcelo Huertas,train,-4.116285,-3.9460685731705047,-4.077762953280548,-4.165408108669496,-4.072111228476775
huestjo01,Josh Huestis,train,-4.095774,-4.068530971187765,-4.0005409159077185,-4.079972190382842,-3.9984308845499994
humphkr01,Kris Humphries,train,-2.653512,-1.9082125037936268,-2.330227926508163,-2.3467046564827454,-2.337863672763564
huntede01,De'Andre Hunter,val,-1.799294,-1.8829248544254156,-2.12921256277531,-2.0876938530046596,-2.139808999067264
ibakase01,Serge Ibaka,train,-1.520284,-2.3820619725346823,-1.866529895236562,-1.7988030145540768,-1.8946225445239624
ibakase01,Serge Ibaka,train,-2.442393,-2.891580521044769,-2.6860583957216617,-2.6052980340775287,-2.6862553535890887
ighodos01,Oso Ighodaro,test,-4.265265,-3.4845286741958277,-3.692786686361149,-3.8276192836883403,-3.6943809940462935
iguodan01,Andre Iguodala,train,-1.82347,-1.9949322290699776,-2.1628551672984884,-2.2596023623382093,-2.165681164358426
iguodan01,Andre Iguodala,train,-1.984581,-2.013163072700352,-2.7287911912523564,-2.685427577665499,-2.7353588855861974
ilyaser01,Ersan İlyasova,train,-2.677778,-2.2279596118468254,-2.31740249011553,-2.3682664491654934,-2.3153853068412924
inglejo01,Joe Ingles,train,-3.483027,-3.7153679916037543,-3.4806651111872413,-3.45617546617203,-3.473904831293278
inglejo01,Joe Ingles,train,-2.031109,-2.592297869005357,-2.5253672842933965,-2.535487368932338,-2.5185852286532313
inglejo01,Joe Ingles,val,-2.514914,-2.9793279616906294,-2.919579962300869,-2.929475470226578,-2.9160752357675364
ingrabr01,Brandon Ingram,train,-1.237893,-2.397408731205536,-1.7060313717614293,-1.470032246172929,-1.7101966984663253
ingrabr01,Brandon Ingram,test,-1.447576,-2.1998012180281803,-2.277844157577474,-2.276101627554479,-2.298360079515974
irvinky01,Kyrie Irving,train,-1.311452,-0.894461865826016,-0.8055920528314195,-0.7878997037955071,-0.8131630675405352
irvinky01,Kyrie Irving,train,-1.162601,-1.8007618738867293,-1.3695970236002748,-1.351839493922184,-1.3845948541694795
irvinky01,Kyrie Irving,val,-1.17514,-2.122424276084814,-1.662262024260868,-1.688934121596269,-1.6144494711641304
irvinky01,Kyrie Irving,test,-1.365098,-2.139862512223471,-1.8796856290503283,-1.9296384628071226,-1.8318368576455728
isaacjo01,Jonathan Isaac,train,-1.861417,-2.15521474841862,-2.0863876890977298,-1.9373679898829488,-2.124528001397615
iwundwe01,Wes Iwundu,train,-4.295954,-3.8547581013197583,-3.9311413492117104,-4.033423345246812,-3.9313825429933145
iwundwe01,Wes Iwundu,train,-4.133016,-3.850165238519154,-3.8283443194147586,-3.765346991212279,-3.8258221317833736
jacksan01,Andre Jackson Jr.,val,-4.265706,-3.3497881144127106,-3.649383816330029,-3.9185594208988066,-3.6499500371287104
jacksfr01,Frank Jackson,train,-4.35967,-4.022876059984139,-4.146939458280324,-4.222037091559248,-4.145629068273575
jacksfr01,Frank Jackson,train,-4.133016,-3.915074662631621,-4.0691638514981,-4.14028578757512,-4.0616186640725935
jacksfr01,Frank Jackson,train,-3.598884,-3.5881173259615187,-3.638666535687917,-3.5390956412735313,-3.640989450995767
jacksgg01,GG Jackson II,val,-4.157725,-3.3477020269826316,-3.639413680659378,-3.745288500602186,-3.6377329784866967
jacksis01,Isaiah Jackson,test,-3.095235,-3.02658226466232,-3.2578058186690644,-3.2608366141831593,-3.2330184075590576
jacksjo02,Josh Jackson,train,-3.106462,-3.8750098319652757,-3.7989075657563625,-3.7285348449382036,-3.801398928821403
jacksre01,Reggie Jackson,train,-1.475907,-1.8798156436350284,-1.8918668596955188,-1.733574036476792,-1.8991658053324558
jacksre01,Reggie Jackson,train,-2.342642,-2.742610499206243,-2.8223392310687228,-2.7343122896501506,-2.8221396855743524
jacksre01,Reggie Jackson,val,-3.278679,-2.571069902379729,-2.9936144754121448,-3.0854955255411456,-2.9964076788115963
jackstr02,Trayce Jackson-Davis,val,-4.265706,-3.274688966929867,-3.578375549546531,-3.6565017550613,-3.5809818727144203
jamesbr02,Bronny James,test,-4.265265,-3.5366808599478023,-3.84115621525068,-4.0770971078546205,-3.845525451822267
jamesle01,LeBron James,train,-1.094893,-2.0022880298341574,-0.6445114386624002,-0.8567964577000104,-0.6409943841646886
jamesle01,LeBron James,train,-1.038257,-1.543961503086872,-0.696399502936301,-0.9250379071613652,-0.7121946031036055
jamesle01,LeBron James,train,-0.976281,-1.0856349763395872,-0.2692352701945464,-0.5877332568822489,-0.27379509619156384
jamesle01,LeBron James,train,-0.96495,-1.4862806818729868,-0.9441019971632487,-0.9883082933699998,-0.9493388706405703
jamesle01,LeBron James,val,-1.010635,-1.023675404182558,-0.6755263343917948,-0.7435949304024962,-0.6628398536881117
jamesle01,LeBron James,test,-1.020302,-1.7115215445971002,-1.2864703565962665,-1.5773129655487597,-1.280748580669223
jamesle01,LeBron James,test,-3.757689,-1.7289597807357566,-1.5587771947672042,-1.7273969930505637,-1.5656936305032207
jamessi01,Sion James,test,-4.127859,-3.5158199856470125,-3.7441079100413335,-3.871045202043256,-3.752256097646925
jeffeal01,Al Jefferson,train,-2.24223,-2.11531089062256,-2.2902320633406776,-2.2017000940340425,-2.289910705960856
jefferi01,Richard Jefferson,train,-3.615279,-1.9748208914672127,-2.7299335501301503,-2.8149390731190507,-2.7323364655599898
jeffrda01,DaQuan Jeffries,test,-3.934233,-2.5401633456830153,-4.109029460672996,-4.347929748899821,-4.1363598595190405
jerebjo01,Jonas Jerebko,train,-2.639057,-3.2266905149326246,-3.1007367349537818,-3.0524207008588977,-3.0886312437375025
jerebjo01,Jonas Jerebko,train,-3.185072,-3.055149918106111,-3.225018903136222,-3.2170830589238393,-3.2123709772521907
jeromty01,Ty Jerome,val,-4.0734,-3.4733302592419815,-3.7463525013358248,-3.841278174026511,-3.765254892587502
jeromty01,Ty Jerome,test,-2.81977,-2.826024899529526,-2.7138230091524336,-2.758934004320767,-2.702918009562599
joeis01,Isaiah Joe,train,-4.356159,-4.208405405086044,-4.142570249995963,-4.195620904998509,-4.140127470126666
joeis01,Isaiah Joe,val,-4.126016,-3.0925875257268225,-3.3661752915100065,-3.4225609727979838,-3.3885500885330417
joeis01,Isaiah Joe,test,-2.460927,-2.6342609989795376,-2.7284616240767847,-2.7852982450439265,-2.7409442083471514
johnsal02,Alize Johnson,train,-4.505905,-4.484038210859528,-4.233351318610088,-4.314675771584028,-4.231335823386613
johnsal02,Alize Johnson,train,-4.131628,-3.5735147139509653,-3.790743522903234,-3.8204787141430674,-3.781582465664462
johnsam01,Amir Johnson,train,-1.763589,-2.950604832822143,-2.5552016806045277,-2.376275404542961,-2.563805081540184
johnsca02,Cameron Johnson,val,-1.750504,-2.540387064625983,-2.3387210178505633,-2.3493008604418586,-2.3330396569914127
johnsja01,James Johnson,train,-3.227875,-3.10470719351,-3.097097560660768,-3.0593350796936405,-3.12087475224273
johnsja01,James Johnson,train,-1.926518,-2.3716315353842874,-2.286718745641917,-2.3541005769297616,-2.3024631056506193
johnske07,Keon Johnson,test,-4.132684,-3.390982598990858,-3.8639428887850156,-4.0303804139395965,-3.878807045968978
johnsst04,Stanley Johnson,train,-3.183785,-3.6655402560964765,-3.859947738647875,-3.744902850544378,-3.861987082215069
johnsst04,Stanley Johnson,train,-3.380253,-2.997326484097928,-3.31115769469494,-3.391691725826004,-3.305852986401841
johnsty01,Tyler Johnson,train,-4.537209,-4.525277864308489,-4.381683066292535,-4.369880011326242,-4.380352622992214
johnsty01,Tyler Johnson,train,-4.892852,-4.163129943503613,-4.022612452785102,-4.123722699523083,-4.0360035709954865
johnsty01,Tyler Johnson,train,-2.019086,-2.3434777335748436,-2.6594167609771726,-2.6501167286949,-2.6699825870024396
johnswe01,Wesley Johnson,train,-4.095774,-3.1568593792619746,-2.843490704867361,-2.9274949583983942,-2.854645125965701
johnswe01,Wesley Johnson,train,-2.775528,-2.595324317962776,-2.6728731503157035,-2.6908544367072915,-2.6826199872781498
jokicni01,Nikola Jokić,train,-3.941011,-3.858075153007899,-3.843477542327208,-3.8375135111380523,-3.8476621118345373
jokicni01,Nikola Jokić,train,-1.237942,-1.996022130327453,-1.2658169465625906,-1.4550159269640015,-1.2685529380928002
jokicni01,Nikola Jokić,val,-0.901412,-0.8441199037142053,-0.4626431379287368,-0.8928120288578616,-0.46232851375159356
jonesco02,Colby Jones,val,-4.127767,-3.5429391222380393,-3.744240037624273,-3.8526106360020966,-3.7471678930761865
jonesda03,Damian Jones,train,-4.077446,-3.4711117356367773,-3.6635413827843175,-3.7201914204559783,-3.6590514376717036
jonesda03,Damian Jones,val,-3.92345,-3.008506457946348,-3.1527353830100893,-3.215386306664531,-3.147344152742779
jonesde02,Derrick Jones Jr.,train,-4.419652,-3.8104681701354806,-3.9783755155363547,-3.9511849771432015,-3.9804853785832197
jonesde02,Derrick Jones Jr.,train,-4.166263,-3.461479734526117,-3.9744161939151192,-3.979439389065787,-3.980759104593268
jonesde02,Derrick Jones Jr.,train,-2.442393,-3.5810038185635182,-3.1128175469326393,-2.999298463639945,-3.125475327915884
jonesde02,Derrick Jones Jr.,val,-3.629652,-3.25749973123119,-3.4781503200518156,-3.5814957529087277,-3.478223099693748
jonesde02,Derrick Jones Jr.,test,-2.643249,-2.799173204483905,-2.952431761336846,-3.053782963677007,-2.9703585576311027
joneshe01,Herbert Jones,train,-4.149327,-3.8318111395888894,-3.9649295405992024,-3.9429975305965836,-3.962453040869066
joneshe01,Herbert Jones,val,-2.313273,-2.720272011172813,-2.4001913304668,-2.4347038687996996,-2.392096806353493
joneshe01,Herbert Jones,test,-2.021755,-2.304210630349285,-2.5833674249266783,-2.759843685532699,-2.58437940788111
joneska03,Kam Jones,test,-4.265267,-3.557541734248592,-3.763036495799981,-3.9696154581894754,-3.7664720681177073
jonessp01,Spencer Jones,test,-3.365749,-3.3168583841255606,-3.2146854008703487,-3.349104694500979,-3.2190577245153986
jonestr01,Tre Jones,val,-2.661517,-3.6298390745630984,-2.979569562862882,-3.0476535092784482,-2.9801191100910267
jonestr01,Tre Jones,test,-2.961704,-2.9326560722435726,-3.0747708076692555,-3.1700512687730837,-3.0760339638266774
jonesty01,Tyus Jones,train,-3.978468,-4.13945794381045,-4.1344481762978385,-4.056509388605972,-4.137795627888317
jonesty01,Tyus Jones,train,-2.51788,-2.554069346653318,-2.7263728102952385,-2.7223783979810685,-2.715696920272237
jonesty01,Tyus Jones,val,-2.143347,-3.2139332765721322,-3.1079767359878323,-3.227396460110413,-3.1025332642701136
jordade01,DeAndre Jordan,train,-1.162009,-1.9294848851596278,-1.3726518635728193,-1.4233791688618442,-1.344334854332633
jordade01,DeAndre Jordan,train,-2.390046,-1.775382524471771,-1.9427002215884992,-2.0172671659974752,-1.9435638413422576
jordade01,DeAndre Jordan,test,-3.756431,-2.1265199613508567,-3.0989953379442907,-3.165476927198821,-3.0898236288493717
josepco01,Cory Joseph,train,-2.237266,-2.133412630389362,-2.566986020312865,-2.5292374861498264,-2.5697639875642095
josepco01,Cory Joseph,train,-2.174935,-2.455075032587447,-2.4979284928012793,-2.463352761078342,-2.498291284880052
josepco01,Cory Joseph,train,-3.105775,-2.759299198646875,-3.03411413737734,-2.937455557981934,-3.0394953372472675
josepco01,Cory Joseph,test,-3.72648,-2.5019883034071047,-3.601509887074627,-3.662343455054671,-3.597851734849253
juzanjo01,Johnny Juzang,test,-3.895887,-2.9403007742165674,-3.4467169289798223,-3.593865087298874,-3.461921230685736
kalkbry01,Ryan Kalkbrenner,test,-4.127859,-3.440720838164169,-3.6276806962392065,-3.711143512445405,-3.634968724129697
kaminfr01,Frank Kaminsky,train,-3.266417,-3.8586912639218047,-3.871996508317822,-3.8046618660220797,-3.872217837588104
kanteen01,Enes Freedom,train,-1.386294,-1.5876981966127701,-1.5616172185971262,-1.4913344412024707,-1.5749151784419424
kellyry01,Ryan Kelly,train,-3.584507,-2.3954567814724896,-3.298224969778983,-3.2393103701463217,-3.2861981024676346
kellyry01,Ryan Kelly,train,-2.19646,-1.5210688739016773,-2.5510996298862088,-2.487536880581775,-2.5445564387538
kellyry01,Ryan Kelly,test,-2.843921,-3.0052194927470777,-3.5929104985480924,-3.7600248614437883,-3.590230253561269
kennalu01,Luke Kennard,train,-2.102363,-2.4920667766612867,-2.6793501608493435,-2.6135080031011544,-2.6609104601538176
kennalu01,Luke Kennard,test,-3.30949,-3.0215318054448286,-2.9725540445495997,-3.180497233768211,-2.9837285471270607
kesslwa01,Walker Kessler,test,-1.6593,-1.976086299693506,-1.8846025166366704,-1.7529115607717949,-1.8541926367919586
kiddgmi01,Michael Kidd-Gilchrist,train,-1.979866,-1.6751712345895342,-1.9541406141499515,-1.9229773264553505,-1.9784336769592243
kilpase01,Sean Kilpatrick,train,-4.342806,-4.010977997282971,-4.294407395413163,-4.320010213433797,-4.303093280791672
kilpase01,Sean Kilpatrick,train,-4.832497,-3.7405076168476885,-3.715151651303523,-3.8096992072343285,-3.712204706315534
kilpase01,Sean Kilpatrick,train,-3.897751,-3.5689670200211747,-3.6871468646655905,-3.7260606475195583,-3.7022318767033693
klebima01,Maxi Kleber,train,-4.505304,-4.601607976049394,-4.429240414659288,-4.467416363585562,-4.429558311219858
klebima01,Maxi Kleber,train,-2.50658,-2.8253252517822047,-2.8520149640606,-2.8173201934547505,-2.8649892239135957
klebima01,Maxi Kleber,val,-2.514914,-2.3234935725454204,-2.4647092229677545,-2.5029779046123393,-2.4743603414933717
knighbr03,Brandon Knight,train,-1.905758,-1.402747202899297,-1.5500954048683027,-1.5584834180297413,-1.5518249700517874
knighna01,Nathan Knight,val,-4.167778,-3.5607568079978913,-3.901363164147157,-4.014344230381646,-3.8899302478233877
knoxke01,Kevin Knox,val,-3.718883,-3.2426296776752315,-3.6564931125237914,-3.750162712313217,-3.652111163882525
kolekty01,Tyler Kolek,test,-4.128259,-3.567972171398987,-3.9290302447884655,-4.0945886691465105,-3.931507244091354
kolokch01,Christian Koloko,val,-4.259786,-3.9811543113825594,-3.961808592712559,-4.073164331540194,-3.96089952453582
konchjo01,John Konchar,train,-3.881701,-3.2647428539617467,-3.982813592155363,-4.01550185208901,-4.011741044622905
konchjo01,John Konchar,val,-3.066983,-2.557616792274304,-2.8767554224865486,-3.0329789968219183,-2.9017384505396753
korkmfu01,Furkan Korkmaz,train,-4.167903,-3.680145886665012,-3.7338952392136253,-3.8055527663558895,-3.744812148839412
korkmfu01,Furkan Korkmaz,train,-3.112751,-3.032840526952557,-3.0163128450615098,-2.86093749008531,-3.017588967138486
kornelu01,Luke Kornet,train,-3.881701,-3.7918865590594857,-3.73406413168978,-3.7659643112683927,-3.725808721682852
kornelu01,Luke Kornet,val,-3.995515,-3.5844533064267847,-4.169125153472669,-4.09432712279863,-4.168490604305314
kornelu01,Luke Kornet,test,-2.721211,-2.3257352428080607,-2.3036276072297075,-2.231739853963054,-2.302620965843281
korveky01,Kyle Korver,train,-2.603629,-2.1043990259121284,-2.2958231634251094,-2.3870381357907373,-2.3029525151647494
koufoko01,Kosta Koufos,train,-2.141317,-1.9712066337612075,-2.454799030935617,-2.2489709003388576,-2.455171957547321
krejcvi01,Vít Krejčí,train,-4.266347,-3.567972171398987,-3.675495301275013,-3.896928183394997,-3.6782218045045596
krejcvi01,Vít Krejčí,test,-4.029543,-2.657448674490425,-3.227394954135352,-3.408009527277101,-3.2284293997991007
kuminjo01,Jonathan Kuminga,test,-1.888409,-3.2716464459815113,-2.753403364592097,-2.6569505468822094,-2.7514390476941273
kurucro01,Rodions Kurucs,train,-4.093059,-3.9748960490923224,-4.130612562342616,-4.155828597865401,-4.131224911688176
kuzmaky01,Kyle Kuzma,train,-2.157239,-2.4607754652101024,-2.56111570823692,-2.5291335899625893,-2.5597972288246624
kuzmaky01,Kyle Kuzma,val,-1.799294,-2.2960218634615304,-1.8562380196240613,-1.8212874187619146,-1.8636616661265852
kuzmimi01,Mindaugas Kuzminskas,train,-3.46301,-4.653760161801369,-4.536789104499085,-4.585000551117097,-4.53676740987685
lambje01,Jeremy Lamb,train,-2.598905,-2.735283882808511,-3.17572681682294,-3.143018013098167,-3.192540690838594
lambje01,Jeremy Lamb,train,-2.341256,-2.771545912567454,-2.4010025220492843,-2.4808816210656244,-2.3878551368483265
landajo01,Jock Landale,train,-4.503053,-4.570316664598209,-4.386384856945021,-4.41856735349995,-4.388307889688444
landajo01,Jock Landale,val,-2.833368,-2.74415629772395,-2.84808666415759,-2.8870366042510347,-2.8563820018700095
laravja01,Jake LaRavia,test,-3.249386,-3.525534703059149,-3.358253783967943,-3.5405633278144846,-3.346062719500518
larkish01,Shane Larkin,train,-3.84303,-3.736470247277145,-3.5219373194376526,-3.6425005249481637,-3.5137422749298217
larsspe01,Pelle Larsson,test,-4.358047,-3.8130363527181785,-3.905812867639195,-4.051900230057981,-3.907966516764513
lauvejo01,Joffrey Lauvergne,train,-3.698449,-3.357014497559748,-3.907221204744029,-4.009226169202915,-3.9050130501950227
lauvejo01,Joffrey Lauvergne,train,-4.132325,-3.320296340148191,-3.4668385434072446,-3.441962940535254,-3.474779720030702
lavinza01,Zach LaVine,train,-3.402229,-3.942134761124964,-3.9472267500486753,-3.9060916860791455,-3.9458571193778225
lavinza01,Zach LaVine,train,-1.653273,-1.88098140108189,-2.11963877802282,-2.0338500430510744,-2.0922766170747433
lavinza01,Zach LaVine,val,-1.055551,-1.5035455068155632,-1.3452514634284114,-1.5205110050401318,-1.3031333142747321
laymaja01,Jake Layman,train,-4.390664,-4.014531710263823,-4.013772665345091,-4.012865713747364,-4.015031402461059
laymaja01,Jake Layman,train,-3.366441,-2.6127205084755483,-2.800597734422891,-2.9104914860195437,-2.803757146389819
leeco01,Courtney Lee,train,-2.059908,-2.1369977912154905,-2.1133794194901485,-2.094753280068651,-2.12061284629811
leeda03,Damion Lee,train,-4.866399,-4.475211765986593,-4.342872803215674,-4.337670544237277,-4.342887479898248
leesa01,Saben Lee,train,-4.183748,-3.415557381777085,-3.5858530050352084,-3.5317502770219793,-3.585937728609316
lenal01,Alex Len,train,-3.175593,-3.2728251521743807,-2.9610058357278723,-2.9759916034870524,-2.958798832213735
lenal01,Alex Len,train,-3.38063,-3.01551425693461,-2.9626046583384267,-2.9040578657658545,-2.9571371149094894
leonaka01,Kawhi Leonard,train,-1.311452,-1.6553733243585151,-1.2933897798951564,-1.2494491433000947,-1.306438878112517
leonaka01,Kawhi Leonard,train,-1.155156,-2.402922846835472,-1.6324713727508255,-1.691749190279854,-1.6480532911593986
leonaka01,Kawhi Leonard,train,-0.936466,-1.944596320088187,-1.4864050191556684,-1.3470028921451502,-1.5005246583424896
leonaka01,Kawhi Leonard,test,-1.132394,-1.7837069643223884,-1.491642248409617,-1.7530243165106958,-1.516186055503783
leoname01,Meyers Leonard,train,-2.217537,-2.436082693122034,-2.6499629238842335,-2.526961228977112,-2.648107701261897
leuerjo01,Jon Leuer,train,-2.19344,-2.3671895498642344,-2.7936468709913487,-2.80306876800342,-2.793790974364061
leverca01,Caris LeVert,train,-1.830431,-2.3920670161926214,-2.577034144564108,-2.584116151277563,-2.5827598490983776
leverca01,Caris LeVert,val,-2.140221,-3.1951584897014214,-2.6268673874073736,-2.6153230479249823,-2.62576272432256
leverca01,Caris LeVert,test,-2.370105,-3.0236178928749076,-2.6851702457581608,-2.66694400424467,-2.6902499672806286
liggide01,DeAndre Liggins,train,-4.449734,-3.5636491192582778,-4.127854214493079,-4.1488932080471095,-4.160364300834244
lillada01,Damian Lillard,train,-1.213396,-1.2619890946059618,-0.782479925176804,-0.8051279018888846,-0.7934873345718509
lillada01,Damian Lillard,train,-0.908442,-1.3061371777616115,-0.8277270359489948,-0.9305449256299281,-0.8355753659789062
lillada01,Damian Lillard,val,-0.882292,-2.27787012733616,-1.846120359662718,-1.8156955626593463,-1.8615366976235905
lillada01,Damian Lillard,test,-2.402088,-2.215202373486333,-1.5645708415247819,-1.5622662738719355,-1.5746467868715273
linje01,Jeremy Lin,train,-3.466879,-3.3641309039452367,-2.8689124603069347,-2.739051392991777,-2.874455197279615
linje01,Jeremy Lin,train,-1.997977,-2.802595842646038,-2.380717263287276,-2.213661507321297,-2.385189033749954
littlna01,Nassir Little,val,-2.966899,-1.8850109418554946,-2.414246319351415,-2.669696841969319,-2.4398534160076695
liveris01,Isaiah Livers,train,-4.325652,-3.7775728664068358,-3.944672734494125,-3.874006764295749,-3.949811408979318
livinsh01,Shaun Livingston,train,-2.43157,-2.4892019681667357,-2.7045266660696283,-2.7743684317415185,-2.7102022434064974
livinsh01,Shaun Livingston,train,-2.529618,-2.231891072926965,-2.9262129842282008,-2.84550431918059,-2.9257728644864094
looneke01,Kevon Looney,train,-4.104395,-3.7072620046980562,-3.835671404831859,-3.8493352005514727,-3.8313854547793555
looneke01,Kevon Looney,train,-3.119166,-2.6989314108338927,-2.7900369768311983,-2.8049597679726554,-2.7873034904157343
looneke01,Kevon Looney,val,-2.802592,-2.580721705952223,-2.5036796984388543,-2.457454667365253,-2.501467286368437
looneke01,Kevon Looney,test,-2.961704,-2.799175573598394,-2.5667326740978846,-2.4587298313111137,-2.5697432362006634
lopezbr01,Brook Lopez,train,-1.196068,-2.369786161734227,-1.836816763456198,-1.7878935117786479,-1.8223197760080316
lopezbr01,Brook Lopez,train,-2.127682,-1.5509402051952577,-1.6093923821823857,-1.5609142081723724,-1.5748322838900968
lopezbr01,Brook Lopez,val,-1.734755,-2.159388537314114,-1.730724135262044,-1.831531503259983,-1.6958758923085564
lopezbr01,Brook Lopez,test,-2.847259,-1.9878479404876002,-1.7785727929413684,-1.730261746462332,-1.753528584839127
lopezro01,Robin Lopez,train,-1.645806,-1.896107486278364,-2.0997126114755753,-1.9699465798036981,-2.0944736905489005
lopezro01,Robin Lopez,train,-3.106462,-2.5045558183972205,-2.907112378394609,-2.9745225214503397,-2.902776145665405
loveke01,Kevin Love,train,-1.425097,-0.8125174420189061,-0.8405449797593207,-0.9302519658975044,-0.848896277345673
loveke01,Kevin Love,train,-1.288106,-1.0309713096650774,-1.2252477210385349,-1.2797212141930407,-1.2378315825714967
loveke01,Kevin Love,val,-3.54417,-2.2240572476465625,-2.7407837380015545,-2.7957423485273343,-2.7344004493930307
loveke01,Kevin Love,test,-3.559539,-2.327265782198476,-2.6486508159537956,-2.606692860575634,-2.640775492625521
lowryky01,Kyle Lowry,train,-1.659259,-1.987654619421821,-1.502021701650504,-1.5737874301576302,-1.5078702191920565
lowryky01,Kyle Lowry,train,-1.089501,-2.395087320033163,-1.6917791228382821,-1.7223708849245287,-1.7014438525966196
lowryky01,Kyle Lowry,train,-1.37815,-1.5607184215004228,-1.7082502177170578,-1.4194314343129177,-1.7102457343518425
lylestr01,Trey Lyles,train,-3.419943,-3.8712077885022786,-3.9430844001616725,-3.8778513582106804,-3.943113237056697
lylestr01,Trey Lyles,train,-2.987883,-3.2029940165037307,-3.0533386223344685,-3.087353509793897,-3.0445849809973544
lylestr01,Trey Lyles,train,-3.78023,-3.031453419677217,-3.481273763157467,-3.461572807376082,-3.463680077137902
lylestr01,Trey Lyles,val,-2.833368,-3.048891655815874,-3.026208335172891,-3.114845252420823,-3.0247566109192494
macksh01,Shelvin Mack,train,-3.254904,-3.116524737935735,-3.1459078299097953,-3.09390846592128,-3.1408129505969824
macksh01,Shelvin Mack,train,-2.804299,-3.2851009629748362,-3.1342188017330095,-3.1289301328192187,-3.128368710097141
mahinia01,Ian Mahinmi,train,-1.772226,-1.9531813835885214,-2.180230891810713,-2.158535586453033,-2.1734870083463056
maledth01,Théo Maledon,train,-4.016291,-4.376523363750424,-4.2604438037012144,-4.357844735468183,-4.256630569700995
mamuksa01,Sandro Mamukelashvili,test,-4.074161,-3.2403551345303265,-3.510685775792317,-3.7057769384977126,-3.505207093516013
mamuksa01,Sandro Mamukelashvili,test,-2.571506,-2.342156500703287,-2.4828704146238785,-2.7425803346692477,-2.4926715853436967
mannte01,Terance Mann,train,-4.332629,-3.8130363527181785,-3.9891590046280156,-4.164038211367023,-3.990965234646143
mannte01,Terance Mann,train,-2.4196,-2.9327412031910303,-3.0309278395215595,-3.0322929807558703,-3.0459689642376486
mannte01,Terance Mann,test,-2.28961,-2.1996655450653178,-2.2332982526994467,-2.305044240436221,-2.2446073930718224
manntr01,Tre Mann,test,-2.961704,-3.0330289826673824,-3.1703749127672336,-3.2433579846098612,-3.180751189426896
marjabo01,Boban Marjanović,train,-2.598905,-3.282555941577454,-3.2040745725799313,-3.272780906522309,-3.21230219993981
marjabo01,Boban Marjanović,train,-3.439868,-3.5010098092236257,-3.344411792365691,-3.341548909400165,-3.3506140354356453
marjabo01,Boban Marjanović,train,-3.469426,-3.2795915697900417,-3.6926578480232024,-3.761935659095735,-3.7042045328365734
markkla01,Lauri Markkanen,train,-1.8968,-1.986516736843901,-2.022608174873108,-1.9137187640104232,-2.0139567104316622
marshna01,Naji Marshall,test,-2.748609,-3.2570414648564694,-3.159290649283659,-3.184223882737137,-3.158017929542987
marshna01,Naji Marshall,test,-2.38183,-2.365215321147,-2.1369476817640436,-2.1429617194822406,-2.142994537679874
martica02,Caleb Martin,train,-4.356159,-4.009877440251046,-4.097687853590078,-4.188969304053078,-4.098250288917632
martica02,Caleb Martin,val,-2.900083,-3.0993539433424835,-3.1701774118549473,-3.304693839262428,-3.1808942943049714
martica02,Caleb Martin,test,-2.775638,-2.5911497739881284,-2.598615034293944,-2.5589043234977877,-2.6100918129002046
martico01,Cody Martin,train,-4.293855,-4.022876059984139,-4.064922401699294,-4.183459409558786,-4.065453546463217
martico01,Cody Martin,val,-2.758257,-2.636587800189635,-2.6300057528860146,-2.777400184949208,-2.6356809987523087
martija01,Jarell Martin,train,-4.017384,-4.049756184317054,-4.027046605784695,-4.1070271155584255,-4.0233341610762725
martike03,Kelan Martin,train,-4.238376,-4.12467298852498,-4.356878714861001,-4.505155493828639,-4.361256619502141
martike04,KJ Martin,train,-4.265731,-3.628336270696152,-3.847249915252213,-3.878586981090857,-3.8471575576201786
martity01,Tyrese Martin,val,-4.502685,-4.28880111560412,-4.144414439485875,-4.205284739718066,-4.143968254505937
masonfr01,Frank Mason III,train,-4.26436,-4.054167371435324,-4.152741564172367,-4.250364708087121,-4.1555672202231175
matkoka01,Karlo Matković,test,-4.358047,-3.7796589538369147,-3.7326329690898064,-3.8535680003064616,-3.731342607819312
matthwe02,Wesley Matthews,train,-1.386294,-2.0961304981933457,-1.7054421446697932,-1.640871429846933,-1.682195934291647
matthwe02,Wesley Matthews,train,-3.725648,-2.893557663277373,-2.808281731236452,-2.8163503478020813,-2.811149089439425
maxeyty01,Tyrese Maxey,test,-1.237887,-2.0854831760408308,-1.252392651049502,-1.088886015903534,-1.2742704082662268
mbahalu01,Luc Mbah a Moute,train,-3.733885,-2.868257172571019,-3.2290364365426036,-3.232029997899945,-3.2127507968757083
mcadoja01,James Michael McAdoo,train,-4.931692,-4.2603209295453075,-4.419810177779596,-4.61191149115985,-4.411739336859593
mcbrimi01,Miles McBride,train,-4.357545,-3.8547581013197583,-4.080157808914029,-4.10907806431967,-4.081387548639427
mcbrimi01,Miles McBride,val,-3.479497,-2.789762869770583,-3.552866963244254,-3.682335276651848,-3.545803868794748
mccaija01,Jared McCain,test,-3.364354,-3.3789933384338164,-3.691324641115826,-3.8124546355464393,-3.69392888208549
mccawpa01,Patrick McCaw,train,-4.873319,-4.548706921191976,-4.366520176252125,-4.576283874118408,-4.362340046940417
mccawpa01,Patrick McCaw,train,-3.525075,-3.523730698680874,-3.424479432396166,-3.492019339343222,-3.4403907862842593
mccawpa01,Patrick McCaw,train,-3.306337,-3.6381834242834143,-4.179442649602432,-4.246826291289839,-4.197245694438671
mccolcj01,CJ McCollum,train,-1.318914,-2.033363863171121,-1.559786358699468,-1.5590811444379362,-1.5220137978598123
mccolcj01,CJ McCollum,train,-1.186074,-2.251817730817292,-1.5385336060345929,-1.4618878841711385,-1.503386905443616
mccolcj01,CJ McCollum,val,-1.447073,-2.4702715984634636,-1.8760712498431258,-1.8319625371011345,-1.8837012564030688
mccontj01,T.J. McConnell,train,-3.439868,-3.709618552231524,-3.312273200897269,-3.2377027077967635,-3.3083665392128747
mccontj01,T.J. McConnell,train,-2.593957,-2.5366707870260568,-2.493736928635621,-2.4528179325364134,-2.488619340632873
mccontj01,T.J. McConnell,test,-2.620777,-1.6089519875104004,-2.287456104213239,-2.4323803577224536,-2.2894499947389795
mcculch01,Chris McCullough,train,-4.095774,-4.1311135940901345,-4.083540357468939,-4.110516251601919,-4.081196300023432
mcdanja01,Jalen McDaniels,train,-4.265731,-3.3581324641330266,-3.662933333103515,-3.7496227753629157,-3.6628958848914737
mcdanja01,Jalen McDaniels,val,-3.380252,-3.5023470275482618,-2.962119707668383,-2.9173168390986093,-2.967104203075609
mcdanja02,Jaden McDaniels,val,-1.680074,-1.482259239022317,-1.5540728828380979,-1.5449889221311308,-1.5781947909368508
mcdankj01,K.J. McDaniels,train,-3.066768,-3.5706790898228618,-3.266689873568942,-3.359892229908355,-3.297560383411002
mcderdo01,Doug McDermott,train,-3.298298,-4.07896140833816,-4.060599659743831,-4.031715214095111,-4.06014445847044
mcderdo01,Doug McDermott,train,-2.631258,-2.93498287345367,-2.979967724540751,-2.904509613871308,-2.987430964537043
mcderdo01,Doug McDermott,train,-2.083131,-2.186384273334187,-2.2789145473027927,-2.288710867257139,-2.2691602686297543
mcgeeja01,JaVale McGee,train,-3.281644,-2.5275027801280894,-2.673224085924738,-2.775458496204579,-2.65253734610678
mcgeeja01,JaVale McGee,val,-3.071198,-1.9834059549675471,-2.358621835287987,-2.460849034170965,-2.3568057254845294
mcgruro01,Rodney McGruder,train,-4.727136,-4.198856273216217,-4.228165808454465,-4.294597840718618,-4.228886301904462
mcgruro01,Rodney McGruder,train,-3.083194,-3.288332776307654,-3.1723684796313494,-3.2134762600829054,-3.1865208402600924
mckinal01,Alfonzo McKinnie,train,-4.505304,-4.653760161801369,-4.443177171099474,-4.471555030335571,-4.44013136371111
mckinal01,Alfonzo McKinnie,train,-4.238425,-3.91477726171932,-4.6287424642826,-4.7884186071946475,-4.6176116173706765
mckinal01,Alfonzo McKinnie,train,-4.091051,-3.082771819984838,-3.650469450151984,-3.6834328389013007,-3.648567514005701
mclaujo01,Jordan McLaughlin,train,-3.95208,-3.415824823322491,-3.613862200555858,-3.623525763422924,-3.605615385958693
mclembe01,Ben McLemore,train,-2.922708,-3.4733302592419815,-3.452508673231646,-3.527582449300631,-3.456031340714895
mclembe01,Ben McLemore,train,-3.927164,-3.301789662415468,-4.019161237637466,-4.170921544214414,-4.039215934115457
mcrobjo01,Josh McRoberts,train,-2.4103,-1.9816370709116025,-2.1293448827747383,-2.145573516981603,-2.131505131987401
meeksjo01,Jodie Meeks,train,-2.30839,-2.6915250535264277,-2.1158986778811397,-2.0749215669017733,-2.088744336115797
meeksjo01,Jodie Meeks,train,-3.387098,-2.909978921172599,-3.346601659525968,-3.468359199346295,-3.3454433348317427
mejrisa01,Salah Mejri,train,-4.471639,-4.136273650313846,-4.109497814630635,-4.088803271874822,-4.108123732926483
mellini01,Nicolò Melli,train,-3.306337,-4.60995232576971,-4.44944395696703,-4.461260108046025,-4.4478256680481465
meltode01,De'Anthony Melton,train,-4.445541,-4.320092427055306,-4.241120398106703,-4.348713233509755,-4.243432220370225
meltode01,De'Anthony Melton,train,-2.535072,-2.8348743836520316,-3.108511444831082,-3.144971028856858,-3.1056301796509467
meltode01,De'Anthony Melton,test,-3.857885,-3.0166100938866456,-3.6959957051382046,-3.8130309868633248,-3.703308113672024
meltode01,De'Anthony Melton,test,-3.30949,-3.1198186284385594,-3.328460751760516,-3.460349300167535,-3.334613016345177
merrisa01,Sam Merrill,train,-4.51031,-4.789705503733996,-4.529733667141863,-4.557237254394767,-4.526395451627034
merrisa01,Sam Merrill,val,-4.167778,-3.6738876243747756,-4.1182144111565036,-4.319336131258488,-4.139717884844387
merrisa01,Sam Merrill,test,-2.789853,-2.415169560756051,-2.7248140809455204,-2.7640233819929483,-2.7398070823014087
metuch01,Chimezie Metu,train,-4.361323,-3.7921754784173887,-3.8684191503332648,-3.8719573188182803,-3.8661034566596966
metuch01,Chimezie Metu,train,-4.125426,-3.2584869607859988,-3.976475650247738,-4.141246604362398,-3.979437911224447
micicva01,Vasilije Micić,val,-2.851871,-3.8194830707232414,-3.993021102201553,-4.226292404512992,-3.994639297594891
middlkh01,Khris Middleton,train,-1.609438,-1.5584230520968385,-1.537149538664554,-1.4056891479696803,-1.5374968579704604
middlkh01,Khris Middleton,train,-1.123099,-1.3544430488019117,-1.3632174223781468,-1.2193381892433734,-1.3667681214608505
middlkh01,Khris Middleton,val,-1.478822,-2.1518702138859385,-2.5309103116712457,-2.6110309959785063,-2.537446569515555
middlkh01,Khris Middleton,test,-3.366601,-1.5922504467316259,-2.274028783296066,-2.323602047582412,-2.2740404837380943
milescj01,C.J. Miles,train,-2.642313,-1.6628393897214977,-2.3118346339201796,-2.1681375399908323,-2.319280822234762
milescj01,C.J. Miles,train,-2.475795,-2.0702720903328395,-2.541762814726017,-2.596894115129985,-2.551548737656396
milleda01,Darius Miller,train,-4.195459,-3.5822882331661257,-3.8491898684152113,-3.90569755586077,-3.84284479585269
milleda01,Darius Miller,train,-2.729022,-3.1534367410998416,-3.298282156294858,-3.3053178765047204,-3.304195514426796
millejo02,Jordan Miller,test,-3.507215,-3.1352995248064457,-3.1239697350662046,-3.34467278001109,-3.128272302102943
millele01,Leonard Miller,val,-4.180441,-3.3268411526818418,-3.5664513456497486,-3.6436084906968107,-3.5683686384078896
millemi01,Mike Miller,train,-3.116334,-2.378668431252426,-2.793608218588669,-2.910866513652396,-2.797092379599163
millemi01,Mike Miller,train,-3.628524,-2.3961066673910825,-3.667498519840608,-3.6840263489409892,-3.6626846018810233
millspa01,Paul Millsap,train,-1.249435,-2.0614189176945175,-1.5039861334367046,-1.6141369877677292,-1.5117164775934029
millspa01,Paul Millsap,train,-1.178332,-2.5546219167191158,-1.8044588895168954,-1.7463144818898169,-1.8158732478921338
millspa02,Patty Mills,train,-2.677829,-2.889755617449124,-2.7607010915261427,-2.671394491453965,-2.7612646777403786
millspa02,Patty Mills,train,-2.111152,-2.1068023167163417,-2.445601701749763,-2.465522020252919,-2.4417371035954325
millspa02,Patty Mills,train,-2.924613,-2.7152506488351977,-3.1633944336485187,-3.247315761438257,-3.162146758611401
millspa02,Patty Mills,val,-2.924383,-2.8184591833871115,-2.7809033492880135,-2.8737090550502877,-2.7819065812233186
miltosh01,Shake Milton,val,-3.303371,-3.3666990865279347,-2.9541657246609874,-2.9277386399154635,-2.966907536073538
miltosh01,Shake Milton,test,-3.8296,-2.313876320349024,-3.0600024760737123,-3.055702857655215,-3.077146813253617
minotjo01,Josh Minott,val,-4.266488,-3.169153631167856,-3.50293644150344,-3.5452918374255784,-3.5024103051510767
minotjo01,Josh Minott,test,-4.132887,-3.399138492996348,-3.9594345138110034,-3.982345044481479,-3.9575181659205603
minotjo01,Josh Minott,test,-3.632378,-3.5023470275482618,-3.5413506331764855,-3.6981065331772554,-3.539173113226532
mirotni01,Nikola Mirotić,train,-2.433376,-3.9290021256305847,-3.874743949013078,-3.8963447527957284,-3.8760391811534607
mitchaj01,Ajay Mitchell,test,-3.976434,-3.315184471353275,-3.5132388474753835,-3.6204637643461464,-3.5215427350034614
mitchda01,Davion Mitchell,test,-2.556238,-3.5086052898384987,-3.054982703273979,-2.9558158161690113,-3.0549528199748193
mitchdo01,Donovan Mitchell,train,-1.237876,-1.4332269779414277,-1.5339747373993553,-1.5362749621605374,-1.4776294963192256
mitchdo01,Donovan Mitchell,test,-1.126991,-1.8391461152736333,-1.2648918432377743,-1.3023987434010906,-1.2077231710414948
mitchdo01,Donovan Mitchell,test,-1.009688,-1.3808195885263481,-1.0762855355535104,-1.2368979203117747,-1.011936466198448
monkma01,Malik Monk,val,-2.544339,-3.37712952367833,-2.7112747593681337,-2.8019128563087694,-2.7087535636923765
monkma01,Malik Monk,test,-1.975676,-2.2540594010799326,-2.3491621727867145,-2.457975715043106,-2.347427275268394
monrogr01,Greg Monroe,train,-1.407469,-2.5767902448720834,-1.8056028550927703,-1.74265439202128,-1.8075592989688951
mooreet01,E'Twaun Moore,train,-4.164369,-3.6173225499826245,-3.387255051257112,-3.4072870879840997,-3.4008141741181546
mooreet01,E'Twaun Moore,train,-2.404749,-2.444374784777157,-2.793969839652288,-2.7978895219537785,-2.8108216843695466
moranja01,Ja Morant,val,-1.237877,-1.4166707146759212,-1.4121696301566655,-1.4194648056436538,-1.418426359926578
moreler01,Eric Moreland,train,-4.39691,-4.13001538802361,-4.097346795110582,-4.032724675045552,-4.098316852527516
moreler01,Eric Moreland,train,-3.993566,-3.2194918911150476,-3.647029070860766,-3.5294380436826733,-3.637930910967403
morrima02,Markieff Morris,train,-2.169054,-1.83285875610352,-1.7473356474496815,-1.760398980543496,-1.7530317814620642
morrima02,Markieff Morris,train,-3.504788,-3.025944694085005,-2.859076934971685,-2.8268107896192296,-2.851514130317367
morrima03,Marcus Morris,train,-2.639057,-1.8891831167156525,-2.1949047264437205,-2.2174097767349847,-2.1984045364281397
morrima03,Marcus Morris,train,-1.920043,-2.336033911375912,-2.1764439288761905,-2.079801328296278,-2.177994496199311
morrimo01,Monte Morris,train,-4.183285,-3.329787083363828,-3.933008684781586,-3.842571178234454,-3.922410413921967
morrimo01,Monte Morris,train,-2.496844,-2.729025620518274,-2.679909606056968,-2.7278622539322592,-2.679560751502861
morroan01,Anthony Morrow,train,-2.940193,-2.970713801310419,-2.9622346578948533,-2.9357876462910846,-2.9694848913143854
mozgoti01,Timofey Mozgov,train,-1.772226,-2.359353355469343,-2.355704687175999,-2.1325894067562654,-2.356151287645411
mudiaem01,Emmanuel Mudiay,train,-3.094764,-4.1311135940901345,-4.12814161132826,-4.104694154509395,-4.129191716040497
muhamsh01,Shabazz Muhammad,train,-4.074293,-3.410747636339612,-3.2186385297642595,-3.1836729576942413,-3.2232507047280508
murrade01,Dejounte Murray,train,-4.081081,-3.2213058169198305,-3.661197718698909,-3.7282231501573353,-3.6584283199936496
murrade01,Dejounte Murray,train,-1.920043,-1.968454439058654,-2.711958040963893,-2.671931866624344,-2.7161782813997517
murrade01,Dejounte Murray,val,-1.593826,-1.6253732454056267,-1.4747632534471575,-1.630054094067507,-1.4372148510248617
murraja01,Jamal Murray,train,-1.025742,-1.4196766161199474,-1.3622807435813027,-1.3579673622021549,-1.3739522906693198
murraja01,Jamal Murray,test,-1.090623,-1.466589886939605,-1.429694163601484,-1.5475349863633001,-1.4517880956819054
muscami01,Mike Muscala,train,-2.986621,-2.7591889340480718,-2.8002001322538175,-2.711631094828102,-2.7966871181427972
muscami01,Mike Muscala,train,-3.927164,-2.726749527579659,-3.0854740261459934,-3.0378297107296284,-3.0860317427982884
muscami01,Mike Muscala,train,-3.469426,-2.744187763718316,-3.151382751714721,-3.193975991533687,-3.1629729429470412
muscami01,Mike Muscala,val,-3.564732,-2.847396298270229,-3.232836437622354,-3.1941954569888864,-3.2361646071501045
mykhasv01,Svi Mykhailiuk,train,-4.252124,-4.12068315693974,-4.137140151741851,-4.200821811518433,-4.134502851451124
mykhasv01,Svi Mykhailiuk,train,-4.131628,-3.3492608503892782,-3.66956688675518,-3.800134019989024,-3.669284915806473
mykhasv01,Svi Mykhailiuk,test,-3.62075,-2.329399262342794,-2.94909057050713,-2.9343482659122864,-2.947801786215307
naderab01,Abdel Nader,train,-4.269156,-3.7921754784173887,-3.808112889889647,-3.9821049607205214,-3.8076214443639484
naderab01,Abdel Nader,train,-3.989821,-3.460625278946682,-3.779913366959099,-3.756624533904661,-3.783774699229332
nancela02,Larry Nance Jr.,train,-4.082981,-4.0372396597365805,-4.11286982204308,-4.04228299911008,-4.116603377571104
nancela02,Larry Nance Jr.,train,-2.276718,-1.83285875610352,-2.046700382888524,-2.241581586897018,-2.0444884042204956
nancela02,Larry Nance Jr.,val,-2.53419,-2.441307088222376,-2.7624163687705736,-2.846414480107556,-2.7528741121521314
nancepe01,Pete Nance,test,-4.163784,-3.808146089005273,-3.8570040913749195,-4.097573844343925,-3.8487667124575276
napiesh01,Shabazz Napier,train,-3.909094,-4.18326577984211,-4.164440637838999,-4.172685391603918,-4.163373624214818
nelsoja01,Jameer Nelson,train,-3.116334,-2.9691389059128355,-2.80438666014755,-2.819029170231402,-2.804797798987253
nelsoja01,Jameer Nelson,train,-2.737038,-2.4076038446136367,-2.914173674743982,-2.896802119314147,-2.9132347142601422
nembhan01,Andrew Nembhard,val,-4.054356,-3.576316521119303,-3.8318532152873455,-3.8391528119779785,-3.8350051764515616
nembhan01,Andrew Nembhard,test,-2.06817,-2.5070425386269837,-2.576751514283169,-2.6346440992918874,-2.5723376589075175
nesmiaa01,Aaron Nesmith,val,-2.547938,-2.3712061418918315,-2.559940651682667,-2.6530503384918673,-2.5733236008669707
nesmiaa01,Aaron Nesmith,test,-2.13102,-2.6754303079512596,-2.6225195349596966,-2.7095921681503725,-2.633612986275936
netora01,Raul Neto,train,-4.353856,-4.075028245736114,-4.045868578254966,-4.104808248586085,-4.047184981394633
netora01,Raul Neto,train,-3.83523,-3.640269511713493,-3.8830471113386116,-3.820219282393335,-3.8754808393057925
niangge01,Georges Niang,train,-4.727136,-3.9707238742321644,-4.018884861468739,-4.0130802878088065,-4.021013639536351
niangge01,Georges Niang,train,-4.124935,-3.145970675736859,-4.289110852715708,-4.349525022176574,-4.2620203707849535
niangge01,Georges Niang,train,-3.513228,-3.3145469007759605,-3.329287901285423,-3.2214770530326966,-3.3138661545301122
niangge01,Georges Niang,val,-2.772743,-2.667241541063505,-2.900384372977231,-2.8926765678732944,-2.8942915532367954
nichoan01,Andrew Nicholson,train,-2.673013,-2.407065924815754,-3.024208642697807,-3.118455117060999,-3.021011636720293
noahjo01,Joakim Noah,train,-1.646282,-2.0199361813510492,-2.6223300176744595,-2.4377459559881203,-2.607288730204696
noelne01,Nerlens Noel,train,-3.995079,-3.2820768831319063,-3.6109260009255433,-3.5644606787252933,-3.598081972300351
noelne01,Nerlens Noel,train,-2.496844,-2.6881024153642947,-2.667786926530966,-2.605949599526525,-2.626214174593305
noguelu01,Lucas Nogueira,train,-3.556379,-4.0455840094568964,-3.8537219750409126,-3.8404655302022914,-3.852191306979923
nowelja01,Jaylen Nowell,train,-6.147919,-3.8422415767392843,-3.982497353652129,-4.058014313379941,-3.9829987867538996
nowitdi01,Dirk Nowitzki,train,-2.023902,-1.7608090093410944,-1.3522899051214954,-1.5864423780811776,-1.3603884280914027
ntilila01,Frank Ntilikina,train,-4.075085,-3.462899822091587,-3.9787508558708202,-3.8456855675480908,-3.970042098531954
nunnke01,Kendrick Nunn,train,-3.088058,-3.6423026734857973,-3.2590594864153744,-3.3018450988023984,-3.2631358777599515
nurkiju01,Jusuf Nurkić,train,-3.556379,-3.943365725383026,-3.930107278215149,-3.8594421477852205,-3.9315946234632704
nurkiju01,Jusuf Nurkić,train,-2.138781,-2.3735000702196642,-2.0170261743319076,-1.9945747372094398,-2.0059788064522994
nurkiju01,Jusuf Nurkić,val,-1.955295,-1.980541233959567,-2.0355423122712994,-2.192487034082188,-2.045599707087442
nurkiju01,Jusuf Nurkić,test,-2.73856,-2.588989566078423,-2.7155161798246192,-2.73410631738062,-2.7221455556694027
nwabada01,David Nwaba,train,-4.959902,-3.9053102253458354,-3.914492300259145,-4.069190448368552,-3.9338694776685514
nwabada01,David Nwaba,train,-4.133016,-3.5818061380135067,-3.798288222895172,-3.884043356162663,-3.7985312032236234
nwabada01,David Nwaba,train,-3.112751,-3.1733572538732915,-3.2853294071792334,-3.172554603809599,-3.299848445985619
nworajo01,Jordan Nwora,train,-4.51031,-4.747983755132417,-4.470093136972636,-4.475540019126072,-4.46643013646071
nworajo01,Jordan Nwora,val,-3.752785,-3.632165875773196,-3.515146032928837,-3.648431839126748,-3.5173025819617982
obryajo01,Johnny O'Bryant,train,-4.354887,-3.914399513620032,-3.977300075446825,-3.945412310390655,-3.9778433274711125
obryajo01,Johnny O'Bryant,train,-4.764477,-3.7707054604613264,-4.351994933350539,-4.50002724611447,-4.335018044457593
ojelese01,Semi Ojeleye,train,-4.238384,-3.760884166966204,-3.9086427703273334,-4.030937450860027,-3.9083495996645854
okafoja01,Jahlil Okafor,train,-2.704129,-3.796108641019435,-3.880429188994462,-3.7785294056329097,-3.885127663862304
okafoja01,Jahlil Okafor,train,-3.996987,-3.522168084436716,-3.544137695794519,-3.4284300571570228,-3.5417974407956514
okoboel01,Elie Okobo,train,-4.263685,-4.054167371435324,-4.106647946620781,-4.221248420330996,-4.109057460036253
okogijo01,Josh Okogie,val,-3.853284,-3.1610315541221325,-3.1408551286852995,-3.2256605619898306,-3.163143850012956
okogijo01,Josh Okogie,test,-2.866392,-3.2642400886740464,-3.2760519423255863,-3.369413437140934,-3.303704423866047
okogijo01,Josh Okogie,test,-3.344696,-3.0926994918475326,-2.897868489225114,-2.929334992848766,-2.9278742618244973
okongon01,Onyeka Okongwu,val,-2.205316,-1.9290594916671717,-1.860639846585046,-1.8923979964024404,-1.8479744587125282
okorois01,Isaac Okoro,test,-2.547938,-2.98486051606074,-2.5771833686935985,-2.5457751001500593,-2.5897797761280468
okpalkz01,KZ Okpala,train,-4.356159,-4.00201518568335,-4.0748820061047635,-4.174163040221808,-4.074197975894096
okpalkz01,KZ Okpala,val,-4.131877,-3.567256451660729,-4.0531609625730605,-4.139424462496951,-4.04491248513871
oladivi01,Victor Oladipo,train,-1.539702,-1.710634720900877,-1.667773676891398,-1.7348540416806868,-1.655198416718958
oladivi01,Victor Oladipo,val,-2.609221,-2.817950360469105,-3.271702010762352,-3.3037717919203726,-3.263448894790443
olynyke01,Kelly Olynyk,train,-2.07033,-2.288825608758443,-2.263381806856522,-2.1862031987792436,-2.2678435668315178
olynyke01,Kelly Olynyk,train,-2.204492,-2.560610368349458,-2.223013516168547,-2.0939056698304057,-2.2266072442076985
olynyke01,Kelly Olynyk,test,-2.466626,-2.399721012583659,-2.4427230422697046,-2.6371385040375923,-2.448873888227197
onealro01,Royce O'Neale,train,-4.35967,-4.155048437184558,-4.167283757737365,-4.184028843205304,-4.1662192055759615
onealro01,Royce O'Neale,train,-2.524964,-2.3395393113710137,-2.4377907334956617,-2.507478212757115,-2.4460279473408826
onealro01,Royce O'Neale,test,-2.594458,-2.3758013411299563,-2.453194497648101,-2.551637195996525,-2.466414674126521
onimi01,Miye Oni,train,-4.356159,-4.02078997255406,-4.046487415423338,-4.064523583602698,-4.0451606684124535
oquinky01,Kyle O'Quinn,train,-2.862201,-1.8624473279911975,-2.55495631313177,-2.4938515505576495,-2.556241659958561
osmande01,Cedi Osman,train,-2.641075,-1.9499203659679616,-2.0369083593569908,-2.0970830504756774,-2.0436562676763472
oubreke01,Kelly Oubre Jr.,train,-3.573003,-3.9358764988347272,-3.9293720754197645,-3.9261223584530356,-3.9270783924544075
oubreke01,Kelly Oubre Jr.,train,-1.984581,-3.317540369443249,-2.654345760237388,-2.581570469606319,-2.675777044707861
oubreke01,Kelly Oubre Jr.,train,-2.19646,-3.0961221300096655,-2.4889246566971694,-2.3342277345637865,-2.509970927253536
oubreke01,Kelly Oubre Jr.,test,-2.847816,-2.838811234769895,-2.547477902822069,-2.5320855167880163,-2.568164586660198
oubreke01,Kelly Oubre Jr.,test,-3.026242,-2.8562494709085517,-2.4217432602294795,-2.405838917259768,-2.437855984641044
parkeja01,Jabari Parker,train,-2.52676,-3.659281993806239,-3.7822669792165695,-3.709860946305491,-3.7811428925802906
parkeja01,Jabari Parker,train,-2.820829,-3.094276756359605,-2.767953545841938,-2.8076690417573853,-2.770281138013148
parketo01,Tony Parker,train,-3.01425,-2.379177254170432,-2.9123306171473513,-2.867837678022101,-2.905917715606866
parsoch01,Chandler Parsons,train,-1.411965,-3.060200377323602,-2.0013130150791687,-1.9815409661342496,-2.012732749537042
parsoch01,Chandler Parsons,train,-1.382509,-2.3630173750040764,-1.9780852492709564,-1.9876305242716603,-1.9888888137994936
pascher01,Eric Paschall,train,-4.356159,-3.9185716884801898,-4.027735386278583,-4.147116236523718,-4.028102063421663
pattepa01,Patrick Patterson,train,-2.344108,-2.7750208087947796,-2.599595610717675,-2.503128610087534,-2.597331449814688
pattepa01,Patrick Patterson,train,-2.899832,-2.467832270947939,-2.5212578068233227,-2.5149139960568996,-2.5134053417942868
paulbr01,Brandon Paul,train,-4.866399,-4.685051473252553,-4.491392956707786,-4.384471228936567,-4.4962869496998845
paulch01,Chris Paul,train,-1.077975,-0.8852897882916522,-0.6656347260424176,-0.6991601829425451,-0.6562550636622704
paulch01,Chris Paul,train,-0.936685,-1.6026109633871952,-1.3371941479356655,-1.306470158047131,-1.331491776293507
paulch01,Chris Paul,train,-1.320991,-1.5342789011125952,-1.4566136139929915,-1.3454307798349512,-1.4488077782651496
paynead01,Adreian Payne,train,-3.504947,-4.053928359177212,-3.998105679960048,-3.9485148820473035,-3.9970187254884566
payneca01,Cameron Payne,train,-3.523365,-3.9775982474363065,-4.094514187877225,-4.146531179250331,-4.091152945296184
payneca01,Cameron Payne,train,-4.077446,-3.3592621180448288,-3.920997675161601,-4.049622233029128,-3.9142423143988987
payneca01,Cameron Payne,train,-2.876362,-2.8510579486904737,-3.0707009780071584,-3.0073338228728392,-3.0728829428930373
paytoel01,Elfrid Payton,train,-3.248078,-3.952565198275359,-3.963588663184355,-3.9293456628695327,-3.962807973104831
paytoel01,Elfrid Payton,train,-2.61319,-3.1985811278635543,-2.846739367206967,-2.787334845854012,-2.846862206109763
paytoga02,Gary Payton II,train,-4.321671,-4.5065030774377774,-4.514229489803561,-4.5761550962119,-4.513139682984474
paytoga02,Gary Payton II,train,-4.989101,-4.144355156632901,-4.503725103859005,-4.677742927626586,-4.501429478138459
paytoga02,Gary Payton II,val,-2.652259,-2.89879657820969,-2.854123662518711,-2.85857860410074,-2.875170324730712
peavymi01,Micah Peavy,test,-4.265798,-3.5262504227974074,-3.7479582477095645,-3.9284809324287417,-3.751499066872592
pendano01,Noah Penda,test,-4.242512,-3.5262504227974074,-3.699033802469258,-3.8101396989885123,-3.702667268506787
phillju01,Julian Phillips,val,-4.204773,-3.3727350761435795,-3.742321069215382,-3.8546351457862422,-3.7443639140088165
pickeja02,Jalen Pickett,val,-4.191318,-3.3643907264232635,-3.6865327801401615,-3.8702891655805955,-3.6892355634339387
piercpa01,Paul Pierce,train,-2.453148,-2.446413479492997,-2.316590858241123,-2.4861633729718347,-2.327172308077361
piercpa01,Paul Pierce,train,-2.988142,-1.8848784181937979,-2.2436637974581406,-2.3953170128718937,-2.2548473650665293
plowdda01,Daeqwon Plowden,test,-4.198403,-3.912691174289241,-3.484018713439534,-3.6894697458434287,-3.4875984987044992
plumlma01,Mason Plumlee,train,-1.981099,-2.9243639805884496,-2.3022972949518614,-2.2915497445602804,-2.2891477285563187
plumlma01,Mason Plumlee,train,-2.586061,-2.9082401236055246,-2.7487612390815555,-2.694710565306904,-2.747078243544629
plumlmi01,Miles Plumlee,train,-2.019086,-2.4590296548529027,-2.847847246050131,-2.888318377654079,-2.842448680798892
poeltja01,Jakob Poeltl,train,-2.523578,-3.0285359159172733,-2.8419805504316784,-2.7501685023355034,-2.820074388587288
poeltja01,Jakob Poeltl,val,-1.942395,-1.9545179343205756,-2.028195426101435,-2.1633102200365095,-2.0213419958188115
poeltja01,Jakob Poeltl,test,-1.798316,-1.7773130290692887,-1.8223974062056376,-1.9446020402805426,-1.8148141706889336
poolejo01,Jordan Poole,val,-1.447073,-1.939249215037548,-1.7050082198024104,-1.6841707588431094,-1.6771591549164042
portecr01,Craig Porter Jr.,val,-4.217198,-3.5862648631170786,-3.8899433724909445,-3.981647526243417,-3.8927918259514365
porteke02,Kevin Porter Jr.,val,-2.149009,-1.5425167622364961,-1.7954858093732473,-1.741417493145378,-1.8026659903472302
porteke02,Kevin Porter Jr.,test,-4.07454,-2.9929135954577517,-3.128776743066442,-3.1164026578312436,-3.132699474221443
porteke02,Kevin Porter Jr.,test,-3.381014,-3.0961221300096655,-2.8103575375962175,-2.925910517733409,-2.809140671629663
portemi01,Michael Porter Jr.,train,-1.276246,-1.4991886522429676,-1.4272121107957703,-1.482722764399947,-1.457828672303326
porteot01,Otto Porter Jr.,train,-1.314208,-1.6961747429768774,-1.3726507200007765,-1.513390843811674,-1.3815080788421672
porteot01,Otto Porter Jr.,val,-3.001043,-2.8492416719202898,-2.8682116883413813,-2.966078584865716,-2.860821643098148
portibo01,Bobby Portis,train,-3.897838,-3.270893890725503,-3.5597989037241,-3.506504347481219,-3.558612094505153
portibo01,Bobby Portis,train,-3.384299,-2.9969533341427845,-3.1002772715381095,-3.0797777769555,-3.092601071320375
portibo01,Bobby Portis,train,-3.228161,-2.8090971878307824,-2.5677287657715038,-2.430957801809877,-2.5726285129206854
portibo01,Bobby Portis,val,-2.320578,-1.9607761966108126,-2.058585404034908,-2.177636417503508,-2.0666922461072614
portibo01,Bobby Portis,test,-2.365618,-2.3682088972221544,-2.55782088801994,-2.6679958655208873,-2.566159213558093
porzikr01,Kristaps Porziņģis,train,-2.807476,-3.8586912639218047,-3.951942862638488,-3.888024885281188,-3.9537908440957317
porzikr01,Kristaps Porziņģis,train,-1.237893,-1.813060845872501,-2.5210634870746627,-2.2818505228835257,-2.513931923776823
porzikr01,Kristaps Porziņģis,val,-1.544636,-2.3659672269595142,-1.7305173189223386,-1.808755094825853,-1.7196851036925112
porzikr01,Kristaps Porziņģis,test,-2.236033,-2.108656331719744,-2.3800617529572765,-2.3037147477540154,-2.3758473407941074
postqu01,Quinten Post,test,-2.83387,-2.6379942714165145,-2.6608943362240356,-2.6870244072329283,-2.65879412912196
poweldw01,Dwight Powell,train,-4.537209,-4.047670096886975,-3.9727716453224353,-3.9141817394448184,-3.9718161030904113
poweldw01,Dwight Powell,train,-2.294736,-1.9585345263481724,-1.985872383018196,-1.9225556118210856,-1.9898488264005618
poweldw01,Dwight Powell,val,-3.526515,-2.2858612369710305,-2.6659112969786443,-2.6933827414218396,-2.675433460957466
powelno01,Norman Powell,train,-4.414943,-4.00201518568335,-4.101594273644645,-4.143472118795919,-4.102413663738261
powelno01,Norman Powell,train,-1.831817,-1.8327736251560625,-1.6701331595809743,-1.5970480693127844,-1.6421006394970066
powelno01,Norman Powell,test,-2.043596,-2.831216421747604,-2.3199678881677253,-2.3130970947731453,-2.2823988706276994
poythal01,Alex Poythress,train,-4.456297,-4.249890492394913,-3.814093393311629,-3.946399854076792,-3.8049324109064013
pricero01,Ronnie Price,train,-3.628524,-3.059348820731656,-3.9090756716836417,-3.8737304350322113,-3.9070532713006614
prigipa01,Pablo Prigioni,train,-4.43596,-3.720048989381919,-3.743446778372056,-3.608459224995173,-3.7290181698217477
princta02,Taurean Prince,train,-2.156952,-2.6517338095223657,-2.78707204432886,-2.894081460612816,-2.794264284508513
princta02,Taurean Prince,val,-2.927678,-2.394422914282595,-2.7370789022472377,-2.7808250130330556,-2.7266247609600174
princta02,Taurean Prince,test,-3.771385,-2.80751992331871,-2.8362296984532067,-2.9559875530350213,-2.8407137832684337
pritcpa01,Payton Pritchard,val,-2.930931,-1.9371631276074692,-2.9048925153958427,-3.0705967705049986,-2.900586527210366
proctty01,Tyrese Proctor,test,-4.265267,-3.588833045699777,-3.8177954363324167,-4.029336577624451,-3.8181898840931234
queentr01,Trevelin Queen,val,-4.238077,-3.917051804864225,-4.600837436832579,-4.916566851943808,-4.620660973309468
quetane01,Neemias Queta,val,-4.166121,-3.2062281989510377,-3.8695835601531563,-4.077299234919556,-3.872303643433766
quetane01,Neemias Queta,test,-4.073147,-2.8336719706170097,-3.29325798398471,-3.361525889492722,-3.288191902150007
quetane01,Neemias Queta,test,-2.592708,-1.6550598969867694,-1.7250813497191908,-1.7942880356015567,-1.714328080289081
quickim01,Immanuel Quickley,test,-1.390486,-2.1063440503416206,-1.8156316384129048,-1.7789302879058506,-1.795476563672672
rabbiv01,Ivan Rabb,train,-4.320956,-3.9915847485329543,-4.00316105267818,-4.0357580968027555,-3.9990825547746267
randlch01,Chasson Randle,train,-4.5665,-3.8784301010129196,-4.190301061788048,-4.291457899225431,-4.184871618717455
randlch01,Chasson Randle,train,-4.91077,-4.3541948638988615,-4.570082004539742,-4.684452046523029,-4.5633331875155605
randlju01,Julius Randle,train,-3.024118,-3.6488515566558446,-3.8084900687297907,-3.745909453034182,-3.8080655228038873
randlju01,Julius Randle,train,-2.44327,-2.9806377846572962,-2.3055623311841793,-2.2639448073246435,-2.3144474351713753
randlju01,Julius Randle,train,-1.662498,-2.608081556323268,-1.795582254993772,-1.642370042557827,-1.806380200632598
randlju01,Julius Randle,train,-1.440847,-1.2903682923349273,-1.1752960018092802,-1.1759445982192487,-1.1827887542444373
randlju01,Julius Randle,test,-1.534587,-2.2824385988088975,-1.985979402868702,-2.017449592364054,-1.9905315262943966
randoza01,Zach Randolph,train,-1.94591,-1.91625486059244,-1.6976412015654039,-1.7343731011889374,-1.7009256904236176
randoza01,Zach Randolph,train,-2.111152,-2.329351869628555,-2.185488537527089,-2.219742343496419,-2.1832767595356914
raynama01,Maxime Raynaud,test,-4.356418,-3.9290021256305847,-3.9258968660914317,-4.043729291808621,-3.929072292714928
reaveau01,Austin Reaves,train,-4.503053,-4.5023309025776195,-4.37570850071017,-4.374858563449052,-4.374600609772256
reaveau01,Austin Reaves,val,-2.313273,-2.7260481783104304,-2.5604409766617526,-2.6441371839294088,-2.5596430772341456
reaveau01,Austin Reaves,test,-1.303692,-2.6078384734287603,-1.9414759393097099,-2.0062080872537713,-1.8986913744632268
reddica01,Cam Reddish,val,-4.0734,-3.2113383662240467,-3.3477520618419594,-3.509008410202199,-3.350207433835636
redicjj01,JJ Redick,train,-2.108634,-2.690967136372275,-2.1643378959701627,-2.020066537065588,-2.1411180988887013
reedda01,Davon Reed,train,-4.264958,-3.5450252096681183,-3.8471327916239018,-3.8538048297410006,-3.8488190588297355
reedda01,Davon Reed,val,-4.131877,-3.500260940118183,-3.688152112537179,-3.7722076888750213,-3.71176391644196
reedpa01,Paul Reed,val,-2.851871,-2.696404719458726,-2.9512242239073387,-3.1051551060289877,-2.9421002734991633
reedpa01,Paul Reed,test,-3.341866,-3.491916590397867,-3.494383364061381,-3.331433753974543,-3.4884989925088847
reedwi02,Willie Reed,train,-4.496025,-3.61333816324471,-4.051321642935063,-4.277683064168359,-4.047751061109159
reevean01,Antonio Reeves,test,-4.358047,-4.022876059984139,-4.049319898768849,-4.167313092624128,-4.048387813939146
reidna01,Naz Reid,val,-2.306776,-2.170218939671611,-2.48367655539505,-2.5445993535397555,-2.4867980054413295
reidna01,Naz Reid,test,-1.822269,-1.9065355543142697,-1.9631981278915727,-1.9873362879200456,-1.967438344967736
richajo01,Josh Richardson,train,-4.471639,-3.6553488312041926,-3.887637730758484,-3.9454708843896213,-3.8880939699683874
richajo01,Josh Richardson,train,-2.272312,-1.63454532293999,-2.0203058912691327,-2.031311209688556,-2.031078489774127
richajo01,Josh Richardson,val,-3.824247,-2.9308397954733887,-2.949257076083886,-3.0473891727887263,-2.9517639869389254
richani01,Nick Richards,train,-4.332629,-4.230497243644895,-4.135204660639815,-4.214315133421881,-4.13907369300976
richani01,Nick Richards,val,-3.336396,-2.599688199853377,-2.736690109099273,-2.9130771291007664,-2.7345867073885746
richawi02,Will Richard,test,-4.265798,-3.5450252096681183,-3.791887639398811,-3.949650738575545,-3.795007591464497
riverau01,Austin Rivers,train,-3.06984,-3.220590097181572,-3.1523435533061357,-3.088994928830078,-3.16324859919296
riverau01,Austin Rivers,train,-2.073894,-2.6091773932753037,-2.761552092830267,-2.7583132700105915,-2.7657884306224148
riverau01,Austin Rivers,train,-3.872852,-3.0166100938866456,-3.0425654657997403,-3.0569622378206383,-3.0566911245028856
riverau01,Austin Rivers,train,-3.491162,-2.9351185464165326,-2.830309989036876,-2.7574058547487974,-2.8378881280541832
roberan03,Andre Roberson,train,-2.293474,-3.016151827511925,-2.64116554292604,-2.677520214886224,-2.657859164073677
roberbr01,Brian Roberts,train,-3.116334,-3.8667449927623103,-3.448467755672905,-3.4654751017302714,-3.4461351659277635
robindu01,Duncan Robinson,train,-1.831817,-2.12696354326981,-2.056149061801002,-1.9719057340543387,-2.066463586026792
robindu01,Duncan Robinson,test,-2.333095,-2.383225360867055,-2.4701193971616133,-2.401726394443508,-2.4692035079656547
robingl02,Glenn Robinson III,train,-4.183957,-3.1985520309836777,-4.030927920802855,-4.177800262852371,-4.058685101259063
robinje02,Jeremiah Robinson-Earl,train,-4.042887,-3.285119404080262,-3.6357731566776366,-3.7868032147965702,-3.6400254118622373
robinmi01,Mitchell Robinson,train,-4.174737,-3.760884166966204,-3.9691307427171854,-3.9801164947824796,-3.969023998892619
robinmi01,Mitchell Robinson,val,-2.109445,-2.4778044417236136,-2.185614483793144,-2.2535815996572763,-2.1598442866626377
robinmi01,Mitchell Robinson,test,-2.376445,-2.560610368349458,-2.8143657721710613,-2.9563377858706494,-2.801529918734498
robinor01,Orlando Robinson,val,-4.239865,-3.87305551311774,-3.9734861274731923,-4.173399072178457,-3.9732755605286694
robinth01,Thomas Robinson,train,-4.233607,-3.521362528198991,-3.5579112825842163,-3.6351320864877112,-3.5489758666496423
robyis01,Isaiah Roby,train,-4.222628,-3.7817450412669937,-3.860013742426113,-3.9006756380454357,-3.8588666308687016
roddyda01,David Roddy,val,-3.63961,-3.064849259663907,-3.56571649884767,-3.692463941987148,-3.5666828658785565
rolliry01,Ryan Rollins,val,-4.35586,-4.075028245736114,-4.092678748947637,-4.225648778587669,-4.091234275494479
rolliry01,Ryan Rollins,test,-3.654851,-3.1146271062204813,-3.5888736757604507,-3.78589619046254,-3.5910144416853846
rondora01,Rajon Rondo,train,-1.927419,-2.8010209472484546,-2.505828580460304,-2.711483718382823,-2.4934706699654385
rondora01,Rajon Rondo,train,-3.740974,-2.5437100520086844,-2.9938397454766297,-3.045228738475238,-2.988936645469915
rondora01,Rajon Rondo,train,-2.677728,-2.937983267424513,-3.0411782603426425,-2.935246827713458,-3.03281482055011
rosede01,Derrick Rose,train,-2.677728,-2.673528900233618,-2.669450715920073,-2.6510720257379874,-2.6791479595244367
rosede01,Derrick Rose,train,-2.046661,-2.0262235405211624,-2.457504958265936,-2.3679564678028875,-2.4675911544056635
rosede01,Derrick Rose,val,-3.726491,-2.519426539545761,-3.535954037659599,-3.5892297311051613,-3.5354134374249053
rosste01,Terrence Ross,train,-2.19344,-2.6810456096264574,-2.594894454030422,-2.6559881127779468,-2.599992809616964
rosste01,Terrence Ross,train,-2.089942,-2.2415428764994587,-2.0554991073713955,-2.0714408249702783,-2.0440274896591473
roziete01,Terry Rozier,train,-3.625234,-4.151974468390924,-4.1303404278619436,-4.097228432195584,-4.130550179098698
roziete01,Terry Rozier,train,-1.75347,-3.0578735761135047,-2.695742393799246,-2.6227479756795637,-2.7003355491734746
roziete01,Terry Rozier,train,-1.636737,-1.6902826695180937,-1.5473713249866,-1.5789824435621125,-1.5152528610365077
rubiori01,Ricky Rubio,train,-1.627456,-1.947593564757864,-1.8030221195066576,-1.8242945087398708,-1.7891291749514622
rubiori01,Ricky Rubio,train,-1.859418,-2.6649147398534074,-2.1679801619255707,-1.936541564026731,-2.1631013990191326
rubiori01,Ricky Rubio,val,-3.001586,-2.4076038446136367,-2.740750730060511,-2.5937938505091496,-2.738428165238571
rudezda01,Damjan Rudež,train,-4.026383,-4.626641025210342,-4.359135470913994,-4.303299303514974,-4.358358221815201
ruperra01,Rayan Rupert,val,-4.35701,-3.8338972270189684,-3.9027742655021376,-4.0490780653211935,-3.9059745154674177
rushbr01,Brandon Rush,train,-3.961844,-3.0606586436983227,-3.826728722526432,-3.834349537357022,-3.858801877006767
russeda01,D'Angelo Russell,train,-2.599837,-3.7677585401703464,-3.9463019481057655,-3.870340945869586,-3.9478272458338792
russeda01,D'Angelo Russell,train,-1.316752,-1.7066051801272724,-1.4685360121763433,-1.5442012589455885,-1.4712595602812897
russeda01,D'Angelo Russell,val,-2.022438,-2.756463574518771,-2.3753005606694773,-2.4548687614756433,-2.389398391131148
russeda01,D'Angelo Russell,test,-3.278986,-2.773901810657428,-2.85115960421385,-2.96394373535987,-2.8645941401946975
sabondo01,Domantas Sabonis,train,-1.73512,-1.8432891932539148,-1.6980489496682565,-1.702760126194299,-1.7099329475097225
sampsja02,JaKarr Sampson,train,-4.39691,-4.180081486345506,-4.17480661695637,-4.147543876361874,-4.174905760301316
sampsja02,JaKarr Sampson,train,-5.022851,-4.1221577316000575,-3.9773896155327284,-4.0150938678205526,-3.9839485261029903
sandeko01,Kobe Sanders,test,-4.099718,-2.8039562221559904,-2.970399360551645,-3.16187996137566,-2.98179283824896
santogu01,Gui Santos,val,-4.374368,-4.166683656484464,-3.94269750378671,-4.11447684873349,-3.9419750482405327
santogu01,Gui Santos,test,-3.622328,-2.724853445658116,-2.9609574839057293,-3.2003338315163994,-2.952660298417379
saricda01,Dario Šarić,train,-3.681925,-3.8899825753729895,-3.7861095087341727,-3.6678046322853506,-3.7898054498475764
saricda01,Dario Šarić,train,-2.495407,-3.086946363959485,-2.652297053815303,-2.553926768064151,-2.6441139772658975
saricda01,Dario Šarić,test,-3.279071,-2.878687609721414,-3.2216538053881005,-3.4733093670086217,-3.2346852502936585
satorto01,Tomáš Satoranský,train,-2.390046,-3.101922125925182,-2.720084578370933,-2.71534945397659,-2.7172022015015913
schofad01,Admiral Schofield,train,-4.356159,-3.758798079536125,-3.9578263493544066,-4.025356425837799,-3.960377977243014
schrode01,Dennis Schröder,train,-1.733858,-1.9788848762090487,-2.3539972628740173,-2.3058632033779034,-2.3523654967185887
schrode01,Dennis Schröder,val,-2.370027,-3.0004302173640203,-2.791590646654361,-2.7503885326956286,-2.7960429731100698
schrode01,Dennis Schröder,test,-2.345842,-1.861837152771852,-2.0076226527739127,-1.9047946147373997,-2.0082440781333633
scottmi01,Mike Scott,train,-2.940193,-3.131368063726306,-3.0137396537026753,-3.0294743411047094,-3.0035126294174446
scottmi01,Mike Scott,train,-3.103396,-3.128403691938894,-3.2879642591225213,-3.3431722181443044,-3.2758721318078385
sefolth01,Thabo Sefolosha,train,-2.757872,-2.12147484922172,-2.335179200486979,-2.3311169029580148,-2.34595419428467
seldewa01,Wayne Selden,train,-4.952734,-4.067169921719978,-4.348433756965449,-4.508031670095494,-4.360375145119045
seldewa01,Wayne Selden,train,-4.238384,-3.965084073821234,-4.294991115673225,-4.4422378407639975,-4.30757359949291
sessira01,Ramon Sessions,train,-3.390394,-3.1232412666006923,-2.5470840326339705,-2.4261396815382987,-2.5488290528311595
sextoco01,Collin Sexton,val,-1.941814,-2.0908211083478503,-2.3356827344047986,-2.4050849910955154,-2.3006548078374323
sextoco01,Collin Sexton,test,-2.874692,-3.1406795027393493,-2.9655719918109966,-3.199786053388725,-2.948999537495692
shamela01,Landry Shamet,test,-3.345529,-2.1891499769674656,-2.9016187648461487,-3.0164844247882177,-2.9114701786803674
sharpda01,Day'Ron Sharpe,test,-3.208564,-2.9493464732061114,-3.0847064723148896,-3.267027204809655,-3.0848025714822453
sharpda01,Day'Ron Sharpe,test,-2.83387,-3.241533840723196,-3.093899944481562,-3.302534185093517,-3.101911551267381
sheadja01,Jamal Shead,test,-4.233879,-3.8443276641693633,-3.9929755222258354,-4.155332082984476,-3.9989404677649416
shumpim01,Iman Shumpert,train,-1.94591,-2.3472360568006545,-2.464905542954206,-2.418770457588772,-2.4710476187116184
siakapa01,Pascal Siakam,train,-1.159675,-1.83285875610352,-1.4882846013442852,-1.6075783705937916,-1.4954471296309204
siakapa01,Pascal Siakam,test,-1.090646,-2.074415168313121,-1.4042409871926345,-1.4373513683682533,-1.4096599197541821
simmobe01,Ben Simmons,train,-1.12479,-1.4532947287812301,-1.052027688660404,-1.2231929516017845,-1.0692758128628836
simmojo02,Jonathon Simmons,train,-4.60517,-4.695481910402949,-4.478538317041841,-4.47674986613612,-4.4756625048695895
simonan01,Anfernee Simons,val,-1.59862,-2.561247938926773,-2.352086056667481,-2.4394897660430592,-2.328913720696457
simonan01,Anfernee Simons,test,-3.320003,-3.1198186284385594,-3.086985259776982,-3.262670314148785,-3.08168916762142
simsje01,Jericho Sims,val,-4.182684,-2.812061559618195,-3.473485809714788,-3.6093000921588985,-3.466863542593625
simsje01,Jericho Sims,test,-4.074161,-3.2194942602295367,-3.52624601470154,-3.5768374526281357,-3.5264535680467253
singlky01,Kyle Singler,train,-2.690351,-2.5886077892978183,-2.734669131981091,-2.633474369499362,-2.734782920700428
smartma01,Marcus Smart,train,-2.933714,-3.9004130125233845,-3.9640693276055803,-3.9349465047023306,-3.964108330486119
smartma01,Marcus Smart,train,-2.058738,-2.3305473573600226,-2.262171327196219,-2.1912603294167017,-2.2636813626523953
smartma01,Marcus Smart,train,-1.86663,-1.3529509152372967,-1.6838140258413574,-1.4496079693949988,-1.6905536238590029
smartma01,Marcus Smart,test,-3.381014,-2.6318071516320383,-3.5490604606988887,-3.7705627290707575,-3.5525655175984605
smartma01,Marcus Smart,test,-3.30949,-2.735015686183952,-3.0097116555772856,-3.2155462605859535,-3.019529987520409
smithdr01,Dru Smith,test,-4.072895,-3.292504951167812,-3.6067722403642577,-3.4684741274908317,-3.6242212505876017
smithis01,Ish Smith,train,-2.753055,-3.0437268613631834,-3.0496367221847587,-2.987478247701351,-3.057187153785045
smithis01,Ish Smith,train,-3.192877,-3.0906401321828407,-3.45935357513867,-3.3891784789407597,-3.4650202996246082
smithja04,Jalen Smith,val,-3.199428,-2.988283154222873,-3.1795370895081705,-3.2395358756194383,-3.19211067131811
smithja04,Jalen Smith,test,-2.748609,-3.00572139036153,-2.8274505290234093,-2.9276142904204674,-2.8319804622993634
smithjr01,J.R. Smith,train,-1.888058,-1.7730557232616735,-1.9310331910739977,-1.997875081234063,-1.9290847092892913
smithni01,Nick Smith Jr.,val,-3.761446,-3.2108753797694356,-3.6018495579311685,-3.7218672714444274,-3.607589906658192
snellto01,Tony Snell,train,-2.153712,-2.3451499693705755,-2.279666417375635,-2.2785771410514593,-2.288006224232078
speigma01,Marreese Speights,train,-4.18714,-2.8161049868190444,-3.0387075719490353,-3.106725918581395,-3.044180307571792
spencca01,Cam Spencer,test,-4.085634,-2.8081283970161484,-3.551019719285948,-3.5915742071763455,-3.5718253377067373
stausni01,Nik Stauskas,train,-3.110981,-4.12068315693974,-4.037407590433572,-3.990937116018308,-4.036858668607456
stephla01,Lance Stephenson,train,-1.946941,-3.3469863072443733,-2.30811336630671,-2.2231173227797365,-2.298222913974104
stephla01,Lance Stephenson,train,-3.187514,-3.3308624502614483,-3.5974829895708758,-3.582341106867046,-3.6104305982656344
strusma01,Max Strus,train,-4.185695,-3.829006963306063,-4.049160561259665,-4.116494842477008,-4.0456461376542014
strusma01,Max Strus,val,-2.167142,-2.7059368407076656,-2.597510601712768,-2.542189834000316,-2.6051950463658096
sumneed01,Edmond Sumner,train,-3.960264,-3.6019704012740466,-4.190650507498444,-4.20821003743949,-4.181343440193183
sumneed01,Edmond Sumner,val,-4.07318,-3.5336383389994466,-3.6762700122686014,-3.5375076738616102,-3.681153269815182
tateja01,Jae'Sean Tate,train,-4.300589,-4.535575865283758,-4.378881105938592,-4.392857348857107,-4.378520877644117
tateja01,Jae'Sean Tate,val,-2.82053,-3.1329720560037657,-2.6526485639596253,-2.6330976908354318,-2.653455275191499
tatumja01,Jayson Tatum,train,-1.237876,-1.6326362480569931,-1.569304122029468,-1.4907399649010975,-1.574582733691203
tatumja01,Jayson Tatum,test,-0.90119,-0.9984903735400501,-0.8568978500838162,-0.9081787521295825,-0.8609706913551891
taylois01,Isaiah Taylor,train,-4.866399,-4.747634096154923,-4.51334890069336,-4.529380774653154,-4.513098073825779
taylois01,Isaiah Taylor,train,-4.596059,-3.909721412464105,-4.612800352828592,-4.670687970280742,-4.599781667363654
taylois01,Isaiah Taylor,train,-4.207401,-4.094421494486131,-4.566801159475742,-4.60178063972563,-4.554389740090089
taylois01,Isaiah Taylor,train,-4.167903,-3.9228808976596174,-4.089114124126798,-4.00580645442963,-4.089722848653828
taylote01,Terry Taylor,val,-4.166121,-3.883485950268135,-4.36986035553311,-4.5973644100196,-4.352774567709879
teaguje01,Jeff Teague,train,-1.65162,-2.465505469737842,-1.8396442502138255,-1.7670790742969096,-1.845774965882366
teletmi01,Mirza Teletović,train,-2.19344,-3.125377242981475,-2.857710277398262,-2.85589450054641,-2.8579148534203833
templga01,Garrett Temple,train,-4.104945,-3.1322516161856173,-3.575870328273163,-3.3767634937983044,-3.603786793015252
templga01,Garrett Temple,train,-2.465373,-2.6240474468312622,-2.786575275922956,-2.68128746450244,-2.79140673085272
templga01,Garrett Temple,train,-3.081898,-2.081865915815607,-2.6450453744223754,-2.5404210309201356,-2.664122119076139
teodomi01,Miloš Teodosić,train,-2.779607,-4.504416990007699,-4.4040466561807365,-4.456196379192226,-4.400861044966241
theisda01,Daniel Theis,train,-4.505304,-4.591177538898998,-4.390621212424715,-4.502329609210653,-4.389376507864941
theisda01,Daniel Theis,train,-3.083194,-3.7664243404036934,-3.5423758114028385,-3.50217283162088,-3.539364694869174
theisda01,Daniel Theis,train,-2.524964,-2.1520665129255834,-2.232568685644773,-2.082419244024669,-2.2241584421126674
thomais02,Isaiah Thomas,train,-2.234623,-2.187021843911502,-1.55515895192369,-1.5181025870840987,-1.5560440842267131
thomala01,Lance Thomas,train,-2.616923,-2.5181367139353643,-3.077539568268537,-3.085761370864836,-3.0681602966757957
thomama02,Matt Thomas,train,-4.356159,-4.230147584667401,-4.256925991828616,-4.395208024905729,-4.2550234323498515
thompkl01,Klay Thompson,train,-1.400683,-1.8850109418554946,-1.4202362628823808,-1.3626867724775766,-1.399137622267634
thompkl01,Klay Thompson,train,-1.055572,-1.650802591179154,-1.2738896803939237,-1.1771068198061103,-1.239937787309632
thompkl01,Klay Thompson,test,-2.132423,-1.682192920005041,-1.8057734815816828,-1.9961072217914735,-1.819649770156635
thomptr01,Tristan Thompson,train,-1.451214,-1.9728344548165657,-1.8233759681005908,-1.6747685241372268,-1.8341005815485314
thomptr01,Tristan Thompson,train,-2.442393,-3.2124642896649527,-2.98533780129899,-3.0445339712522257,-2.9814575155958627
thorjt01,JT Thor,train,-4.215371,-3.3623046389931845,-3.656563052761845,-3.6826306570326826,-3.6577726827583836
thornsi01,Sindarius Thornwell,train,-4.35967,-4.00201518568335,-4.1312986625187476,-4.213312405944373,-4.130487581755666
thybuma01,Matisse Thybulle,val,-2.512493,-2.3525739891076736,-2.7463632793252133,-2.8190825947349474,-2.776525038263519
tillmxa01,Xavier Tillman Sr.,train,-4.202519,-3.5657536477937826,-3.882706996362232,-3.955798496011621,-3.8839465134339144
tillmxa01,Xavier Tillman Sr.,test,-4.07454,-3.504673828758359,-3.3747239458475002,-3.3659633891266325,-3.3705833644242182
tollian01,Anthony Tolliver,train,-3.045554,-3.383895941293991,-3.3395935180468737,-3.2348891147628542,-3.3297177243348717
tollian01,Anthony Tolliver,train,-2.465373,-3.2123553444674773,-3.2238103663408437,-3.108183757442459,-3.2177615395693886
toppiob01,Obi Toppin,test,-2.271685,-2.5195261903251933,-2.3587227852855177,-2.4290127611777543,-2.360668124420428
townska01,Karl-Anthony Towns,train,-2.485478,-4.030981397446343,-3.961234278862811,-3.818403244678966,-3.9631861960201853
townska01,Karl-Anthony Towns,train,-1.237893,-1.2623002448500764,-0.757130717093315,-0.8759383386162414,-0.7451121938631853
townska01,Karl-Anthony Towns,val,-0.903478,-1.3949838140829907,-1.188404298107102,-1.2703182947431781,-1.1793166176319767
trentga02,Gary Trent Jr.,train,-4.361323,-3.6470044814838767,-3.807267408862881,-3.8651359553069486,-3.80639683548505
trentga02,Gary Trent Jr.,train,-1.872639,-2.7364809845753144,-2.4782852897548375,-2.274378748808804,-2.4575390850009033
trentga02,Gary Trent Jr.,test,-2.363867,-2.15994475294636,-2.6629122899597535,-2.8219076164038444,-2.6739517356346494
tuckepj01,P.J. Tucker,train,-2.439418,-1.9832434323035515,-2.191739655710869,-2.3998470927606634,-2.199798504129923
tuckepj01,P.J. Tucker,train,-2.519747,-1.250167774177839,-2.0550759531050806,-2.2273015868828336,-2.0572692908652437
tuckepj01,P.J. Tucker,train,-2.751586,-1.8586161062966953,-2.7539444962542783,-2.8194168091344753,-2.7472473766258023
tuckepj01,P.J. Tucker,val,-2.4196,-1.486059877962667,-2.2515589580273674,-2.5526689130982056,-2.247389567813334
turneev01,Evan Turner,train,-2.935206,-3.4211780734900072,-2.7012888923531015,-2.558280218996535,-2.7027289535393986
turneev01,Evan Turner,train,-1.682614,-2.29810795089161,-2.011606992398491,-1.930467208093079,-2.0190483708145774
turnemy01,Myles Turner,train,-3.368868,-4.026809222586185,-4.01961311460755,-3.956533006168238,-4.019618529536192
turnemy01,Myles Turner,train,-1.696899,-1.822428318953125,-1.6574402225780853,-1.5574317480254811,-1.6337024388847767
turnemy01,Myles Turner,test,-1.737377,-1.8924441343362124,-1.8821076068867064,-1.944600280687132,-1.859617009734751
tysonhu01,Hunter Tyson,val,-4.265706,-3.5262504227974074,-3.7280490086783282,-3.895349233361979,-3.7296215539772946
udohek01,Ekpe Udoh,train,-3.417404,-3.111714992498262,-3.436031803969763,-3.337789666278165,-3.4388748211407525
udrihbe01,Beno Udrih,train,-3.390394,-2.9378475944616507,-3.51294385924517,-3.594725230547609,-3.530147788979915
ulisty01,Tyler Ulis,train,-4.544815,-3.6409852314517517,-3.9531043212419004,-4.013721405293039,-3.956619021672091
valanjo01,Jonas Valančiūnas,train,-1.984581,-2.5942284810107403,-2.3041432049612416,-2.1807137836215773,-2.30111394756377
valanjo01,Jonas Valančiūnas,train,-2.104789,-2.2280447427942827,-1.8685959141797224,-1.8603791640423215,-1.8732508339782727
valanjo01,Jonas Valančiūnas,test,-2.633298,-1.6740892840647434,-1.6591399752378797,-1.6534449116139402,-1.6553737134892463
valende01,Denzel Valentine,train,-3.997058,-3.3354077750767503,-3.287449498428109,-3.3083358841322124,-3.3040404862982404
vandeja01,Jarred Vanderbilt,train,-4.361323,-4.004101273113428,-4.069379524545113,-4.194058206127664,-4.068448441644339
vandeja01,Jarred Vanderbilt,train,-3.246663,-3.179348074618123,-3.1565302661292174,-3.185078196407187,-3.1538840876685583
vandeja01,Jarred Vanderbilt,val,-2.460927,-1.8117571680227116,-1.9889105701396637,-2.03264660611,-1.9794497708826335
vanvlfr01,Fred VanVleet,train,-4.866399,-3.935394403682108,-4.066546555039895,-4.136321382431134,-4.06563978068648
vanvlfr01,Fred VanVleet,train,-2.426463,-3.1106412051868024,-3.020054415175328,-3.0302533039068735,-3.0176370342247636
vanvlfr01,Fred VanVleet,train,-1.636275,-2.2786357634523204,-1.8353715991714086,-1.6244099005536075,-1.80116530609734
vanvlfr01,Fred VanVleet,val,-1.155493,-2.345126140592677,-1.6781001726303861,-1.5984072483255232,-1.691294565845795
vanvlfr01,Fred VanVleet,test,-1.822269,-3.027307972582446,-2.5866309016191256,-2.564054046886336,-2.5951883630382495
varejan01,Anderson Varejão,train,-1.94591,-1.6498209820544523,-2.0640181549969525,-2.1363767176515713,-2.0667369578309
vassede01,Devin Vassell,val,-1.649997,-1.4509679275711322,-1.7194341888103932,-1.7457017579252283,-1.6963146179166995
vaughra01,Rashad Vaughn,train,-3.677516,-3.9212738868241743,-3.945671700391217,-3.8587174036566765,-3.944224949739009
vezenal01,Sasha Vezenkov,val,-3.01719,-3.9312766687754896,-3.83524986961366,-4.019885542423853,-3.8379668621589365
vincega01,Gabe Vincent,train,-4.168303,-3.9460685731705047,-4.127940513595449,-4.13008087093989,-4.119632573464003
vincega01,Gabe Vincent,val,-2.514914,-3.298763213458049,-3.164602577425897,-3.109927420083344,-3.1614538930394835
vonleno01,Noah Vonleh,train,-3.196377,-4.012206610575633,-3.958228669084269,-3.8859310521251826,-3.958923308116236
vucevni01,Nikola Vučević,train,-1.664498,-1.801567444652335,-1.6742984428412049,-1.6295766369602278,-1.6751940147121613
vucevni01,Nikola Vučević,train,-1.473756,-2.0431238568619365,-1.3417764126534768,-1.565611947188006,-1.3417372868997275
wadede01,Dean Wade,val,-3.093651,-2.520067218532882,-3.0254417454924214,-3.0909428799135528,-3.009022865607399
wadede01,Dean Wade,test,-2.86691,-2.3716291662697984,-2.7159627439735754,-2.813330013230853,-2.7100665287411205
wadedw01,Dwyane Wade,train,-1.399302,-2.6318071516320383,-2.19338188207999,-2.2236636627679847,-2.165973418754363
wadedw01,Dwyane Wade,train,-1.387814,-2.460266554805525,-1.9792347109504884,-2.1540350137287114,-1.9524863025844699
wagnemo01,Moritz Wagner,train,-4.134402,-3.126716162828018,-3.258725405878624,-3.240388888998766,-3.2606501238519128
wagnemo01,Moritz Wagner,val,-2.833368,-2.9052979233944343,-2.8440592415537114,-2.847708227634357,-2.8572199769750632
wagnemo01,Moritz Wagner,test,-2.547938,-3.008506457946348,-2.62726003530401,-2.662889127656181,-2.6410915303606424
wagnemo01,Moritz Wagner,test,-2.914538,-3.025944694085005,-3.3296454653060072,-3.4333000089792143,-3.3442691356547867
wainris01,Ish Wainright,train,-4.503053,-4.391768268783434,-4.194214395044569,-4.1267753499581925,-4.195347458266854
waitedi01,Dion Waiters,train,-3.457938,-3.2426296776752315,-2.7229572304022724,-2.638588588369253,-2.7223982939895848
waitedi01,Dion Waiters,train,-2.031109,-2.394308686455261,-2.343737972853182,-2.263828134194435,-2.3274853197255165
walkeja01,Jabari Walker,val,-4.35586,-3.9561212622216115,-3.97227554533747,-4.172568873136315,-3.977238407677241
walkeke02,Kemba Walker,train,-1.763589,-1.9601100893383379,-1.5998865631282948,-1.6625876935047574,-1.6120673082052308
walkeke02,Kemba Walker,train,-1.131656,-1.710378796668227,-1.2020347058263503,-1.4369411791611881,-1.215618534390279
walkeke02,Kemba Walker,train,-2.531094,-2.9816554304933094,-2.5762753412237704,-2.453868084019631,-2.5826180239757535
wallaty01,Tyrone Wallace,train,-4.241832,-3.3687431283321296,-3.240725544217894,-3.3773677380243106,-3.240826963610302
walljo01,John Wall,train,-1.313426,-1.241128220305172,-1.2953105805169929,-1.1672533483822964,-1.3127454252528685
walljo01,John Wall,train,-0.868318,-1.2852763034608217,-1.0284265313537593,-1.1401753443956846,-1.0297864604209515
walljo01,John Wall,val,-2.924383,-2.755876560484742,-3.4394453658532167,-3.5267536543629623,-3.4469957565636196
walshjo01,Jordan Walsh,val,-4.265706,-3.3581324641330266,-3.67073430967879,-3.8281272341248167,-3.6712092485987986
walshjo01,Jordan Walsh,test,-3.622328,-2.4778373146058783,-2.7988275792006108,-2.918374478377179,-2.791241862001336
warretj01,T.J. Warren,train,-3.453522,-4.089391845488555,-4.032384311858269,-4.00181329067067,-4.030630270515947
warretj01,T.J. Warren,train,-2.159834,-1.8850109418554946,-1.9438400727438734,-1.9384063511012966,-1.9596483021895204
washipj01,P.J. Washington,val,-2.171969,-2.9744300789103453,-2.237163655744637,-2.1767908926431883,-2.2568823948365586
washipj01,P.J. Washington,test,-2.036814,-1.6068391723149342,-1.7664897579153422,-1.9176078027555912,-1.783918878197351
watanyu01,Yuta Watanabe,val,-3.996519,-3.332839592494052,-3.686993329047996,-3.7634981781872714,-3.692230273289998
watfotr01,Trendon Watford,test,-4.074161,-3.4225936100526413,-3.3684224379503642,-3.452490768751343,-3.364761011277382
watsocj01,C.J. Watson,train,-2.639057,-2.9579565629499265,-2.9365827290933955,-2.8331067022810834,-2.939200992905197
weberbr01,Briante Weber,train,-5.001573,-3.909721412464105,-4.041194282558116,-4.224085765252225,-4.032986314713283
weberbr01,Briante Weber,train,-4.819202,-4.29971587693679,-4.392807500326412,-4.382209869276187,-4.379849427166256
wellsja01,Jaylen Wells,test,-4.265265,-3.5450252096681183,-3.800199739943276,-4.0012375984632325,-3.8036769164839512
westbru01,Russell Westbrook,train,-1.18908,-2.077117366657106,-1.0590568085542929,-1.1133587067721757,-1.0580893100985578
westbru01,Russell Westbrook,train,-0.901373,-0.28087415211881517,0.07254874697113323,-0.10721881792058863,0.06807990409335485
westbru01,Russell Westbrook,val,-3.54417,-2.14146887361542,-2.1843433442034104,-2.3247192609794975,-2.19065255604934
westbru01,Russell Westbrook,test,-3.72648,-2.2446774081673335,-2.5626334139352602,-2.7717654878195632,-2.5638896253892267
westda01,David West,train,-3.826501,-2.6724330632815825,-2.350685810118941,-2.357045165455846,-2.355274513867328
whiteco01,Coby White,val,-2.427903,-3.04744313896311,-2.7656607808886573,-2.7410936072201877,-2.767440357291517
whiteco01,Coby White,test,-1.931002,-2.7402546011162694,-2.522447619948486,-2.406147570119564,-2.4988462841672527
whitede01,Derrick White,train,-1.859988,-2.2386582456217794,-2.280327459810459,-2.312906159275031,-2.2958768183115508
whitede01,Derrick White,test,-1.656331,-1.6045123711048368,-1.582309264246368,-1.6685468946955193,-1.5927799345234315
whiteha01,Hassan Whiteside,train,-4.277697,-3.4792676296422673,-3.6519123630635324,-3.446540470900235,-3.65540679591695
whiteha01,Hassan Whiteside,train,-1.342068,-2.0152551835728847,-1.7069779641310956,-1.8401403818650361,-1.651060239560949
whiteis01,Isaiah Whitehead,train,-4.407229,-3.5304225976575654,-3.954827774651827,-3.9869019161299493,-3.960775661932442
whiteok01,Okaro White,train,-4.866399,-4.674621036102158,-4.431906930434325,-4.483264544723865,-4.430533037242764
whiteok01,Okaro White,train,-4.870496,-4.312473115297282,-4.4156277599708975,-4.475618576629389,-4.395807992392192
wiggiaa01,Aaron Wiggins,test,-2.748609,-2.1921143487548775,-2.513529505003903,-2.5676009365401753,-2.530049768720979
wiggian01,Andrew Wiggins,train,-2.415169,-3.948393023415201,-3.9299736170629105,-3.883200863424489,-3.9278800231181004
wiggian01,Andrew Wiggins,train,-1.237942,-1.2682473568961987,-1.000186889748191,-0.7363381483588158,-1.0164838471529927
wiggian01,Andrew Wiggins,val,-1.607756,-1.3151606277158563,-1.4899723390840884,-1.5726294245684496,-1.51162752330405
wiggian01,Andrew Wiggins,test,-2.403565,-2.112587792799883,-2.1871580714104235,-2.3576544727082713,-2.218753603763482
willial03,Alan Williams,train,-5.289255,-4.1873078694925425,-4.521713729590019,-4.695174344950647,-4.516278026022186
willial03,Alan Williams,train,-2.861458,-3.334708127329429,-3.457835167894743,-3.476687301348319,-3.4571819016365963
willide01,Deron Williams,train,-2.543747,-2.9482780316120456,-2.495477352103942,-2.466814743112511,-2.4970084563870985
willide02,Derrick Williams,train,-2.74464,-3.4293339674954972,-3.2283093222336294,-3.1740503138640763,-3.217884479274094
willigr01,Grant Williams,val,-2.322417,-1.994861086564217,-2.0518617473722345,-2.0905281668331885,-2.0440168444385005
willija06,Jalen Williams,test,-1.268635,-1.3394854797629987,-1.296376829004855,-1.247947213999336,-1.2517136968920108
willija07,Jaylin Williams,val,-4.098437,-3.285119404080262,-3.642002466826759,-3.743635965089057,-3.6458571528312773
willija07,Jaylin Williams,test,-3.057014,-2.3190539561398564,-2.7434145554934193,-2.7057941201418307,-2.740580377220619
willike04,Kenrich Williams,train,-4.492659,-4.475211765986593,-4.311704466276284,-4.404926502671422,-4.307375828619264
willike04,Kenrich Williams,train,-3.999484,-2.9245931379824786,-3.2817604570810106,-3.2595166898543235,-3.263355377753414
willike04,Kenrich Williams,val,-2.99699,-1.8071028980099346,-2.4978162000900497,-2.586347485411658,-2.49883011294594
willilo02,Lou Williams,train,-2.302585,-2.5246654544780784,-2.4158507466769246,-2.43577928840953,-2.3995915939794505
willima01,Mo Williams,train,-3.485356,-2.591930776680519,-2.6086928502804017,-2.6454698878403704,-2.6137013535289957
willima02,Marvin Williams,train,-2.198256,-2.7678842621472093,-2.5837224056383556,-2.580475648026553,-2.579251360656377
willima02,Marvin Williams,train,-1.932909,-1.644814139548812,-1.6856742198306893,-1.7835699447561506,-1.7025431251761391
willima07,Mark Williams,test,-2.597481,-2.9535692046095554,-2.4296943784581257,-2.4910849281973615,-2.427319947587554
willipa01,Patrick Williams,train,-2.61007,-3.4393574377309815,-3.77191236167992,-3.6842041997680073,-3.773177485599077
willipa01,Patrick Williams,test,-2.055462,-2.0541918645896464,-2.548833695448339,-2.702700743765577,-2.5553805644231056
williro04,Robert Williams,test,-2.557617,-1.8714276772028615,-2.4157184962399803,-2.564651987645907,-2.401962751611449
willitr02,Troy Williams,train,-4.866399,-4.6475018995111315,-4.378106296087342,-4.42207197538322,-4.379078654292185
willitr02,Troy Williams,train,-4.149239,-3.432754236543141,-3.7418629613006367,-3.817941038103897,-3.7373083130670346
willitr02,Troy Williams,train,-4.751521,-4.1138133818797415,-4.311961160292633,-4.394924028745848,-4.305916054847633
willizi02,Ziaire Williams,test,-3.208564,-3.305212300577601,-3.1423107420905745,-3.3050912833838453,-3.1536128562280137
wilsodj01,D.J. Wilson,val,-3.995515,-3.312460813345881,-3.52125131864509,-3.5400637951487663,-3.507302157169268
winslju01,Justise Winslow,train,-3.316331,-3.8962408376632265,-3.9908629938916302,-4.030340689464262,-3.9911644443114875
winslju01,Justise Winslow,train,-2.127682,-2.6433894598020498,-2.5874879727599582,-2.5919373919700286,-2.5798687541067244
wisemja01,James Wiseman,test,-4.07454,-3.3794563248884275,-3.5114899276468927,-3.6844654678650297,-3.517954917587571
wisemja01,James Wiseman,test,-3.995582,-3.2936860264751706,-4.112886221688561,-4.79796624423388,-4.13102045083934
witheje01,Jeff Withey,train,-4.268698,-3.5718577960157307,-3.987818191703556,-4.062656940342672,-3.9855671682229143
witheje01,Jeff Withey,train,-4.074293,-3.450194841796287,-3.542646032641682,-3.528852152062957,-3.534331557849911
woodch01,Christian Wood,train,-4.471639,-3.9911026533803353,-4.071923425336111,-3.994381336421415,-4.075521858559304
woodch01,Christian Wood,train,-4.601385,-3.7278845161842282,-4.411467213383462,-4.460529603494211,-4.404641214414125
woodch01,Christian Wood,train,-2.077672,-2.658937893022392,-2.5974526415860413,-2.589054400584661,-2.607925304905014
woodch01,Christian Wood,val,-3.856757,-3.0776147846843602,-2.858252470555588,-2.9650669936303333,-2.860998233918044
wrighbr03,Brandan Wright,train,-2.508029,-2.571040805499853,-2.649365178731499,-2.817424457214149,-2.6658346481125674
wrighde01,Delon Wright,train,-3.813471,-4.16240490554132,-4.1230713657374,-4.140986474393202,-4.120746354854525
wrighde01,Delon Wright,train,-2.457255,-2.577016308384187,-2.528806336173183,-2.546169547222753,-2.524273422053602
wrighde01,Delon Wright,val,-2.738054,-3.236880238303001,-3.0093461027619983,-3.142538494377078,-3.030298765354344
youngni01,Nick Young,train,-2.471753,-2.044219693813972,-2.0853597399739527,-2.035318072338993,-2.059339799508394
youngth01,Thaddeus Young,train,-1.645806,-1.9271580839495304,-1.8154828035404291,-1.8982026141952184,-1.8059366088398496
youngth01,Thaddeus Young,train,-2.077672,-2.2488204861476153,-1.7545427699722866,-1.8580565110449077,-1.7481340810607073
youngth01,Thaddeus Young,val,-2.738054,-2.4672743537937865,-2.8062655656957762,-2.9266406521407484,-2.7906293821818724
youngtr01,Trae Young,train,-1.055551,-1.337088242088805,-1.1440798811484179,-0.984638988998106,-1.1552954355618128
youngtr01,Trae Young,test,-1.162397,-2.2433882501495193,-2.4636731827389142,-2.3706608207695803,-2.471774200725912
yurtsom01,Omer Yurtseven,train,-4.239762,-4.52859491599663,-4.313888022329631,-4.3314426886945,-4.315324978047678
yurtsom01,Omer Yurtseven,val,-3.908508,-3.653964074894254,-4.019099649511202,-4.254245256772956,-4.028305579660565
zelleco01,Cody Zeller,train,-1.957001,-1.8432891932539148,-1.931937036130723,-1.8537200334335242,-1.9279382407910552
zelleco01,Cody Zeller,test,-3.643827,-1.8120117682299748,-3.0971728267419127,-3.1670220799626816,-3.0972592717661125
zellety01,Tyler Zeller,train,-2.34759,-3.4022148309044704,-3.318519805860279,-3.216408755243313,-3.32412545133464
zellety01,Tyler Zeller,train,-3.997222,-3.266566889884144,-3.4194891063988218,-3.350918261824254,-3.418386173411837
zipsepa01,Paul Zipser,train,-4.596108,-3.5033034610665386,-3.836744938330839,-3.9476756946638862,-3.839110295868272
zubaciv01,Ivica Zubac,train,-4.480276,-3.760884166966204,-3.884165340212464,-3.8388768245922167,-3.8868689711017925
zubaciv01,Ivica Zubac,train,-2.746721,-2.8503606700576416,-2.915200846081582,-3.039534781581164,-2.91347126650743
zubaciv01,Ivica Zubac,val,-2.520993,-2.061743060900086,-2.067422412070644,-2.1615371920108473,-2.065597775179018
zubaciv01,Ivica Zubac,test,-2.069023,-1.8902024640735724,-1.8562825887801553,-1.900483870109694,-1.8517484271918279
