player_id,player_name,split,log_aav_cap_share,rf_default,gb_default,rf_tuned,gb_tuned
abrinal01,Álex Abrines,train,-2.798518,-3.3634462700000007,-4.175586727200939,-3.847571145895694,-4.169936459120257
achiupr01,Precious Achiuwa,test,-3.411014,-2.83748046,-3.1061284863455936,-2.882402915076531,-2.9385477636127417
acyqu01,Quincy Acy,train,-4.233607,-3.935628770000002,-3.597104582774723,-3.8502583837584994,-3.6972664769021635
acyqu01,Quincy Acy,train,-4.43596,-4.140859290000005,-3.65189548961684,-4.029822582249425,-3.7591110085441337
acyqu01,Quincy Acy,train,-4.036443,-3.984497830000003,-3.9020944358887086,-3.955734842096623,-3.9587495066606473
adamsst01,Steven Adams,train,-1.377183,-1.5455879800000005,-1.7677083586806943,-1.6767791207828808,-1.6521567366542753
adamsst01,Steven Adams,train,-1.830431,-2.1988164300000017,-2.249333851153433,-2.0017241088441042,-2.2046860786566445
adamsst01,Steven Adams,val,-2.379112,-2.6091779899999996,-2.3559135548660572,-2.2616289929404774,-2.245612209806767
adamsst01,Steven Adams,test,-2.571506,-2.8473209199999987,-2.3108019831306224,-2.789786696642857,-2.5791618863599797
adebaba01,Bam Adebayo,train,-1.237876,-1.2948501,-1.254179729777624,-1.284676510389455,-1.242035105354511
adebaba01,Bam Adebayo,test,-1.062461,-1.3329080800000006,-1.4698255151396893,-1.3269295764648514,-1.391636749093417
afflaar01,Arron Afflalo,train,-2.169054,-2.216043399999997,-2.186044283040473,-2.239905484939963,-2.201541357612265
afflaar01,Arron Afflalo,train,-2.019086,-2.1049666699999974,-2.176010400314414,-2.1887983022137183,-2.117535931762516
ajincal01,Alexis Ajinça,train,-2.679879,-2.551355039999999,-2.6015880571266408,-2.6196347657874184,-2.55613761132315
aldamsa01,Santi Aldama,test,-2.178944,-2.02651098,-2.1402353463450656,-2.1423856506014745,-2.0963552339504807
aldrico01,Cole Aldrich,train,-4.095774,-3.909105210000003,-3.8396183875967553,-3.8208770117341198,-3.8633046449016537
aldrico01,Cole Aldrich,train,-2.556941,-2.622762749999997,-2.6499308507707187,-2.5996266445867335,-2.6205986615309595
aldrila01,LaMarcus Aldridge,train,-1.202783,-1.2378940699999983,-1.2694212296419591,-1.240791717880387,-1.2912929186690603
aldrila01,LaMarcus Aldridge,train,-1.404812,-1.4998489700000004,-1.5148161087362721,-1.4934493717467523,-1.4836897251479917
alexani01,Nickeil Alexander-Walker,val,-3.408732,-3.9308307300000034,-3.7994761254160774,-3.8311949224743147,-3.8803434314595
alexani01,Nickeil Alexander-Walker,test,-2.300305,-2.2361784200000003,-2.283196508086826,-2.1985740359563493,-2.259080686908002
allengr01,Grayson Allen,test,-2.178944,-1.7160268499999998,-1.7918465532405314,-1.6926219654143957,-1.6729944175454858
allenja01,Jarrett Allen,train,-1.726456,-1.7537726200000028,-1.6982659995733629,-1.784011314710319,-1.7282153241895921
allenja01,Jarrett Allen,test,-1.63198,-1.3564952099999998,-1.425385099766621,-1.3772432191428576,-1.4250025272581768
allenla01,Lavoy Allen,train,-2.85597,-2.9219458800000044,-3.175947824967106,-3.0072752199665564,-3.2519498284526343
alvarjo01,Jose Alvarado,test,-3.537068,-3.1140750599999993,-3.10574819910182,-3.059827444844675,-3.2083579793706205
alvarjo01,Jose Alvarado,test,-3.569229,-2.8507876299999992,-2.9306637426786932,-2.922037398596887,-3.055734235625282
aminual01,Al-Farouq Aminu,train,-4.104945,-3.720106539999995,-3.2897382948702227,-3.491716786704081,-3.328232078505382
aminual01,Al-Farouq Aminu,train,-2.233592,-2.2702544599999963,-2.262146450237767,-2.280591154979024,-2.2304013756442047
aminual01,Al-Farouq Aminu,train,-2.417075,-2.389947860000003,-2.328829372204338,-2.373786772768705,-2.3117728329329714
anderal01,Alan Anderson,train,-3.881802,-3.7471966199999955,-3.804273537570823,-3.674206567006805,-3.8575730657227654
anderch01,Chris Andersen,train,-2.497914,-2.6945249400000013,-2.961303828446257,-2.6863279162312916,-2.89455136238674
anderju01,Justin Anderson,train,-3.856453,-3.804135439999994,-4.004385102354077,-3.8742266992176324,-4.020703592803316
anderju01,Justin Anderson,train,-3.996987,-3.9883478299999955,-4.019830889714284,-3.9561698350834322,-4.047370613069049
anderky01,Kyle Anderson,train,-4.030837,-3.8305789200000016,-3.8374438253950998,-3.86513928464852,-3.8000893774432556
anderky01,Kyle Anderson,train,-2.393673,-2.257707000000003,-2.06687622121232,-2.2484810748650816,-2.05427296536951
anderky01,Kyle Anderson,val,-2.620271,-2.7433131099999986,-2.733713904875796,-2.7275409180442147,-2.7421650044093804
anderky01,Kyle Anderson,test,-2.724459,-2.4688366700000004,-2.4107814828679786,-2.5196230644586133,-2.433367853330338
anderry01,Ryan Anderson,train,-1.549083,-1.7068156899999984,-1.7109634032571526,-1.6767163836989796,-1.728176998884247
antetgi01,Giannis Antetokounmpo,train,-1.377183,-1.4307720600000007,-1.3745648833352637,-1.4260634204778917,-1.3911740351820652
antetgi01,Giannis Antetokounmpo,train,-0.901404,-1.0140476899999997,-1.024522481234391,-1.001216645984129,-0.9525610506449115
antetgi01,Giannis Antetokounmpo,val,-0.877548,-0.9808638200000003,-1.0442988104968856,-1.026276490222224,-1.0407332657985686
antetth01,Thanasis Antetokounmpo,train,-4.60517,-4.507898789999993,-4.267819431441973,-4.337542981239997,-4.293377901329368
antetth01,Thanasis Antetokounmpo,train,-4.238376,-4.166669890000002,-4.164973186819841,-4.131155168715987,-4.078186679854115
antetth01,Thanasis Antetokounmpo,train,-4.131628,-4.058109909999998,-4.397590198502074,-4.048090635774946,-4.203634192550207
anthoca01,Carmelo Anthony,train,-0.932516,-0.9905289700000013,-1.119676641688945,-1.0357715195283443,-1.1220973437165636
anthoco01,Cole Anthony,val,-2.378323,-2.01779014,-2.0065170960020793,-2.102086777537981,-1.8299187914707802
anunoog01,OG Anunoby,train,-1.831817,-1.9431382700000013,-2.130591110528383,-1.9405083876995446,-1.9917387545917236
anunoog01,OG Anunoby,test,-1.19633,-1.8318892799999995,-1.9132273535301607,-1.8717310372960212,-1.7974652616519975
arcidry01,Ryan Arcidiacono,train,-4.873319,-4.805754859999996,-4.598902623535396,-4.786931677074866,-4.669067211809702
arcidry01,Ryan Arcidiacono,train,-3.594019,-3.4729475200000026,-3.3613705149132285,-3.355974869569011,-3.37027695046214
arizatr01,Trevor Ariza,train,-2.064724,-1.9540565200000026,-1.769130246759615,-1.9110759269348074,-1.8000531086188867
arizatr01,Trevor Ariza,train,-2.166903,-2.1545219599999985,-2.282552278061482,-2.2336475345572535,-2.278464429294428
arthuda01,Darrell Arthur,train,-3.192443,-3.330764640000002,-3.4480383589536965,-3.2815189161354823,-3.347247238735922
asikom01,Ömer Aşık,train,-1.79749,-1.844084520000001,-1.979039766566574,-1.8970000451400233,-1.8867214927521088
augusdj01,D.J. Augustin,train,-3.045554,-2.798932920000002,-2.753052911378512,-2.7828340466876424,-2.811491543321928
augusdj01,D.J. Augustin,train,-2.563813,-2.489299170000003,-2.4180118858038164,-2.5560103822551024,-2.4817899846319524
augusdj01,D.J. Augustin,train,-2.746721,-2.6808051100000005,-2.7729127846965866,-2.692411707516184,-2.708209445104442
avdijde01,Deni Avdija,val,-2.324795,-2.179361540000001,-1.922075618848936,-2.185410294430478,-1.9197565555757514
aytonde01,Deandre Ayton,val,-1.313967,-1.46082501,-1.4702508476006932,-1.4893111486644008,-1.462162727629809
aytonde01,Deandre Ayton,test,-2.948664,-2.4046877400000004,-2.495671360850152,-2.4327173406162146,-2.475871056417682
babbilu01,Luke Babbitt,train,-4.095774,-4.048918250000003,-3.883288534942818,-3.9594418537292078,-3.9210587601652818
bacondw01,Dwayne Bacon,train,-4.357042,-4.346293769999998,-4.330262437198213,-4.347003008831593,-4.331351369532276
bacondw01,Dwayne Bacon,train,-4.133016,-4.124947389999999,-4.256711051188287,-4.126083016246755,-4.258676121357199
baglema01,Marvin Bagley III,val,-2.291767,-2.73734524,-2.8302648353793014,-2.7237594646411574,-2.5396366966414967
bakerro01,Ron Baker,train,-3.106531,-3.4325070899999988,-3.7318952591087577,-3.73285180769955,-3.977394144433289
ballla01,LaMelo Ball,val,-1.237887,-1.2947801399999996,-1.326432675752016,-1.421165343837302,-1.2162783322269413
balllo01,Lonzo Ball,train,-1.726456,-1.7212825500000022,-1.687307214533144,-1.7515457790990532,-1.7086020994845599
balllo01,Lonzo Ball,test,-2.83387,-3.171240830000001,-2.889559747031688,-2.995919182098897,-2.988285542845089
bambamo01,Mo Bamba,val,-2.485352,-2.93040617,-2.8219674634411422,-2.6663683639569165,-2.87084493549861
bambamo01,Mo Bamba,test,-3.854134,-3.630577509999999,-3.9027192221183844,-3.536556018879098,-3.851723435145418
bantoda01,Dalano Banton,train,-4.503053,-4.315170120000004,-4.025654542497958,-4.3592498979935534,-4.120690392338202
bantoda01,Dalano Banton,val,-4.166121,-4.104242210000001,-3.9964102938648187,-4.073870426190273,-4.078186916396273
barbole01,Leandro Barbosa,train,-3.158521,-3.1458512100000013,-3.311009500518065,-3.17162162004839,-3.26100328015173
bareajo01,J.J. Barea,train,-2.862201,-2.69875684,-2.8437558306186395,-2.8014104904007895,-2.787851391803905
bargnan01,Andrea Bargnani,train,-3.873489,-3.6981048100000025,-3.411321139883241,-3.422055437025513,-3.5012803407583113
barneha02,Harrison Barnes,train,-1.383568,-1.5967213499999988,-1.6792427806671166,-1.6454773220935364,-1.6746925071850374
barneha02,Harrison Barnes,train,-1.636275,-1.6939202400000009,-1.6428244767101456,-1.6993090948208627,-1.6504766188879911
barneha02,Harrison Barnes,val,-2.055462,-1.7343692599999998,-1.5741812388505496,-1.7286566081615657,-1.52758363030864
barnema02,Matt Barnes,train,-2.732436,-2.7411797300000025,-2.9185177515881846,-2.7423233648490983,-2.8727704351055188
bartowi01,Will Barton,train,-2.986254,-3.3773192499999967,-3.4413785526043768,-3.28894228890136,-3.308375205825684
bartowi01,Will Barton,train,-2.03969,-1.9201908099999998,-1.6296618037013268,-1.875810549463152,-1.7076089668901497
bartowi01,Will Barton,train,-2.014138,-2.139253760000001,-2.288510985146188,-2.189246076616779,-2.2733851712230964
bassbr01,Brandon Bass,train,-3.127632,-2.9244217800000025,-2.8595577898773543,-2.8680656000707088,-2.770761445735892
bassech01,Charles Bassey,train,-4.357545,-4.353549310000001,-4.354685831779534,-4.340121604802826,-4.32188036469283
bateske01,Keita Bates-Diop,train,-4.361323,-4.3787989100000075,-4.333581043389435,-4.39642023408685,-4.324105702625314
bateske01,Keita Bates-Diop,train,-4.131628,-4.081317499999997,-3.9078595173906505,-4.071319770574265,-3.9435538998375987
bateske01,Keita Bates-Diop,val,-3.996519,-3.3672592099999985,-3.621409005967823,-3.2537423645821977,-3.5390811990499556
batumni01,Nicolas Batum,train,-1.366761,-1.398480269999999,-1.3964724526273893,-1.4205486458412688,-1.3337356977200558
batumni01,Nicolas Batum,train,-3.543533,-3.3179953100000024,-2.9535328865008155,-3.201114534668366,-3.00103564174093
batumni01,Nicolas Batum,val,-2.394908,-2.938046690000001,-2.958346379843298,-2.87474161738095,-2.875525385931208
batumni01,Nicolas Batum,test,-3.377218,-3.0658744099999997,-2.7537366741641356,-2.9512536498582755,-2.8748642826462274
batumni01,Nicolas Batum,test,-3.293686,-3.0626260900000015,-2.788014469581372,-2.957348030860542,-3.103372275746713
bayleje01,Jerryd Bayless,train,-3.045554,-3.0675871200000007,-3.123643569804591,-3.0492928582732417,-3.1256217852803303
baynear01,Aron Baynes,train,-2.376693,-2.534590139999997,-2.51122162658441,-2.6076113627239224,-2.528932486682611
baynear01,Aron Baynes,train,-2.955981,-3.0275965100000013,-3.066802254652116,-3.0109884835045375,-2.9905417298332173
baynear01,Aron Baynes,train,-2.722029,-2.8583135200000003,-2.980537416207864,-2.8657172865124743,-2.9956141920568404
bazemke01,Kent Bazemore,train,-3.451019,-3.694079719999997,-4.065238799804972,-3.741967717117911,-3.9545057938898105
bazemke01,Kent Bazemore,train,-1.682614,-1.8217561000000007,-1.9945763116042372,-1.881699061440422,-1.9469372581649553
bealbr01,Bradley Beal,train,-1.308492,-1.4446465400000006,-1.5814187806898665,-1.4974064015872517,-1.5054471626153891
bealbr01,Bradley Beal,train,-1.135285,-1.1635025599999997,-1.356094367594869,-1.1997647439438779,-1.2367566568856179
bealbr01,Bradley Beal,val,-0.901401,-1.3997254900000007,-1.605057559298377,-1.610550431176305,-1.461736367908586
bealbr01,Bradley Beal,test,-3.338217,-2.14459487,-2.2145321485337117,-2.2360527502499976,-2.131123319163588
beaslma01,Malik Beasley,train,-1.984581,-2.0681844599999994,-2.242490837372146,-2.237890466607095,-2.132411330789085
belinma01,Marco Belinelli,train,-2.831928,-2.913531210000002,-2.8698259178783676,-2.8386785404495485,-2.774361774379228
belljo01,Jordan Bell,train,-4.505304,-4.447532560000005,-4.411244115333458,-4.504001847866555,-4.469803379038087
bembrde01,DeAndre' Bembry,train,-4.077446,-4.033089940000003,-4.134146177551894,-3.9552710231468247,-4.059033650575605
bendedr01,Dragan Bender,train,-4.133016,-4.1335064699999995,-4.262716909198454,-4.067100988881318,-4.189540499332616
bertada01,Dāvis Bertāns,train,-2.642686,-2.88529496,-3.177197459576825,-2.9294583358401387,-3.291408792094403
bertada01,Dāvis Bertāns,train,-1.920043,-1.94135239,-1.840813908570976,-1.9332434391388882,-1.8771979785675652
beverpa01,Patrick Beverley,train,-2.499295,-2.3177434299999975,-1.9798542387041116,-2.3027407795206147,-2.1650686410696998
beverpa01,Patrick Beverley,train,-2.102364,-2.168551479999997,-2.4507203912392583,-2.216789507816737,-2.348627339707935
beysa01,Saddiq Bey,test,-3.100007,-1.92433934,-1.9244515260216564,-1.9934450811388882,-1.795285124875553
birchkh01,Khem Birch,train,-4.537209,-4.490981040000005,-4.321047707307112,-4.452327944413843,-4.364735329569309
birchkh01,Khem Birch,train,-3.594019,-3.520674640000001,-3.4830096534377875,-3.4685502290702894,-3.4745378376818525
birchkh01,Khem Birch,train,-2.825068,-2.7359972599999964,-2.5936152487075432,-2.743746380195013,-2.578622623030194
bitadgo01,Goga Bitadze,test,-2.82557,-2.8725611499999992,-2.753359824374997,-2.765368213147963,-2.715562423134035
biyombi01,Bismack Biyombo,train,-3.192443,-3.1970674100000007,-2.880059598259303,-3.0915694651359003,-2.965082992822262
biyombi01,Bismack Biyombo,train,-1.654443,-1.699772639999998,-1.828049667605725,-1.8709867492463406,-1.7876235598999461
bjeline01,Nemanja Bjelica,train,-2.701875,-2.7073450499999994,-2.7299803768593716,-2.701772137735259,-2.832376151281903
blackta01,Tarik Black,train,-4.537209,-4.472809110000005,-4.321047707307112,-4.419691366615595,-4.343801723604905
blackta01,Tarik Black,train,-2.684618,-3.172022830000001,-3.5356477248818843,-3.232528130443311,-3.584357056635288
blakean01,Antonio Blakeney,train,-4.252124,-4.281284589999995,-4.174825549299729,-4.293290173739232,-4.172728593806451
blakest01,Steve Blake,train,-3.390394,-3.2770992499999982,-3.2231250694118097,-3.248100057874153,-3.264878219113804
bledser01,Eric Bledsoe,train,-1.609438,-1.6115573400000005,-1.616280679983329,-1.6160257961434228,-1.6290881662345693
bledser01,Eric Bledsoe,train,-1.830431,-1.7232752600000019,-1.6494190230739032,-1.739950376295351,-1.6612134745211662
bogdabo01,Bogdan Bogdanović,train,-2.398834,-2.772375229999998,-3.3374312913077366,-3.2729802827786516,-3.432041688965572
bogdabo01,Bogdan Bogdanović,train,-1.80226,-1.8607625299999984,-1.7620847428801114,-1.8452602251235801,-1.7682543893572025
bogdabo01,Bogdan Bogdanović,val,-2.11262,-1.9056489100000003,-1.7722241347434935,-1.9563381446285295,-1.8466004566131655
bogdabo02,Bojan Bogdanović,train,-2.910634,-3.293680109999999,-4.01527508882185,-3.4436017458690444,-3.9483217029283915
bogdabo02,Bojan Bogdanović,train,-2.244684,-2.4217387800000028,-2.6072238119679043,-2.445891973639354,-2.6047827905029024
bogdabo02,Bojan Bogdanović,train,-1.787097,-1.7083827599999983,-1.649587597628501,-1.7026760340907048,-1.7131474839027097
bogdabo02,Bojan Bogdanović,val,-1.941626,-1.9294700699999994,-1.8831253818159877,-1.8621897058990917,-1.7930668448522684
bogutan01,Andrew Bogut,train,-1.659259,-1.8877819599999999,-2.02619365436518,-2.0138541525289098,-1.990922738129762
bolbo01,Bol Bol,val,-4.029038,-4.2115067,-4.384954699216783,-4.240778004238304,-4.310743216423654
boldejo01,Jonah Bolden,train,-4.064072,-4.132325550000004,-4.057418383312983,-4.137006222948569,-4.0752936807949185
bonaad01,Adem Bona,test,-4.265265,-4.348204860000001,-4.212064197686956,-4.327612889345908,-4.13321170687218
bongais01,Isaac Bonga,train,-4.316203,-4.372982399999994,-4.291042799691665,-4.357922921683104,-4.377787195818213
bookede01,Devin Booker,train,-3.471467,-3.536530869999999,-3.724256428290853,-3.530580747328072,-3.682229663607787
bookede01,Devin Booker,train,-1.237893,-1.3217448400000003,-1.377107584354953,-1.3803548848367342,-1.3448564779424006
bookede01,Devin Booker,val,-0.903478,-1.0586476299999994,-1.075130380368676,-1.1084090865272105,-0.9876573262758119
bookede01,Devin Booker,test,-0.943548,-1.3218712600000007,-1.4304073728382094,-1.3805773200799316,-1.2554309922627307
booketr01,Trevor Booker,train,-2.556974,-2.6729120899999987,-2.884863070254937,-2.6455179385521532,-2.921474114067085
booketr01,Trevor Booker,train,-2.320191,-2.563290709999998,-2.807125274338254,-2.528715539204183,-2.7249623329057027
bouchch01,Chris Boucher,train,-2.783089,-2.844682229999999,-3.0119139449400985,-2.9036794927387644,-2.941521180826057
bouchch01,Chris Boucher,val,-2.353642,-2.65901741,-2.1795034651508205,-2.476468645676304,-2.277493422173928
bradlav01,Avery Bradley,train,-2.064724,-2.0790201400000017,-2.1097329116964505,-2.127792469412701,-2.086956997475285
bradlav01,Avery Bradley,train,-2.09956,-2.212565389999998,-2.341028398650673,-2.3205253979353744,-2.248161601082147
bradlav01,Avery Bradley,train,-3.106462,-3.218477839999999,-3.3107572724629795,-3.195783701808388,-3.314560926555395
bradlto01,Tony Bradley,train,-4.072471,-3.8108776900000043,-3.8935987993649905,-3.7861129347766465,-3.9313354459626635
brazdig01,Ignas Brazdeikis,train,-4.506152,-4.5096038499999915,-4.321129207640987,-4.455769970350546,-4.355402234471937
breweco01,Corey Brewer,train,-2.194372,-2.2441200699999975,-2.4225291364978174,-2.262006494789115,-2.402268422990344
bridgmi01,Mikal Bridges,test,-1.512114,-1.57545107,-1.4562707818901557,-1.5829142544835577,-1.4056914950806878
bridgmi02,Miles Bridges,test,-1.726958,-1.6102273100000009,-1.8498511822056138,-1.8245302068769846,-1.8077556630111051
briscis01,Isaiah Briscoe,train,-4.219891,-4.334099690000001,-4.276473195273885,-4.259385068343536,-4.276150757035185
brissos01,Oshae Brissett,val,-4.0734,-3.5526116899999995,-3.7530622751267413,-3.4935732161043065,-3.6356516491664475
broekry01,Ryan Broekhoff,train,-4.50147,-4.342919289999997,-4.274418246880058,-4.299501411656239,-4.1076865491509595
brogdma01,Malcolm Brogdon,train,-1.636275,-1.6993527000000013,-1.6917228205430244,-1.6996027232764874,-1.7422819342967708
brogdma01,Malcolm Brogdon,train,-1.70398,-1.625480880000001,-1.6680195181279294,-1.6916551450102049,-1.64895984998408
brookar01,Armoni Brooks,train,-4.134402,-4.2141197700000035,-4.238184827272472,-4.1208340335119065,-4.208919856499604
brookdi01,Dillon Brooks,train,-2.265453,-2.3608604000000026,-2.301536221619029,-2.3265841658798165,-2.29744962266023
brookdi01,Dillon Brooks,val,-1.844756,-2.0778101000000007,-2.091886033412574,-2.2197870237777777,-2.180299478070544
brownan02,Anthony Brown,train,-4.39545,-4.423841809999995,-4.324028620818637,-4.344831091057461,-4.254775340351912
brownan02,Anthony Brown,train,-4.678346,-4.5356624799999965,-4.520111840657552,-4.501419793418937,-4.5398162140553
brownbr01,Bruce Brown,train,-4.348584,-4.274339590000002,-3.9898357571253498,-4.306869222187396,-4.117012078528474
brownbr01,Bruce Brown,val,-2.924383,-2.9329426099999982,-3.0305162693226966,-2.8112464845153053,-3.076250575790156
brownbr01,Bruce Brown,val,-1.799294,-2.8380134699999995,-2.7262758277421755,-2.591226480482426,-2.6672514800962133
browngr01,Greg Brown III,train,-4.357545,-4.3675455500000036,-4.371887877520446,-4.381561022964806,-4.397577783406872
brownja02,Jaylen Brown,train,-1.412661,-1.6570307000000017,-1.6143353733809964,-1.7121161075845686,-1.5919258454796814
brownja02,Jaylen Brown,val,-0.901415,-1.178597279999999,-1.2354403253578767,-1.2397258858852789,-1.1921206551249843
brownma02,Markel Brown,train,-4.537209,-4.394461160000005,-4.249304108018003,-4.306525990321441,-4.142338368055267
brownst02,Sterling Brown,train,-4.35967,-4.347092619999996,-4.353651956338902,-4.356979335931716,-4.414826286920242
brownst02,Sterling Brown,train,-3.623576,-3.556214600000004,-3.4301163463193953,-3.5242504091853757,-3.4686545033372544
browntr01,Troy Brown Jr.,val,-3.526515,-3.1109867200000014,-3.332317352833075,-3.1831951527590703,-3.2604309436526995
brunsja01,Jalen Brunson,train,-4.195157,-4.219399959999997,-4.235562321130812,-4.250786061321428,-4.200316784673057
brunsja01,Jalen Brunson,val,-1.559399,-1.6907829699999997,-1.702868387647601,-1.6927540955249436,-1.6657478611487282
brunsja01,Jalen Brunson,test,-1.374383,-1.0916810099999994,-1.113889529536552,-1.1610073685170084,-1.1703377673869986
brussni01,Nicolás Brussino,train,-4.727136,-4.69540071999999,-4.466318911287241,-4.686593461428562,-4.516257967048977
bryanko01,Kobe Bryant,train,-0.966112,-1.0030091099999996,-1.1700809101630472,-1.0572962181910437,-1.1688590329775403
bryanth01,Thomas Bryant,train,-4.505304,-4.471770730000004,-4.366639392737206,-4.4300709299651935,-4.329103926267184
bryanth01,Thomas Bryant,train,-2.572368,-2.5062285500000026,-2.463851859693963,-2.600372406972788,-2.493201969282379
bryanth01,Thomas Bryant,val,-3.925129,-2.90949048,-3.341982529182423,-2.9618325561961463,-3.1828957068720234
bullore01,Reggie Bullock,train,-3.679768,-3.777488950000004,-3.898053787869146,-3.781623001799884,-3.8714987509252237
bullore01,Reggie Bullock,train,-3.281644,-3.184439540000002,-2.9992750826314487,-3.092214383334464,-3.1158413481171237
bullore01,Reggie Bullock,train,-2.418271,-2.4030606600000017,-2.4801293280744026,-2.3965485735402465,-2.504647039139184
burketr01,Trey Burke,train,-4.361323,-3.7747065900000045,-3.677245725054221,-3.6402554924880963,-3.724250122730379
burketr01,Trey Burke,train,-3.545229,-3.3115035600000033,-3.4038622295625562,-3.3606582285408155,-3.3867023604071393
burksal01,Alec Burks,train,-1.89712,-1.8842667600000007,-1.8027716041876423,-1.9282274425323096,-1.7732759312001192
burksal01,Alec Burks,train,-2.419603,-2.2963029499999976,-2.397231729092933,-2.355626328121315,-2.3194509924770346
butleja02,Jared Butler,train,-4.503053,-4.447030630000004,-4.370135052542808,-4.438410155172903,-4.466058817720037
butleji01,Jimmy Butler,train,-1.628884,-1.5233631000000003,-1.3565804784498687,-1.4589546238031856,-1.4032496989720722
butleji01,Jimmy Butler,train,-1.131656,-1.1683636500000016,-1.2171813750898421,-1.1884024654253234,-1.1962425982356493
butleji01,Jimmy Butler,train,-0.929765,-1.035387860000002,-1.0984287587562729,-1.056705639575397,-1.1053967028520923
butleji01,Jimmy Butler,test,-1.120433,-1.5056936700000005,-1.4954177362661394,-1.419575783667234,-1.6210670563871252
cabocbr01,Bruno Caboclo,train,-3.74539,-3.599207909999995,-3.5566103481310836,-3.541585104413833,-3.4410215786375167
cabocbr01,Bruno Caboclo,train,-4.522889,-4.140186880000004,-4.309636083347426,-4.2349088746022465,-4.3030203225787895
caldwke01,Kentavious Caldwell-Pope,train,-2.577581,-2.7070268100000034,-2.7208537298413886,-2.6839579754688194,-2.657813782365998
caldwke01,Kentavious Caldwell-Pope,train,-2.125121,-2.3041264200000016,-2.4080604143775854,-2.293989754557256,-2.370681638095828
caldwke01,Kentavious Caldwell-Pope,val,-2.199772,-2.4079087500000007,-2.2663149062921013,-2.3637059709132653,-2.3419260103266373
caldwke01,Kentavious Caldwell-Pope,test,-1.854791,-2.2880770499999996,-2.2957299694841127,-2.237642973590136,-2.3084534375523633
camarto01,Toumani Camara,val,-4.265706,-4.325078799999999,-4.21154378658648,-4.323755039818744,-4.101303721853109
camarto01,Toumani Camara,test,-2.1283,-1.9225682799999992,-1.9568074730555602,-1.9343357880164394,-1.9285179562799144
campafa01,Facundo Campazzo,train,-3.380253,-3.6700343899999996,-4.170344841555984,-3.7581169194348014,-4.004819215402494
canaais01,Isaiah Canaan,train,-4.496025,-4.012879459999994,-3.90056702081643,-3.940783455620747,-3.885916452002654
cancavl01,Vlatko Čančar,train,-4.356159,-4.297359389999996,-4.2001552216379485,-4.24619637917286,-4.239497210934458
cancavl01,Vlatko Čančar,val,-3.996248,-4.11086648,-4.276113138126192,-4.088746939594107,-4.231325898007906
capelca01,Clint Capela,train,-3.949422,-3.582698240000003,-3.744882795277852,-3.5452722909676844,-3.583790639785758
capelca01,Clint Capela,train,-1.69425,-1.8898519499999997,-1.831265867506024,-1.7822246417743788,-1.7942578356173196
capelca01,Clint Capela,test,-3.090011,-2.4479710199999998,-2.049684124582128,-2.4410785849952057,-2.1209552229105904
carrode01,DeMarre Carroll,train,-1.574347,-1.6466558099999993,-1.684874232935903,-1.6526791910340133,-1.7292368397429063
carrode01,DeMarre Carroll,train,-2.341256,-2.4768309499999956,-2.6345516430009273,-2.495932930903059,-2.59785080357006
carteje01,Jevon Carter,train,-3.348897,-3.428901360000002,-3.4768213666199554,-3.479781399475057,-3.481589407404508
carteje01,Jevon Carter,val,-4.042768,-3.4647894700000017,-3.78161541643496,-3.6147711419175437,-3.801880543710105
carteje01,Jevon Carter,val,-3.041007,-2.64612882,-2.899302792203624,-2.6486284010941037,-2.913308312211778
cartemi01,Michael Carter-Williams,train,-3.498709,-3.4568373900000005,-3.4407919348509934,-3.3605823908248316,-3.2505791805160076
cartevi01,Vince Carter,train,-2.757872,-2.6887078899999977,-2.567398379390474,-2.594886618596937,-2.63155687365929
cartewe01,Wendell Carter Jr.,train,-2.291767,-2.107212479999998,-1.920364334030671,-2.132845533208049,-1.9544979508254423
cartewe01,Wendell Carter Jr.,test,-2.06817,-2.102152789999999,-2.2860153921716853,-2.1254154896139443,-2.1373146748089753
carusal01,Alex Caruso,train,-3.681031,-3.701493030000001,-3.7827720645087104,-3.6404091854620217,-3.7137321690056346
carusal01,Alex Caruso,train,-2.497565,-2.491457410000002,-2.3822717542561693,-2.551020948632964,-2.442309111155299
carusal01,Alex Caruso,test,-2.031757,-2.2211479199999986,-2.027424883509808,-2.1566683504794355,-2.1339283910618168
casspom01,Omri Casspi,train,-3.149883,-3.1124767699999962,-3.1054624468604985,-3.0758091243662102,-3.122973510634599
caulewi01,Willie Cauley-Stein,train,-3.002901,-3.003331260000002,-3.365997881702967,-3.174971132513041,-3.3786221882653935
caulewi01,Willie Cauley-Stein,train,-3.89063,-3.428249249999995,-3.1415944039358794,-3.1798905078741497,-3.2263757443067163
caulewi01,Willie Cauley-Stein,train,-3.281644,-3.1818779300000015,-3.1594024022252554,-3.208653373909293,-3.172086032468935
cavanty01,Tyler Cavanaugh,train,-4.5665,-4.576155750000006,-4.5012156756650095,-4.538890071107495,-4.54960401058807
chalmma01,Mario Chalmers,train,-2.721058,-2.6827651,-2.745305876672812,-2.628469767642857,-2.691390683011481
champju02,Julian Champagnie,val,-3.814197,-4.2862114700000005,-4.036622205978571,-4.3518186071918095,-4.2670495737463074
champju02,Julian Champagnie,test,-2.523715,-2.410405000000001,-2.438948635268567,-2.3015048033418393,-2.438946300619404
chandke01,Kennedy Chandler,val,-4.239479,-4.341988160000005,-4.196093909918507,-4.319695593575391,-4.220325879697787
chandty01,Tyson Chandler,train,-1.683546,-1.7078000800000026,-1.6049054605458806,-1.7653615413478145,-1.6828940276386268
chandwi01,Wilson Chandler,train,-2.091657,-1.980268669999999,-1.6977194743840356,-1.95522699953628,-1.7750874096545635
chrisca02,Cam Christie,test,-4.265265,-4.32023654,-3.9120541237371436,-4.2639264028907125,-4.02781940076148
chrisma02,Max Christie,val,-4.502685,-4.538408860000002,-4.203487237192246,-4.404531722182315,-4.318643203932162
chrisma02,Max Christie,test,-2.866392,-4.007838750000001,-3.9390285402298075,-3.8950393178666607,-3.918300394346513
chrisse01,Semaj Christon,train,-4.727136,-4.135015599999995,-4.175586727200939,-4.082378296717691,-4.1796034766377135
cissemo01,Moussa Cisse,test,-4.269355,-4.021691390000001,-4.127336495289548,-4.107910986040814,-4.201206288955374
cissosi01,Sidy Cissoko,val,-4.35701,-4.336867069999999,-4.321964525810499,-4.350069757001902,-4.2970353166712725
clarkbr01,Brandon Clarke,val,-2.387081,-2.13395023,-1.9815788676800494,-2.21773666727551,-2.1878767682101543
clarkga01,Gary Clark,train,-3.974792,-3.975585469999998,-4.011158264040629,-3.963520709266441,-4.011263758539022
clarkja02,Jaylen Clark,test,-3.932482,-3.6647027000000003,-3.3235998966456175,-3.4897782781320865,-3.4614127852772145
clarkjo01,Jordan Clarkson,train,-4.537209,-4.439503200000003,-4.249304108018003,-4.290950787501148,-4.142338368055267
clarkjo01,Jordan Clarkson,train,-2.019086,-2.049117999999998,-2.0881370698679027,-2.0898878643083907,-2.010506340554992
clarkjo01,Jordan Clarkson,train,-2.136956,-2.0721765399999996,-1.9665538591854688,-2.120944917592402,-2.0262921200442534
claxtni01,Nic Claxton,train,-4.356159,-4.334016569999996,-4.351153728050873,-4.3400989328449775,-4.418811313129549
claxtni01,Nic Claxton,val,-2.66283,-2.9698377100000006,-3.0505774258061047,-2.9249645795491666,-2.999989509594105
claxtni01,Nic Claxton,test,-1.757417,-1.9811225000000012,-1.9636052736656284,-1.9405481137639669,-1.9105169363579377
collida01,Darren Collison,train,-2.293474,-2.420430200000001,-2.364753248278907,-2.4064365883384333,-2.43714127109711
colliis01,Isaiah Collier,test,-3.774901,-4.4854759400000015,-4.242612686886199,-4.381415590176861,-4.243940988068293
collijo01,John Collins,train,-1.503313,-1.5218486000000004,-1.4951806066887479,-1.5396391942947847,-1.5306594535079847
collijo01,John Collins,test,-2.303242,-1.9459577200000004,-2.0750742047938275,-2.067667717618428,-1.8851660120193658
collini01,Nick Collison,train,-3.223059,-2.9906180499999993,-3.066082591237931,-3.0478444376666696,-3.114825899993829
colliza01,Zach Collins,train,-2.727488,-2.6988393099999963,-3.0163785872907614,-2.710173888626419,-2.805843442852785
colliza01,Zach Collins,val,-2.088789,-3.1467559299999976,-2.8176436622559247,-2.6936269974757274,-2.8681561200482975
colliza01,Zach Collins,test,-3.091699,-3.0009533500000005,-3.1462361018225278,-3.111194318808392,-3.072218516437656
conlemi01,Mike Conley,train,-1.126433,-1.306553120000001,-1.4217003669889396,-1.3427766192335604,-1.3808984648927356
conlemi01,Mike Conley,train,-1.600705,-1.6070992800000017,-1.6769120153218622,-1.638433772891155,-1.6283862398461522
conlemi01,Mike Conley,test,-2.701746,-2.8116679899999992,-2.557275747229613,-2.387308346579363,-2.748924154230614
connapa01,Pat Connaughton,train,-4.430817,-4.123093539999998,-3.7780859833506724,-4.129661435624706,-3.819466112142518
connapa01,Pat Connaughton,train,-3.018655,-2.8459076499999987,-2.7944674571808195,-2.895456294403061,-2.849942350567886
connapa01,Pat Connaughton,val,-2.66962,-2.6170949,-2.6720596136569137,-2.4279693439178014,-2.611307751086773
cookqu01,Quinn Cook,train,-5.011574,-4.932306219999998,-4.792572864411127,-4.834589297676304,-4.736610961586291
cookqu01,Quinn Cook,train,-3.594019,-3.6285472500000022,-3.6445992723639655,-3.597591337942742,-3.6540847552356
couside01,DeMarcus Cousins,train,-1.346885,-1.4717237099999994,-1.4378056697896726,-1.4710408456893438,-1.416183289918431
covinro01,Robert Covington,train,-4.137521,-4.221225939999997,-4.431539067261815,-4.276221232453508,-4.376625120231278
covinro01,Robert Covington,train,-1.882848,-1.8903502599999975,-1.7916468167169692,-1.9015001138151377,-1.8229784563442095
covinro01,Robert Covington,val,-2.427903,-2.5921413699999993,-2.743862530950533,-2.5044299080907,-2.6014125798490864
crabbal01,Allen Crabbe,train,-1.616291,-1.820782089999999,-1.907511054424915,-1.895045927185943,-1.9169797716446981
craigto01,Torrey Craig,train,-3.93054,-3.988762260000003,-4.231547692605608,-3.9992725626967096,-4.018241743090221
craigto01,Torrey Craig,train,-3.112751,-3.1454493700000006,-3.3129674721650284,-3.194521276619044,-3.37119879253284
craigto01,Torrey Craig,val,-3.925129,-2.9257997599999994,-3.267292582325243,-2.8007804122828794,-3.189693767097632
crawfja01,Jamal Crawford,train,-1.905758,-1.994563719999999,-2.1189929990734138,-2.1077741711346603,-2.0113804322915336
crawfja01,Jamal Crawford,train,-3.103155,-2.971995709999998,-2.9528185896015624,-2.94753501538538,-2.8623056563059004
crowdja01,Jae Crowder,train,-2.302585,-2.2961535799999964,-2.0294159699177707,-2.3327767512596416,-2.2322893378619773
crowdja01,Jae Crowder,train,-2.418446,-2.3993924499999983,-2.3846761298742294,-2.384658714653627,-2.3676951086355897
cunnida01,Dante Cunningham,train,-3.149883,-2.9183479499999962,-2.821716539362791,-2.9973878847728805,-2.810916620180502
curryse01,Seth Curry,train,-4.268698,-4.287739509999992,-4.287442816740951,-4.303739938777676,-4.3183932641843175
curryse01,Seth Curry,train,-3.46301,-3.611474669999998,-3.9942738962542323,-3.709269804325857,-3.936697148478943
curryse01,Seth Curry,train,-2.61319,-2.5098785200000013,-2.461859948891749,-2.6762738852545342,-2.5677933012619745
curryse01,Seth Curry,val,-3.526515,-3.05190675,-3.040822866925696,-3.0799165172626783,-2.988258328428338
curryst01,Stephen Curry,train,-0.901197,-0.9534098799999997,-0.9641236217879009,-0.9665592925374147,-0.9690908401438644
curryst01,Stephen Curry,train,-0.831525,-0.9344630799999998,-0.995349003748817,-0.9391349761774381,-0.9800855345603962
danietr01,Troy Daniels,train,-4.373579,-4.399110980000004,-4.503254584960542,-4.370749834452896,-4.5391730590102
danietr01,Troy Daniels,train,-4.271999,-4.234164599999998,-4.303510539037539,-4.311674951714236,-4.280729859972054
danietr01,Troy Daniels,train,-3.340842,-3.481558670000002,-3.6486766343437775,-3.51628442586508,-3.5305136952067584
davisan02,Anthony Davis,train,-1.308492,-1.3147232400000006,-1.1415442483842688,-1.2893583516609979,-1.1953831383612155
davisan02,Anthony Davis,train,-1.055572,-1.0596549899999994,-1.0527236540278104,-1.0673659932477317,-0.9945182500415922
davisan02,Anthony Davis,val,-0.877548,-1.1193558100000005,-1.2025320458440105,-1.141086617094105,-1.163854863764194
davisde01,Deyonta Davis,train,-4.257133,-4.350530960000003,-4.30900687090295,-4.3313188439922135,-4.362012651679588
davised01,Ed Davis,train,-4.104945,-3.772795789999995,-3.690711693288042,-3.748231886225055,-3.749140929139283
davised01,Ed Davis,train,-2.351375,-2.2847191499999986,-2.3768991321368613,-2.367025290040662,-2.4026005460889452
davised01,Ed Davis,train,-3.106462,-3.0418632499999996,-2.840084668279388,-3.0140454052027943,-2.8521845930052
daviste02,Terence Davis,train,-4.506152,-4.505671129999997,-4.439742990673893,-4.4927278723554425,-4.493664913954349
daviste02,Terence Davis,train,-3.335894,-3.2740457499999986,-3.346059205316584,-3.3216698625742596,-3.3023954925247523
dedmode01,Dewayne Dedmon,train,-3.46301,-3.511428469999999,-3.67164700264303,-3.53140628204592,-3.6175093975610317
dedmode01,Dewayne Dedmon,train,-2.102364,-2.1636035199999983,-2.3193507530330693,-2.194463835955216,-2.3225244265513703
dedmode01,Dewayne Dedmon,val,-3.311198,-3.0801335499999993,-3.2610936851771353,-3.0087501872613363,-3.063297939453143
dekkesa01,Sam Dekker,train,-3.72673,-3.769385059999995,-3.9636527793675285,-3.8894024119682005,-3.9921445652588643
delanma01,Malcolm Delaney,train,-3.628524,-3.9144367200000043,-4.162966771009853,-4.009855536233149,-4.021831953079941
dellama01,Matthew Dellavedova,train,-2.283052,-2.228779169999999,-2.1576320259503046,-2.266577534768807,-2.224599221875234
denglu01,Luol Deng,train,-1.848102,-1.8812179800000015,-1.9366277942999275,-1.8422847103310158,-1.9033600791140195
denglu01,Luol Deng,train,-1.654443,-1.7169367599999987,-1.6610774524005358,-1.731116151277211,-1.64712629294467
derozde01,DeMar DeRozan,train,-1.219779,-1.2269473400000006,-1.2384329207218658,-1.2197631278151921,-1.1903178046681682
derozde01,DeMar DeRozan,train,-1.37815,-1.3559545200000018,-1.2837150703523992,-1.3790749519529486,-1.3409306379336234
derozde01,DeMar DeRozan,test,-1.744307,-1.29054305,-1.5171610061945722,-1.3638561717244895,-1.4661404126494397
diabamo01,Moussa Diabaté,test,-4.305743,-4.209654650000001,-4.197687990399631,-4.213151819160062,-4.393393236626735
diallch01,Cheick Diallo,train,-4.727136,-4.564090759999995,-4.3222283307118134,-4.465253403520399,-4.317111361988216
diallha01,Hamidou Diallo,train,-4.492659,-4.296259540000002,-4.032949640328558,-4.298138785878744,-4.045052372457187
diallha01,Hamidou Diallo,train,-3.07353,-3.227002080000002,-3.240137056851156,-3.1031682504727858,-3.2513378487991824
diawamo01,Mohamed Diawara,test,-4.099718,-3.9620803400000018,-3.9165792034980127,-3.949945916239231,-3.9846916437455127
diawbo01,Boris Diaw,train,-2.198256,-2.179630599999997,-2.104227634979652,-2.206292825873014,-2.130743018746669
dickgr01,Gradey Dick,val,-3.234779,-3.94648205,-3.922184129029875,-4.100633738307,-3.800285799609577
dienggo01,Gorgui Dieng,train,-1.791154,-1.8317243200000022,-1.8803940166258473,-1.8600897128469391,-1.9402117036871298
diengou01,Ousmane Dieng,test,-3.372867,-2.9934388499999995,-3.209527402733358,-3.411038313337303,-3.1608419945782313
dinwisp01,Spencer Dinwiddie,train,-4.314559,-4.327111349999995,-4.213520600516714,-4.244137401926869,-4.228975068908658
dinwisp01,Spencer Dinwiddie,train,-4.529926,-4.490507029999993,-4.407671713134895,-4.47878873437245,-4.386012579213939
dinwisp01,Spencer Dinwiddie,train,-4.578716,-4.592977789999995,-4.4939049311298,-4.539886242086736,-4.550346277115031
dinwisp01,Spencer Dinwiddie,train,-2.253187,-2.147940819999998,-2.3700828000036243,-2.1831730300068024,-2.2427674042429624
dinwisp01,Spencer Dinwiddie,train,-1.831817,-2.194066280000001,-2.133769873342772,-2.155488318924605,-2.128770784670509
divindo01,Donte DiVincenzo,val,-3.288184,-3.2937341500000006,-3.1885420665151827,-3.121748269218357,-3.2525789185053147
divindo01,Donte DiVincenzo,val,-2.451726,-2.1790511200000005,-2.1428277443937533,-2.179976635913264,-2.128745552624474
doncilu01,Luka Dončić,train,-1.055551,-1.0284992099999988,-1.0364331310416686,-1.0367355720748306,-0.9773401420073963
doncilu01,Luka Dončić,test,-1.157771,-1.03740383,-1.1101001984965166,-1.0637565303316323,-1.0385107469594665
dorsety01,Tyler Dorsey,train,-4.505304,-4.500293540000006,-4.358143687189085,-4.498749564310656,-4.392592753568948
dortlu01,Luguentz Dort,val,-2.014135,-2.440635090000001,-2.7259709527791123,-2.387821638049887,-2.4977454769202545
dosunay01,Ayo Dosunmu,train,-4.503053,-4.450805290000004,-4.37712670198453,-4.4577093886519235,-4.397459274430031
dosunay01,Ayo Dosunmu,val,-2.966899,-2.5422906200000015,-2.4491833781195482,-2.675748860405174,-2.503411776291132
dosunay01,Ayo Dosunmu,test,-2.027394,-1.8869711500000002,-1.9043482912136647,-1.9586377242209307,-1.8638708718713493
dotsoda01,Damyean Dotson,train,-4.283684,-4.290540689999995,-4.3608928546073065,-4.284965516190479,-4.3606685315732
douglto01,Toney Douglas,train,-4.033384,-3.8996143400000056,-3.765964397697858,-3.8282518036687296,-3.8133313169034118
dragigo01,Goran Dragić,train,-1.711602,-1.6580881200000002,-1.5571547451705177,-1.6712430058078216,-1.5827302870694797
drumman01,Andre Drummond,train,-1.310066,-1.320283840000002,-1.1963299076178509,-1.3897698144134218,-1.180476362922899
drumman01,Andre Drummond,val,-3.629652,-2.9377188399999996,-2.754432928895911,-2.727036659398525,-2.6771707895252024
drumman01,Andre Drummond,test,-3.336396,-2.9864946099999994,-2.8581948126631103,-2.8089942706927444,-2.755945432675278
dudleja01,Jared Dudley,train,-2.24223,-2.322839050000003,-2.4079783641844204,-2.3176308891695045,-2.3826674183226335
duncati01,Tim Duncan,train,-2.557477,-2.305904780000003,-2.46095144893681,-2.3040080504240343,-2.390236521573405
dunlemi02,Mike Dunleavy,train,-2.969279,-2.8323368099999975,-2.6089710611875074,-2.697530281348074,-2.693335134358893
dunnkr01,Kris Dunn,train,-3.083194,-3.1510841399999974,-3.2912041213637924,-3.1447256503401375,-3.2178903044263896
dunnkr01,Kris Dunn,test,-3.254509,-3.1826998799999995,-3.0752919044921905,-2.906868130439654,-3.230936114529711
duranke01,Kevin Durant,train,-1.243438,-1.1897055899999989,-1.2501362004498846,-1.1867706184410425,-1.2392467124902018
duranke01,Kevin Durant,train,-1.35249,-1.2500993400000013,-1.3758926511712253,-1.2526874440328803,-1.2590929851126043
duranke01,Kevin Durant,train,-1.197798,-1.104218480000001,-1.230150016307965,-1.1323457472925185,-1.1749394932179524
duranke01,Kevin Durant,train,-0.977475,-1.0041150899999993,-1.0607027386131516,-1.017663434081067,-1.0020271828081102
duranke01,Kevin Durant,train,-0.934798,-1.0162165700000003,-1.0490348276115367,-1.0473910639596997,-0.9752318581166882
duranke01,Kevin Durant,test,-1.329793,-1.325657300000001,-1.4775034255080646,-1.3378419464342404,-1.3685191460535535
durenja01,Jalen Duren,val,-3.234661,-3.6176470700000016,-3.8522929076115027,-3.8448888750821966,-3.807160705471316
easonta01,Tari Eason,test,-2.345904,-2.01118971,-2.300944591781633,-2.2358106964008986,-2.202214994325258
edwaran01,Anthony Edwards,val,-1.055566,-1.28673371,-1.2741464097999329,-1.326062559103638,-1.187054010139566
edwarca01,Carsen Edwards,train,-4.287166,-4.333520990000006,-4.320024929459553,-4.3351344142516535,-4.383598358686897
edwarju01,Justin Edwards,test,-4.182483,-4.194419840000002,-3.9386790954937334,-4.075533888642856,-3.9340405275708044
edwarke02,Kessler Edwards,val,-4.238077,-4.082131270000002,-4.194334243368835,-4.127102360905894,-4.130246958132003
ellebcj01,CJ Elleby,train,-4.506152,-4.473063869999996,-4.414003714924898,-4.485350414190479,-4.451764833374241
ellenhe01,Henry Ellenson,train,-4.697644,-4.605096600000007,-4.4732952334835305,-4.512925912721292,-4.505994674801742
ellenhe01,Henry Ellenson,train,-4.077446,-4.114103820000005,-4.225725920726808,-4.14465623261812,-4.265308038349112
ellinwa01,Wayne Ellington,train,-3.819965,-3.657501870000005,-3.4640943594251423,-3.60093926037039,-3.59973093618638
ellinwa01,Wayne Ellington,train,-2.730805,-3.0217411799999985,-3.517892608622468,-3.050076542265873,-3.4534290599703903
ellinwa01,Wayne Ellington,train,-2.61319,-2.7983044700000006,-3.04795530079744,-2.7573815604863943,-2.955616303996493
elliske01,Keon Ellis,test,-2.939231,-3.3021765900000015,-3.1774245194178663,-3.1880990426264173,-3.160634553520545
ellismo01,Monta Ellis,train,-1.8506,-1.8240557199999983,-1.8241538879953247,-1.8293495870918346,-1.9052716837668187
embiijo01,Joel Embiid,train,-2.535729,-2.877466150000002,-3.2578522248471615,-3.1547884215260718,-3.182157036261684
embiijo01,Joel Embiid,train,-1.237942,-1.920277790000001,-1.4758871326151943,-2.075228760768707,-1.6841544125028824
embiijo01,Joel Embiid,train,-0.841184,-0.956962649999999,-0.9454110406048976,-1.0001046446706363,-0.9182752472123614
embiijo01,Joel Embiid,test,-0.904007,-0.9837289999999994,-0.9348164860005941,-1.0392689656037426,-0.9705206146500795
ennisja01,James Ennis III,train,-4.39691,-4.188572919999996,-3.8078089007676703,-4.125469168513031,-3.839265644967872
ennisja01,James Ennis III,train,-3.46301,-3.4863987299999986,-3.6701546237036813,-3.5332776556043077,-3.583342103035411
ennisja01,James Ennis III,train,-4.07268,-3.796147869999996,-3.4316480889818823,-3.7000452112528377,-3.5390456788615094
ennisja01,James Ennis III,train,-3.974792,-3.785192139999997,-3.444852861989522,-3.6511837417018165,-3.4715840606868213
eubandr01,Drew Eubanks,train,-4.125426,-4.156071500000001,-4.309683289073875,-4.141302889942175,-4.298664813328977
eubandr01,Drew Eubanks,val,-3.996519,-3.11609336,-3.1107125942961997,-2.9183930348718827,-3.1147625250831035
eubandr01,Drew Eubanks,test,-3.361714,-3.1449450499999996,-3.211448635399511,-3.1405644795351515,-3.2115066039722917
evansja01,Jawun Evans,train,-4.505304,-4.503357850000005,-4.350671299035727,-4.408399074885614,-4.424182393595191
exumda01,Danté Exum,train,-2.837185,-3.0407148299999993,-3.400051050685315,-3.1341036597861778,-3.407241637040875
exumda01,Danté Exum,train,-2.225792,-2.4497233400000034,-3.0081106755077767,-2.682876782107142,-2.7835696565715136
exumda01,Danté Exum,train,-3.728937,-3.6755729299999973,-3.6650408778257324,-3.615392589072563,-3.686813806583499
exumda01,Danté Exum,val,-3.789504,-3.4462563299999984,-3.4110468290742166,-3.327183971505105,-3.5919812757933234
ezelife01,Festus Ezeli,train,-2.521283,-2.9317286400000024,-3.2351041200287036,-2.9043762761618264,-3.243384003899203
farieke01,Kenneth Faried,train,-1.722767,-1.7329640300000018,-1.7587023881588784,-1.7649609519608855,-1.7703926917079782
favorde01,Derrick Favors,train,-1.681377,-1.7874121399999987,-1.7793027332225042,-1.8273857580850317,-1.7635309246687993
favorde01,Derrick Favors,train,-1.689831,-2.0400937999999993,-2.324512974491263,-1.9567303274620216,-2.26126073299193
favorde01,Derrick Favors,train,-2.418446,-2.337978279999997,-2.3816440364626836,-2.3795412342602016,-2.3397504933018243
feldeka01,Kay Felder,train,-4.727136,-4.653278669999991,-4.50674171016527,-4.521965718108276,-4.424733075624864
feliccr01,Cristiano Felício,train,-4.60517,-4.554782169999993,-4.284629867130937,-4.427608316827612,-4.41945978313225
feliccr01,Cristiano Felício,train,-2.516617,-2.5909629099999982,-2.6225554942795,-2.6248503741678,-2.5968283740781692
fernabr01,Bruno Fernando,train,-4.243681,-4.252459259999997,-4.3090696216537046,-4.269687214651566,-4.291644929603337
fernabr01,Bruno Fernando,val,-3.910341,-4.0627542599999975,-3.8424706721052226,-3.744617449354307,-4.184965276304253
ferreyo01,Yogi Ferrell,train,-4.90149,-4.795167540000006,-4.67012223691617,-4.747186205125845,-4.763118282035889
filipky01,Kyle Filipowski,test,-3.847221,-4.223671380000002,-4.231948119681438,-4.210508397530813,-4.175592441143948
finnedo01,Dorian Finney-Smith,train,-4.727136,-4.68293397999999,-4.455803600877908,-4.687955059700671,-4.475250809872184
finnedo01,Dorian Finney-Smith,train,-3.306337,-3.0442875700000025,-2.973554915294461,-3.015779712243609,-2.9736406026797377
finnedo01,Dorian Finney-Smith,val,-2.34786,-1.9069846499999996,-1.8801861592882108,-1.8298044060317447,-1.785357246627486
finnedo01,Dorian Finney-Smith,test,-2.462634,-2.3358894000000014,-2.265564688798609,-2.502143084651155,-2.1106492265566064
flemira01,Rasheer Fleming,test,-4.265267,-4.35024175,-4.221836724836616,-4.303703358406611,-4.111009849274241
fontesi01,Simone Fontecchio,val,-3.678061,-4.089948060000001,-4.215397536641794,-4.1675731843769785,-4.025500611428115
fontesi01,Simone Fontecchio,test,-2.866392,-3.5476465299999997,-3.5236006230785413,-3.4719971971995425,-3.585666051830965
forbebr01,Bryn Forbes,train,-4.866399,-4.808985979999999,-4.598902623535396,-4.783079963329972,-4.668903036905854
forbebr01,Bryn Forbes,train,-3.525075,-3.4978874300000005,-3.5749019563706446,-3.56244100332596,-3.609882071879357
forbebr01,Bryn Forbes,train,-3.819248,-3.645337660000002,-3.5348221539643254,-3.5291701068811543,-3.5350364579288525
fournev01,Evan Fournier,train,-1.711602,-1.7427217499999992,-1.6709493776711828,-1.7581039588905927,-1.7171059244216347
fournev01,Evan Fournier,train,-1.818023,-1.820805330000001,-1.759273424756515,-1.8458496418792028,-1.8036496524698988
foxde01,De'Aaron Fox,train,-1.237876,-1.3031521700000002,-1.2682741292639734,-1.3303414953356016,-1.2476255161526186
foxde01,De'Aaron Fox,test,-1.121379,-1.3213945100000006,-1.379398900040037,-1.3739811185396835,-1.2519031068989688
fraziti01,Tim Frazier,train,-5.052574,-4.838218399999997,-4.887401541917421,-4.812107587002732,-4.811578881974371
fraziti01,Tim Frazier,train,-3.826975,-3.9023252500000014,-4.135751646464067,-3.94084862266837,-4.045499087308906
fryech01,Channing Frye,train,-2.064724,-2.0641171100000024,-2.0344598994251983,-2.071854634852605,-2.0423366827062086
fultzma01,Markelle Fultz,train,-1.908778,-2.1782468900000023,-2.1595211650811934,-2.0988179536247173,-2.00075765336947
furphjo01,Johnny Furphy,test,-4.181529,-4.348105780000002,-4.199378093893926,-4.378178316302675,-4.2128917827363725
gabriwe01,Wenyen Gabriel,train,-4.167903,-4.1907899600000045,-4.435461176076079,-4.182054707668935,-4.359798474158463
gaffoda01,Daniel Gafford,train,-4.270637,-4.222349410000001,-4.24054941213638,-4.197045021975619,-4.201438371622794
gaffoda01,Daniel Gafford,train,-2.222738,-2.3780837399999992,-2.360549414657718,-2.439051439256809,-2.3737740444173197
gaffoda01,Daniel Gafford,test,-2.239071,-2.2273301500000007,-2.181651434986699,-2.1665724830085047,-2.2138132633565957
gallida01,Danilo Gallinari,train,-1.833437,-1.9387142700000024,-2.0191737546359874,-1.9936166313202954,-1.9346204205783832
gallida01,Danilo Gallinari,train,-1.523983,-1.5159903599999998,-1.499811396488625,-1.5475418547720057,-1.4876268714501504
gallida01,Danilo Gallinari,train,-1.673834,-1.64178495,-1.6487467455847378,-1.683186300348535,-1.6034483368605166
gallida01,Danilo Gallinari,val,-2.924383,-2.8499013700000004,-2.8272947757212408,-2.8343368200442183,-2.853988151714558
gallola01,Langston Galloway,train,-4.864681,-4.803075240000004,-4.637809863929298,-4.474761953739799,-4.563832649708529
gallola01,Langston Galloway,train,-2.877108,-2.854890169999999,-3.0440314672252864,-2.9221594933280746,-2.900959313043664
garlada01,Darius Garland,val,-1.237877,-1.3080609500000002,-1.351432471280682,-1.3377337957471673,-1.303857535941608
garneke01,Kevin Garnett,train,-2.138282,-2.3612326900000014,-2.5431870405591472,-2.42883563641383,-2.5455544093844096
garzalu01,Luka Garza,train,-4.503053,-4.262741400000006,-3.983522427874233,-4.267454584302303,-4.010450894879916
garzalu01,Luka Garza,test,-4.132684,-3.834359259999999,-3.774379173525294,-3.7787512450429834,-3.883360550446551
garzalu01,Luka Garza,test,-4.074161,-3.8448346,-3.8755185870494095,-3.7442014956251835,-3.9086970030283807
gasolma01,Marc Gasol,train,-1.128777,-1.1786768,-1.2111605845638314,-1.1842196208803846,-1.2014148831797946
gasolma01,Marc Gasol,train,-3.725648,-3.4409426499999993,-3.1194373676542213,-3.2826031083894556,-3.1838543541281816
gasolpa01,Pau Gasol,train,-2.138192,-1.9893596800000017,-2.0572248819273162,-2.032927037165532,-2.053732792533333
gasolpa01,Pau Gasol,train,-1.781645,-1.7900880499999994,-1.8489297964862261,-1.6989301034965978,-1.7743713360671167
gasolpa01,Pau Gasol,train,-1.806941,-1.8545990199999987,-2.023135926581891,-1.9954683960446287,-1.979289352452276
gayru01,Rudy Gay,train,-1.658228,-1.62611957,-1.6464019481810919,-1.6102474649812923,-1.6610169227581286
gayru01,Rudy Gay,train,-2.444297,-2.131274910000003,-2.2585369990718323,-2.232936002126982,-2.1938113470440745
gayru01,Rudy Gay,train,-1.920043,-2.1171659300000005,-2.295913403300628,-2.173549730262467,-2.3184011905683852
gayru01,Rudy Gay,train,-2.494866,-2.685151070000001,-2.8593473285080275,-2.69187492383957,-2.8066446865552184
geeal01,Alonzo Gee,train,-3.948391,-3.854757210000001,-3.7344480611301014,-3.7934745137256707,-3.670197997036392
georgpa01,Paul George,train,-1.2365,-1.315868000000002,-1.254703215506338,-1.3217586460327768,-1.350502846904002
georgpa01,Paul George,train,-1.090731,-1.129565270000001,-1.1734841408816183,-1.153712789767007,-1.1415152679463725
georgpa01,Paul George,train,-0.937999,-1.0935897300000017,-1.2592142280918346,-1.140324101036281,-1.1885470183744935
georgpa01,Paul George,test,-0.977525,-1.2381240500000004,-1.3049944418233443,-1.3295474994336733,-1.351435361604125
gibsota01,Taj Gibson,train,-1.957001,-2.2654005699999984,-2.5490562788911144,-2.224677693603741,-2.4263501523343716
gibsota01,Taj Gibson,train,-2.390046,-2.476902460000002,-2.6848865728362235,-2.4284494710164437,-2.59099946673612
gibsota01,Taj Gibson,train,-3.1028,-3.1223991200000007,-3.081579890394023,-3.005988221899656,-3.048234334928069
giddejo01,Josh Giddey,test,-1.822269,-1.6380076100000003,-1.6842281267634822,-1.6676610836814045,-1.6688498228612298
gilgesh01,Shai Gilgeous-Alexander,train,-1.237873,-1.2430372899999977,-1.2699743361290206,-1.2920699084846934,-1.286579766987606
gilgesh01,Shai Gilgeous-Alexander,test,-0.918198,-0.98123902,-0.9518747582228351,-0.9862297422335606,-0.9686151378925971
gillan01,Anthony Gill,train,-4.51031,-4.440732720000002,-4.344362019848902,-4.367302292523019,-4.14893627388153
gillan01,Anthony Gill,val,-4.167778,-3.9858820899999983,-3.939062432862151,-3.9648703492426356,-3.937866923063096
gillan01,Anthony Gill,test,-4.07454,-3.7514763100000006,-3.8829311128956556,-3.7700029140147406,-3.8446873222293423
gilleco01,Collin Gillespie,test,-2.651549,-1.98248374,-1.8513923840050186,-2.037052750882651,-1.9588896248727043
ginobma01,Manu Ginóbili,train,-3.192443,-3.1445914000000026,-3.1231074923784417,-3.044769877934343,-3.0546256011012067
goberru01,Rudy Gobert,train,-1.35738,-1.5015438300000021,-1.510347603173182,-1.4915419918231283,-1.5299121730388425
goberru01,Rudy Gobert,train,-1.008616,-1.1559961200000013,-1.191231318334388,-1.1993233213883223,-1.1832908620169504
goberru01,Rudy Gobert,test,-1.443833,-1.453243230000001,-1.4810608363873305,-1.5358857197362392,-1.4514167604732802
goodwar01,Archie Goodwin,train,-4.529926,-4.428229099999996,-4.130473724272373,-4.251935805291383,-4.310176008196963
goodwar01,Archie Goodwin,train,-4.788431,-4.580961720000001,-4.501351302159949,-4.411238413912128,-4.435597921149506
goodwjo01,Jordan Goodwin,test,-3.290629,-2.6381014599999997,-2.5916926766223694,-2.5611318016411575,-2.561564855618701
gordoaa01,Aaron Gordon,train,-2.738069,-2.9030447899999983,-3.004496684378837,-3.0131854537959186,-3.1218312871582197
gordoaa01,Aaron Gordon,train,-1.627955,-1.6056668099999984,-1.6677095157073232,-1.6298875231819725,-1.5813171986863364
gordoaa01,Aaron Gordon,train,-1.74249,-1.7936769200000016,-1.8284981335085868,-1.8192456278945057,-1.860747314822809
gordoaa01,Aaron Gordon,test,-1.49922,-1.6205399500000002,-1.6700091090910156,-1.6806277533435365,-1.5498830633813192
gordoer01,Eric Gordon,train,-1.960817,-1.9335873899999994,-1.9180214995787856,-1.976692944914965,-1.8726918155410721
gordoer01,Eric Gordon,train,-1.75347,-1.7903498999999974,-1.7747965451850554,-1.8375300701756332,-1.8051575291615796
gordoer01,Eric Gordon,val,-3.726491,-2.956342639999999,-3.0798511089167624,-2.948312514164965,-3.131172520597241
gordoer01,Eric Gordon,test,-3.72648,-3.076697379999999,-2.960861610992907,-2.997808206687071,-3.07812822722359
gortama01,Marcin Gortat,train,-1.659259,-1.66134708,-1.667658274571138,-1.6811473905918353,-1.7005723467627483
grahade01,Devonte' Graham,train,-4.318657,-4.332897699999995,-4.286770281334253,-4.321125364963712,-4.279476906699521
grahade01,Devonte' Graham,train,-2.251973,-2.0834618,-1.8376646688163414,-2.105978394493197,-2.0695336539263858
grahatr01,Treveon Graham,train,-4.166263,-4.016994520000001,-3.994455663175179,-4.003759880355838,-4.009986326537275
grantje01,Jerami Grant,train,-4.249526,-4.307483430000002,-4.125441119866255,-4.16778241877891,-4.072574901508096
grantje01,Jerami Grant,train,-2.426463,-2.572593460000003,-2.5695280651128845,-2.486029808097044,-2.5766871795069863
grantje01,Jerami Grant,train,-1.696899,-1.9750368600000017,-2.043836744898344,-1.9205114038770859,-2.040101480543146
grantje01,Jerami Grant,val,-1.447073,-1.6277326000000003,-1.642213969482878,-1.6728979230289096,-1.6761922351122107
grantje02,Jerian Grant,train,-3.772261,-3.7617460599999992,-3.957067781040779,-3.8892879634789694,-3.985450088430959
grantje02,Jerian Grant,train,-3.999484,-3.8988064600000003,-3.809206974949016,-3.903623245393681,-3.911705364555262
greenaj01,A.J. Green,val,-4.167702,-4.18659987,-4.208097177903817,-4.172080146932545,-4.199475407532101
greenaj01,A.J. Green,test,-2.716087,-2.5114083299999996,-2.418402495624064,-2.662312524158165,-2.4986777456413987
greenda02,Danny Green,train,-2.24223,-2.0533756300000023,-2.00008632763582,-2.030987394335034,-1.9794770466208844
greenda02,Danny Green,train,-2.419603,-2.6128052999999976,-2.671191707881745,-2.567277169030045,-2.6078868289290074
greendr01,Draymond Green,train,-1.477061,-1.6508955300000003,-1.6756925142840988,-1.6559748045018048,-1.685750008620177
greendr01,Draymond Green,val,-1.693933,-1.89926358,-1.9593381574871584,-1.9571963030004118,-1.895687685150778
greenja01,JaMychal Green,train,-4.537209,-4.399254660000004,-3.9204434694909427,-4.285445177565188,-3.989047225143492
greenja01,JaMychal Green,train,-2.504195,-2.6132291000000016,-2.813667080902412,-2.570202380355441,-2.8345999303255196
greenja01,JaMychal Green,train,-3.106462,-3.079062049999999,-3.144519192110174,-3.075463951391725,-3.1934891915010213
greenja01,JaMychal Green,train,-2.693858,-2.8234176600000005,-3.0101805090842,-2.822373997179138,-3.0062726466882026
greenja01,JaMychal Green,train,-2.618054,-2.7607788399999977,-3.070814955100793,-2.8064634067057828,-3.0053052504135422
greenja02,Javonte Green,train,-4.51031,-4.4778195100000024,-4.387736065037766,-4.430574241731633,-4.370414948914352
greenja02,Javonte Green,train,-4.168303,-4.033904059999997,-3.9847045413477176,-4.0127927725878685,-3.949016232127055
greenje02,Jeff Green,train,-3.218111,-3.0182644900000004,-2.9361117257327316,-3.0281497903180297,-2.9758036398783925
greenje02,Jeff Green,val,-2.833368,-2.9431464000000007,-3.0908863328498812,-2.948457202283652,-3.190235189310275
greenjo02,Josh Green,val,-2.330874,-2.6002667399999995,-2.531334074030894,-2.6536321893304975,-2.552468241930793
griffbl01,Blake Griffin,train,-1.062664,-1.1325896899999992,-1.1192469369364189,-1.127989101079366,-1.0809659204081359
grimequ01,Quentin Grimes,test,-2.428405,-1.9331047300000008,-2.011441826460254,-2.038965579311634,-1.931979088443128
gueyemo02,Mouhamed Gueye,val,-4.265706,-4.29822123,-4.204916683705987,-4.28498360514791,-4.175525998724685
hachiru01,Rui Hachimura,val,-2.079596,-2.761811390000001,-2.576960463357114,-2.743026045659866,-2.6451905732582017
hachiru01,Rui Hachimura,test,-2.497398,-2.86886651,-2.8811450741003837,-2.7822833921394547,-2.750258999815379
hairspj02,P.J. Hairston,train,-3.982898,-4.116981029999996,-4.197941418417431,-4.12083923420181,-4.148827643455267
halibty01,Tyrese Haliburton,val,-1.055566,-1.2600108800000005,-1.2426981053004174,-1.2922216464427456,-1.281619396191415
hamilju01,Justin Hamilton,train,-4.926671,-4.705138339999998,-4.595493701219547,-4.514247654705779,-4.470918860548229
hamilju01,Justin Hamilton,train,-3.446203,-3.5538212300000027,-3.7223372545053235,-3.619158004706912,-3.729362388539874
hardati02,Tim Hardaway Jr.,train,-1.720378,-1.870618350000001,-1.7820084329216812,-1.8607173563956914,-1.875721846076685
hardati02,Tim Hardaway Jr.,train,-1.790995,-1.8326360500000007,-1.8327485237230943,-1.8688843623242632,-1.8570849431763343
hardeja01,James Harden,train,-1.211669,-1.1435017900000002,-1.0656713315405555,-1.124184843349206,-1.0498551073808546
hardeja01,James Harden,train,-0.868318,-0.9136200300000002,-0.9865322677941395,-0.9202210980685943,-0.9375311693688364
hardeja01,James Harden,val,-1.281767,-1.0730544500000003,-1.3694443788266586,-1.1931494374483615,-1.2594741161037224
hardeja01,James Harden,test,-1.390486,-1.59616483,-1.7865610203464852,-1.399407041483148,-1.8115658764654097
hardeja01,James Harden,test,-1.333689,-1.1666643000000003,-1.3756595168682224,-1.1430656590027828,-1.3515324854387802
hardyja02,Jaden Hardy,val,-4.35586,-4.5443272000000015,-4.3790500593718065,-4.447254135727316,-4.408138106124654
hardyja02,Jaden Hardy,test,-3.249386,-4.050911059999998,-3.599908562386026,-3.703996597658734,-3.9229711209349083
harklma01,Maurice Harkless,train,-2.19344,-2.2228612700000014,-2.3458844280699855,-2.2894491941156465,-2.2694137294400645
harklma01,Maurice Harkless,train,-3.218111,-3.2438280999999995,-3.333005729043149,-3.213642752502265,-3.239556422133699
harremo01,Montrezl Harrell,train,-4.202885,-4.080040089999996,-3.9487217145760023,-4.038172402922337,-4.008151672192028
harremo01,Montrezl Harrell,train,-2.831928,-2.8944125200000017,-2.9602718034052278,-2.8497866430850323,-2.9781804823296447
harremo01,Montrezl Harrell,train,-2.442393,-2.2527373400000017,-2.276596282074309,-2.2133753659795934,-2.299617125273889
harremo01,Montrezl Harrell,val,-3.858145,-2.4298107399999997,-2.4500346541389364,-2.3771266296417237,-2.5198812503804553
harrian01,Andrew Harrison,train,-4.544815,-4.450546449999995,-4.2787705387596935,-4.400914726886619,-4.410800537027637
harride01,Devin Harris,train,-2.72347,-2.6112351699999987,-2.4898681713017283,-2.6588493359435175,-2.593088344239175
harriga01,Gary Harris,train,-3.70269,-3.5282737300000018,-3.3985119550494383,-3.4254712666869196,-3.3934740617301644
harriga01,Gary Harris,train,-1.579165,-1.658330579999999,-1.57129115166627,-1.6690749919206367,-1.5872387957907308
harriga01,Gary Harris,val,-2.34786,-2.8880809399999987,-2.834004012936182,-2.790741133870955,-2.7229022984609355
harriga01,Gary Harris,test,-2.930931,-3.02973058,-3.141261997053279,-3.044465227017008,-3.163124222009559
harriga01,Gary Harris,test,-3.726078,-3.2018105600000006,-3.33150086477709,-3.3155304287947867,-3.2511536036941004
harrijo01,Joe Harris,train,-4.249526,-4.27389249,-4.203005290107381,-4.2446206245906986,-4.145006158377697
harrijo01,Joe Harris,train,-4.529926,-4.435036299999994,-4.344086720833236,-4.423065437999438,-4.29588771728904
harrijo01,Joe Harris,train,-2.544246,-2.8004645499999974,-2.9916774765360805,-2.6962651180141717,-2.915783348937615
harrijo01,Joe Harris,train,-1.761438,-1.8133609199999992,-1.8484320083833816,-1.8519558865378285,-1.862415682339517
harrish01,Shaquille Harrison,train,-4.898125,-4.765564189999997,-4.67423057241008,-4.700108147246806,-4.7057986762959105
harrish01,Shaquille Harrison,train,-4.252124,-4.356599489999996,-4.5721539865524585,-4.395941863387962,-4.491928420267864
harrito02,Tobias Harris,train,-1.475907,-1.5228379300000023,-1.3804753467721909,-1.5324742248730145,-1.4738157573092756
harrito02,Tobias Harris,train,-1.109113,-1.1969276099999984,-1.4007052189649798,-1.2303742007227894,-1.3115951952908542
harrito02,Tobias Harris,test,-1.687737,-1.70751386,-1.6376865651067498,-1.6686425542165522,-1.5609972893028785
harrito02,Tobias Harris,test,-2.40079,-2.3388668800000003,-2.1421957099139095,-2.3768143662290266,-2.2200943957282546
harteis01,Isaiah Hartenstein,train,-4.167903,-4.075255650000005,-4.215565727487951,-4.045397557858479,-4.145417676654613
harteis01,Isaiah Hartenstein,val,-2.738054,-2.90415692,-2.9642557253356423,-2.8511351793730144,-3.0324474637606182
harteis01,Isaiah Hartenstein,test,-1.578538,-2.1859803899999997,-2.121149630673737,-2.191201830036231,-2.1935977023002127
harteis01,Isaiah Hartenstein,test,-1.917579,-2.2894817599999993,-2.088649900607703,-2.258137182022111,-2.214630302264522
hartjo01,Josh Hart,train,-2.185322,-2.3670026800000046,-2.5446256861713197,-2.3389820604828397,-2.441648703482301
hartjo01,Josh Hart,val,-1.938667,-1.894581489999999,-1.8486835867763112,-1.8948103705759611,-1.8759664303512609
hasleud01,Udonis Haslem,train,-3.116334,-3.1032811499999973,-3.141742123488792,-3.145088100403058,-3.0619305321414703
hausesa01,Sam Hauser,val,-4.184452,-4.063668400000001,-4.194332719619732,-4.167341400294787,-4.236295916475078
hausesa01,Sam Hauser,test,-2.620777,-2.373977749999999,-2.11943777028783,-2.369989337549886,-2.3021383957546986
hawessp01,Spencer Hawes,train,-2.408095,-2.1591293000000014,-1.9573095757322292,-2.133305466471086,-1.975078235978778
hayesja02,Jaxson Hayes,val,-4.0734,-3.626540540000001,-3.704222927984454,-3.563829662340137,-3.691140934132949
hayesja02,Jaxson Hayes,test,-3.344696,-2.931131719999999,-2.9076737210308528,-2.892626657045921,-2.8245237385076463
haywago01,Gordon Hayward,train,-1.387802,-1.494789569999998,-1.5002294468798705,-1.5130955416972798,-1.5357832196076593
haywago01,Gordon Hayward,train,-1.131887,-1.164376860000002,-1.0926159781970408,-1.1769368471207482,-1.1068368069774066
haywago01,Gordon Hayward,train,-1.291434,-1.3967176799999999,-1.430890950110735,-1.3700580486269844,-1.4257962494601732
hendege02,Gerald Henderson,train,-2.34759,-2.566456099999998,-2.727951499613328,-2.617665251539117,-2.6179711732761413
hensojo01,John Henson,train,-2.059908,-2.1600583200000028,-1.9932903436199914,-2.119574340284012,-2.06243388447767
hernaju01,Juancho Hernangómez,train,-2.746721,-3.0147260700000005,-3.1789289206496227,-2.9693781454081662,-3.230463350359119
hernawi01,Willy Hernangómez,train,-4.173251,-4.149860429999997,-4.058149633597249,-4.019251691099775,-3.9802814674619578
hernawi01,Willy Hernangómez,train,-3.828825,-3.3883549899999967,-2.977342843220367,-3.251871104167239,-3.0116251234956843
herroty01,Tyler Herro,val,-1.511612,-1.4917385900000009,-1.3468892617723789,-1.4712219089121317,-1.3577587701485265
hezonma01,Mario Hezonja,train,-2.906937,-2.965441360000002,-3.3064847180724057,-3.0637312640895686,-3.2292191550355915
hieldbu01,Buddy Hield,train,-3.165419,-3.4034135699999952,-3.8123492529015546,-3.5917623981145126,-3.695997394718339
hieldbu01,Buddy Hield,train,-1.535631,-1.5339155299999985,-1.5564550999976372,-1.5356345120287564,-1.6258315136604533
hieldbu01,Buddy Hield,test,-2.700878,-2.0941495,-2.0642089244223576,-2.146509375771232,-2.0969359722666594
highsha01,Haywood Highsmith,test,-3.257585,-3.5180587300000004,-3.6287783054625353,-3.374642836997168,-3.5038902120213504
hilarne01,Nenê,train,-3.305908,-3.158573509999996,-2.845682573989906,-3.027425153361779,-3.00503267855447
hilarne01,Nenê,train,-2.390046,-2.8203896000000026,-2.813507511920772,-2.8489642645941053,-3.1013753247642786
hillge01,George Hill,train,-1.65162,-1.5827414100000001,-1.400668458305339,-1.620759756534578,-1.5531743705286967
hillge01,George Hill,train,-2.431911,-2.5652210600000034,-2.668877940462216,-2.570750736864358,-2.661418571755842
hillge01,George Hill,train,-3.335894,-3.149544629999998,-3.0924395207866264,-3.153906809523808,-3.18880227436062
hillida01,Darrun Hilliard,train,-4.430817,-4.429661219999996,-4.221306749093001,-4.365936012076736,-4.251426161937706
hilljo01,Jordan Hill,train,-3.158521,-2.9386014100000017,-2.767101650502921,-2.939209268413265,-2.7371560683232543
hillso01,Solomon Hill,train,-2.059908,-2.2691190200000024,-2.4888457628304903,-2.3631112233940947,-2.441375786457335
hinriki01,Kirk Hinrich,train,-3.114547,-3.084919789999999,-2.955248587797737,-3.0023250643820854,-3.116610411172495
holidaa01,Aaron Holiday,test,-3.380348,-3.5327019900000005,-3.6018159280440614,-3.455082495168008,-3.596188104611633
holidjr01,Jrue Holiday,train,-1.369215,-1.4938764499999988,-1.5884833929880353,-1.5153386046904238,-1.495685088347745
holidjr01,Jrue Holiday,train,-1.298515,-1.3174083099999996,-1.2969415161272544,-1.3208937071111118,-1.2805805887255015
holidjr01,Jrue Holiday,test,-1.522165,-1.64762782,-1.5837930038819201,-1.6563340968626559,-1.61696550583648
holidju01,Justin Holiday,train,-4.268698,-4.221517769999992,-4.161877794048545,-4.185444167229494,-4.1763031259944885
holidju01,Justin Holiday,train,-3.091981,-3.206722309999998,-3.249240625935547,-3.217123870282313,-3.363774138844109
holidju01,Justin Holiday,train,-2.899761,-2.7686847900000044,-2.6260601011363724,-2.736450380039113,-2.6143376861451126
holliro01,Rondae Hollis-Jefferson,train,-3.937341,-3.8539144700000025,-3.8863342113059485,-3.797836766949909,-3.808269787373664
holmeri01,Richaun Holmes,train,-4.212485,-4.031749250000001,-3.901213360590023,-4.001335229278341,-3.8779464560426913
holmeri01,Richaun Holmes,train,-3.106462,-2.99670878,-2.866243820342819,-3.013875884756804,-2.9647639965673194
holmeri01,Richaun Holmes,train,-2.268601,-2.053315879999999,-2.1140993746810346,-2.087584490279478,-2.108809232566437
holmeri01,Richaun Holmes,test,-2.478892,-3.12435185,-3.2469063652664376,-3.1453135464484134,-3.192276402722393
holmgch01,Chet Holmgren,test,-1.065072,-1.7241584900000009,-1.6147739051627754,-1.7930833626405889,-1.5715040430475207
hoodro01,Rodney Hood,train,-3.866534,-3.6008718500000008,-3.50660545747404,-3.627857571304576,-3.6507013516915126
hoodro01,Rodney Hood,train,-2.92619,-3.0157143499999997,-2.871548496537444,-2.9699211337403573,-2.984910865085467
hoodro01,Rodney Hood,train,-2.346029,-2.6648209699999965,-2.9334455796314707,-2.6308778085062348,-2.921828737393614
horfoal01,Al Horford,train,-1.203721,-1.2775749100000007,-1.2571738966744739,-1.2960880395294794,-1.2671286973717588
horfoal01,Al Horford,train,-1.387578,-1.44302718,-1.4840511294902397,-1.563153253470367,-1.5164291745657708
horfoal01,Al Horford,val,-2.635542,-2.9030269700000004,-2.7417953365819874,-2.3857001826984114,-2.7764482830391946
horfoal01,Al Horford,test,-3.278986,-2.828471859999999,-2.8163632169519905,-2.6854346394007953,-2.749262737779096
horfoal01,Al Horford,test,-3.19126,-2.8158268499999997,-2.9323680344293894,-2.7892092624684572,-2.8028006420583513
hortota01,Talen Horton-Tucker,train,-4.51031,-4.5223945200000015,-4.285393380760018,-4.472600256391307,-4.361580749605457
hortota01,Talen Horton-Tucker,train,-2.391016,-2.4627241800000017,-2.903607504928732,-2.692972575183986,-2.7324400215099462
houseda01,Danuel House Jr.,train,-4.873319,-4.779557939999996,-4.467416059478213,-4.7766322740175085,-4.493148903541317
houseda01,Danuel House Jr.,train,-3.379804,-3.0927590000000005,-3.3211841754535345,-3.241868458701246,-3.2150869298713594
houseda01,Danuel House Jr.,val,-3.380033,-3.610834010000001,-3.512252182635794,-3.5588885673826534,-3.482367192836832
houstca01,Caleb Houstan,val,-4.098437,-4.305967260000002,-4.168716073386269,-4.270057126755096,-4.207284248310247
howardw01,Dwight Howard,train,-1.387814,-1.5453191500000005,-1.548650771857742,-1.5667563945714291,-1.5478037692257387
howardw01,Dwight Howard,train,-2.928072,-2.415258769999997,-2.324245899019043,-2.3615228710045324,-2.269946575427345
huertke01,Kevin Huerter,test,-2.939231,-2.6505433899999993,-2.561034880178442,-2.625109183516439,-2.577719064683143
huertma01,Marcelo Huertas,train,-4.116285,-3.927844790000002,-4.168852960603115,-3.9328274032318613,-4.008742855565958
huestjo01,Josh Huestis,train,-4.095774,-4.032610960000002,-3.885448288170612,-3.9658216676712,-3.886006157420226
humphkr01,Kris Humphries,train,-2.653512,-2.5985277700000027,-2.4425889977901667,-2.587730484418367,-2.447815023202717
huntede01,De'Andre Hunter,val,-1.799294,-2.42171697,-2.3604243049681775,-2.5515245967363946,-2.4672637781191544
ibakase01,Serge Ibaka,train,-1.520284,-1.625568200000001,-1.601037833849374,-1.643719509908111,-1.5626891888219403
ibakase01,Serge Ibaka,train,-2.442393,-2.393382740000003,-2.4666572512478644,-2.4296991747766437,-2.4606189635922378
ighodos01,Oso Ighodaro,test,-4.265265,-4.348307320000003,-4.212064197686956,-4.330868993182646,-4.139316912740371
iguodan01,Andre Iguodala,train,-1.82347,-2.053926919999996,-2.229907964505617,-2.07922391310472,-2.1825077517883105
iguodan01,Andre Iguodala,train,-1.984581,-2.3733990999999985,-2.2119009005538093,-2.418101685981858,-2.370448764749626
ilyaser01,Ersan İlyasova,train,-2.677778,-2.573509939999998,-2.3835734996538744,-2.5889715004586167,-2.4114865314430687
inglejo01,Joe Ingles,train,-3.483027,-3.574797609999997,-3.6302912290519633,-3.51223311860828,-3.5964285365153628
inglejo01,Joe Ingles,train,-2.031109,-2.1139793699999956,-2.0360470939626762,-2.130915354691712,-2.1169155024727946
inglejo01,Joe Ingles,val,-2.514914,-3.0403422499999975,-3.008922189631565,-2.9141557019716533,-2.9312897315028277
ingrabr01,Brandon Ingram,train,-1.237893,-1.24286736,-1.3008163175400687,-1.2822280847102137,-1.2844591539111878
ingrabr01,Brandon Ingram,test,-1.447576,-1.4966971100000006,-1.5956561263412838,-1.7220252617653062,-1.4557289185488274
irvinky01,Kyrie Irving,train,-1.311452,-1.3424825600000014,-1.1456196389932696,-1.3347865655300457,-1.3039314862908724
irvinky01,Kyrie Irving,train,-1.162601,-1.1411965399999986,-1.0916662313613712,-1.1320045532800447,-1.1034504838809147
irvinky01,Kyrie Irving,val,-1.17514,-1.0948733200000005,-1.2729852218436992,-1.1642673478832195,-1.1724752380475298
irvinky01,Kyrie Irving,test,-1.365098,-1.1977073800000002,-1.315813951103905,-1.338344849488095,-1.3433550144667266
isaacjo01,Jonathan Isaac,train,-1.861417,-1.9055910399999985,-1.8674500600851123,-1.923949797907599,-1.851069961554473
iwundwe01,Wes Iwundu,train,-4.295954,-4.345299049999998,-4.367063174375219,-4.322488755525511,-4.238772976878321
iwundwe01,Wes Iwundu,train,-4.133016,-3.9466096999999998,-3.9020317188529683,-3.979652651617349,-3.8799746060501765
jacksan01,Andre Jackson Jr.,val,-4.265706,-4.297128300000002,-4.204916683705987,-4.279080424367867,-4.183228843478005
jacksfr01,Frank Jackson,train,-4.35967,-4.380656799999998,-4.314268980468825,-4.343936260124713,-4.354159576370305
jacksfr01,Frank Jackson,train,-4.133016,-4.07208761,-4.259013335121388,-4.096615115559529,-4.156452521287116
jacksfr01,Frank Jackson,train,-3.598884,-3.548410409999999,-3.561104747004917,-3.6357452730357127,-3.5790496198423174
jacksgg01,GG Jackson II,val,-4.157725,-4.313862750000003,-4.193226044978919,-4.249416562356572,-4.129357085254108
jacksis01,Isaiah Jackson,test,-3.095235,-2.841889209999999,-2.733596464566224,-2.913403535337868,-2.871875348410318
jacksjo02,Josh Jackson,train,-3.106462,-3.5171486200000026,-3.480627882269908,-3.5090901864013566,-3.73533171466504
jacksre01,Reggie Jackson,train,-1.475907,-1.6066156200000028,-1.705976251957767,-1.6428945309778906,-1.773011973242772
jacksre01,Reggie Jackson,train,-2.342642,-2.620453140000003,-2.7634287308500145,-2.6077416488083935,-2.7534431946219224
jacksre01,Reggie Jackson,val,-3.278679,-3.1256026300000004,-3.4240903066439956,-3.116718623834366,-3.404597912648943
jackstr02,Trayce Jackson-Davis,val,-4.265706,-4.3147733,-4.194252116501226,-4.266044500852556,-4.06015345095852
jamesbr02,Bronny James,test,-4.265265,-4.32560467,-4.086244538343793,-4.272784817413961,-4.050940190440181
jamesle01,LeBron James,train,-1.094893,-1.0908164599999994,-1.2095781301646635,-1.102186193360544,-1.2101206102749529
jamesle01,LeBron James,train,-1.038257,-1.032001970000001,-1.0577355793768686,-1.0581890671490932,-1.0654229837191804
jamesle01,LeBron James,train,-0.976281,-1.0121191999999999,-0.9815970063776552,-1.0128112553763657,-0.9825798094044179
jamesle01,LeBron James,train,-0.96495,-1.0608348500000009,-1.0846128440676788,-1.020633150474439,-1.1230828810352567
jamesle01,LeBron James,val,-1.010635,-1.1137333600000003,-1.4516911800334371,-1.0995746138565248,-1.1624878027340997
jamesle01,LeBron James,test,-1.020302,-1.1574983900000004,-1.4613019811022372,-1.1546285793956403,-1.4210493369605197
jamesle01,LeBron James,test,-3.757689,-1.4763674200000008,-1.384514749290806,-1.4391265538526083,-1.4654490687240989
jamessi01,Sion James,test,-4.127859,-4.326443640000001,-4.288852390239543,-4.3355142104829865,-4.229879456455571
jeffeal01,Al Jefferson,train,-2.24223,-2.307713890000003,-2.2390386121093075,-2.3230439582046505,-2.277672467671506
jefferi01,Richard Jefferson,train,-3.615279,-3.3194708599999956,-2.9292826627122066,-3.2239067053305,-3.0674743838246115
jeffrda01,DaQuan Jeffries,test,-3.934233,-3.8480007100000004,-3.8086555862855813,-3.993592334863945,-3.8192126838215192
jerebjo01,Jonas Jerebko,train,-2.639057,-2.6936145500000013,-2.911612141529101,-2.7362315970306144,-2.8099130834064754
jerebjo01,Jonas Jerebko,train,-3.185072,-3.196408139999997,-3.216218912051728,-3.212978674977324,-3.1843892565336387
jeromty01,Ty Jerome,val,-4.0734,-3.4491326400000015,-3.5385679475082457,-3.50968748788719,-3.51090554509687
jeromty01,Ty Jerome,test,-2.81977,-2.2104604700000006,-2.4277438168365615,-2.3495852128918275,-2.3655676891230852
joeis01,Isaiah Joe,train,-4.356159,-4.357285149999998,-4.429526005848858,-4.381146070074828,-4.446478680867691
joeis01,Isaiah Joe,val,-4.126016,-4.128164230000001,-4.077436518311574,-4.039263828350345,-4.089524318866338
joeis01,Isaiah Joe,test,-2.460927,-2.4613225,-2.08387382133338,-2.505651096519945,-2.324931235834775
johnsal02,Alize Johnson,train,-4.505905,-4.474410529999997,-4.358143687189085,-4.4512367826511055,-4.406512911875162
johnsal02,Alize Johnson,train,-4.131628,-4.173366119999996,-4.217858831318827,-4.1392900187573725,-4.190810189570941
johnsam01,Amir Johnson,train,-1.763589,-2.0617254299999983,-2.405148953247326,-2.061788914984696,-2.3122668971129587
johnsca02,Cameron Johnson,val,-1.750504,-1.88540244,-1.8075073244209674,-1.9358989839880945,-1.8843714938041656
johnsja01,James Johnson,train,-3.227875,-3.1235264000000007,-3.313645612898099,-3.2052925831167807,-3.241142877822204
johnsja01,James Johnson,train,-1.926518,-1.9851270899999978,-2.15199417279348,-2.012303013582715,-2.0895770924760897
johnske07,Keon Johnson,test,-4.132684,-4.057355119999999,-3.8740021113670897,-4.161250302696707,-4.187015398216821
johnsst04,Stanley Johnson,train,-3.183785,-3.1725328999999993,-3.1376086638458385,-3.1997439135610715,-3.2131654096996676
johnsst04,Stanley Johnson,train,-3.380253,-3.423408179999999,-3.3563814753596337,-3.437436033273242,-3.4021363784384224
johnsty01,Tyler Johnson,train,-4.537209,-4.526102930000005,-4.341118620256578,-4.481383186941628,-4.435486872131873
johnsty01,Tyler Johnson,train,-4.892852,-4.816993950000002,-4.570521384874282,-4.72975021614177,-4.680277264358378
johnsty01,Tyler Johnson,train,-2.019086,-2.195357549999998,-2.501514444507192,-2.506649721740926,-2.3344147477340265
johnswe01,Wesley Johnson,train,-4.095774,-3.709765690000003,-3.5643982658353974,-3.713458636805765,-3.6920343782731875
johnswe01,Wesley Johnson,train,-2.775528,-2.764976770000002,-2.7802795859665466,-2.8408464948885293,-2.84289817395786
jokicni01,Nikola Jokić,train,-3.941011,-4.029780500000002,-3.909355145886838,-3.9262838769061084,-3.9579522378223304
jokicni01,Nikola Jokić,train,-1.237942,-1.2500629400000007,-1.0911486522100473,-1.2635351594307354,-1.1962834588265905
jokicni01,Nikola Jokić,val,-0.901412,-1.0111236899999998,-0.9584679503888951,-1.0032487466405902,-0.9400539237971357
jonesco02,Colby Jones,val,-4.127767,-4.352715460000001,-4.222728764891717,-4.357273523114471,-4.224231587243369
jonesda03,Damian Jones,train,-4.077446,-3.838568030000002,-3.962902124443296,-3.839956091163729,-3.7936999635168824
jonesda03,Damian Jones,val,-3.92345,-3.1039676100000007,-3.2628230384601875,-3.0772218276893417,-3.2349437583914935
jonesde02,Derrick Jones Jr.,train,-4.419652,-4.14344779,-4.063359397564067,-4.24330142465419,-3.9946390205728823
jonesde02,Derrick Jones Jr.,train,-4.166263,-4.1606900300000005,-4.057799712623299,-4.121335339396667,-4.044935532474772
jonesde02,Derrick Jones Jr.,train,-2.442393,-2.696683780000002,-2.885190820625076,-2.6414158499353744,-2.880270127019847
jonesde02,Derrick Jones Jr.,val,-3.629652,-3.436514820000001,-3.681504100812984,-3.4781526621655368,-3.5905457663960636
jonesde02,Derrick Jones Jr.,test,-2.643249,-2.8298203499999994,-2.75347683978659,-2.8061590181496587,-2.721660723607402
joneshe01,Herbert Jones,train,-4.149327,-4.197819880000008,-4.363848323484375,-4.200014054942129,-4.359291808807661
joneshe01,Herbert Jones,val,-2.313273,-2.1460686699999987,-2.0609042841253,-2.1343967136149278,-2.0358324510826327
joneshe01,Herbert Jones,test,-2.021755,-2.31159439,-2.258828859740084,-2.2800688037135637,-2.122747123173049
joneska03,Kam Jones,test,-4.265267,-4.31157062,-4.222728764891717,-4.401622695872972,-4.184415660859776
jonessp01,Spencer Jones,test,-3.365749,-3.6303503000000017,-3.811466279513301,-3.5288287113219914,-3.621080252565908
jonestr01,Tre Jones,val,-2.661517,-2.6529677999999994,-2.4854379078293216,-2.4460736080646255,-2.519831406071294
jonestr01,Tre Jones,test,-2.961704,-2.76027264,-2.757134747981246,-2.8388407847320667,-2.7359590585285427
jonesty01,Tyus Jones,train,-3.978468,-3.6478131600000023,-3.933388941745004,-3.528199831892858,-3.68028269090774
jonesty01,Tyus Jones,train,-2.51788,-2.5585481499999982,-2.617019771368551,-2.585735127579936,-2.596677586488726
jonesty01,Tyus Jones,val,-2.143347,-2.975756149999998,-2.8665689523223636,-2.7917254368260656,-2.9455162164873734
jordade01,DeAndre Jordan,train,-1.162009,-1.3316789299999996,-1.4825179823229497,-1.3753323546968155,-1.4741183051991769
jordade01,DeAndre Jordan,train,-2.390046,-2.091958620000003,-2.1432173225662656,-2.115341772336529,-2.054559877072651
jordade01,DeAndre Jordan,test,-3.756431,-3.49308565,-3.436062145560191,-3.2716232205514832,-3.3302400196171957
josepco01,Cory Joseph,train,-2.237266,-2.2672747900000023,-2.1644758726941267,-2.313217078823131,-2.177557352450265
josepco01,Cory Joseph,train,-2.174935,-2.2164874400000016,-2.399738369429419,-2.296462572504381,-2.3589391473628485
josepco01,Cory Joseph,train,-3.105775,-3.043130679999998,-3.02142947679676,-3.0534438728441047,-2.981203529562891
josepco01,Cory Joseph,test,-3.72648,-3.344933300000002,-3.6354583288722666,-3.4849357619131096,-3.4981306436313315
juzanjo01,Johnny Juzang,test,-3.895887,-4.154501330000001,-4.021381305161917,-4.1998043521326505,-4.0897013272787595
kalkbry01,Ryan Kalkbrenner,test,-4.127859,-4.2570628400000015,-4.028789079365703,-4.231856455615282,-4.19438810231273
kaminfr01,Frank Kaminsky,train,-3.266417,-3.287619029999996,-3.446114747768278,-3.3056581534326965,-3.3846660436283504
kanteen01,Enes Freedom,train,-1.386294,-1.5187999500000005,-1.5913659905152384,-1.5858252458775512,-1.5493302281722612
kellyry01,Ryan Kelly,train,-3.584507,-3.5914331999999947,-3.41467435642672,-3.5569321554954643,-3.5685991567402016
kellyry01,Ryan Kelly,train,-2.19646,-2.49764672,-2.4274322959409034,-2.535683876945167,-2.4334110116635634
kellyry01,Ryan Kelly,test,-2.843921,-3.3934538899999978,-3.5824983975972944,-3.2801691780432383,-3.513944537669382
kennalu01,Luke Kennard,train,-2.102363,-2.063709229999998,-2.0735271405302376,-2.0878784264314074,-2.1013129983673102
kennalu01,Luke Kennard,test,-3.30949,-2.96527656,-3.0253095826258707,-2.783315667085602,-2.9885405161643863
kesslwa01,Walker Kessler,test,-1.6593,-1.7811852600000002,-1.6022475597602286,-1.8293423889160996,-1.5504916421972974
kiddgmi01,Michael Kidd-Gilchrist,train,-1.979866,-1.9659328199999972,-1.9599440143878113,-1.992160893159295,-1.9112947153110864
kilpase01,Sean Kilpatrick,train,-4.342806,-4.375527439999996,-4.3649628584751845,-4.375410765198413,-4.479485168171438
kilpase01,Sean Kilpatrick,train,-4.832497,-4.647791299999997,-4.495432958634237,-4.5928557051909396,-4.5307236558442225
kilpase01,Sean Kilpatrick,train,-3.897751,-3.7147631300000064,-3.662162847197441,-3.71902442660544,-3.813991120121925
klebima01,Maxi Kleber,train,-4.505304,-4.4929112800000075,-4.473979490033388,-4.480382642321767,-4.43554733807939
klebima01,Maxi Kleber,train,-2.50658,-2.439075930000004,-2.389290066543967,-2.5010986242114543,-2.4458594417565176
klebima01,Maxi Kleber,val,-2.514914,-2.5692845399999995,-2.577356593886599,-2.6016978068599745,-2.584780727039133
knighbr03,Brandon Knight,train,-1.905758,-1.7331431099999997,-1.5171595707002032,-1.7181328131261115,-1.5273214725061437
knighna01,Nathan Knight,val,-4.167778,-3.901429860000001,-4.13028769740427,-3.9247517167868513,-3.96979272068188
knoxke01,Kevin Knox,val,-3.718883,-4.031510679999999,-4.2860484797173,-4.046779423345651,-4.205910406631644
kolekty01,Tyler Kolek,test,-4.128259,-4.317245620000001,-4.191750532846283,-4.353715131544346,-4.155809889103412
kolokch01,Christian Koloko,val,-4.259786,-4.336868310000001,-4.361223310315685,-4.3409655050001055,-4.31031531138364
konchjo01,John Konchar,train,-3.881701,-3.993979940000004,-4.048166060298638,-4.047422453447274,-4.0531173423902365
konchjo01,John Konchar,val,-3.066983,-2.9284769999999987,-2.4515915277632874,-2.694318778792516,-2.593032145622463
korkmfu01,Furkan Korkmaz,train,-4.167903,-4.168268660000004,-4.09788312815744,-4.137950809506629,-4.155716997825164
korkmfu01,Furkan Korkmaz,train,-3.112751,-2.951058970000001,-2.656147837115089,-2.985333549517008,-2.774621699544133
kornelu01,Luke Kornet,train,-3.881701,-3.7222832500000016,-3.763659835225702,-3.794598219265305,-3.7321759482810086
kornelu01,Luke Kornet,val,-3.995515,-3.9124278599999993,-3.8425289550110295,-3.8065097873026166,-3.933727265250384
kornelu01,Luke Kornet,test,-2.721211,-2.3027820199999995,-2.139374926207597,-2.3561549527329952,-2.2595986026469452
korveky01,Kyle Korver,train,-2.603629,-2.6891613300000032,-2.599005339683464,-2.600883170423314,-2.690540703362284
koufoko01,Kosta Koufos,train,-2.141317,-2.1360351199999967,-2.2335981426993627,-2.1918885253565765,-2.2127462651443173
krejcvi01,Vít Krejčí,train,-4.266347,-4.2488758299999985,-4.242661368315297,-4.19206667328855,-4.301551940730107
krejcvi01,Vít Krejčí,test,-4.029543,-4.164955430000001,-3.9754126733153012,-3.968792350070298,-3.970545964109275
kuminjo01,Jonathan Kuminga,test,-1.888409,-2.3911713299999993,-2.467483774040852,-2.5049222294047615,-2.4699981860313307
kurucro01,Rodions Kurucs,train,-4.093059,-4.181881949999996,-4.316247769171355,-4.206423591297618,-4.304209360989006
kuzmaky01,Kyle Kuzma,train,-2.157239,-2.099355070000002,-2.1692890185880125,-2.1541356737341273,-1.97618908365911
kuzmaky01,Kyle Kuzma,val,-1.799294,-1.54739024,-1.7669559113045092,-1.7872360937670082,-1.7094503866815625
kuzmimi01,Mindaugas Kuzminskas,train,-3.46301,-3.777632559999999,-4.130351787676171,-3.9296568753956906,-4.005076996188863
lambje01,Jeremy Lamb,train,-2.598905,-2.75431746,-2.7014633920263043,-2.689878723113379,-2.8101184986241687
lambje01,Jeremy Lamb,train,-2.341256,-2.2108632799999968,-2.087891380127519,-2.231036995426303,-2.137754105362846
landajo01,Jock Landale,train,-4.503053,-4.446410830000004,-4.3919379043886755,-4.37190982899489,-4.354196904038546
landajo01,Jock Landale,val,-2.833368,-2.9964123100000006,-2.9571515356704934,-2.9969721882534017,-3.014434352277815
laravja01,Jake LaRavia,test,-3.249386,-3.2864730899999994,-3.3280838804515125,-3.1994705849801566,-3.3044078483287973
larkish01,Shane Larkin,train,-3.84303,-3.8059931099999993,-4.062666401627394,-3.8062568577278975,-3.845137468224134
larsspe01,Pelle Larsson,test,-4.358047,-4.374635759999998,-4.3790500593718065,-4.407271126269795,-4.388550836185718
lauvejo01,Joffrey Lauvergne,train,-3.698449,-4.0310861299999985,-4.182572659086065,-4.044250479613943,-4.162457000200692
lauvejo01,Joffrey Lauvergne,train,-4.132325,-3.9554917699999983,-3.7242730401413766,-3.919846523249432,-3.8186814685584776
lavinza01,Zach LaVine,train,-3.402229,-3.338358139999998,-3.0923488532354573,-3.2866921812874117,-3.1989618143159064
lavinza01,Zach LaVine,train,-1.653273,-1.740305140000002,-1.6971435489004867,-1.829507450455216,-1.6376166435572175
lavinza01,Zach LaVine,val,-1.055551,-1.2685263499999997,-1.2882995070035521,-1.3045783115668914,-1.3025953161464354
laymaja01,Jake Layman,train,-4.390664,-4.4965549699999965,-4.298617819361436,-4.467791531243964,-4.4051412984773135
laymaja01,Jake Layman,train,-3.366441,-3.117256220000002,-3.1880581567978195,-3.24580398954705,-3.1215444867724305
leeco01,Courtney Lee,train,-2.059908,-2.0754778100000024,-2.0527711105958772,-2.12924935334524,-2.0512087610488594
leeda03,Damion Lee,train,-4.866399,-4.815150779999999,-4.386109194307463,-4.765706019452889,-4.502290560652484
leesa01,Saben Lee,train,-4.183748,-3.9523056299999992,-4.097785994122843,-4.029983378766492,-4.025337081845544
lenal01,Alex Len,train,-3.175593,-3.035239189999998,-2.901080566322628,-3.0282432922534,-2.9799897163971307
lenal01,Alex Len,train,-3.38063,-3.324903389999999,-3.1498312671452187,-3.2826425373083903,-3.1912532938283964
leonaka01,Kawhi Leonard,train,-1.311452,-1.3255003600000015,-1.311801230717109,-1.3447508705243774,-1.3329348369845064
leonaka01,Kawhi Leonard,train,-1.155156,-1.1215765700000007,-1.1780064757905562,-1.1314073705895702,-1.1447360201806653
leonaka01,Kawhi Leonard,train,-0.936466,-1.0055025999999996,-1.0332113245040042,-0.9990144567001145,-0.9814534381187426
leonaka01,Kawhi Leonard,test,-1.132394,-1.1792020000000003,-1.249994272890632,-1.2343263110561236,-1.2752262565280403
leoname01,Meyers Leonard,train,-2.217537,-2.1892550999999973,-1.9993253719425932,-2.290152110194446,-2.077805314555809
leuerjo01,Jon Leuer,train,-2.19344,-2.298711950000002,-2.4968501174730586,-2.3754148840442197,-2.4610952159043653
leverca01,Caris LeVert,train,-1.830431,-1.9032515500000016,-1.9963426902367165,-1.9571915805620541,-1.915613325636625
leverca01,Caris LeVert,val,-2.140221,-2.8356131799999984,-2.621786161054679,-2.4975902971303845,-2.6444631547085673
leverca01,Caris LeVert,test,-2.370105,-2.7236837700000005,-2.6945087985267904,-2.6227182044268673,-2.6950513930586126
liggide01,DeAndre Liggins,train,-4.449734,-4.203146659999996,-4.190748485843406,-4.203131727576523,-4.227159082585887
lillada01,Damian Lillard,train,-1.213396,-1.2485427800000017,-1.1323510426906,-1.2439666228917234,-1.2266353448796399
lillada01,Damian Lillard,train,-0.908442,-0.9398291199999993,-1.0042430644600637,-0.9602995958197275,-0.9737306472976678
lillada01,Damian Lillard,val,-0.882292,-1.5202642000000004,-1.5309603514437444,-1.7700831931972791,-1.3554378376601752
lillada01,Damian Lillard,test,-2.402088,-1.1396341600000002,-1.4238536465121772,-1.2123151864489796,-1.3884117207613538
linje01,Jeremy Lin,train,-3.466879,-3.211096690000003,-3.0051370945158546,-3.194636679819729,-3.081115046854542
linje01,Jeremy Lin,train,-1.997977,-2.0940978899999987,-2.3683858516370893,-2.132606966985827,-2.248353720392128
littlna01,Nassir Little,val,-2.966899,-2.6501284300000005,-2.3735839268141197,-2.5299928315436486,-2.5275873661277983
liveris01,Isaiah Livers,train,-4.325652,-4.293464219999997,-4.3395282900463785,-4.328373506247165,-4.315535828598049
livinsh01,Shaun Livingston,train,-2.43157,-2.403748249999998,-2.521590138395143,-2.4266590733292075,-2.452331583856607
livinsh01,Shaun Livingston,train,-2.529618,-2.71549231,-2.786287393554036,-2.70285690713987,-2.714227067428534
looneke01,Kevon Looney,train,-4.104395,-3.964847210000004,-3.823136122205202,-3.8745710023512694,-3.635166660549068
looneke01,Kevon Looney,train,-3.119166,-2.9266392300000024,-2.825265830634683,-2.9440057013242638,-2.876258400515121
looneke01,Kevon Looney,val,-2.802592,-2.5868143800000007,-2.4630979862319657,-2.616843041543751,-2.5643690324193735
looneke01,Kevon Looney,test,-2.961704,-2.9131802999999996,-2.672572161174239,-2.768404510641155,-2.6835835949101585
lopezbr01,Brook Lopez,train,-1.196068,-1.3815409199999982,-1.6368384243160572,-1.4537727438847645,-1.5920933736436615
lopezbr01,Brook Lopez,train,-2.127682,-2.024078569999998,-1.8204446532667988,-2.0378828237800457,-1.8574587823993554
lopezbr01,Brook Lopez,val,-1.734755,-2.02286292,-2.243811839294387,-1.9548791780232437,-2.0291206168758547
lopezbr01,Brook Lopez,test,-2.847259,-1.9811015500000009,-2.20142059040886,-2.0382105086955793,-2.237694793584221
lopezro01,Robin Lopez,train,-1.645806,-1.7788081299999983,-1.6918706757994466,-1.7908350509984026,-1.8433150370122322
lopezro01,Robin Lopez,train,-3.106462,-3.07387004,-3.0423671626644886,-3.064297602159296,-3.038020555356363
loveke01,Kevin Love,train,-1.425097,-1.381622579999999,-1.3816803622551588,-1.3780103045017016,-1.3566759465305607
loveke01,Kevin Love,train,-1.288106,-1.4182757699999997,-1.4368026813647679,-1.4523678374783537,-1.4295969674151965
loveke01,Kevin Love,val,-3.54417,-2.7752539299999994,-2.9559341049608148,-2.7918767841351246,-2.8255146515639895
loveke01,Kevin Love,test,-3.559539,-2.8956339499999997,-2.8084448069858468,-2.799836417701245,-2.7888250600563995
lowryky01,Kyle Lowry,train,-1.659259,-1.5539816500000012,-1.4787839561745164,-1.5399712177800464,-1.5486310895797908
lowryky01,Kyle Lowry,train,-1.089501,-1.0942223799999997,-1.1636831145578068,-1.1124771812981855,-1.1675622451284282
lowryky01,Kyle Lowry,train,-1.37815,-1.4767491700000013,-1.6783680865728567,-1.5395742510890023,-1.5740528241023644
lylestr01,Trey Lyles,train,-3.419943,-3.298281869999997,-3.346954350477501,-3.3514903015038096,-3.378081576836076
lylestr01,Trey Lyles,train,-2.987883,-3.1312161200000044,-3.1691539971154556,-3.0683369479444447,-3.220775998232785
lylestr01,Trey Lyles,train,-3.78023,-3.8029637400000014,-3.726831196523119,-3.6995851750997715,-3.6641023614298276
lylestr01,Trey Lyles,val,-2.833368,-2.9778495799999996,-3.2397779256355768,-3.068150321181044,-3.1602388831843577
macksh01,Shelvin Mack,train,-3.254904,-2.917018170000003,-3.0386749349298023,-3.009456634884921,-3.02692421549368
macksh01,Shelvin Mack,train,-2.804299,-3.0599168799999985,-3.2308848314354153,-2.991984611206247,-3.2817644929343515
mahinia01,Ian Mahinmi,train,-1.772226,-1.8580139899999986,-1.9276001028905347,-1.917328328679706,-1.8964116521643775
maledth01,Théo Maledon,train,-4.016291,-4.208663320000006,-4.121012978190157,-4.199503154069162,-4.246093406512677
mamuksa01,Sandro Mamukelashvili,test,-4.074161,-3.687739280000002,-3.8859014570897576,-3.5275364165979695,-3.788843125008992
mamuksa01,Sandro Mamukelashvili,test,-2.571506,-2.2052702500000017,-2.442790049825336,-2.3512734233140593,-2.499303585840206
mannte01,Terance Mann,train,-4.332629,-4.334289879999998,-4.351153728050873,-4.332164812521984,-4.40893657533636
mannte01,Terance Mann,train,-2.4196,-2.6449169300000013,-2.8092714996292765,-2.615480050915947,-2.666464893080592
mannte01,Terance Mann,test,-2.28961,-2.60438194,-2.3612862524983793,-2.5065268391225537,-2.4606319765747067
manntr01,Tre Mann,test,-2.961704,-2.7300055800000007,-3.2092928378982424,-2.921805590472788,-3.0229043850797197
marjabo01,Boban Marjanović,train,-2.598905,-2.8900211200000006,-2.827724076315687,-2.82288350251134,-2.9033447340493272
marjabo01,Boban Marjanović,train,-3.439868,-3.406901329999996,-3.4246926646732594,-3.4079054267025595,-3.4145825848032176
marjabo01,Boban Marjanović,train,-3.469426,-3.5415556899999996,-3.494947431580094,-3.522744966719394,-3.5606990922800748
markkla01,Lauri Markkanen,train,-1.8968,-1.8782229500000027,-1.8077432544260346,-1.9718011457403621,-1.8487794801341302
marshna01,Naji Marshall,test,-2.748609,-2.934178999999999,-2.8147516544682456,-2.8753756164268696,-2.938295699398408
marshna01,Naji Marshall,test,-2.38183,-2.0399034699999996,-2.0954688713345293,-2.0202115731241492,-2.0384590279944765
martica02,Caleb Martin,train,-4.356159,-4.344802629999997,-4.374907063355212,-4.3255087066819735,-4.36699123470545
martica02,Caleb Martin,val,-2.900083,-2.7016482699999993,-2.885421571198899,-2.684877960121883,-2.8210236727587605
martica02,Caleb Martin,test,-2.775638,-2.2513231700000005,-2.2672649610682822,-2.3850150842195923,-2.1550471114244707
martico01,Cody Martin,train,-4.293855,-4.304419140000002,-4.291907419259369,-4.296659138635483,-4.269809889182064
martico01,Cody Martin,val,-2.758257,-2.3339562,-2.2940486856516413,-2.3512201862424784,-2.2717371338042684
martija01,Jarell Martin,train,-4.017384,-3.9693030399999962,-3.9464663763745094,-3.981890457160427,-3.9751561658679586
martike03,Kelan Martin,train,-4.238376,-4.249246850000004,-4.318951797709564,-4.268289043334466,-4.290650817884879
martike04,KJ Martin,train,-4.265731,-4.317441090000002,-4.303811240414959,-4.242147963558385,-4.166421800099529
martity01,Tyrese Martin,val,-4.502685,-4.394340920000002,-4.2997254062163215,-4.34532167067569,-4.298157508295136
masonfr01,Frank Mason III,train,-4.26436,-4.294482400000003,-4.359820651265358,-4.272240385329933,-4.341976341103459
matkoka01,Karlo Matković,test,-4.358047,-4.1420163500000005,-4.227797488564199,-4.1019249611212665,-4.225512287062669
matthwe02,Wesley Matthews,train,-1.386294,-1.4094844000000015,-1.4690220858726528,-1.443590288722222,-1.4422310390292816
matthwe02,Wesley Matthews,train,-3.725648,-3.468295369999998,-3.0819873586332016,-3.2808154163803835,-3.1783018617625363
maxeyty01,Tyrese Maxey,test,-1.237887,-1.1444812199999999,-1.144496636221198,-1.2218952224195005,-1.1379849257685184
mbahalu01,Luc Mbah a Moute,train,-3.733885,-3.721100859999994,-3.717771029682237,-3.626905393266437,-3.7471350919927366
mcadoja01,James Michael McAdoo,train,-4.931692,-4.814243239999999,-4.736619772829982,-4.746422789327093,-4.770601923468557
mcbrimi01,Miles McBride,train,-4.357545,-4.350657710000003,-4.341747382306167,-4.36359581593777,-4.427237695817287
mcbrimi01,Miles McBride,val,-3.479497,-4.1361425500000015,-3.733403431559665,-3.822932498522679,-4.111911016166752
mccaija01,Jared McCain,test,-3.364354,-4.5129883,-4.222728764891717,-4.453581088379246,-4.1986462250925785
mccawpa01,Patrick McCaw,train,-4.873319,-4.700869209999995,-4.515902979439552,-4.678757070424337,-4.594662747345488
mccawpa01,Patrick McCaw,train,-3.525075,-3.5673702100000013,-3.637211867563168,-3.593112071199548,-3.574652668393143
mccawpa01,Patrick McCaw,train,-3.306337,-3.4977036600000004,-3.746755081807961,-3.5560974872993216,-3.688672594533013
mccolcj01,CJ McCollum,train,-1.318914,-1.4407028700000026,-1.433331243121914,-1.4602155909544952,-1.477458854756908
mccolcj01,CJ McCollum,train,-1.186074,-1.2766832700000013,-1.2546715624879623,-1.2914213694330048,-1.2792128790749726
mccolcj01,CJ McCollum,val,-1.447073,-1.5209346300000004,-1.6604332844384908,-1.6895601051145124,-1.607520424539045
mccontj01,T.J. McConnell,train,-3.439868,-3.3470131699999968,-3.151506407496631,-3.2719113677817493,-3.1411218921479707
mccontj01,T.J. McConnell,train,-2.593957,-2.3894686899999984,-2.096952525729476,-2.3973061759454226,-2.1603119321506963
mccontj01,T.J. McConnell,test,-2.620777,-2.28572651,-2.06601024200308,-2.285064624730726,-2.2541389914502967
mcculch01,Chris McCullough,train,-4.095774,-3.986744470000003,-3.8863342113059485,-3.8363091319130596,-3.800068623810716
mcdanja01,Jalen McDaniels,train,-4.265731,-4.2652947300000035,-4.14274830663064,-4.251889394209181,-4.115082286377124
mcdanja01,Jalen McDaniels,val,-3.380252,-3.1936293,-3.1028169887679242,-3.0793118842817493,-3.2343180719843656
mcdanja02,Jaden McDaniels,val,-1.680074,-1.8444802200000006,-1.8186872392357376,-1.9445750729019275,-1.7852491530494794
mcdankj01,K.J. McDaniels,train,-3.066768,-3.3626226300000015,-3.58607707684986,-3.5454995952914117,-3.6762022713005433
mcderdo01,Doug McDermott,train,-3.298298,-3.446346089999995,-3.8687356020462054,-3.539303762777162,-3.7208302551955454
mcderdo01,Doug McDermott,train,-2.631258,-2.6671164700000016,-2.747035957842421,-2.7165669936167807,-2.768434004648808
mcderdo01,Doug McDermott,train,-2.083131,-2.094253490000001,-2.16672274082482,-2.174675155070862,-2.15569976301794
mcgeeja01,JaVale McGee,train,-3.281644,-3.068779180000001,-3.1099677217571875,-2.9401952382657153,-2.997713256760484
mcgeeja01,JaVale McGee,val,-3.071198,-2.52997306,-2.4192618980034304,-2.62683675296016,-2.547828588728577
mcgruro01,Rodney McGruder,train,-4.727136,-4.667836869999991,-4.466318911287241,-4.731466546273179,-4.507694398150209
mcgruro01,Rodney McGruder,train,-3.083194,-2.9690535099999984,-2.77385239000806,-2.9760317718100917,-2.885033275621439
mckinal01,Alfonzo McKinnie,train,-4.505304,-4.500313720000007,-4.38259892711265,-4.459150482261055,-4.431936660932318
mckinal01,Alfonzo McKinnie,train,-4.238425,-4.238242040000003,-4.283383940461714,-4.22641134965568,-4.241821384727968
mckinal01,Alfonzo McKinnie,train,-4.091051,-3.9164926999999965,-3.546620754070281,-3.869859469020666,-3.7140640718168916
mclaujo01,Jordan McLaughlin,train,-3.95208,-3.7281745400000035,-3.5562651313805915,-3.7309549237182544,-3.6744187302093874
mclembe01,Ben McLemore,train,-2.922708,-3.0526389799999993,-3.3098141033174517,-3.1584440064631503,-3.2497597374744216
mclembe01,Ben McLemore,train,-3.927164,-3.9209536800000024,-3.937817084391346,-3.855701371519842,-3.8491331032806597
mcrobjo01,Josh McRoberts,train,-2.4103,-2.287879180000002,-2.1948801231961412,-2.2865042676037386,-2.198769568253708
meeksjo01,Jodie Meeks,train,-2.30839,-2.1859427200000017,-2.046758675138867,-2.1457023379642854,-2.1561883871752525
meeksjo01,Jodie Meeks,train,-3.387098,-3.333652609999998,-3.347448488624937,-3.3263940527449,-3.4004801279439705
mejrisa01,Salah Mejri,train,-4.471639,-4.268242809999997,-4.059029883329675,-4.263138073028345,-4.072753821097571
mellini01,Nicolò Melli,train,-3.306337,-3.68438128,-4.174770985043652,-3.8825248952369584,-4.003444221926785
meltode01,De'Anthony Melton,train,-4.445541,-4.525306969999997,-4.360715183046807,-4.509001104169504,-4.399994276940344
meltode01,De'Anthony Melton,train,-2.535072,-2.664094450000004,-2.7813800761388756,-2.8563447225734406,-2.52833535235415
meltode01,De'Anthony Melton,test,-3.857885,-3.183921909999998,-3.2949364722112504,-3.057833278007115,-3.26918582505061
meltode01,De'Anthony Melton,test,-3.30949,-3.306749279999999,-3.583465959010454,-3.116034326180271,-3.483282734661193
merrisa01,Sam Merrill,train,-4.51031,-4.453651390000002,-4.487118164843415,-4.487778536694448,-4.54747338630126
merrisa01,Sam Merrill,val,-4.167778,-4.1660474899999995,-4.202440876273791,-4.1493724778253975,-4.269128443503575
merrisa01,Sam Merrill,test,-2.789853,-2.5749492299999996,-2.447113685654805,-2.5975350126105465,-2.605064319429843
metuch01,Chimezie Metu,train,-4.361323,-4.368680630000007,-4.333581043389435,-4.350834821894109,-4.309577845412652
metuch01,Chimezie Metu,train,-4.125426,-4.133236980000001,-4.225999912315115,-4.1218636581003425,-4.222435401212173
micicva01,Vasilije Micić,val,-2.851871,-3.77883809,-3.981383348380066,-3.9971138253344622,-4.004957759897664
middlkh01,Khris Middleton,train,-1.609438,-1.6374511400000005,-1.6451755775243322,-1.6869514007437627,-1.6974076283669501
middlkh01,Khris Middleton,train,-1.123099,-1.2706701299999998,-1.4613226700816528,-1.2885574472619028,-1.4139729698431867
middlkh01,Khris Middleton,val,-1.478822,-2.0371989100000003,-2.1719018766847378,-2.1928268055729734,-2.0617453041999845
middlkh01,Khris Middleton,test,-3.366601,-2.8269784700000002,-2.4518577076168846,-2.657408432061226,-2.4112927272282483
milescj01,C.J. Miles,train,-2.642313,-2.5568465700000003,-2.4424244879699613,-2.609920837605397,-2.4705214691869277
milescj01,C.J. Miles,train,-2.475795,-2.492205200000002,-2.4748170554581344,-2.530005000909868,-2.5149051154923012
milleda01,Darius Miller,train,-4.195459,-4.084472640000004,-4.227652007389393,-4.107110433698293,-4.149223318386613
milleda01,Darius Miller,train,-2.729022,-2.959644299999995,-3.2757867416717756,-2.981840275805192,-3.2739038501424345
millejo02,Jordan Miller,test,-3.507215,-2.7455776800000007,-2.7944980620724387,-2.774113295431971,-2.678681312003532
millele01,Leonard Miller,val,-4.180441,-4.418560600000001,-4.187639281995899,-4.353668142667187,-4.135514141148551
millemi01,Mike Miller,train,-3.116334,-3.023830159999997,-2.9025529757795416,-2.9841749515589546,-2.9469946067758044
millemi01,Mike Miller,train,-3.628524,-3.5113472400000045,-3.556543569129659,-3.498515303257362,-3.553405271440658
millspa01,Paul Millsap,train,-1.249435,-1.2831218900000019,-1.2776361860895273,-1.3060978839909296,-1.3444470401324253
millspa01,Paul Millsap,train,-1.178332,-1.3977054100000001,-1.4942457583480504,-1.3774385666757356,-1.5519959997966482
millspa02,Patty Mills,train,-2.677829,-2.6168472500000006,-2.5256614181748205,-2.5977683901734703,-2.6468872147603517
millspa02,Patty Mills,train,-2.111152,-2.221709790000002,-2.095696361626267,-2.210840811369356,-2.1837897405963944
millspa02,Patty Mills,train,-2.924613,-2.9703733299999997,-3.151906971953939,-2.9574990245663257,-3.129486904762737
millspa02,Patty Mills,val,-2.924383,-2.9969720600000005,-3.059136883449292,-3.012551235683104,-3.075817527979868
miltosh01,Shake Milton,val,-3.303371,-3.1025855900000017,-3.1415382960539784,-3.1250239009569176,-3.259457622508789
miltosh01,Shake Milton,test,-3.8296,-3.2856521300000003,-2.8815413262656158,-3.316903536547614,-3.068496400972156
minotjo01,Josh Minott,val,-4.266488,-3.99662568,-3.7889783219596067,-4.097671075161312,-3.6892544699841032
minotjo01,Josh Minott,test,-4.132887,-3.87621302,-4.007244090996742,-3.928338491990978,-4.051522391040971
minotjo01,Josh Minott,test,-3.632378,-3.510226990000001,-3.6378573530926026,-3.4486566023106575,-3.701466897861263
mirotni01,Nikola Mirotić,train,-2.433376,-3.158377270000003,-4.1394207126978015,-3.357576366996595,-3.9408013583150203
mitchaj01,Ajay Mitchell,test,-3.976434,-3.704148140000001,-3.9075522804239458,-3.9562766575282216,-3.9764027319242823
mitchda01,Davion Mitchell,test,-2.556238,-3.1792736800000005,-3.261238604057558,-3.083351112480159,-3.255369167664891
mitchdo01,Donovan Mitchell,train,-1.237876,-1.2596494300000003,-1.1520213712354521,-1.2599068685929713,-1.2018511325735894
mitchdo01,Donovan Mitchell,test,-1.126991,-1.0869944699999996,-1.0782526991782748,-1.1128189816065752,-1.0246081579322324
mitchdo01,Donovan Mitchell,test,-1.009688,-0.9833241899999997,-0.9868743564377196,-1.0307362063401355,-0.9905966538296921
monkma01,Malik Monk,val,-2.544339,-2.4821437900000003,-2.374009108197264,-2.480445101697849,-2.48464280141486
monkma01,Malik Monk,test,-1.975676,-1.9898612399999995,-2.1087843600342095,-2.0330246848446705,-2.0303824427134685
monrogr01,Greg Monroe,train,-1.407469,-1.4903897700000008,-1.4768191353382658,-1.4615586820958058,-1.4133227544482703
mooreet01,E'Twaun Moore,train,-4.164369,-3.949170980000003,-3.7952761950727294,-3.9455707984939803,-3.8963252568003828
mooreet01,E'Twaun Moore,train,-2.404749,-2.4629318500000026,-2.7233232119742965,-2.588123678081839,-2.666459225115304
moranja01,Ja Morant,val,-1.237877,-1.0544529099999993,-1.0208466960605713,-1.1308896449733563,-1.0092862314427165
moreler01,Eric Moreland,train,-4.39691,-4.385853549999996,-4.276449331663089,-4.314638978546474,-4.308640395477357
moreler01,Eric Moreland,train,-3.993566,-4.093477289999994,-4.094489239405363,-4.061083050640022,-4.132201252539289
morrima02,Markieff Morris,train,-2.169054,-2.047849639999998,-1.8926385109510726,-2.024293438688211,-1.9256732305222575
morrima02,Markieff Morris,train,-3.504788,-3.1692908,-2.9120681568718867,-3.1707360912783433,-2.8474875178279437
morrima03,Marcus Morris,train,-2.639057,-2.433963540000002,-2.217964641025879,-2.410091259832767,-2.264603084419595
morrima03,Marcus Morris,train,-1.920043,-1.8641377900000007,-1.7501030365375847,-1.8394891611309496,-1.8191285500078593
morrimo01,Monte Morris,train,-4.183285,-4.198315510000004,-4.19761312948059,-4.184413880257373,-4.188667356858165
morrimo01,Monte Morris,train,-2.496844,-2.498928420000002,-2.5093031789517823,-2.451158943968255,-2.529641335086342
morroan01,Anthony Morrow,train,-2.940193,-2.9229533299999986,-2.9431237288962415,-2.925340761496237,-2.9871490686730784
mozgoti01,Timofey Mozgov,train,-1.772226,-1.915208629999998,-1.8611394048110972,-2.0335551947721076,-1.9400666985987949
mudiaem01,Emmanuel Mudiay,train,-3.094764,-3.280110309999999,-3.449750094986335,-3.38494124504762,-3.4654112008936404
muhamsh01,Shabazz Muhammad,train,-4.074293,-3.695310810000004,-3.343124125470287,-3.6077605664897963,-3.3110686716660336
murrade01,Dejounte Murray,train,-4.081081,-3.942193619999998,-4.017234730919535,-4.116834138737525,-3.977213067402151
murrade01,Dejounte Murray,train,-1.920043,-2.0932332699999994,-2.231806209621201,-2.173474617816327,-2.120706817878636
murrade01,Dejounte Murray,val,-1.593826,-1.6056450000000004,-1.654023793327402,-1.6434375434931991,-1.7373442725302595
murraja01,Jamal Murray,train,-1.025742,-1.2234010299999987,-1.3885724485905897,-1.2469456814126987,-1.327907776108266
murraja01,Jamal Murray,test,-1.090623,-1.2979885899999999,-1.3168312052076967,-1.3336688149546496,-1.286859885074686
muscami01,Mike Muscala,train,-2.986621,-3.026548720000004,-3.139854773165157,-2.9986648784913417,-3.013947344070902
muscami01,Mike Muscala,train,-3.927164,-3.6354755900000013,-3.3936399995398667,-3.621067374097505,-3.433515591401481
muscami01,Mike Muscala,train,-3.469426,-3.3580909299999986,-3.425245558618468,-3.377794802756801,-3.3594329176789484
muscami01,Mike Muscala,val,-3.564732,-3.3430972900000016,-3.4629282435926205,-3.324345508333796,-3.4026443680245566
mykhasv01,Svi Mykhailiuk,train,-4.252124,-4.168933979999999,-4.034434132769372,-4.238901597753188,-4.140955572641729
mykhasv01,Svi Mykhailiuk,train,-4.131628,-3.762357489999997,-3.836540043493799,-3.807296303161722,-3.788542275268403
mykhasv01,Svi Mykhailiuk,test,-3.62075,-3.5721586100000002,-3.361492833883747,-3.445968707896255,-3.524849271208651
naderab01,Abdel Nader,train,-4.269156,-4.239724070000004,-4.2408875446244965,-4.2109477317630395,-4.253594355695903
naderab01,Abdel Nader,train,-3.989821,-3.839848970000003,-3.7387227829148544,-3.862079327361681,-3.73172026417002
nancela02,Larry Nance Jr.,train,-4.082981,-3.887832420000001,-3.9784620925878333,-3.8802784024109425,-3.9106587659463834
nancela02,Larry Nance Jr.,train,-2.276718,-2.2784840399999973,-2.103019992724474,-2.271608033637187,-2.151794095046774
nancela02,Larry Nance Jr.,val,-2.53419,-2.7200137899999985,-2.842703149479878,-2.74750868607596,-2.7186145629641456
nancepe01,Pete Nance,test,-4.163784,-4.198172180000001,-4.372617081101032,-4.129819750476397,-4.212959515617001
napiesh01,Shabazz Napier,train,-3.909094,-3.8461320399999988,-3.9821038424535455,-3.975410312306683,-3.9958649876014656
nelsoja01,Jameer Nelson,train,-3.116334,-3.0059804199999967,-2.9242307135763967,-2.8321142022205223,-2.8543716441989586
nelsoja01,Jameer Nelson,train,-2.737038,-2.6983150500000033,-2.6916438353435903,-2.6970346449359432,-2.7970403617113173
nembhan01,Andrew Nembhard,val,-4.054356,-4.3125173000000006,-4.248620325136686,-4.343688473603738,-4.160319655863834
nembhan01,Andrew Nembhard,test,-2.06817,-2.42673073,-2.260640510112626,-2.502385031346374,-2.361889881659958
nesmiaa01,Aaron Nesmith,val,-2.547938,-2.6741740900000015,-2.649716136433365,-2.5822133880493214,-2.61886941761404
nesmiaa01,Aaron Nesmith,test,-2.13102,-2.8602398699999996,-2.9044764389013227,-2.7230256824342414,-3.0233862453072327
netora01,Raul Neto,train,-4.353856,-4.362040330000002,-4.172260404319475,-4.300207372349211,-4.2430749080735515
netora01,Raul Neto,train,-3.83523,-3.823214850000005,-3.6877915983480825,-3.7775433358900155,-3.691114253019971
niangge01,Georges Niang,train,-4.727136,-4.609718779999993,-4.333581043389435,-4.563705964656249,-4.3405784879221265
niangge01,Georges Niang,train,-4.124935,-4.028247479999998,-4.20148803736321,-4.100752560282317,-4.267423706597854
niangge01,Georges Niang,train,-3.513228,-3.4494333800000034,-3.4294757532520794,-3.483764552966556,-3.4848988588958454
niangge01,Georges Niang,val,-2.772743,-2.92684805,-2.8009741748903045,-2.9828644207927235,-2.8395866813015433
nichoan01,Andrew Nicholson,train,-2.673013,-2.8613451200000024,-3.073865342294866,-2.9179639024331085,-2.9693491784451207
noahjo01,Joakim Noah,train,-1.646282,-1.747163470000002,-1.806467735550557,-1.9469231607471646,-1.8474964509815022
noelne01,Nerlens Noel,train,-3.995079,-3.658203199999996,-3.456079096471951,-3.623725929596062,-3.519622489818574
noelne01,Nerlens Noel,train,-2.496844,-2.4941867600000034,-2.512887145905933,-2.5221402131489414,-2.4869457343445984
noguelu01,Lucas Nogueira,train,-3.556379,-3.520254089999998,-3.6682693151401926,-3.5234079346399714,-3.753213978768937
nowelja01,Jaylen Nowell,train,-6.147919,-5.26935344,-4.368561621413677,-4.901833670631522,-4.418640758026559
nowitdi01,Dirk Nowitzki,train,-2.023902,-1.7586550700000005,-1.6262714389149906,-1.6183457341201815,-1.6830495669258543
ntilila01,Frank Ntilikina,train,-4.075085,-4.083640990000001,-4.3298664544381795,-4.05224215899361,-4.2376093966019805
nunnke01,Kendrick Nunn,train,-3.088058,-2.934160139999997,-2.9491646225422876,-2.8869453100238065,-3.034239278315119
nurkiju01,Jusuf Nurkić,train,-3.556379,-3.442822759999999,-3.543924345426851,-3.4206320324166715,-3.4907132895316213
nurkiju01,Jusuf Nurkić,train,-2.138781,-2.0087051099999975,-1.7683323246347586,-2.027660260376985,-1.7848783175976615
nurkiju01,Jusuf Nurkić,val,-1.955295,-1.9335718799999995,-1.8652203195432973,-1.9739006564682522,-1.9980796077635263
nurkiju01,Jusuf Nurkić,test,-2.73856,-2.7878423700000003,-2.818084434869392,-2.7314457056275483,-2.727912904015899
nwabada01,David Nwaba,train,-4.959902,-4.4735528,-4.488972506892487,-4.635894899003601,-4.4722333661553435
nwabada01,David Nwaba,train,-4.133016,-3.8656275199999994,-3.6485960245543625,-3.884518985944448,-3.7205482447907783
nwabada01,David Nwaba,train,-3.112751,-3.0451323300000013,-3.1998267512811758,-3.096346109004849,-3.0674148436569504
nworajo01,Jordan Nwora,train,-4.51031,-4.4413174200000025,-4.476453597638654,-4.460871064185168,-4.464136200473539
nworajo01,Jordan Nwora,val,-3.752785,-4.11180991,-4.0480102383349035,-4.043489990598797,-4.089878098871566
obryajo01,Johnny O'Bryant,train,-4.354887,-4.272046830000003,-4.117571206206528,-4.17162008880122,-4.146123381102012
obryajo01,Johnny O'Bryant,train,-4.764477,-4.4423014599999995,-4.491679315997512,-4.5139181805160735,-4.422448223579121
ojelese01,Semi Ojeleye,train,-4.238384,-4.282558009999999,-4.3157689622037045,-4.292840421051586,-4.307985192753439
okafoja01,Jahlil Okafor,train,-2.704129,-2.8959720100000004,-3.17399664761186,-3.0134536364416076,-3.1824933414441556
okafoja01,Jahlil Okafor,train,-3.996987,-3.6694946699999953,-3.580866602378135,-3.7145799952319267,-3.5701833161895067
okoboel01,Elie Okobo,train,-4.263685,-4.275664490000002,-4.376237473970767,-4.3091130269540825,-4.406392543830761
okogijo01,Josh Okogie,val,-3.853284,-3.1418454600000003,-3.6348410859172993,-3.1761433019661958,-3.5638238075217323
okogijo01,Josh Okogie,test,-2.866392,-3.19506166,-3.4072557343731393,-3.3499746731995517,-3.3805323747951865
okogijo01,Josh Okogie,test,-3.344696,-3.0861208400000004,-3.3179241954934326,-3.1743938667868457,-3.242531801761553
okongon01,Onyeka Okongwu,val,-2.205316,-2.0617539,-2.023703169461295,-2.091777056950424,-2.031172216942737
okorois01,Isaac Okoro,test,-2.547938,-2.3697284900000013,-2.378678057917971,-2.357507057388736,-2.3016539544529007
okpalkz01,KZ Okpala,train,-4.356159,-4.361032829999996,-4.380416851080442,-4.392973027599155,-4.392716993166812
okpalkz01,KZ Okpala,val,-4.131877,-4.298383679999998,-4.365602624037311,-4.257389579009846,-4.354470330998321
oladivi01,Victor Oladipo,train,-1.539702,-1.5537117800000013,-1.5462170301017557,-1.551175547539378,-1.426204008313256
oladivi01,Victor Oladipo,val,-2.609221,-3.31022085,-3.184676578895931,-3.0927128958480723,-3.272996016159328
olynyke01,Kelly Olynyk,train,-2.07033,-2.1591212300000024,-2.0008900877464444,-2.1612469073180267,-2.1480092521266214
olynyke01,Kelly Olynyk,train,-2.204492,-2.1754118499999975,-2.1178744569299077,-2.1663904222307266,-2.0497849961603225
olynyke01,Kelly Olynyk,test,-2.466626,-2.7820686399999994,-2.7092634511251448,-2.634381060415534,-2.6671309034260364
onealro01,Royce O'Neale,train,-4.35967,-4.3718905199999964,-4.358036283313,-4.344247870218253,-4.39226701878261
onealro01,Royce O'Neale,train,-2.524964,-2.433120700000002,-2.1338443638785622,-2.3902137805327244,-2.1888305217881983
onealro01,Royce O'Neale,test,-2.594458,-2.349449380000001,-2.151351125926729,-2.351679333426304,-2.1181874212959917
onimi01,Miye Oni,train,-4.356159,-4.275839359999997,-4.270460275648443,-4.297406403756756,-4.314743646068046
oquinky01,Kyle O'Quinn,train,-2.862201,-2.68438955,-2.567616771030795,-2.759540632001136,-2.665362318921199
osmande01,Cedi Osman,train,-2.641075,-2.5165443500000007,-2.4166439452369177,-2.5408590738696133,-2.503002953173371
oubreke01,Kelly Oubre Jr.,train,-3.573003,-3.604632909999999,-3.594420228588986,-3.621794645659659,-3.6038455129146216
oubreke01,Kelly Oubre Jr.,train,-1.984581,-2.141910399999999,-2.310486523230083,-2.211541283184237,-2.3796097323127063
oubreke01,Kelly Oubre Jr.,train,-2.19646,-2.155645880000001,-2.2235509733686905,-2.2311090232920012,-2.134097324886729
oubreke01,Kelly Oubre Jr.,test,-2.847816,-2.2895458,-2.5078509996037797,-2.4248549145828173,-2.4493192204713394
oubreke01,Kelly Oubre Jr.,test,-3.026242,-2.1829192699999993,-2.1867065404796895,-2.2406436546989785,-2.1306414113729213
parkeja01,Jabari Parker,train,-2.52676,-2.752847149999999,-3.004496684378837,-2.901474576242944,-3.1218312871582197
parkeja01,Jabari Parker,train,-2.820829,-2.728212800000002,-2.622385991182219,-2.737321081698514,-2.729621459424413
parketo01,Tony Parker,train,-3.01425,-3.027379440000002,-3.0216493175314154,-2.9489983999058924,-3.031544104860352
parsoch01,Chandler Parsons,train,-1.411965,-1.4361405899999997,-1.5776298607719634,-1.4967734183015864,-1.5875573077872815
parsoch01,Chandler Parsons,train,-1.382509,-1.5021033300000002,-1.6591588635261756,-1.5681037140837455,-1.594910560540491
pascher01,Eric Paschall,train,-4.356159,-4.293382509999996,-4.300184091962344,-4.337618258846886,-4.291972701933044
pattepa01,Patrick Patterson,train,-2.344108,-2.415697560000002,-2.459459044335197,-2.412720669225624,-2.5005050652215606
pattepa01,Patrick Patterson,train,-2.899832,-2.772519540000001,-2.566348772760246,-2.778641177196714,-2.60727013693162
paulbr01,Brandon Paul,train,-4.866399,-4.7609485,-4.548982160431423,-4.698460471215466,-4.515065361388837
paulch01,Chris Paul,train,-1.077975,-1.245782519999999,-1.2377642684087722,-1.187520711979025,-1.3311063497453732
paulch01,Chris Paul,train,-0.936685,-1.086672829999999,-1.1373201484572257,-1.0819250969472782,-1.1408244017169762
paulch01,Chris Paul,train,-1.320991,-1.3515954200000018,-1.3225507257518143,-1.3452676792121727,-1.356426924677344
paynead01,Adreian Payne,train,-3.504947,-3.6261450099999992,-3.8374438253950998,-3.6466281833729637,-3.7904813700929965
payneca01,Cameron Payne,train,-3.523365,-3.5991330000000046,-3.6123094022622273,-3.6931877439703653,-3.7620425718634958
payneca01,Cameron Payne,train,-4.077446,-3.952623070000002,-3.819619886441392,-3.93647213848299,-3.9223263159792285
payneca01,Cameron Payne,train,-2.876362,-2.778503179999999,-2.7746513017341616,-2.7984424271106483,-2.7484837050900413
paytoel01,Elfrid Payton,train,-3.248078,-3.2203059700000027,-3.3985119550494383,-3.223440884822972,-3.3934740617301644
paytoel01,Elfrid Payton,train,-2.61319,-2.820117999999999,-2.8750233667424987,-2.7207676119892303,-2.8269947544238327
paytoga02,Gary Payton II,train,-4.321671,-4.458559579999996,-4.467638431637409,-4.48517710114456,-4.50503793324692
paytoga02,Gary Payton II,train,-4.989101,-4.810803600000004,-4.809903811524772,-4.761245954595799,-4.723498138065613
paytoga02,Gary Payton II,val,-2.652259,-2.9798250800000003,-2.827092774902965,-2.7412418725701384,-2.8591335093253467
peavymi01,Micah Peavy,test,-4.265798,-4.302218320000003,-4.317646827878311,-4.266251590932533,-4.243617514950226
pendano01,Noah Penda,test,-4.242512,-4.337469589999999,-4.099295484971109,-4.262520641478408,-4.072272503997724
phillju01,Julian Phillips,val,-4.204773,-4.3948712,-4.219450345414061,-4.386845559543645,-4.199728030261958
pickeja02,Jalen Pickett,val,-4.191318,-4.42339929,-4.146074562737409,-4.294495465489184,-4.079341547945404
piercpa01,Paul Pierce,train,-2.453148,-2.4359479299999998,-2.4284179549473235,-2.401358725977323,-2.5418162479574145
piercpa01,Paul Pierce,train,-2.988142,-2.7828581600000013,-2.7516276671307076,-2.69232220340234,-2.6689219344114488
plowdda01,Daeqwon Plowden,test,-4.198403,-4.0838767,-4.0963026081964395,-3.9992110551836757,-3.9875774231699572
plumlma01,Mason Plumlee,train,-1.981099,-2.02379069,-2.048495156361601,-2.022053614308391,-2.0472989037284277
plumlma01,Mason Plumlee,train,-2.586061,-2.54731209,-2.5557922132113293,-2.5383828433126165,-2.568079294284515
plumlmi01,Miles Plumlee,train,-2.019086,-2.122421139999997,-2.3056303820168007,-2.323312351642858,-2.1819321834569805
poeltja01,Jakob Poeltl,train,-2.523578,-2.5017415299999954,-2.4482935556894514,-2.5446643351931115,-2.4832601205497657
poeltja01,Jakob Poeltl,val,-1.942395,-1.80555495,-1.8771362003960588,-1.9621869763225648,-1.8791616194864773
poeltja01,Jakob Poeltl,test,-1.798316,-2.0006983,-1.9164107288999592,-1.9515780564387235,-1.9499307225149562
poolejo01,Jordan Poole,val,-1.447073,-1.5884717400000006,-1.636599748176173,-1.6010990641908895,-1.6258153420006372
portecr01,Craig Porter Jr.,val,-4.217198,-4.350105920000001,-4.2644504525716505,-4.415154736500566,-4.274794941729931
porteke02,Kevin Porter Jr.,val,-2.149009,-3.9325173500000017,-2.8486298677507964,-2.842031767230155,-3.314983764816556
porteke02,Kevin Porter Jr.,test,-4.07454,-3.3409305100000006,-3.266983404366323,-3.0821092204795915,-3.204608683981626
porteke02,Kevin Porter Jr.,test,-3.381014,-3.14304544,-3.025226654782251,-2.991639121396261,-3.1113070857091087
portemi01,Michael Porter Jr.,train,-1.276246,-1.3389469799999996,-1.4180441674340085,-1.413075989487994,-1.3690846887659895
porteot01,Otto Porter Jr.,train,-1.314208,-1.3959893399999992,-1.4228804653161224,-1.4499794030549868,-1.4257203333044535
porteot01,Otto Porter Jr.,val,-3.001043,-2.7874312800000003,-3.115742903539696,-2.7705538571468256,-2.891158597784884
portibo01,Bobby Portis,train,-3.897838,-3.7192992799999978,-3.748642303744258,-3.743934188215786,-3.522298315603193
portibo01,Bobby Portis,train,-3.384299,-3.2436042599999992,-3.3088330039479628,-3.293183278425737,-3.3991993142536256
portibo01,Bobby Portis,train,-3.228161,-3.11001167,-2.813384591112794,-3.059674343593072,-2.9004301059089657
portibo01,Bobby Portis,val,-2.320578,-1.9906046499999988,-2.0910654479548367,-1.9806538703594092,-2.0323650054015046
portibo01,Bobby Portis,test,-2.365618,-2.1068677699999996,-2.5208155093961935,-2.2832310622618532,-2.381827433715142
porzikr01,Kristaps Porziņģis,train,-2.807476,-2.8908992800000015,-3.173797378980642,-3.0435043705844667,-3.219867569261836
porzikr01,Kristaps Porziņģis,train,-1.237893,-1.7623204200000027,-1.8401198520652753,-1.8535867920017008,-1.7994305562571231
porzikr01,Kristaps Porziņģis,val,-1.544636,-1.3171537599999996,-1.3173460918924444,-1.395819805664967,-1.2340135711330489
porzikr01,Kristaps Porziņģis,test,-2.236033,-2.2274335100000004,-2.031776027093119,-2.321779805352038,-2.0039119537434527
postqu01,Quinten Post,test,-2.83387,-2.841499280000001,-2.9686691114730674,-3.014504894709186,-2.930867055142883
poweldw01,Dwight Powell,train,-4.537209,-4.193812930000003,-3.8374438253950998,-3.9989588778370413,-3.8120734401656384
poweldw01,Dwight Powell,train,-2.294736,-2.33563952,-2.280817480998375,-2.309796295625391,-2.331676245431333
poweldw01,Dwight Powell,val,-3.526515,-2.79427343,-2.6154868187385265,-2.6275613090606593,-2.6354302888681214
powelno01,Norman Powell,train,-4.414943,-4.431619259999994,-4.272362721485291,-4.3885197894614505,-4.32314993730418
powelno01,Norman Powell,train,-1.831817,-1.7935392900000005,-1.6995874844138257,-1.7856763750475153,-1.777872778858339
powelno01,Norman Powell,test,-2.043596,-1.9018096000000009,-2.048030403738749,-2.0912816463252955,-2.0777806797203255
poythal01,Alex Poythress,train,-4.456297,-4.594198620000004,-4.381304848880921,-4.395562700005097,-4.442720664495774
pricero01,Ronnie Price,train,-3.628524,-3.620645270000004,-3.800003298913526,-3.5874230216587284,-3.746070428596352
prigipa01,Pablo Prigioni,train,-4.43596,-4.148844570000005,-4.0598991138523575,-3.957069690741493,-3.7697472820231877
princta02,Taurean Prince,train,-2.156952,-2.4215231999999975,-2.4182709828564923,-2.37254919890146,-2.413750305145396
princta02,Taurean Prince,val,-2.927678,-3.1973766999999977,-2.991796846063381,-2.998676419883223,-2.9306584131620217
princta02,Taurean Prince,test,-3.771385,-2.957827999999998,-3.1814173805448336,-2.8355847331235804,-2.9786833754570545
pritcpa01,Payton Pritchard,val,-2.930931,-2.5904415700000003,-2.532806393153629,-2.906781338922904,-2.4312340809092734
proctty01,Tyrese Proctor,test,-4.265267,-4.18641707,-4.212561934031174,-4.382403738516443,-4.276164100731498
queentr01,Trevelin Queen,val,-4.238077,-4.192165980000001,-4.371503215266945,-4.236557991098986,-4.296059650287548
quetane01,Neemias Queta,val,-4.166121,-3.886326070000003,-4.02867580403884,-4.100268975483146,-4.067393243197809
quetane01,Neemias Queta,test,-4.073147,-3.383183750000002,-3.547705877920689,-3.6526479534596463,-3.6505423287906593
quetane01,Neemias Queta,test,-2.592708,-1.8825620600000008,-1.9631711596110832,-2.026288182903629,-1.9786522876735013
quickim01,Immanuel Quickley,test,-1.390486,-1.7015471300000002,-1.6823928271827955,-1.745013880870748,-1.702206811693474
rabbiv01,Ivan Rabb,train,-4.320956,-4.311719410000006,-4.318562473443084,-4.322715911579063,-4.3215649016780455
randlch01,Chasson Randle,train,-4.5665,-4.554258250000005,-4.634176511272225,-4.658570252836164,-4.623626052365288
randlch01,Chasson Randle,train,-4.91077,-4.822599750000006,-4.711467372113372,-4.75334087323299,-4.699871066136337
randlju01,Julius Randle,train,-3.024118,-3.1169486999999942,-3.3851586462645926,-3.2124533286201844,-3.2495464191367573
randlju01,Julius Randle,train,-2.44327,-2.3050521500000034,-2.36156506572404,-2.3389682443526087,-2.315702509484937
randlju01,Julius Randle,train,-1.662498,-1.6025314700000002,-1.4996631615712466,-1.5896988359693878,-1.5817972086283105
randlju01,Julius Randle,train,-1.440847,-1.326020060000001,-1.14998875123771,-1.3040241159875312,-1.2684067684966935
randlju01,Julius Randle,test,-1.534587,-1.3728123800000005,-1.5386443885891277,-1.4203385725238094,-1.4746583820176669
randoza01,Zach Randolph,train,-1.94591,-1.8691402899999994,-1.6924365349618489,-1.8616143064206347,-1.7740678435927417
randoza01,Zach Randolph,train,-2.111152,-2.2191880800000017,-2.191867475230168,-2.2401359304886648,-2.1710002078327637
raynama01,Maxime Raynaud,test,-4.356418,-4.306096099999999,-4.249074951042193,-4.252983166796645,-4.293224622010206
reaveau01,Austin Reaves,train,-4.503053,-4.460541250000005,-4.4681659001164435,-4.39204085138972,-4.497728234519784
reaveau01,Austin Reaves,val,-2.313273,-1.9683756300000004,-2.0112619628520982,-2.0699041631360524,-1.8866370967842878
reaveau01,Austin Reaves,test,-1.303692,-1.2740034599999999,-1.2791838669007383,-1.2823437537018136,-1.1744784723047836
reddica01,Cam Reddish,val,-4.0734,-3.4631488600000013,-3.5628833508779785,-3.4957680901523203,-3.5313757811024615
redicjj01,JJ Redick,train,-2.108634,-2.010584709999998,-2.1098347846421976,-2.046983578382089,-1.9915311251435435
reedda01,Davon Reed,train,-4.264958,-4.286464269999994,-4.230283404543667,-4.2813854661468245,-4.317149864701672
reedda01,Davon Reed,val,-4.131877,-3.866343930000003,-4.084823797510937,-3.9167315650306156,-3.9659535446006022
reedpa01,Paul Reed,val,-2.851871,-3.0327803899999997,-2.869482866622691,-3.0541856425289096,-2.8369006784914927
reedpa01,Paul Reed,test,-3.341866,-3.357642159999998,-3.2587913299145073,-3.3461679181179123,-3.4307115715400003
reedwi02,Willie Reed,train,-4.496025,-4.410814369999994,-4.504285860530054,-4.367129248603174,-4.366089500440826
reevean01,Antonio Reeves,test,-4.358047,-4.297311730000001,-4.3133434733481675,-4.281565541634306,-4.352514248193049
reidna01,Naz Reid,val,-2.306776,-2.5948161200000004,-2.645555133248755,-2.3588827490493194,-2.5985584693012083
reidna01,Naz Reid,test,-1.822269,-1.9197791199999994,-1.991709493875265,-1.9590993085845705,-1.9015798988114407
richajo01,Josh Richardson,train,-4.471639,-4.183789209999998,-3.938213833124235,-4.166797318088425,-4.015228197215983
richajo01,Josh Richardson,train,-2.272312,-2.2125469999999994,-2.007018501743225,-2.254778420023605,-2.154743781458788
richajo01,Josh Richardson,val,-3.824247,-2.9890976799999986,-2.9559626144917237,-2.9905637972925154,-2.9356569058142123
richani01,Nick Richards,train,-4.332629,-4.303972689999998,-4.443605972726814,-4.293978720990364,-4.277979195611122
richani01,Nick Richards,val,-3.336396,-2.5779636099999994,-2.4220841719565183,-2.5755614040759633,-2.4645818232500387
richawi02,Will Richard,test,-4.265798,-4.304183120000001,-4.204916683705987,-4.333508882149043,-4.1659685401059745
riverau01,Austin Rivers,train,-3.06984,-3.318218899999999,-3.5706074754233272,-3.4435012043338964,-3.6608789084556266
riverau01,Austin Rivers,train,-2.073894,-2.2976093799999986,-2.8005606368305345,-2.5885851645107705,-2.7033195931835268
riverau01,Austin Rivers,train,-3.872852,-3.5821903000000024,-3.4798840930884127,-3.59226795059034,-3.5482393384471576
riverau01,Austin Rivers,train,-3.491162,-3.2282910899999977,-2.959091586641162,-3.175156258735832,-3.0201367982330867
roberan03,Andre Roberson,train,-2.293474,-2.3455704600000016,-2.4505856101388144,-2.3265707453367344,-2.376142466298039
roberbr01,Brian Roberts,train,-3.116334,-3.161541739999998,-3.3967950038414854,-3.181621849029478,-3.3709181713891785
robindu01,Duncan Robinson,train,-1.831817,-1.8395613800000004,-1.8022958224552994,-1.8791545049756246,-1.874367731727356
robindu01,Duncan Robinson,test,-2.333095,-2.5789584299999997,-2.447303204177402,-2.5761201683605437,-2.612915163479754
robingl02,Glenn Robinson III,train,-4.183957,-4.127694670000004,-4.163970616344423,-4.178106990132084,-4.194508252238556
robinje02,Jeremiah Robinson-Earl,train,-4.042887,-4.115657970000004,-4.26563525481432,-4.123605509824259,-4.212019573073745
robinmi01,Mitchell Robinson,train,-4.174737,-4.199293189999995,-4.238550935279378,-4.198386270627552,-4.305169151584724
robinmi01,Mitchell Robinson,val,-2.109445,-1.8209440999999993,-1.8900701994165408,-1.9929461454056405,-1.7740726529638726
robinmi01,Mitchell Robinson,test,-2.376445,-2.74711291,-2.612793263570721,-2.734658835852607,-2.805730768367609
robinor01,Orlando Robinson,val,-4.239865,-4.182206650000002,-4.395408935774678,-4.211444555304425,-4.270345196552401
robinth01,Thomas Robinson,train,-4.233607,-4.112249340000004,-3.80033082889593,-4.008410329938771,-4.020272190882973
robyis01,Isaiah Roby,train,-4.222628,-4.273264539999996,-4.368385492167046,-4.27061436868836,-4.341606030147392
roddyda01,David Roddy,val,-3.63961,-4.01945203,-3.802660855914009,-4.06667846427638,-3.859198559886103
rolliry01,Ryan Rollins,val,-4.35586,-4.4389442400000005,-4.3475383177985645,-4.421566159787406,-4.390709254202345
rolliry01,Ryan Rollins,test,-3.654851,-3.435549780000002,-3.7361579254845743,-3.6116030546354887,-3.857947953006952
rondora01,Rajon Rondo,train,-1.927419,-2.3248338699999955,-2.2959036789355225,-2.163089442914964,-2.3681769397554144
rondora01,Rajon Rondo,train,-3.740974,-3.466180269999997,-3.077296532652806,-3.3017723023406993,-3.2455707140479406
rondora01,Rajon Rondo,train,-2.677728,-2.83762765,-2.9417902904705087,-2.815687467734797,-2.894428017838792
rosede01,Derrick Rose,train,-2.677728,-2.5743674900000015,-2.6591344332363995,-2.5912845059807266,-2.5951462905895317
rosede01,Derrick Rose,train,-2.046661,-2.01325732,-2.1621783660884235,-2.1470586294620175,-2.092298158785397
rosede01,Derrick Rose,val,-3.726491,-3.215381320000002,-3.553658175474149,-3.3517275950895664,-3.596025075252912
rosste01,Terrence Ross,train,-2.19344,-2.2726473000000014,-2.4917902538283787,-2.3212853963361657,-2.4798454348657226
rosste01,Terrence Ross,train,-2.089942,-2.0588647100000004,-1.8711785388676456,-2.0704352936638286,-1.959875734227329
roziete01,Terry Rozier,train,-3.625234,-3.687226839999998,-3.879134803521412,-3.7133627867867913,-3.9460112628195265
roziete01,Terry Rozier,train,-1.75347,-2.037024879999997,-2.547690555193163,-2.1322164305583917,-2.430745484062508
roziete01,Terry Rozier,train,-1.636737,-1.6156318200000006,-1.583101185401563,-1.6165423561020416,-1.659335499445611
rubiori01,Ricky Rubio,train,-1.627456,-1.7669988999999982,-1.7302680587252264,-1.7725689922755117,-1.7967555337305654
rubiori01,Ricky Rubio,train,-1.859418,-1.9051582500000013,-2.0682646536438503,-1.950944733123015,-1.9256181647363195
rubiori01,Ricky Rubio,val,-3.001586,-2.0154206399999994,-2.195138310212198,-2.2573603363869323,-2.1693722321318982
rudezda01,Damjan Rudež,train,-4.026383,-3.9587527800000033,-4.118915197863426,-4.078890668809515,-4.039313945525547
ruperra01,Rayan Rupert,val,-4.35701,-4.36037692,-4.244008565703022,-4.35316059552834,-4.245608003675271
rushbr01,Brandon Rush,train,-3.961844,-3.9180373100000025,-3.9777851890295683,-3.8365945971513615,-3.9532952021224537
russeda01,D'Angelo Russell,train,-2.599837,-2.8067815400000002,-3.1781476543693072,-3.0512640218469396,-3.3196755399652256
russeda01,D'Angelo Russell,train,-1.316752,-1.4046637499999992,-1.321344223859275,-1.4308454086263127,-1.3654432360596909
russeda01,D'Angelo Russell,val,-2.022438,-1.8889550300000002,-1.9536423783576837,-1.8275660197216552,-1.896870027092812
russeda01,D'Angelo Russell,test,-3.278986,-2.6451028499999993,-2.7274369032534036,-2.712486032113479,-2.7443313003778846
sabondo01,Domantas Sabonis,train,-1.73512,-1.7169594199999982,-1.7520053432767582,-1.7917176878679135,-1.752137371567621
sampsja02,JaKarr Sampson,train,-4.39691,-4.3941636899999965,-4.296520244612556,-4.370466366947214,-4.272027773008873
sampsja02,JaKarr Sampson,train,-5.022851,-4.810608920000002,-4.487718439892437,-4.6448687153038595,-4.531210123519394
sandeko01,Kobe Sanders,test,-4.099718,-3.3337771,-3.438434983065129,-3.641880231913266,-3.321415956068798
santogu01,Gui Santos,val,-4.374368,-4.20243262,-4.383389766344205,-4.230133120345802,-4.3866920699035825
santogu01,Gui Santos,test,-3.622328,-2.614922430000001,-2.6167693966219896,-2.484593981415533,-2.6330025185806387
saricda01,Dario Šarić,train,-3.681925,-3.542841339999999,-3.5759983597847502,-3.6701323873687843,-3.5382355645233416
saricda01,Dario Šarić,train,-2.495407,-2.4204737800000005,-2.378546240735789,-2.412832553470523,-2.3849845127450093
saricda01,Dario Šarić,test,-3.279071,-3.06569098,-3.55577036656894,-3.116645473525151,-3.484549976363822
satorto01,Tomáš Satoranský,train,-2.390046,-2.3685479700000034,-2.447199261404969,-2.3586050729064634,-2.370736226325774
schofad01,Admiral Schofield,train,-4.356159,-4.324574239999995,-4.359929748050709,-4.356173529440063,-4.358732161477736
schrode01,Dennis Schröder,train,-1.733858,-1.944787509999999,-2.151930259261652,-2.023333849566273,-1.8740612436514947
schrode01,Dennis Schröder,val,-2.370027,-2.6369199799999996,-2.667277564846716,-2.691707771665638,-2.75243929252582
schrode01,Dennis Schröder,test,-2.345842,-2.02860266,-2.0385098043017313,-2.2369380842148012,-2.0311056146223785
scottmi01,Mike Scott,train,-2.940193,-2.8928534399999997,-3.0625386432966697,-2.9665818911609994,-2.953127314687707
scottmi01,Mike Scott,train,-3.103396,-3.2958160199999975,-3.5701234274434612,-3.2746785738894557,-3.449821839202587
sefolth01,Thabo Sefolosha,train,-2.757872,-2.6106891299999986,-2.5368888677562773,-2.6219429888157575,-2.56828447075135
seldewa01,Wayne Selden,train,-4.952734,-4.8153987200000055,-4.620141752032797,-4.673320541462586,-4.566541831309866
seldewa01,Wayne Selden,train,-4.238384,-4.3425259999999986,-4.4466586905213115,-4.40743294259297,-4.369641298257226
sessira01,Ramon Sessions,train,-3.390394,-3.190770259999999,-3.0083867547243024,-3.0642104069251723,-2.9459828126400365
sextoco01,Collin Sexton,val,-1.941814,-1.8042438399999998,-1.78283020773009,-1.959818255733557,-1.64897102515975
sextoco01,Collin Sexton,test,-2.874692,-2.4440931000000004,-2.344575650606477,-2.499596187109408,-2.511881453893753
shamela01,Landry Shamet,test,-3.345529,-2.60912441,-3.112774269118075,-2.950091398062359,-2.999271151662617
sharpda01,Day'Ron Sharpe,test,-3.208564,-3.34757359,-3.3163559063342727,-3.250907682128687,-3.432266641493316
sharpda01,Day'Ron Sharpe,test,-2.83387,-3.0783350400000007,-3.0034618039177317,-2.911480183462584,-2.9766094283440765
sheadja01,Jamal Shead,test,-4.233879,-4.39131918,-4.404220945984096,-4.444284767768704,-4.379196303159362
shumpim01,Iman Shumpert,train,-1.94591,-2.063339919999998,-2.2075326030291684,-2.1820269885136074,-2.0941704441564997
siakapa01,Pascal Siakam,train,-1.159675,-1.3163084799999993,-1.4527601465037652,-1.3020439918270985,-1.451276028832505
siakapa01,Pascal Siakam,test,-1.090646,-1.2840101100000003,-1.23537870004791,-1.3052072175787992,-1.2701357813437466
simmobe01,Ben Simmons,train,-1.12479,-1.1755524800000012,-1.1745723756804443,-1.1987485067630395,-1.1736668626978333
simmojo02,Jonathon Simmons,train,-4.60517,-4.526282389999993,-4.492071753277478,-4.509806056237422,-4.483466580769483
simonan01,Anfernee Simons,val,-1.59862,-2.3633571100000013,-2.531133528824956,-2.2317668030646263,-2.337827726403787
simonan01,Anfernee Simons,test,-3.320003,-2.51546999,-2.745148771920293,-2.6497357425221097,-2.6175711664024393
simsje01,Jericho Sims,val,-4.182684,-3.9064724000000024,-3.8695911749581713,-3.9624955476741848,-3.8498655114367013
simsje01,Jericho Sims,test,-4.074161,-3.2501455700000013,-3.462900931663008,-3.491275608595083,-3.4356933492428974
singlky01,Kyle Singler,train,-2.690351,-2.4935782599999983,-2.3117070329404417,-2.629905346047622,-2.473099939249068
smartma01,Marcus Smart,train,-2.933714,-3.1156641200000017,-3.363422472153621,-3.2340801871256963,-3.3062818731455255
smartma01,Marcus Smart,train,-2.058738,-2.0503350600000023,-1.856446785427687,-2.0679672610391164,-1.8893390313065603
smartma01,Marcus Smart,train,-1.86663,-1.841404929999997,-1.7716481559468817,-1.855231855528188,-1.850273253923211
smartma01,Marcus Smart,test,-3.381014,-3.237042209999999,-3.360328063624314,-3.184112862922649,-3.4507852136908372
smartma01,Marcus Smart,test,-3.30949,-3.26828067,-3.2604407767204635,-3.1945292978333346,-3.26962010707912
smithdr01,Dru Smith,test,-4.072895,-3.9046646500000004,-4.235997588144197,-3.954183584709749,-4.016466292432085
smithis01,Ish Smith,train,-2.753055,-2.7794655099999983,-3.028710707100744,-2.7763587088014843,-2.9832811906636354
smithis01,Ish Smith,train,-3.192877,-3.2118438000000045,-3.2792030347579124,-3.1881568182619024,-3.2276880229792906
smithja04,Jalen Smith,val,-3.199428,-2.9084029300000007,-3.3597987742510567,-3.130512271566889,-3.3248666824227593
smithja04,Jalen Smith,test,-2.748609,-2.73946845,-2.5104444246840796,-2.6804763028843555,-2.6198675669462475
smithjr01,J.R. Smith,train,-1.888058,-1.9038018900000007,-1.8345791527691815,-1.9345223115056183,-1.8420285610070788
smithni01,Nick Smith Jr.,val,-3.761446,-3.5403377100000006,-3.7793909306141935,-3.8765088366182674,-3.7414230962504167
snellto01,Tony Snell,train,-2.153712,-2.1613838900000024,-2.3113029972236125,-2.2052796671309522,-2.2053043987585
speigma01,Marreese Speights,train,-4.18714,-3.9195533099999995,-3.503720862611357,-3.711653605794419,-3.466884853851937
spencca01,Cam Spencer,test,-4.085634,-4.129523290000001,-3.958831342059766,-4.129615530778865,-4.0084318417332625
stausni01,Nik Stauskas,train,-3.110981,-3.39469524,-3.8575147383445665,-3.531659360974794,-3.8700660433192193
stephla01,Lance Stephenson,train,-1.946941,-1.8949853100000005,-1.897597932342565,-1.955507115900228,-2.003013620241191
stephla01,Lance Stephenson,train,-3.187514,-3.3518306899999994,-3.3691182612093145,-3.2938778043894517,-3.333769001966852
strusma01,Max Strus,train,-4.185695,-4.216816080000004,-4.248957319310293,-4.203559496689345,-4.227564576613116
strusma01,Max Strus,val,-2.167142,-2.1282514299999997,-2.135797951723844,-2.2174555572607173,-2.236197683354691
sumneed01,Edmond Sumner,train,-3.960264,-4.056195199999998,-4.286724120968357,-4.098638559359976,-4.262138127207901
sumneed01,Edmond Sumner,val,-4.07318,-3.4997615399999997,-3.5880892283749755,-3.4259486775693815,-3.6045412179802288
tateja01,Jae'Sean Tate,train,-4.300589,-4.270218660000003,-4.252021362211713,-4.336281630371314,-4.2778577578150605
tateja01,Jae'Sean Tate,val,-2.82053,-2.2888245999999994,-2.5305690691453786,-2.3924483268971897,-2.49278625426997
tatumja01,Jayson Tatum,train,-1.237876,-1.20276725,-1.025727578062754,-1.2050563922368573,-1.0439230753906117
tatumja01,Jayson Tatum,test,-0.90119,-1.0142562699999995,-1.102675774192315,-1.0498701208378687,-1.0239545878306306
taylois01,Isaiah Taylor,train,-4.866399,-4.8295357700000014,-4.481249976078767,-4.779853973287347,-4.5438395378532075
taylois01,Isaiah Taylor,train,-4.596059,-4.612675970000006,-4.68460032321218,-4.538194925223923,-4.7241285661859616
taylois01,Isaiah Taylor,train,-4.207401,-4.224910530000003,-4.487587128549684,-4.343394823524208,-4.4907287806488165
taylois01,Isaiah Taylor,train,-4.167903,-4.151138990000004,-4.15021028428878,-4.102597523489627,-4.056787803510402
taylote01,Terry Taylor,val,-4.166121,-3.8649526899999995,-3.930339638895766,-3.813880276329935,-3.9386812934879294
teaguje01,Jeff Teague,train,-1.65162,-1.60062463,-1.5311681614440584,-1.629140466935374,-1.5899411865684816
teletmi01,Mirza Teletović,train,-2.19344,-2.318776900000002,-2.4774525513058356,-2.3054791372171217,-2.3987431509415966
templga01,Garrett Temple,train,-4.104945,-3.9712765899999956,-3.7388849634657824,-3.9846505144635636,-3.9367670824707863
templga01,Garrett Temple,train,-2.465373,-2.5816548000000012,-2.79946184366231,-2.6141263870102036,-2.8999940243219355
templga01,Garrett Temple,train,-3.081898,-2.988429909999999,-2.8923391455082266,-2.9250637744625863,-2.938329288270579
teodomi01,Miloš Teodosić,train,-2.779607,-3.3064447699999993,-3.699674988100748,-3.620094083311698,-3.997821218297444
theisda01,Daniel Theis,train,-4.505304,-4.4962170500000065,-4.403260337149732,-4.470335645486213,-4.408320323892758
theisda01,Daniel Theis,train,-3.083194,-3.0447553899999984,-3.1120099091105256,-3.031782017082611,-3.0330487782135513
theisda01,Daniel Theis,train,-2.524964,-2.423825280000003,-2.2254124042250365,-2.3862598733696156,-2.238350638877613
thomais02,Isaiah Thomas,train,-2.234623,-1.9208377799999996,-1.891962166038118,-1.8330206540430825,-1.8181578769226225
thomala01,Lance Thomas,train,-2.616923,-2.937942089999997,-2.8727754045362377,-2.893576734670635,-2.8441169363942587
thomama02,Matt Thomas,train,-4.356159,-4.338541429999997,-4.435251259823709,-4.390620259557249,-4.466463987240815
thompkl01,Klay Thompson,train,-1.400683,-1.4389683899999992,-1.4952239388726916,-1.4815731898554407,-1.543411724158613
thompkl01,Klay Thompson,train,-1.055572,-1.1856699799999995,-1.219995873321162,-1.2314913239716543,-1.2121342278560325
thompkl01,Klay Thompson,test,-2.132423,-1.8317543200000006,-1.9607936127202001,-1.9523250460340142,-2.0169854665721063
thomptr01,Tristan Thompson,train,-1.451214,-1.5726422299999974,-1.6319755150177229,-1.6439013983319426,-1.5367354484776288
thomptr01,Tristan Thompson,train,-2.442393,-2.619550770000002,-2.781800546302785,-2.545646753947845,-2.706500168761859
thorjt01,JT Thor,train,-4.215371,-4.314028320000003,-4.178208651096525,-4.2702326081043065,-4.132514428775329
thornsi01,Sindarius Thornwell,train,-4.35967,-4.355899889999996,-4.315959994876386,-4.308633628800014,-4.3519006261039905
thybuma01,Matisse Thybulle,val,-2.512493,-2.9324067100000004,-2.998226773819772,-2.8959310956349227,-3.0543099165378074
tillmxa01,Xavier Tillman Sr.,train,-4.202519,-4.199217409999998,-4.204572730784549,-4.168053838510356,-4.111782714193646
tillmxa01,Xavier Tillman Sr.,test,-4.07454,-3.1725227499999993,-3.3792374951880415,-3.298145598517009,-3.4011204137686533
tollian01,Anthony Tolliver,train,-3.045554,-3.0629058600000008,-3.275846359025007,-3.05657788290646,-3.2048439180404307
tollian01,Anthony Tolliver,train,-2.465373,-2.7023152699999997,-3.0627296684074063,-2.6914380618253944,-2.9063493192887755
toppiob01,Obi Toppin,test,-2.271685,-2.1188534300000006,-2.046380261617945,-2.283341043871883,-2.23096289879635
townska01,Karl-Anthony Towns,train,-2.485478,-2.8976623699999995,-3.649926450832785,-3.142890544443874,-3.596749633129746
townska01,Karl-Anthony Towns,train,-1.237893,-1.208254,-1.0893138682353347,-1.2477985306785715,-1.1263654973983572
townska01,Karl-Anthony Towns,val,-0.903478,-1.1335644700000003,-1.1649563441912307,-1.1585595155481856,-1.1522097336681807
trentga02,Gary Trent Jr.,train,-4.361323,-4.231596280000007,-4.099015193797601,-4.223776380080342,-3.992149948554414
trentga02,Gary Trent Jr.,train,-1.872639,-2.26646707,-2.4760710445675596,-2.2099034307712353,-2.3281634437227754
trentga02,Gary Trent Jr.,test,-2.363867,-2.6898868199999986,-2.6535055955593667,-2.9054925699525893,-2.706548650422802
tuckepj01,P.J. Tucker,train,-2.439418,-2.365956479999997,-2.316072365190462,-2.340451858027211,-2.3506416674214785
tuckepj01,P.J. Tucker,train,-2.519747,-2.3826853399999983,-2.1810341636674493,-2.425153186648372,-2.21636982975527
tuckepj01,P.J. Tucker,train,-2.751586,-2.81363584,-3.0744674455711287,-2.8673941050187053,-2.8821424169713485
tuckepj01,P.J. Tucker,val,-2.4196,-2.6463545000000006,-2.393640926875376,-2.569290373607556,-2.5738621129658603
turneev01,Evan Turner,train,-2.935206,-2.789110609999997,-2.6132919565413397,-2.815438088603172,-2.753914951812641
turneev01,Evan Turner,train,-1.682614,-1.8339456500000009,-1.8944677594466097,-1.8595214142963308,-2.0190210599306724
turnemy01,Myles Turner,train,-3.368868,-3.4053828500000014,-3.4654395730832412,-3.305380290887911,-3.423475310522344
turnemy01,Myles Turner,train,-1.696899,-1.681948800000001,-1.7011039035813942,-1.7348429246326544,-1.6829489816932897
turnemy01,Myles Turner,test,-1.737377,-1.7821371399999995,-1.6737154575546187,-1.791098144006806,-1.6962920450320942
tysonhu01,Hunter Tyson,val,-4.265706,-4.3139688399999985,-4.146074562737409,-4.271909615448931,-4.090692420075029
udohek01,Ekpe Udoh,train,-3.417404,-3.376260389999997,-3.4666940064377743,-3.2841635853339026,-3.4054525266214575
udrihbe01,Beno Udrih,train,-3.390394,-3.4272763399999997,-3.600206024299123,-3.4241001199795904,-3.5789410075387793
ulisty01,Tyler Ulis,train,-4.544815,-4.535347799999993,-4.39984380178045,-4.507225539222683,-4.407754556460476
valanjo01,Jonas Valančiūnas,train,-1.984581,-1.9492502499999993,-1.836968157269184,-1.9847930344115639,-1.8449990392558868
valanjo01,Jonas Valančiūnas,train,-2.104789,-1.9932329300000018,-1.8822845085877604,-2.006905738158163,-1.8537895960655395
valanjo01,Jonas Valančiūnas,test,-2.633298,-2.226073499999999,-2.080644420677852,-2.128753101647236,-2.0490916793601794
valende01,Denzel Valentine,train,-3.997058,-3.8882886199999978,-3.7736364393063857,-3.80810924421542,-3.8234799113150166
vandeja01,Jarred Vanderbilt,train,-4.361323,-4.358803540000006,-4.323845798729092,-4.358624614461456,-4.334363095605349
vandeja01,Jarred Vanderbilt,train,-3.246663,-3.3892297700000054,-3.279550495494937,-3.237385828204081,-3.3038701887672155
vandeja01,Jarred Vanderbilt,val,-2.460927,-2.0365416400000003,-2.0203017160189876,-2.138631102963152,-1.9700162900481208
vanvlfr01,Fred VanVleet,train,-4.866399,-4.50375279,-4.192805477780803,-4.4206534234979245,-4.219650966835436
vanvlfr01,Fred VanVleet,train,-2.426463,-2.6958608000000037,-2.977568471139746,-2.6440305254354777,-2.8234611635239446
vanvlfr01,Fred VanVleet,train,-1.636275,-1.5909582000000007,-1.5220549712234308,-1.5810815661103912,-1.6172411869325722
vanvlfr01,Fred VanVleet,val,-1.155493,-1.4225352400000002,-1.5562371252739173,-1.4950646644484122,-1.4644229064841383
vanvlfr01,Fred VanVleet,test,-1.822269,-1.9502397199999997,-1.9932059235463302,-1.8963631795209739,-1.7555280656683667
varejan01,Anderson Varejão,train,-1.94591,-2.0208047299999987,-2.149691814503317,-2.0864985110391148,-2.1359178006492416
vassede01,Devin Vassell,val,-1.649997,-1.69001123,-1.7010707746747846,-1.7385443003463739,-1.7503109030564203
vaughra01,Rashad Vaughn,train,-3.677516,-3.4101847200000024,-3.4516719112113967,-3.445007333311638,-3.46682009683965
vezenal01,Sasha Vezenkov,val,-3.01719,-4.0139597700000005,-4.121422342762799,-4.101907428305705,-3.996147173418551
vincega01,Gabe Vincent,train,-4.168303,-4.149657559999996,-4.277480470084673,-4.1534517367879875,-4.178077237294829
vincega01,Gabe Vincent,val,-2.514914,-2.64604463,-2.9013607203155716,-2.9317297165808105,-2.9103990684860768
vonleno01,Noah Vonleh,train,-3.196377,-3.2969987000000005,-3.3928796979137443,-3.2657450203567304,-3.3911992341950223
vucevni01,Nikola Vučević,train,-1.664498,-1.7194500200000005,-1.594800948438569,-1.7021487703741505,-1.629329554608354
vucevni01,Nikola Vučević,train,-1.473756,-1.4020173399999991,-1.2393346681317725,-1.3836609575742642,-1.2336199949138222
wadede01,Dean Wade,val,-3.093651,-3.0143475399999993,-2.8143453487445536,-2.9484658186723345,-2.9693823441893548
wadede01,Dean Wade,test,-2.86691,-2.4960315100000003,-2.2465523183020992,-2.633708763882085,-2.303735167381616
wadedw01,Dwyane Wade,train,-1.399302,-1.4879101200000016,-1.6013692990861175,-1.4369450763293659,-1.6148559257060324
wadedw01,Dwyane Wade,train,-1.387814,-1.6252064700000006,-1.6816189746403045,-1.6051192629625846,-1.7013356406435542
wagnemo01,Moritz Wagner,train,-4.134402,-3.912972810000001,-3.7224986763592205,-3.929555374213616,-3.84493831628902
wagnemo01,Moritz Wagner,val,-2.833368,-3.1031667200000004,-3.054687632205557,-2.9704897835708595,-2.991462141201179
wagnemo01,Moritz Wagner,test,-2.547938,-2.93218048,-2.9234046739715938,-2.8076743024183672,-2.975855346804926
wagnemo01,Moritz Wagner,test,-2.914538,-3.4784571400000015,-3.3400237082551505,-3.3346152198817265,-3.2740343098786515
wainris01,Ish Wainright,train,-4.503053,-4.336961150000004,-4.170538124986637,-4.313626628785489,-4.0013814359352935
waitedi01,Dion Waiters,train,-3.457938,-3.283504010000004,-3.209856805763629,-3.281524730291021,-3.28152941073075
waitedi01,Dion Waiters,train,-2.031109,-2.0584824799999963,-2.2399771621094016,-2.0783371046621295,-2.152019571256822
walkeja01,Jabari Walker,val,-4.35586,-4.294438399999999,-4.347799754405795,-4.343085770880383,-4.25162630607599
walkeke02,Kemba Walker,train,-1.763589,-1.6570800699999986,-1.590754284646661,-1.6728681097414972,-1.630482066469012
walkeke02,Kemba Walker,train,-1.131656,-1.129056900000001,-1.0981830291234749,-1.1670944413327657,-1.1338898955505896
walkeke02,Kemba Walker,train,-2.531094,-2.1395069099999997,-2.0775964877678668,-2.199670247814061,-2.0467198289045054
wallaty01,Tyrone Wallace,train,-4.241832,-4.251467989999994,-4.1145930045027965,-4.096189821931406,-4.060603267114798
walljo01,John Wall,train,-1.313426,-1.3457917700000022,-1.3733685396308315,-1.3307510811326542,-1.3480243844826179
walljo01,John Wall,train,-0.868318,-1.0128065900000005,-1.0110015181385152,-0.9969778079801582,-1.0162467639700943
walljo01,John Wall,val,-2.924383,-3.446515439999999,-3.259752418375344,-3.1603390708168924,-3.4080070450872455
walshjo01,Jordan Walsh,val,-4.265706,-4.3192651899999985,-3.9072086852853403,-4.258162614053434,-4.0178600793528245
walshjo01,Jordan Walsh,test,-3.622328,-3.2183895800000006,-2.705794041617573,-2.805453689527622,-2.81110073206734
warretj01,T.J. Warren,train,-3.453522,-3.5597436700000027,-3.8469994279352338,-3.592847660336526,-3.793007969872856
warretj01,T.J. Warren,train,-2.159834,-2.0560824499999977,-1.8910056939422448,-2.0246447220992576,-1.944664536910206
washipj01,P.J. Washington,val,-2.171969,-1.8762757800000005,-1.8382237727005812,-1.9552443826955772,-1.8778539543411463
washipj01,P.J. Washington,test,-2.036814,-1.8839087799999994,-1.8105117012072698,-1.8962931640894134,-1.7782079061342055
watanyu01,Yuta Watanabe,val,-3.996519,-3.760875280000002,-3.9898582173745853,-3.678795078367345,-3.864130905325921
watfotr01,Trendon Watford,test,-4.074161,-3.264616269999999,-3.1781817811080293,-3.1820096018073634,-3.2108234840553274
watsocj01,C.J. Watson,train,-2.639057,-2.534527360000002,-2.43554621517115,-2.5239651544835637,-2.4690605731569186
weberbr01,Briante Weber,train,-5.001573,-4.835091340000002,-4.906576724326166,-4.795043043967689,-4.7421638704632825
weberbr01,Briante Weber,train,-4.819202,-4.718456880000005,-4.4594546023301085,-4.626647319774377,-4.537959430206323
wellsja01,Jaylen Wells,test,-4.265265,-4.2755909700000005,-4.284699342420324,-4.270940409481852,-4.2984419303453265
westbru01,Russell Westbrook,train,-1.18908,-1.1546719100000005,-1.0977642800360574,-1.1432507768497735,-1.1337518311572317
westbru01,Russell Westbrook,train,-0.901373,-0.9152388100000011,-0.9523541535794049,-0.9360040983718825,-0.9593456051242574
westbru01,Russell Westbrook,val,-3.54417,-2.6107087,-2.617120713277429,-2.5324713830992036,-2.8791080826102626
westbru01,Russell Westbrook,test,-3.72648,-3.0331440899999995,-2.8327560634361117,-2.8423937649948967,-2.917922173995489
westda01,David West,train,-3.826501,-3.3987159000000013,-3.103912243805363,-3.1658055829994374,-3.112461299218725
whiteco01,Coby White,val,-2.427903,-2.6410474600000002,-2.4719603081556114,-2.5894189935396823,-2.4076569772432888
whiteco01,Coby White,test,-1.931002,-1.930208920000001,-2.1302891429266104,-2.1590570769483084,-1.99000355495555
whitede01,Derrick White,train,-1.859988,-1.9618329499999974,-2.029490384804868,-2.0038155051898583,-2.1164987522520775
whitede01,Derrick White,test,-1.656331,-1.4294562500000003,-1.3819725966836325,-1.4328651640243775,-1.4227396270971844
whiteha01,Hassan Whiteside,train,-4.277697,-4.2143959799999955,-4.212645621896395,-4.1246423216770784,-4.248686332016044
whiteha01,Hassan Whiteside,train,-1.342068,-1.45962428,-1.4231151750099518,-1.5153979882199533,-1.4791622178218666
whiteis01,Isaiah Whitehead,train,-4.407229,-4.418943109999992,-4.278389419494757,-4.423945565844307,-4.3791354536541585
whiteok01,Okaro White,train,-4.866399,-4.8125439199999995,-4.481249976078767,-4.777389509225666,-4.533036909456374
whiteok01,Okaro White,train,-4.870496,-4.804566780000003,-4.73380167756843,-4.677608597827099,-4.719615865521754
wiggiaa01,Aaron Wiggins,test,-2.748609,-2.4417296399999997,-2.1149290782532284,-2.5154147243855913,-2.2824974047774242
wiggian01,Andrew Wiggins,train,-2.415169,-2.6912688799999978,-3.0491417698147885,-2.9191764381329643,-3.182315732860627
wiggian01,Andrew Wiggins,train,-1.237942,-1.265456360000001,-1.3169831307522002,-1.3478825420272096,-1.3128851943572863
wiggian01,Andrew Wiggins,val,-1.607756,-1.5447018400000008,-1.5609500416918802,-1.514906142907597,-1.4578615890161541
wiggian01,Andrew Wiggins,test,-2.403565,-2.160791530000001,-2.0842526770821985,-2.0750631041921275,-2.17093968153145
willial03,Alan Williams,train,-5.289255,-5.077945070000007,-4.892071937808192,-4.882463099780817,-4.756287851291937
willial03,Alan Williams,train,-2.861458,-2.9420229300000016,-3.0752738586970727,-3.1128118375102045,-3.1085880302790097
willide01,Deron Williams,train,-2.543747,-2.4295296599999983,-2.206247777977223,-2.384677279000566,-2.2685081262669278
willide02,Derrick Williams,train,-2.74464,-3.022364520000001,-3.0052017862801326,-2.968786334420638,-3.0318561324802773
willigr01,Grant Williams,val,-2.322417,-2.1467617000000008,-2.114899925272131,-2.2110540676360526,-2.1210873692264953
willija06,Jalen Williams,test,-1.268635,-1.244632,-1.0619416070201855,-1.2362855632244896,-1.0274063878919502
willija07,Jaylin Williams,val,-4.098437,-4.176714010000002,-4.192614305983943,-4.16095735754308,-4.145501852021978
willija07,Jaylin Williams,test,-3.057014,-2.9060143799999985,-2.5418003293523266,-2.690020557311225,-2.7002837421013406
willike04,Kenrich Williams,train,-4.492659,-4.459634320000003,-4.441143331284929,-4.406451939639815,-4.476101034936256
willike04,Kenrich Williams,train,-3.999484,-3.804596449999999,-3.6249096434721135,-3.776946270478148,-3.710716470266992
willike04,Kenrich Williams,val,-2.99699,-2.361847579999999,-2.3502649894790903,-2.4764965345876084,-2.577300977123001
willilo02,Lou Williams,train,-2.302585,-2.201366889999998,-2.201584097785901,-2.23928334963322,-2.144244819647955
willima01,Mo Williams,train,-3.485356,-3.1001153200000005,-2.864753520314459,-3.159159777928572,-3.1096156423752364
willima02,Marvin Williams,train,-2.198256,-2.473855239999997,-2.852076571632653,-2.484543423756799,-2.7487237941099947
willima02,Marvin Williams,train,-1.932909,-1.9317393499999977,-1.994486154225729,-1.976956806414966,-1.9951118680581956
willima07,Mark Williams,test,-2.597481,-2.3795026499999996,-2.3698191329920077,-2.3455358793132364,-2.377630147101458
willipa01,Patrick Williams,train,-2.61007,-3.1956350400000018,-3.455821619977917,-3.4675646022199524,-3.512477543712972
willipa01,Patrick Williams,test,-2.055462,-2.113011740000001,-2.1662173055730416,-2.347104068433468,-2.1128210432963823
williro04,Robert Williams,test,-2.557617,-2.7037063299999993,-2.3919402508176764,-2.553508071518707,-2.527318949361684
willitr02,Troy Williams,train,-4.866399,-4.80292314,-4.441143331284929,-4.760339119699488,-4.537100167076552
willitr02,Troy Williams,train,-4.149239,-4.244103770000004,-4.202957695999311,-4.20676359733543,-4.207725143369874
willitr02,Troy Williams,train,-4.751521,-4.506950790000008,-4.468954631176632,-4.503010572983555,-4.44037384552544
willizi02,Ziaire Williams,test,-3.208564,-3.4457370100000007,-3.5333939828842515,-3.3587891059365056,-3.521885462126832
wilsodj01,D.J. Wilson,val,-3.995515,-3.6486086899999997,-3.6577365890865257,-3.7459847217807716,-3.6340415041556593
winslju01,Justise Winslow,train,-3.316331,-3.2675866999999976,-3.239205425638412,-3.3524846939346507,-3.2201523241009515
winslju01,Justise Winslow,train,-2.127682,-2.470001159999997,-2.582542714496594,-2.433400071005667,-2.433192332591252
wisemja01,James Wiseman,test,-4.07454,-3.4404338900000004,-3.517200042160179,-3.4373087119115087,-3.438238713741308
wisemja01,James Wiseman,test,-3.995582,-3.645931819999999,-3.4572911636528576,-3.6478298621410494,-3.595723489280123
witheje01,Jeff Withey,train,-4.268698,-4.102596469999992,-3.944929779728359,-4.080869448226761,-3.9272692037323687
witheje01,Jeff Withey,train,-4.074293,-3.9901485700000063,-3.6997461441902924,-3.882363300586546,-3.75401949524452
woodch01,Christian Wood,train,-4.471639,-4.500028609999995,-4.269300133071325,-4.382413992408156,-4.463002887118725
woodch01,Christian Wood,train,-4.601385,-4.606803739999997,-4.490493955509936,-4.531972697877548,-4.493653526800979
woodch01,Christian Wood,train,-2.077672,-2.124005360000003,-2.1027891063990216,-2.1823553338287995,-2.1099544095898417
woodch01,Christian Wood,val,-3.856757,-2.3311446200000017,-2.5871548902964054,-2.358863106841838,-2.4763482759503535
wrighbr03,Brandan Wright,train,-2.508029,-2.581055369999997,-2.476875623398046,-2.5223095887562343,-2.4748356683734674
wrighde01,Delon Wright,train,-3.813471,-3.7892723799999963,-3.966537289323976,-3.841311524615021,-4.057777702382367
wrighde01,Delon Wright,train,-2.457255,-2.450449540000002,-2.4140140977241424,-2.4284892233259647,-2.4223725563384217
wrighde01,Delon Wright,val,-2.738054,-2.8954333399999994,-3.0014176912407375,-2.809529823527208,-2.9577639565625478
youngni01,Nick Young,train,-2.471753,-2.2984859100000032,-2.247652528827505,-2.2726067865367465,-2.254701655282307
youngth01,Thaddeus Young,train,-1.645806,-1.7688894299999978,-1.824235290927907,-1.7779753640747782,-1.808196234538912
youngth01,Thaddeus Young,train,-2.077672,-1.9824751300000032,-1.8715375538749048,-1.9610196069098642,-1.8891431143831
youngth01,Thaddeus Young,val,-2.738054,-2.9405533799999994,-3.028458840565706,-2.9009215246683637,-3.014426799337638
youngtr01,Trae Young,train,-1.055551,-1.0818324299999982,-1.0354664207402755,-1.115014771809523,-1.0961170311834163
youngtr01,Trae Young,test,-1.162397,-1.933626060000001,-2.2415138195388034,-2.0616306286729027,-2.1667005776761465
yurtsom01,Omer Yurtseven,train,-4.239762,-4.302810139999997,-4.43753043648716,-4.332260607466547,-4.379269878434294
yurtsom01,Omer Yurtseven,val,-3.908508,-3.8756622799999985,-3.9915768303214083,-3.8836416483201925,-3.9168343721779975
zelleco01,Cody Zeller,train,-1.957001,-1.9531029199999985,-2.0111523624470635,-1.9841199326587284,-1.9176082659308007
zelleco01,Cody Zeller,test,-3.643827,-3.567985739999999,-3.4573635223168866,-3.3466320762667476,-3.543257667308115
zellety01,Tyler Zeller,train,-2.34759,-2.7533258499999995,-2.7687999126798375,-2.849912853684243,-2.954471533582827
zellety01,Tyler Zeller,train,-3.997222,-3.8045363900000035,-3.5263730174206893,-3.719611287078968,-3.529814753334587
zipsepa01,Paul Zipser,train,-4.596108,-4.5042665100000026,-4.172745425757573,-4.448905998806583,-4.119776125921341
zubaciv01,Ivica Zubac,train,-4.480276,-4.435560280000002,-4.167707782889801,-4.32850896971279,-4.183464636647125
zubaciv01,Ivica Zubac,train,-2.746721,-2.7149795299999995,-2.7891080701168973,-2.748981482218253,-2.8135050850651395
zubaciv01,Ivica Zubac,val,-2.520993,-2.33198493,-2.1786182552877924,-2.172616750807825,-2.2249314350189433
zubaciv01,Ivica Zubac,test,-2.069023,-2.1341687,-2.2037292169114306,-2.073612585149661,-2.1993743573677156
