player_id,player_name,split,log_aav_cap_share,deal_year,years,has_prior_stats,prior_games,prior_ppg,prior_mpg,prior_per,prior_bpm,prior_vorp,prior_ws,prior_ws48,prior_usg_pct,prior_ts_pct,prior_ast,prior_trb,prior_blk,prior_stl,prior_tov,career_seasons,career_games,career_ppg,career_mpg,career_vorp,career_ws,recent3_vorp,recent3_ws,age_at_signing,height_inches,weight_lb,years_pro,incumbent,player_option,max_tier_pct,supermax,outstanding_options,team_srs,team_nrtg,team_mov,team_wins,team_made_playoffs,team_champion,team_cap_space_m,team_active_payroll_m,team_dead_cap_m,team_players_active,prior_srs,prior_nrtg,prior_mov,prior_wins,prior_made_playoffs,prior_champion,prior_cap_space_m,prior_active_payroll_m,prior_dead_cap_m,prior_players_active,prior_team_big_market,prior_team_metro_pop_m,team_big_market,team_metro_pop_m,team_dma_rank,mid_season,signed_via_extension,signed_via_free_agency,signed_via_offer_sheet,signed_via_sign_and_trade,fa_status_RFA,fa_status_UFA,fa_status_na,cba_regime_cba_2017,cba_regime_cba_2023,cba_regime_pre_2017,pos_C,pos_PF,pos_PG,pos_SF,pos_SG,pos_na,team_market_size_ord,prior_team_market_size_ord,undrafted
abrinal01,Álex Abrines,train,-2.798518,2016,3,0,66.0,9.478,24.912,14.9,-0.1,0.7,3.2,0.104,19.0,0.559,1.722,3.879,0.354,0.721,1.148,0,0.0,9.05,23.27,0.0,0.0,0.0,0.0,23,78,200,0,1.0,0,0.25,0,0,7.09,7.5,7.28,55.0,1.0,0.0,-24.713,93.765,0.0,15.0,7.09,7.5,7.28,55.0,1.0,0.0,-24.713,93.765,0.0,15.0,0.0,1.435,0,1.435,47.0,0,0,1,0,0,1,0,0,0,0,1,0,0,0,0,0,1,0,0.0,0
achiupr01,Precious Achiuwa,test,-3.411014,2026,2,1,73.0,10.082,23.904,16.2,-1.6,0.2,2.9,0.08,17.6,0.5583,1.384,6.74,0.685,0.89,0.89,6,393.0,8.03,20.71,-0.3,14.6,0.4,8.6,27,80,243,6,1.0,0,0.25,0,0,-9.58,-10.1,-10.0,22.0,0.0,0.0,-59.206,187.272,0.396,15.0,-9.58,-10.1,-10.0,22.0,0.0,0.0,-59.206,187.272,0.396,15.0,0.0,2.453,0,2.453,20.0,0,0,1,0,0,0,1,0,0,1,0,1,0,0,0,0,0,0,0.0,0
acyqu01,Quincy Acy,train,-4.233607,2015,2,1,68.0,5.853,18.926,11.9,-3.1,-0.3,1.7,0.063,15.5,0.5325,1.0,4.426,0.324,0.397,0.882,3,160.0,4.28,15.47,0.0,4.3,0.0,4.3,25,79,240,3,1.0,0,0.25,0,0,-3.07,-3.9,-3.71,29.0,0.0,0.0,-12.26,73.062,1.115,15.0,-3.07,-3.9,-3.71,29.0,0.0,0.0,-12.26,73.062,1.115,15.0,0.0,2.453,0,2.453,20.0,0,0,1,0,0,0,1,0,0,0,1,0,1,0,0,0,0,0,0.0,0
acyqu01,Quincy Acy,train,-4.43596,2016,2,1,59.0,5.203,14.847,14.7,-0.1,0.4,2.5,0.137,13.1,0.6293,0.458,3.186,0.407,0.492,0.458,4,219.0,4.53,15.31,0.4,6.8,0.2,5.7,26,79,240,4,0.0,0,0.25,0,0,-0.02,-0.3,-0.3,42.0,1.0,0.0,-4.044,71.199,1.898,15.0,-2.32,-2.4,-2.48,33.0,0.0,0.0,-2.671,71.734,0.938,15.0,0.0,2.453,1,7.943,4.0,0,0,1,0,0,0,1,0,0,0,1,0,1,0,0,0,0,2,0.0,0
acyqu01,Quincy Acy,train,-4.036443,2017,2,1,38.0,5.842,14.684,11.8,-2.1,0.0,0.9,0.077,16.8,0.5652,0.474,3.026,0.395,0.368,0.553,5,257.0,4.72,15.21,0.4,7.7,0.1,5.1,27,79,240,5,0.0,0,0.25,0,0,-6.74,-6.6,-6.73,20.0,0.0,0.0,10.413,65.406,18.324,15.0,-2.53,-3.2,-2.93,33.0,0.0,0.0,-9.941,92.128,11.956,15.0,1.0,7.943,1,19.113,1.0,1,0,1,0,0,0,1,0,1,0,0,0,1,0,0,0,0,2,2.0,0
adamsst01,Steven Adams,train,-1.377183,2016,4,1,80.0,7.95,25.175,15.5,0.2,1.1,6.5,0.155,12.6,0.6208,0.775,6.662,1.113,0.525,1.05,3,231.0,6.23,21.57,1.3,13.5,1.3,13.5,23,83,265,3,1.0,0,0.25,0,0,7.09,7.5,7.28,55.0,1.0,0.0,-24.713,93.765,0.0,15.0,7.09,7.5,7.28,55.0,1.0,0.0,-24.713,93.765,0.0,15.0,0.0,1.435,0,1.435,47.0,0,1,0,0,0,0,0,1,0,0,1,1,0,0,0,0,0,0,0.0,0
adamsst01,Steven Adams,train,-1.830431,2020,2,1,63.0,10.857,26.667,20.5,2.9,2.1,6.5,0.186,17.3,0.6038,2.317,9.254,1.063,0.81,1.492,7,530.0,9.79,26.81,8.6,45.3,6.2,25.3,27,83,265,7,1.0,0,0.3,0,0,2.33,2.0,1.99,44.0,1.0,0.0,-30.58,131.676,1.736,15.0,2.33,2.0,1.99,44.0,1.0,0.0,-30.58,131.676,1.736,15.0,0.0,1.435,0,1.435,47.0,1,0,0,0,1,0,1,0,1,0,0,1,0,0,0,0,0,0,0.0,0
adamsst01,Steven Adams,val,-2.379112,2022,2,1,76.0,6.947,26.303,17.6,2.0,2.0,6.8,0.163,12.0,0.5598,3.368,10.0,0.789,0.855,1.513,9,664.0,9.27,26.82,11.3,56.1,4.8,17.3,29,83,265,9,1.0,0,0.35,0,0,5.37,5.6,5.68,56.0,1.0,0.0,-3.58,98.319,17.675,15.0,5.37,5.6,5.68,56.0,1.0,0.0,-3.58,98.319,17.675,15.0,0.0,1.358,0,1.358,51.0,0,1,0,0,0,0,0,1,1,0,0,1,0,0,0,0,0,0,0.0,0
adamsst01,Steven Adams,test,-2.571506,2025,3,1,58.0,3.879,13.69,16.6,0.3,0.5,2.3,0.139,13.6,0.5411,1.138,5.638,0.483,0.379,0.931,11,764.0,8.83,25.84,12.5,61.8,1.2,5.7,32,83,265,12,1.0,0,0.35,0,0,4.97,4.5,4.51,52.0,1.0,0.0,-32.908,161.553,7.768,15.0,4.97,4.5,4.51,52.0,1.0,0.0,-32.908,161.553,7.768,15.0,1.0,7.206,1,7.206,6.0,0,1,0,0,0,0,0,1,0,1,0,1,0,0,0,0,0,2,2.0,0
adebaba01,Bam Adebayo,train,-1.237876,2020,5,1,72.0,15.917,33.569,20.3,3.4,3.3,8.5,0.169,21.2,0.5981,5.111,10.208,1.292,1.139,2.833,3,223.0,10.55,25.55,5.7,19.5,5.7,19.5,23,81,255,3,1.0,0,0.35,1,0,2.59,3.0,2.95,44.0,1.0,0.0,-29.619,128.233,5.665,15.0,2.59,3.0,2.95,44.0,1.0,0.0,-29.619,128.233,5.665,15.0,0.0,6.266,0,6.266,18.0,1,1,0,0,0,0,0,1,1,0,0,0,1,0,0,0,0,1,1.0,0
adebaba01,Bam Adebayo,test,-1.062461,2024,3,1,71.0,19.254,34.028,19.8,2.4,2.7,7.2,0.143,24.9,0.5757,3.915,10.38,0.93,1.141,2.282,7,489.0,15.36,30.02,17.1,50.1,7.7,21.8,27,81,255,7,1.0,1,0.3,0,0,1.1,1.8,1.76,46.0,1.0,0.0,-44.734,172.894,1.802,15.0,1.1,1.8,1.76,46.0,1.0,0.0,-44.734,172.894,1.802,15.0,0.0,6.266,0,6.266,18.0,0,1,0,0,0,0,0,1,0,1,0,1,0,0,0,0,0,1,1.0,0
afflaar01,Arron Afflalo,train,-2.169054,2015,2,1,78.0,13.269,32.077,10.7,-2.5,-0.3,2.6,0.05,19.0,0.5329,1.654,3.167,0.09,0.526,1.487,8,577.0,11.43,28.07,4.2,29.4,0.3,9.9,30,77,210,8,1.0,0,0.3,0,0,-9.5,-10.1,-9.32,17.0,0.0,0.0,-21.133,54.41,26.22,15.0,-9.5,-10.1,-9.32,17.0,0.0,0.0,-21.133,54.41,26.22,15.0,1.0,19.113,1,19.113,1.0,0,0,1,0,0,0,1,0,0,0,1,0,0,0,0,1,0,2,2.0,0
afflaar01,Arron Afflalo,train,-2.019086,2016,2,1,71.0,12.803,33.394,10.9,-2.9,-0.5,2.7,0.055,17.9,0.5306,2.028,3.746,0.141,0.352,1.155,9,648.0,11.58,28.65,3.7,32.1,0.3,10.6,31,77,210,9,0.0,0,0.3,0,0,-2.32,-2.4,-2.48,33.0,0.0,0.0,-2.671,71.734,0.938,15.0,-2.74,-3.0,-2.73,32.0,0.0,0.0,10.188,59.283,0.529,12.0,1.0,19.113,0,2.453,20.0,0,0,1,0,0,0,1,0,0,0,1,0,0,0,0,1,0,0,2.0,0
ajincal01,Alexis Ajinça,train,-2.679879,2015,4,1,68.0,6.515,14.074,19.9,-0.3,0.4,3.2,0.161,21.1,0.5945,0.691,4.632,0.75,0.309,1.015,5,195.0,5.1,12.62,-0.2,5.6,0.3,5.3,27,86,248,7,1.0,0,0.3,0,0,1.13,0.9,0.79,45.0,1.0,0.0,-8.464,68.28,2.133,14.0,1.13,0.9,0.79,45.0,1.0,0.0,-8.464,68.28,2.133,14.0,0.0,1.29,0,1.29,50.0,0,0,1,0,0,0,1,0,0,0,1,1,0,0,0,0,0,0,0.0,0
aldamsa01,Santi Aldama,test,-2.178944,2025,3,1,65.0,12.477,25.538,16.8,3.2,2.2,5.0,0.145,18.5,0.5882,2.892,6.4,0.446,0.8,1.092,4,235.0,9.76,22.64,3.7,12.3,4.0,12.0,24,84,215,4,1.0,0,0.25,0,0,4.79,4.7,4.85,48.0,1.0,0.0,-27.227,155.85,8.015,15.0,4.79,4.7,4.85,48.0,1.0,0.0,-27.227,155.85,8.015,15.0,0.0,1.358,0,1.358,51.0,0,0,1,0,0,1,0,0,0,1,0,0,1,0,0,0,0,0,0.0,0
aldrico01,Cole Aldrich,train,-4.095774,2015,2,1,61.0,5.541,16.0,18.1,0.3,0.6,2.2,0.108,18.3,0.5134,1.23,5.541,1.066,0.607,0.967,5,196.0,3.09,10.25,0.8,4.8,0.8,4.0,27,83,253,5,1.0,0,0.25,0,0,6.8,6.9,6.59,56.0,1.0,0.0,-19.845,77.555,3.075,15.0,6.8,6.9,6.59,56.0,1.0,0.0,-19.845,77.555,3.075,15.0,1.0,12.901,1,12.901,2.0,0,0,1,0,0,0,1,0,0,0,1,1,0,0,0,0,0,2,2.0,0
aldrico01,Cole Aldrich,train,-2.556941,2016,3,1,60.0,5.467,13.333,21.3,2.4,0.9,3.5,0.21,18.4,0.626,0.833,4.8,1.133,0.783,1.067,6,256.0,3.64,10.97,1.7,8.3,1.8,6.9,28,83,253,6,0.0,0,0.25,0,0,-3.38,-3.6,-3.54,29.0,0.0,0.0,-2.747,59.841,10.812,14.0,4.13,4.5,4.28,53.0,1.0,0.0,-29.998,94.554,1.586,15.0,1.0,12.901,0,3.703,16.0,0,0,1,0,0,0,1,0,0,0,1,1,0,0,0,0,0,1,2.0,0
aldrila01,LaMarcus Aldridge,train,-1.202783,2015,4,1,71.0,23.394,35.38,22.8,2.9,3.1,8.6,0.164,30.2,0.5275,1.746,10.225,0.958,0.676,1.718,9,648.0,19.39,35.45,20.5,69.3,8.1,23.3,30,83,250,9,1.0,0,0.3,0,0,6.34,6.5,6.2,55.0,1.0,0.0,-9.123,69.028,1.351,15.0,6.34,6.5,6.2,55.0,1.0,0.0,-9.123,69.028,1.351,15.0,0.0,2.602,0,2.602,31.0,0,0,1,0,0,0,1,0,0,0,1,0,1,0,0,0,0,0,0.0,0
aldrila01,LaMarcus Aldridge,train,-1.404812,2017,2,1,72.0,17.264,32.431,18.6,0.8,1.7,7.2,0.148,24.5,0.532,1.931,7.264,1.222,0.639,1.361,11,794.0,19.06,34.72,24.7,86.6,7.3,25.9,32,83,250,11,1.0,1,0.35,0,0,7.13,7.6,7.2,61.0,1.0,0.0,-14.229,104.867,3.505,15.0,7.13,7.6,7.2,61.0,1.0,0.0,-14.229,104.867,3.505,15.0,0.0,2.602,0,2.602,31.0,0,1,0,0,0,0,0,1,1,0,0,0,1,0,0,0,0,0,0.0,0
alexani01,Nickeil Alexander-Walker,val,-3.408732,2023,2,1,59.0,6.153,14.983,11.6,-0.9,0.2,1.1,0.06,17.9,0.5647,1.831,1.712,0.356,0.542,0.932,4,217.0,8.43,18.19,-0.3,1.7,0.1,1.9,25,77,205,4,1.0,0,0.25,0,0,-0.22,-0.1,-0.04,42.0,1.0,0.0,-51.252,141.489,1.836,15.0,-0.22,-0.1,-0.04,42.0,1.0,0.0,-51.252,141.489,1.836,15.0,0.0,3.703,0,3.703,16.0,0,0,1,0,0,0,1,0,0,1,0,0,0,0,0,1,0,1,1.0,0
alexani01,Nickeil Alexander-Walker,test,-2.300305,2025,4,1,82.0,9.427,25.28,11.6,-0.4,0.8,4.3,0.1,16.0,0.5787,2.72,3.232,0.415,0.61,1.207,6,381.0,8.55,20.85,1.6,10.3,2.1,9.7,27,77,205,6,0.0,1,0.25,0,0,-1.41,-1.1,-1.13,40.0,0.0,0.0,-33.831,161.256,7.126,15.0,5.15,5.1,5.0,49.0,1.0,0.0,-96.138,198.848,3.706,15.0,0.0,3.703,1,6.144,7.0,0,0,0,0,1,0,1,0,0,1,0,0,0,0,0,1,0,2,1.0,0
allengr01,Grayson Allen,test,-2.178944,2024,4,1,75.0,13.52,33.507,13.8,1.3,2.0,6.9,0.132,14.5,0.679,3.027,3.933,0.6,0.92,1.267,6,339.0,10.53,25.61,4.3,20.1,4.1,16.2,29,75,198,6,1.0,1,0.3,0,0,3.08,3.0,3.06,49.0,1.0,0.0,-59.2,188.29,3.041,16.0,3.08,3.0,3.06,49.0,1.0,0.0,-59.2,188.29,3.041,16.0,0.0,5.059,0,5.059,12.0,1,1,0,0,0,0,0,1,0,1,0,0,0,0,0,1,0,2,2.0,0
allenja01,Jarrett Allen,train,-1.726456,2021,5,1,63.0,12.794,29.587,20.1,1.1,1.4,6.4,0.165,16.6,0.6611,1.683,10.016,1.429,0.508,1.587,4,285.0,10.67,25.45,5.8,26.4,5.3,22.2,23,81,243,4,1.0,0,0.25,0,0,-8.19,-8.6,-8.44,22.0,0.0,0.0,-17.387,95.789,30.739,15.0,-8.19,-8.6,-8.44,22.0,0.0,0.0,-17.387,95.789,30.739,15.0,0.0,2.088,0,2.088,19.0,0,0,1,0,0,1,0,0,1,0,0,1,0,0,0,0,0,1,1.0,0
allenja01,Jarrett Allen,test,-1.63198,2024,3,1,77.0,16.506,31.714,21.8,3.0,3.1,10.7,0.21,19.4,0.6639,2.727,10.532,1.052,0.688,1.571,7,486.0,12.73,28.24,14.0,55.1,8.2,28.7,26,81,243,7,1.0,0,0.3,0,0,1.98,2.5,2.41,48.0,1.0,0.0,-32.23,160.093,4.119,15.0,1.98,2.5,2.41,48.0,1.0,0.0,-32.23,160.093,4.119,15.0,0.0,2.088,0,2.088,19.0,0,1,0,0,0,0,0,1,0,1,0,1,0,0,0,0,0,1,1.0,0
allenla01,Lavoy Allen,train,-2.85597,2015,2,1,63.0,5.0,16.984,14.9,0.0,0.6,2.8,0.126,15.2,0.4927,1.159,5.127,0.667,0.238,0.635,4,248.0,5.01,17.88,-0.4,8.4,-0.4,6.8,26,81,260,3,1.0,0,0.25,0,1,-0.23,0.3,0.28,38.0,0.0,0.0,-12.934,74.799,0.0,15.0,-0.23,0.3,0.28,38.0,0.0,0.0,-12.934,74.799,0.0,15.0,0.0,2.126,0,2.126,25.0,0,0,1,0,0,1,0,0,0,0,1,1,0,0,0,0,0,0,0.0,0
alvarjo01,Jose Alvarado,test,-3.537068,2024,2,1,56.0,7.089,18.357,12.5,-0.1,0.5,2.1,0.098,17.3,0.5396,2.089,2.286,0.268,1.054,0.714,3,171.0,7.47,18.55,1.6,6.0,1.6,6.0,26,72,179,3,1.0,0,0.25,0,1,4.46,4.5,4.41,49.0,1.0,0.0,-40.949,164.657,0.245,15.0,4.46,4.5,4.41,49.0,1.0,0.0,-40.949,164.657,0.245,15.0,0.0,1.29,0,1.29,50.0,0,1,0,0,0,0,0,1,0,1,0,0,0,1,0,0,0,0,0.0,1
alvarjo01,Jose Alvarado,test,-3.569229,2026,3,1,69.0,7.391,19.855,12.1,-1.0,0.3,2.2,0.077,16.8,0.5434,3.391,2.478,0.116,0.957,1.116,5,296.0,7.99,19.96,2.1,9.4,1.0,5.5,28,72,179,5,1.0,0,0.25,0,0,6.05,6.5,6.33,53.0,1.0,1.0,-55.177,207.454,0.073,15.0,6.05,6.5,6.33,53.0,1.0,1.0,-55.177,207.454,0.073,15.0,1.0,19.113,1,19.113,1.0,0,0,1,0,0,0,1,0,0,1,0,0,0,1,0,0,0,2,2.0,1
aminual01,Al-Farouq Aminu,train,-4.104945,2014,2,1,80.0,7.15,25.562,13.2,-0.6,0.7,3.1,0.073,14.3,0.516,1.425,6.2,0.475,1.025,1.1,4,303.0,6.54,23.23,1.3,8.3,1.6,7.6,24,81,220,4,1.0,0,0.25,0,1,0.28,0.3,0.28,42.0,1.0,0.0,-12.901,92.25,0.0,15.0,0.34,0.5,0.43,42.0,1.0,0.0,-12.901,92.929,0.0,15.0,1.0,7.943,1,7.943,4.0,0,0,1,0,0,1,0,0,0,0,1,0,0,0,1,0,0,2,2.0,0
aminual01,Al-Farouq Aminu,train,-2.233592,2015,4,1,74.0,5.568,18.459,14.4,0.7,1.0,3.3,0.116,15.2,0.5038,0.797,4.622,0.838,0.946,0.743,5,377.0,6.35,22.3,2.3,11.6,2.7,9.5,25,81,220,5,1.0,0,0.25,0,1,4.41,4.5,4.23,51.0,1.0,0.0,-10.845,72.965,0.03,16.0,4.41,4.5,4.23,51.0,1.0,0.0,-10.845,72.965,0.03,16.0,0.0,2.511,0,2.511,23.0,0,0,1,0,0,0,1,0,0,0,1,0,0,0,1,0,0,0,0.0,0
aminual01,Al-Farouq Aminu,train,-2.417075,2019,3,1,81.0,9.383,28.296,13.2,0.7,1.5,5.8,0.121,13.7,0.5679,1.284,7.531,0.407,0.84,0.889,9,670.0,7.72,25.2,6.7,27.5,3.2,11.9,29,81,220,9,0.0,0,0.3,0,1,0.28,0.8,0.71,42.0,1.0,0.0,-15.892,112.687,1.984,15.0,4.43,4.2,4.2,53.0,1.0,0.0,-31.227,128.005,5.091,15.0,0.0,2.511,0,2.673,15.0,0,0,1,0,0,0,1,0,1,0,0,0,1,0,0,0,0,1,0.0,0
anderal01,Alan Anderson,train,-3.881802,2014,2,1,78.0,7.231,22.731,9.5,-2.8,-0.4,1.7,0.046,15.9,0.5252,1.038,2.244,0.141,0.615,0.795,5,213.0,8.1,21.36,-0.8,4.1,-0.4,3.6,32,78,220,9,1.0,1,0.3,0,0,0.28,0.3,0.28,42.0,1.0,0.0,-12.901,92.25,0.0,15.0,0.34,0.5,0.43,42.0,1.0,0.0,-12.901,92.929,0.0,15.0,1.0,19.113,1,19.113,1.0,0,0,1,0,0,0,1,0,0,0,1,0,0,0,1,0,0,2,2.0,1
anderch01,Chris Andersen,train,-2.497914,2014,2,1,72.0,6.625,19.389,18.5,1.2,1.1,6.0,0.206,13.8,0.6827,0.264,5.264,1.347,0.444,0.736,8,375.0,5.78,18.66,6.0,26.4,1.9,10.6,36,82,245,13,1.0,0,0.35,0,0,0.28,0.3,0.28,42.0,1.0,0.0,-12.901,92.25,0.0,15.0,0.34,0.5,0.43,42.0,1.0,0.0,-12.901,92.929,0.0,15.0,0.0,6.266,0,6.266,18.0,0,0,1,0,0,0,1,0,0,0,1,1,0,0,0,0,0,1,1.0,1
anderju01,Justin Anderson,train,-3.856453,2015,2,0,66.0,9.478,24.912,14.9,-0.1,0.7,3.2,0.104,19.0,0.559,1.722,3.879,0.354,0.721,1.148,0,0.0,9.05,23.27,0.0,0.0,0.0,0.0,22,78,230,0,1.0,0,0.25,0,2,3.36,3.1,2.9,50.0,1.0,0.0,-11.95,72.184,2.831,16.0,3.36,3.1,2.9,50.0,1.0,0.0,-11.95,72.184,2.831,16.0,1.0,7.943,1,7.943,4.0,0,0,1,0,0,0,0,1,0,0,1,0,0,0,0,0,1,2,2.0,0
anderju01,Justin Anderson,train,-3.996987,2020,2,1,10.0,2.8,10.7,3.2,-7.7,-0.2,-0.1,-0.045,17.1,0.3521,0.8,2.1,0.6,0.0,0.4,5,226.0,5.23,13.12,0.4,4.5,-0.2,1.5,27,78,230,5,0.0,0,0.25,0,0,2.25,2.3,2.38,43.0,1.0,0.0,-20.963,126.784,3.319,15.0,-1.01,-0.6,-0.57,35.0,1.0,0.0,-19.125,94.821,7.854,16.0,1.0,19.113,1,6.228,5.0,1,0,1,0,0,0,1,0,1,0,0,0,0,0,0,1,0,2,2.0,0
anderky01,Kyle Anderson,train,-4.030837,2014,2,0,66.0,9.478,24.912,14.9,-0.1,0.7,3.2,0.104,19.0,0.559,1.722,3.879,0.354,0.721,1.148,0,0.0,9.05,23.27,0.0,0.0,0.0,0.0,21,80,230,0,1.0,0,0.25,0,2,0.28,0.3,0.28,42.0,1.0,0.0,-12.901,92.25,0.0,15.0,0.34,0.5,0.43,42.0,1.0,0.0,-12.901,92.929,0.0,15.0,0.0,2.602,0,2.602,31.0,0,0,1,0,0,0,0,1,0,0,1,0,0,0,0,0,1,0,0.0,0
anderky01,Kyle Anderson,train,-2.393673,2018,4,1,74.0,7.905,26.73,15.9,2.9,2.4,6.2,0.15,13.5,0.5824,2.73,5.351,0.811,1.554,1.27,4,257.0,4.88,17.9,4.6,12.7,4.5,12.4,25,80,230,4,0.0,0,0.25,0,0,-5.81,-6.5,-6.21,22.0,0.0,0.0,-13.63,100.034,9.869,15.0,2.89,3.1,2.89,47.0,1.0,0.0,-18.532,113.237,2.916,15.0,0.0,2.602,0,1.358,51.0,0,0,0,1,0,1,0,0,1,0,0,0,0,0,1,0,0,0,0.0,0
anderky01,Kyle Anderson,val,-2.620271,2022,2,1,69.0,7.551,21.507,14.4,1.2,1.2,3.5,0.113,16.2,0.5056,2.652,5.333,0.652,1.116,1.029,8,505.0,6.67,20.96,10.1,27.0,4.6,11.6,29,80,230,8,0.0,0,0.3,0,0,2.53,2.6,2.63,46.0,1.0,0.0,-53.32,136.155,0.0,15.0,5.37,5.6,5.68,56.0,1.0,0.0,-3.58,98.319,17.675,15.0,0.0,1.358,0,3.703,16.0,0,0,1,0,0,0,1,0,1,0,0,0,1,0,0,0,0,1,0.0,0
anderky01,Kyle Anderson,test,-2.724459,2024,3,1,79.0,6.405,22.557,12.7,1.1,1.4,4.5,0.121,14.5,0.5129,4.19,3.456,0.595,0.899,1.152,10,653.0,6.92,21.93,13.7,36.6,4.8,13.1,31,80,230,10,1.0,0,0.35,0,0,6.39,6.6,6.45,56.0,1.0,0.0,-62.477,164.181,0.348,15.0,6.39,6.6,6.45,56.0,1.0,0.0,-62.477,164.181,0.348,15.0,0.0,3.703,0,3.703,16.0,0,0,0,0,1,0,1,0,0,1,0,0,1,0,0,0,0,1,1.0,0
anderry01,Ryan Anderson,train,-1.549083,2016,4,1,66.0,17.03,30.424,17.2,-0.2,0.9,3.9,0.093,24.7,0.546,1.106,6.0,0.379,0.576,1.364,8,484.0,13.09,26.02,11.4,37.1,2.2,9.7,28,81,240,8,0.0,0,0.3,0,0,0.34,0.2,0.2,41.0,1.0,0.0,-18.387,75.205,13.182,15.0,-3.56,-3.9,-3.79,30.0,0.0,0.0,-11.426,80.165,1.261,18.0,0.0,1.29,1,7.206,6.0,0,0,1,0,0,0,1,0,0,0,1,0,1,0,0,0,0,2,0.0,0
antetgi01,Giannis Antetokounmpo,train,-1.377183,2016,4,1,80.0,16.875,35.288,18.8,2.1,2.9,7.1,0.121,22.3,0.5658,4.312,7.65,1.413,1.175,2.6,3,238.0,12.21,30.51,3.9,14.5,3.9,14.5,22,83,243,3,1.0,0,0.25,0,0,-3.98,-4.4,-4.18,33.0,0.0,0.0,-0.58,68.656,1.923,15.0,-3.98,-4.4,-4.18,33.0,0.0,0.0,-0.58,68.656,1.923,15.0,0.0,1.586,0,1.586,38.0,0,1,0,0,0,0,0,1,0,0,1,0,0,1,0,0,0,0,0.0,0
antetgi01,Giannis Antetokounmpo,train,-0.901404,2020,5,1,63.0,29.476,30.429,31.9,11.5,6.6,11.1,0.278,37.5,0.613,5.619,13.587,1.048,0.968,3.651,7,528.0,20.08,32.46,30.3,64.3,19.7,37.4,26,83,243,7,1.0,1,0.35,1,0,9.41,9.5,10.08,56.0,1.0,0.0,-21.09,120.509,9.721,15.0,9.41,9.5,10.08,56.0,1.0,0.0,-21.09,120.509,9.721,15.0,0.0,1.586,0,1.586,38.0,1,1,0,0,0,0,0,1,1,0,0,0,1,0,0,0,0,0,0.0,0
antetgi01,Giannis Antetokounmpo,val,-0.877548,2023,3,1,63.0,31.095,32.127,29.0,8.5,5.4,8.6,0.204,38.8,0.6055,5.698,11.778,0.81,0.825,3.905,10,719.0,22.64,32.51,48.7,96.0,18.4,31.7,29,83,243,10,1.0,0,0.35,0,0,3.61,3.5,3.63,58.0,1.0,0.0,-58.194,179.802,0.211,15.0,3.61,3.5,3.63,58.0,1.0,0.0,-58.194,179.802,0.211,15.0,0.0,1.586,0,1.586,38.0,0,1,0,0,0,0,0,1,0,1,0,0,1,0,0,0,0,0,0.0,0
antetth01,Thanasis Antetokounmpo,train,-4.60517,2015,2,0,66.0,9.478,24.912,14.9,-0.1,0.7,3.2,0.104,19.0,0.559,1.722,3.879,0.354,0.721,1.148,0,0.0,9.05,23.27,0.0,0.0,0.0,0.0,23,79,219,0,1.0,0,0.25,0,1,-9.5,-10.1,-9.32,17.0,0.0,0.0,-21.133,54.41,26.22,15.0,-9.5,-10.1,-9.32,17.0,0.0,0.0,-21.133,54.41,26.22,15.0,1.0,19.113,1,19.113,1.0,0,0,1,0,0,1,0,0,0,0,1,0,0,0,0,0,1,2,2.0,0
antetth01,Thanasis Antetokounmpo,train,-4.238376,2019,2,0,66.0,9.478,24.912,14.9,-0.1,0.7,3.2,0.104,19.0,0.559,1.722,3.879,0.354,0.721,1.148,1,2.0,3.0,3.0,0.0,0.0,0.0,0.0,27,79,219,3,1.0,0,0.25,0,1,8.04,8.6,8.87,60.0,1.0,0.0,-22.044,114.956,7.413,15.0,8.04,8.6,8.87,60.0,1.0,0.0,-22.044,114.956,7.413,15.0,0.0,1.586,0,1.586,38.0,0,0,1,0,0,1,0,0,1,0,0,0,0,0,1,0,0,0,0.0,0
antetth01,Thanasis Antetokounmpo,train,-4.131628,2021,2,1,57.0,2.912,9.667,10.3,-3.5,-0.2,0.7,0.061,15.3,0.5235,0.807,2.175,0.175,0.386,0.754,3,79.0,2.87,8.68,-0.2,0.9,-0.2,0.9,29,79,219,5,1.0,1,0.25,0,1,5.57,5.8,5.89,46.0,1.0,1.0,-24.084,126.409,6.815,15.0,5.57,5.8,5.89,46.0,1.0,1.0,-24.084,126.409,6.815,15.0,0.0,1.586,0,1.586,38.0,0,0,1,0,0,0,1,0,1,0,0,0,0,0,1,0,0,0,0.0,0
anthoca01,Carmelo Anthony,train,-0.932516,2014,5,1,77.0,27.429,38.727,24.4,5.0,5.3,10.7,0.172,32.4,0.5614,3.143,8.078,0.662,1.234,2.571,9,633.0,26.34,36.71,27.5,72.1,11.9,26.4,30,79,238,11,1.0,0,0.35,0,1,0.28,0.3,0.28,42.0,1.0,0.0,-12.901,92.25,0.0,15.0,0.34,0.5,0.43,42.0,1.0,0.0,-12.901,92.929,0.0,15.0,1.0,19.113,1,19.113,1.0,0,0,1,0,0,0,1,0,0,0,1,0,1,0,0,0,0,2,2.0,0
anthoco01,Cole Anthony,val,-2.378323,2023,3,1,60.0,13.017,25.867,16.0,1.3,1.3,3.7,0.114,21.5,0.5702,3.917,4.8,0.517,0.617,1.517,3,172.0,14.23,28.4,1.3,5.3,1.3,5.3,23,74,185,3,1.0,0,0.25,0,0,-2.39,-2.6,-2.56,34.0,0.0,0.0,-16.146,99.162,25.994,15.0,-2.39,-2.6,-2.56,34.0,0.0,0.0,-16.146,99.162,25.994,15.0,0.0,2.673,0,2.673,15.0,0,1,0,0,0,0,0,1,0,1,0,0,0,1,0,0,0,1,1.0,0
anunoog01,OG Anunoby,train,-1.831817,2020,4,1,69.0,10.623,29.942,13.2,1.2,1.7,5.7,0.132,14.3,0.6,1.565,5.275,0.652,1.391,1.145,3,210.0,7.81,23.33,2.1,10.7,2.1,10.7,23,79,240,3,1.0,1,0.25,0,1,5.97,6.1,6.24,53.0,1.0,0.0,-33.161,123.954,1.2,15.0,5.97,6.1,6.24,53.0,1.0,0.0,-33.161,123.954,1.2,15.0,1.0,6.202,1,6.202,9.0,1,1,0,0,0,0,0,1,1,0,0,0,0,0,1,0,0,2,2.0,0
anunoog01,OG Anunoby,test,-1.19633,2024,5,1,50.0,14.66,34.04,12.8,-0.6,0.6,2.6,0.073,17.6,0.5948,2.14,4.16,0.72,1.36,1.62,7,418.0,11.96,29.06,6.5,24.8,3.2,11.0,27,79,240,7,1.0,1,0.3,0,0,4.36,4.8,4.59,50.0,1.0,0.0,-26.935,160.343,2.613,15.0,4.36,4.8,4.59,50.0,1.0,0.0,-26.935,160.343,2.613,15.0,1.0,19.113,1,19.113,1.0,0,0,1,0,0,0,1,0,0,1,0,0,0,0,1,0,0,2,2.0,0
arcidry01,Ryan Arcidiacono,train,-4.873319,2016,2,0,66.0,9.478,24.912,14.9,-0.1,0.7,3.2,0.104,19.0,0.559,1.722,3.879,0.354,0.721,1.148,0,0.0,9.05,23.27,0.0,0.0,0.0,0.0,22,75,195,0,1.0,0,0.25,0,1,10.28,11.3,10.63,67.0,1.0,0.0,-17.595,85.193,2.402,15.0,10.28,11.3,10.63,67.0,1.0,0.0,-17.595,85.193,2.402,15.0,0.0,2.602,0,2.602,31.0,0,0,1,0,0,0,0,1,0,0,1,0,0,0,0,0,1,0,0.0,1
arcidry01,Ryan Arcidiacono,train,-3.594019,2019,2,1,81.0,6.716,24.21,11.6,-1.9,0.1,3.7,0.091,11.7,0.5876,3.321,2.704,0.049,0.802,0.778,2,105.0,5.64,21.57,-0.1,4.0,-0.1,4.0,25,75,195,2,1.0,0,0.25,0,1,-8.32,-8.4,-8.41,22.0,0.0,0.0,-10.145,93.01,19.004,15.0,-8.32,-8.4,-8.41,22.0,0.0,0.0,-10.145,93.01,19.004,15.0,1.0,9.441,1,9.441,3.0,0,0,1,0,0,1,0,0,1,0,0,0,0,1,0,0,0,2,2.0,1
arizatr01,Trevor Ariza,train,-2.064724,2014,4,1,77.0,14.377,35.364,15.8,2.3,3.0,8.0,0.141,17.8,0.5901,2.481,6.169,0.26,1.636,1.714,9,552.0,10.27,28.25,12.9,32.1,5.7,13.3,29,80,215,10,1.0,0,0.35,0,0,0.28,0.3,0.28,42.0,1.0,0.0,-12.901,92.25,0.0,15.0,0.34,0.5,0.43,42.0,1.0,0.0,-12.901,92.929,0.0,15.0,0.0,4.749,1,6.385,8.0,0,0,0,0,1,0,1,0,0,0,1,0,0,0,1,0,0,2,1.0,0
arizatr01,Trevor Ariza,train,-2.166903,2019,2,1,69.0,12.507,34.043,12.1,-1.3,0.4,2.5,0.051,16.6,0.5339,3.652,5.377,0.304,1.319,1.536,14,931.0,11.09,30.91,20.8,57.9,4.0,13.8,34,80,215,15,0.0,0,0.35,0,0,-0.81,-1.1,-1.12,39.0,0.0,0.0,-2.169,92.25,11.789,15.0,-3.3,-2.8,-2.9,32.0,0.0,0.0,-24.722,115.804,7.697,15.0,1.0,6.385,0,2.453,20.0,0,0,1,0,0,0,1,0,1,0,0,0,0,0,1,0,0,0,2.0,0
arthuda01,Darrell Arthur,train,-3.192443,2015,2,1,58.0,6.586,17.034,11.5,-1.7,0.1,0.9,0.044,20.0,0.4659,0.983,2.948,0.448,0.828,0.81,6,373.0,6.54,17.83,-0.9,9.1,-0.4,3.3,27,81,235,7,1.0,0,0.3,0,1,-3.07,-3.7,-3.55,30.0,0.0,0.0,-2.765,53.359,2.783,15.0,-3.07,-3.7,-3.55,30.0,0.0,0.0,-2.765,53.359,2.783,15.0,0.0,3.038,0,3.038,17.0,0,0,1,0,0,0,1,0,0,0,1,0,1,0,0,0,0,1,1.0,0
asikom01,Ömer Aşık,train,-1.79749,2015,5,1,76.0,7.329,26.079,15.5,-1.2,0.4,5.0,0.121,14.0,0.545,0.947,9.842,0.711,0.382,1.25,5,354.0,5.94,20.83,1.2,18.2,0.8,12.9,29,84,255,5,1.0,0,0.25,0,0,1.13,0.9,0.79,45.0,1.0,0.0,-8.464,68.28,2.133,14.0,1.13,0.9,0.79,45.0,1.0,0.0,-8.464,68.28,2.133,14.0,0.0,1.29,0,1.29,50.0,0,0,1,0,0,0,1,0,0,0,1,1,0,0,0,0,0,0,0.0,0
augusdj01,D.J. Augustin,train,-3.045554,2014,2,1,71.0,13.099,27.31,16.2,1.4,1.7,6.2,0.153,22.4,0.5685,4.408,1.831,0.042,0.746,1.761,6,429.0,10.15,24.97,5.2,23.6,2.0,9.5,27,71,183,6,1.0,0,0.25,0,0,0.28,0.3,0.28,42.0,1.0,0.0,-12.901,92.25,0.0,15.0,0.34,0.5,0.43,42.0,1.0,0.0,-12.901,92.929,0.0,15.0,0.0,4.365,0,4.365,14.0,0,0,1,0,0,0,1,0,0,0,1,0,0,1,0,0,0,1,1.0,0
augusdj01,D.J. Augustin,train,-2.563813,2016,4,1,62.0,7.532,19.0,13.9,-0.4,0.4,2.6,0.106,18.0,0.5747,3.194,1.532,0.065,0.613,1.355,8,573.0,9.77,24.17,6.0,29.6,2.5,12.2,29,71,183,8,0.0,0,0.3,0,0,-1.68,-1.7,-1.62,35.0,0.0,0.0,5.537,61.109,3.354,15.0,-2.81,-3.3,-3.1,33.0,0.0,0.0,-1.449,60.187,11.262,15.0,0.0,3.038,0,2.673,15.0,0,0,1,0,0,0,1,0,0,0,1,0,0,1,0,0,0,1,1.0,0
augusdj01,D.J. Augustin,train,-2.746721,2020,3,1,57.0,10.509,24.912,14.0,-1.6,0.2,2.9,0.098,19.1,0.554,4.596,2.14,0.018,0.596,1.509,12,864.0,9.87,24.12,8.0,44.7,2.4,13.9,33,71,183,12,0.0,0,0.35,0,0,9.41,9.5,10.08,56.0,1.0,0.0,-21.09,120.509,9.721,15.0,-0.93,-1.0,-1.01,33.0,1.0,0.0,-37.406,125.365,2.098,15.0,0.0,2.673,0,1.586,38.0,1,0,1,0,0,0,1,0,1,0,0,0,0,1,0,0,0,0,1.0,0
avdijde01,Deni Avdija,val,-2.324795,2023,4,1,76.0,9.171,26.579,11.2,-2.3,-0.1,2.3,0.055,16.7,0.5348,2.776,6.408,0.382,0.855,1.618,3,212.0,8.13,24.82,-0.4,5.9,-0.4,5.9,22,80,228,3,1.0,0,0.25,0,0,-1.06,-1.2,-1.21,35.0,0.0,0.0,-60.147,133.79,16.216,15.0,-1.06,-1.2,-1.21,35.0,0.0,0.0,-60.147,133.79,16.216,15.0,1.0,6.385,1,6.385,8.0,0,1,0,0,0,0,0,1,0,1,0,0,0,0,1,0,0,2,2.0,0
aytonde01,Deandre Ayton,val,-1.313967,2022,4,1,58.0,17.19,29.534,21.9,2.8,2.1,7.3,0.205,21.4,0.6564,1.448,10.224,0.69,0.69,1.569,4,236.0,16.28,30.71,5.7,24.6,4.5,18.8,24,84,252,4,1.0,0,0.25,0,1,6.94,7.5,7.5,64.0,1.0,0.0,-21.328,129.977,3.765,15.0,6.94,7.5,7.5,64.0,1.0,0.0,-21.328,129.977,3.765,15.0,0.0,5.059,0,5.059,12.0,0,0,0,1,0,1,0,0,1,0,0,1,0,0,0,0,0,2,2.0,0
aytonde01,Deandre Ayton,test,-2.948664,2025,2,1,40.0,14.4,30.15,17.7,-0.7,0.4,2.8,0.111,19.4,0.5825,1.6,10.15,0.975,0.775,1.725,7,398.0,16.44,30.83,8.6,37.5,2.9,12.9,27,84,252,7,0.0,1,0.3,0,1,1.45,1.2,1.22,50.0,1.0,0.0,-60.198,182.746,5.515,15.0,-2.67,-3.0,-2.98,36.0,0.0,0.0,-36.26,165.519,1.568,15.0,0.0,2.511,1,12.901,2.0,0,0,1,0,0,0,1,0,0,1,0,1,0,0,0,0,0,2,0.0,0
babbilu01,Luke Babbitt,train,-4.095774,2015,2,1,63.0,4.063,13.175,11.1,-0.4,0.3,1.6,0.093,12.4,0.6389,0.381,1.762,0.175,0.27,0.413,5,216.0,4.2,12.53,-0.0,3.3,0.3,3.0,26,81,225,5,1.0,0,0.25,0,0,1.13,0.9,0.79,45.0,1.0,0.0,-8.464,68.28,2.133,14.0,1.13,0.9,0.79,45.0,1.0,0.0,-8.464,68.28,2.133,14.0,0.0,1.29,0,1.29,50.0,0,0,1,0,0,0,1,0,0,0,1,0,0,0,1,0,0,0,0.0,0
bacondw01,Dwayne Bacon,train,-4.357042,2017,3,0,66.0,9.478,24.912,14.9,-0.1,0.7,3.2,0.104,19.0,0.559,1.722,3.879,0.354,0.721,1.148,0,0.0,9.05,23.27,0.0,0.0,0.0,0.0,22,78,221,0,1.0,0,0.25,0,0,-0.07,0.2,0.2,36.0,0.0,0.0,-7.893,100.201,1.835,15.0,-0.07,0.2,0.2,36.0,0.0,0.0,-7.893,100.201,1.835,15.0,0.0,2.66,0,2.66,21.0,0,0,1,0,0,0,0,1,1,0,0,0,0,0,0,0,1,0,0.0,0
bacondw01,Dwayne Bacon,train,-4.133016,2020,2,1,39.0,5.744,17.615,6.1,-6.8,-0.8,-0.8,-0.056,19.5,0.419,1.333,2.564,0.051,0.59,0.949,3,135.0,5.3,15.99,-1.6,0.3,-1.6,0.3,25,78,221,3,0.0,0,0.25,0,0,-0.93,-1.0,-1.01,33.0,1.0,0.0,-37.406,125.365,2.098,15.0,-7.03,-7.0,-6.75,23.0,0.0,0.0,-18.173,96.23,26.402,13.0,0.0,2.66,0,2.673,15.0,1,0,1,0,0,0,1,0,1,0,0,0,0,0,0,1,0,1,0.0,0
baglema01,Marvin Bagley III,val,-2.291767,2022,3,1,48.0,11.25,24.021,15.7,-2.3,-0.1,2.0,0.083,19.8,0.5505,0.75,7.042,0.375,0.458,0.812,4,166.0,13.59,25.1,-0.1,7.4,-0.5,3.8,23,82,235,4,1.0,0,0.25,0,0,-7.36,-7.8,-7.72,23.0,0.0,0.0,-16.575,83.561,45.428,15.0,-7.36,-7.8,-7.72,23.0,0.0,0.0,-16.575,83.561,45.428,15.0,0.0,4.365,0,4.365,14.0,0,0,1,0,0,1,0,0,1,0,0,0,1,0,0,0,0,1,1.0,0
bakerro01,Ron Baker,train,-3.106531,2017,2,1,52.0,4.135,16.481,7.5,-4.7,-0.6,-0.1,-0.006,14.8,0.4557,2.058,1.885,0.154,0.654,1.077,1,52.0,4.13,16.48,-0.6,-0.1,-0.6,-0.1,24,76,220,1,1.0,0,0.25,0,1,-3.87,-3.8,-3.67,31.0,0.0,0.0,-8.47,79.596,6.018,14.0,-3.87,-3.8,-3.67,31.0,0.0,0.0,-8.47,79.596,6.018,14.0,1.0,19.113,1,19.113,1.0,0,0,1,0,0,0,1,0,1,0,0,0,0,0,0,1,0,2,2.0,1
ballla01,LaMelo Ball,val,-1.237887,2023,5,1,36.0,23.278,35.222,17.9,2.4,1.4,1.8,0.068,30.0,0.5409,8.444,6.417,0.306,1.278,3.583,3,162.0,19.44,31.85,6.1,10.4,6.1,10.4,22,79,180,3,1.0,0,0.35,1,0,-5.89,-6.1,-6.24,27.0,0.0,0.0,-22.395,104.845,19.828,15.0,-5.89,-6.1,-6.24,27.0,0.0,0.0,-22.395,104.845,19.828,15.0,0.0,2.66,0,2.66,21.0,0,1,0,0,0,0,0,1,0,1,0,0,0,1,0,0,0,0,0.0,0
balllo01,Lonzo Ball,train,-1.726456,2021,4,1,55.0,14.582,31.764,15.2,1.7,1.6,3.2,0.088,20.5,0.5507,5.745,4.782,0.564,1.491,2.236,4,217.0,11.71,32.14,4.8,9.2,3.5,7.2,24,77,190,4,1.0,0,0.25,0,1,-0.2,-0.3,-0.29,31.0,0.0,0.0,-23.476,131.562,1.054,15.0,-0.2,-0.3,-0.29,31.0,0.0,0.0,-23.476,131.562,1.054,15.0,0.0,1.29,0,1.29,50.0,0,0,0,0,1,1,0,0,1,0,0,0,0,1,0,0,0,0,0.0,0
balllo01,Lonzo Ball,test,-2.83387,2025,2,1,35.0,7.629,22.2,12.2,0.2,0.4,1.2,0.074,15.9,0.5238,3.286,3.371,0.486,1.343,1.171,6,287.0,11.37,31.23,6.6,12.6,0.4,1.2,28,77,190,8,1.0,0,0.3,0,0,-1.83,-1.5,-1.56,39.0,0.0,0.0,-27.419,157.18,8.739,15.0,-1.83,-1.5,-1.56,39.0,0.0,0.0,-27.419,157.18,8.739,15.0,1.0,9.441,1,9.441,3.0,1,1,0,0,0,0,0,1,0,1,0,0,0,1,0,0,0,2,2.0,0
bambamo01,Mo Bamba,val,-2.485352,2022,2,1,71.0,10.648,25.69,16.5,0.7,1.2,4.5,0.118,17.2,0.5823,1.197,8.056,1.662,0.535,1.085,4,226.0,7.73,18.55,2.2,10.5,2.1,8.8,24,84,231,4,1.0,0,0.25,0,0,-7.67,-8.0,-8.0,22.0,0.0,0.0,-14.578,110.992,7.019,15.0,-7.67,-8.0,-8.0,22.0,0.0,0.0,-14.578,110.992,7.019,15.0,0.0,2.673,0,2.673,15.0,0,0,1,0,0,0,1,0,1,0,0,1,0,0,0,0,0,1,1.0,0
bambamo01,Mo Bamba,test,-3.854134,2026,2,1,4.0,2.5,11.0,12.9,-8.0,-0.1,0.1,0.109,12.2,0.4545,0.25,5.5,0.75,0.0,0.5,8,368.0,6.71,16.74,2.9,15.8,0.2,3.1,28,84,231,8,1.0,0,0.3,0,0,-8.05,-8.2,-8.43,22.0,0.0,0.0,-18.47,147.149,25.968,15.0,-8.05,-8.2,-8.43,22.0,0.0,0.0,-18.47,147.149,25.968,15.0,0.0,1.266,0,1.266,28.0,0,0,1,0,0,0,1,0,0,1,0,1,0,0,0,0,0,0,0.0,0
bantoda01,Dalano Banton,train,-4.503053,2021,2,0,66.0,9.478,24.912,14.9,-0.1,0.7,3.2,0.104,19.0,0.559,1.722,3.879,0.354,0.721,1.148,0,0.0,9.05,23.27,0.0,0.0,0.0,0.0,22,80,203,0,1.0,0,0.25,0,2,-0.54,-0.5,-0.47,27.0,0.0,0.0,-34.586,121.18,6.941,15.0,-0.54,-0.5,-0.47,27.0,0.0,0.0,-34.586,121.18,6.941,15.0,1.0,6.202,1,6.202,9.0,0,0,1,0,0,0,0,1,1,0,0,0,0,0,0,0,1,2,2.0,0
bantoda01,Dalano Banton,val,-4.166121,2023,2,1,31.0,4.581,9.0,14.9,-0.5,0.1,0.4,0.069,24.2,0.5051,1.161,1.452,0.419,0.419,0.581,2,95.0,3.65,10.26,-0.1,0.8,-0.1,0.8,24,80,203,2,0.0,0,0.25,0,2,6.38,6.5,6.52,57.0,1.0,0.0,-53.141,176.703,0.093,15.0,1.59,1.5,1.48,41.0,0.0,0.0,-25.605,144.097,5.164,15.0,1.0,6.202,1,4.899,9.0,0,0,1,0,0,0,1,0,0,1,0,0,0,1,0,0,0,2,2.0,0
barbole01,Leandro Barbosa,train,-3.158521,2016,2,1,68.0,6.368,15.868,11.7,-2.0,0.0,2.1,0.093,18.1,0.545,1.206,1.721,0.147,0.647,0.779,11,650.0,11.73,22.82,8.2,33.0,0.5,5.3,34,75,194,13,0.0,0,0.35,0,0,-6.32,-6.8,-6.66,23.0,0.0,0.0,-3.444,63.389,10.054,14.0,10.38,10.7,10.76,73.0,1.0,0.0,-34.731,88.869,6.909,15.0,1.0,4.749,0,5.059,12.0,0,0,1,0,0,0,1,0,0,0,1,0,0,0,0,1,0,2,2.0,0
bareajo01,J.J. Barea,train,-2.862201,2015,4,1,77.0,7.532,17.688,15.1,-0.3,0.6,2.7,0.095,21.2,0.5023,3.416,1.74,0.013,0.429,0.909,9,586.0,8.17,18.85,2.1,14.7,0.9,5.3,31,70,180,9,1.0,0,0.3,0,0,3.36,3.1,2.9,50.0,1.0,0.0,-11.95,72.184,2.831,16.0,3.36,3.1,2.9,50.0,1.0,0.0,-11.95,72.184,2.831,16.0,1.0,7.943,1,7.943,4.0,0,0,1,0,0,0,1,0,0,0,1,0,0,1,0,0,0,2,2.0,1
bargnan01,Andrea Bargnani,train,-3.873489,2015,2,1,29.0,14.828,27.069,16.6,-1.1,0.2,0.9,0.055,26.4,0.5269,1.586,4.379,0.931,0.069,1.448,9,504.0,15.02,30.1,2.0,18.6,-0.1,2.5,30,84,245,9,1.0,0,0.3,0,0,-3.13,-3.0,-2.88,38.0,1.0,0.0,-28.983,88.025,0.404,15.0,-3.13,-3.0,-2.88,38.0,1.0,0.0,-28.983,88.025,0.404,15.0,1.0,19.113,1,19.113,1.0,0,0,1,0,0,0,1,0,0,0,1,1,0,0,0,0,0,2,2.0,0
barneha02,Harrison Barnes,train,-1.383568,2016,4,1,66.0,11.727,30.939,12.3,-1.3,0.3,4.9,0.115,15.9,0.5593,1.773,4.924,0.152,0.621,0.864,4,307.0,10.06,28.08,1.8,17.6,1.7,14.8,24,79,225,4,0.0,0,0.25,0,1,-0.02,-0.3,-0.3,42.0,1.0,0.0,-4.044,71.199,1.898,15.0,10.38,10.7,10.76,73.0,1.0,0.0,-34.731,88.869,6.909,15.0,1.0,4.749,1,7.943,4.0,0,0,0,1,0,0,1,0,0,0,1,0,0,0,1,0,0,2,2.0,0
barneha02,Harrison Barnes,train,-1.636275,2019,4,1,77.0,16.429,32.896,12.8,-1.4,0.4,3.6,0.068,20.9,0.5503,1.494,4.688,0.169,0.649,1.273,7,540.0,13.56,30.73,4.0,29.6,2.2,12.0,27,79,225,7,1.0,0,0.3,0,0,-0.81,-1.1,-1.12,39.0,0.0,0.0,-2.169,92.25,11.789,15.0,-0.81,-1.1,-1.12,39.0,0.0,0.0,-2.169,92.25,11.789,15.0,0.0,2.453,0,2.453,20.0,0,0,1,0,0,0,1,0,1,0,0,0,1,0,0,0,0,0,0.0,0
barneha02,Harrison Barnes,val,-2.055462,2023,3,1,82.0,15.0,32.463,14.1,-1.0,0.7,6.5,0.117,17.1,0.6322,1.561,4.463,0.122,0.695,1.049,11,829.0,14.23,31.87,7.7,51.2,3.2,17.0,31,79,225,11,1.0,0,0.35,0,0,2.3,2.6,2.65,48.0,1.0,0.0,-31.16,134.31,2.919,15.0,2.3,2.6,2.65,48.0,1.0,0.0,-31.16,134.31,2.919,15.0,0.0,2.453,0,2.453,20.0,0,1,0,0,0,0,0,1,0,1,0,0,1,0,0,0,0,0,0.0,0
barnema02,Matt Barnes,train,-2.732436,2016,2,1,76.0,9.974,28.816,11.7,-0.9,0.6,2.6,0.057,17.9,0.5028,2.145,5.526,0.75,1.026,1.592,11,774.0,8.69,24.23,10.6,39.9,2.4,10.4,36,79,226,12,0.0,0,0.35,0,0,-2.32,-2.4,-2.48,33.0,0.0,0.0,-2.671,71.734,0.938,15.0,-2.14,-2.4,-2.24,42.0,1.0,0.0,-15.477,76.017,7.365,16.0,0.0,1.358,0,2.453,20.0,0,0,1,0,0,0,1,0,0,0,1,0,0,0,1,0,0,0,0.0,0
bartowi01,Will Barton,train,-2.986254,2015,3,1,58.0,6.845,16.948,13.6,-0.2,0.4,1.3,0.063,20.2,0.5033,1.397,2.793,0.328,0.828,1.052,3,172.0,4.99,13.16,-0.1,1.4,-0.1,1.4,24,77,181,3,1.0,0,0.25,0,0,-3.07,-3.7,-3.55,30.0,0.0,0.0,-2.765,53.359,2.783,15.0,-3.07,-3.7,-3.55,30.0,0.0,0.0,-2.765,53.359,2.783,15.0,0.0,3.038,0,3.038,17.0,0,0,1,0,0,1,0,0,0,0,1,0,0,0,0,1,0,1,1.0,0
bartowi01,Will Barton,train,-2.03969,2018,4,1,81.0,15.654,33.123,16.2,1.1,2.1,6.2,0.111,20.7,0.5623,4.086,5.049,0.642,1.012,1.84,6,395.0,10.44,22.8,4.7,15.2,4.8,13.8,27,77,181,6,1.0,0,0.25,0,0,1.57,1.5,1.48,46.0,0.0,0.0,-7.422,101.779,4.736,16.0,1.57,1.5,1.48,46.0,0.0,0.0,-7.422,101.779,4.736,16.0,0.0,3.038,0,3.038,17.0,0,0,1,0,0,0,1,0,1,0,0,0,0,0,0,1,0,1,1.0,0
bartowi01,Will Barton,train,-2.014138,2021,2,1,56.0,12.696,31.0,11.8,-1.9,0.1,2.2,0.061,19.0,0.5376,3.232,4.036,0.411,0.893,1.714,9,552.0,11.24,25.08,6.3,22.8,1.6,7.6,30,77,181,9,1.0,0,0.3,0,0,4.82,5.0,4.93,47.0,1.0,0.0,-22.681,126.468,2.111,15.0,4.82,5.0,4.93,47.0,1.0,0.0,-22.681,126.468,2.111,15.0,0.0,3.038,0,3.038,17.0,0,0,1,0,0,0,1,0,1,0,0,0,0,0,1,0,0,1,1.0,0
bassbr01,Brandon Bass,train,-3.127632,2015,2,1,82.0,10.561,23.524,16.3,0.0,1.0,5.3,0.132,19.5,0.5572,1.268,4.854,0.39,0.5,1.012,10,640.0,9.08,22.64,3.9,36.6,1.6,15.1,30,80,250,10,1.0,0,0.35,0,1,-6.17,-7.2,-6.84,21.0,0.0,0.0,-7.309,59.483,10.891,16.0,-6.17,-7.2,-6.84,21.0,0.0,0.0,-7.309,59.483,10.891,16.0,1.0,12.901,1,12.901,2.0,0,0,1,0,0,0,1,0,0,0,1,0,1,0,0,0,0,2,2.0,0
bassech01,Charles Bassey,train,-4.357545,2021,3,0,66.0,9.478,24.912,14.9,-0.1,0.7,3.2,0.104,19.0,0.559,1.722,3.879,0.354,0.721,1.148,0,0.0,9.05,23.27,0.0,0.0,0.0,0.0,21,82,230,0,1.0,0,0.25,0,0,5.28,5.6,5.58,49.0,1.0,0.0,-38.648,144.302,1.865,15.0,5.28,5.6,5.58,49.0,1.0,0.0,-38.648,144.302,1.865,15.0,1.0,6.228,1,6.228,5.0,0,0,1,0,0,0,0,1,1,0,0,0,0,0,0,0,1,2,2.0,0
bateske01,Keita Bates-Diop,train,-4.361323,2018,3,0,66.0,9.478,24.912,14.9,-0.1,0.7,3.2,0.104,19.0,0.559,1.722,3.879,0.354,0.721,1.148,0,0.0,9.05,23.27,0.0,0.0,0.0,0.0,22,80,229,0,1.0,0,0.25,0,1,2.35,2.3,2.23,47.0,1.0,0.0,-6.087,102.581,2.599,15.0,2.35,2.3,2.23,47.0,1.0,0.0,-6.087,102.581,2.599,15.0,0.0,3.703,0,3.703,16.0,0,0,1,0,0,0,0,1,1,0,0,0,0,0,0,0,1,1,1.0,0
bateske01,Keita Bates-Diop,train,-4.131628,2021,2,1,30.0,2.633,8.167,12.0,-1.9,0.0,0.3,0.059,14.8,0.5181,0.4,1.633,0.167,0.367,0.233,3,104.0,4.98,14.35,-0.1,1.8,-0.1,1.8,25,80,229,3,1.0,0,0.25,0,1,-1.58,-1.8,-1.74,33.0,0.0,0.0,-41.011,103.942,24.805,15.0,-1.58,-1.8,-1.74,33.0,0.0,0.0,-41.011,103.942,24.805,15.0,0.0,2.602,0,2.602,31.0,0,0,1,0,0,1,0,0,1,0,0,0,0,0,1,0,0,0,0.0,0
bateske01,Keita Bates-Diop,val,-3.996519,2023,2,1,67.0,9.657,21.672,14.9,-0.6,0.5,2.7,0.089,16.7,0.6092,1.537,3.701,0.299,0.687,0.836,5,230.0,6.52,16.96,0.3,6.1,0.4,4.6,27,80,229,5,0.0,1,0.25,0,1,2.08,2.1,2.07,45.0,1.0,0.0,-52.152,172.122,0.211,15.0,-9.82,-9.8,-10.04,22.0,0.0,0.0,22.006,70.878,30.771,15.0,0.0,2.602,0,5.059,12.0,0,0,1,0,0,0,1,0,0,1,0,0,1,0,0,0,0,2,0.0,0
batumni01,Nicolas Batum,train,-1.366761,2016,5,1,70.0,14.943,34.971,15.6,1.2,2.0,5.0,0.098,21.4,0.5462,5.757,6.114,0.614,0.929,2.929,8,551.0,11.68,31.35,18.4,42.5,8.4,18.1,28,79,230,8,1.0,0,0.3,0,4,2.36,2.9,2.72,48.0,1.0,0.0,-10.427,78.341,0.191,15.0,2.36,2.9,2.72,48.0,1.0,0.0,-10.427,78.341,0.191,15.0,0.0,2.66,0,2.66,21.0,0,0,1,0,0,0,1,0,0,0,1,0,0,0,1,0,0,0,0.0,0
batumni01,Nicolas Batum,train,-3.543533,2021,2,1,67.0,8.06,27.388,12.9,2.1,1.9,5.0,0.131,11.8,0.6171,2.209,4.716,0.552,1.03,0.791,13,856.0,11.28,31.04,24.4,59.9,2.9,9.3,33,79,230,13,1.0,0,0.35,0,3,6.02,6.4,6.18,47.0,1.0,0.0,-28.265,137.011,0.395,15.0,6.02,6.4,6.18,47.0,1.0,0.0,-28.265,137.011,0.395,15.0,1.0,12.901,1,12.901,2.0,0,0,1,0,0,0,1,0,1,0,0,0,0,0,1,0,0,2,2.0,0
batumni01,Nicolas Batum,val,-2.394908,2022,2,1,59.0,8.322,24.797,13.5,2.3,1.6,3.7,0.121,13.3,0.6081,1.695,4.305,0.712,0.983,0.678,14,915.0,11.09,30.64,26.0,63.6,3.5,9.3,34,79,230,14,1.0,0,0.35,0,2,0.09,0.0,0.02,42.0,0.0,0.0,-53.748,164.493,1.669,15.0,0.09,0.0,0.02,42.0,0.0,0.0,-53.748,164.493,1.669,15.0,1.0,12.901,1,12.901,2.0,0,0,1,0,0,0,1,0,1,0,0,0,1,0,0,0,0,2,2.0,0
batumni01,Nicolas Batum,test,-3.377218,2024,2,1,60.0,5.333,25.483,10.2,-0.4,0.6,3.3,0.104,8.6,0.6032,2.133,4.133,0.633,0.8,0.667,16,1053.0,10.4,29.7,27.6,70.5,3.2,10.6,36,79,230,16,0.0,1,0.35,0,2,3.41,3.4,3.28,51.0,1.0,0.0,-66.06,198.296,1.764,15.0,2.51,3.1,3.05,47.0,1.0,0.0,-45.888,161.97,2.568,15.0,1.0,6.228,1,12.901,2.0,0,0,1,0,0,0,1,0,0,1,0,0,1,0,0,0,0,2,2.0,0
batumni01,Nicolas Batum,test,-3.293686,2025,2,1,78.0,4.013,17.526,10.3,0.8,1.0,3.5,0.123,9.0,0.633,1.077,2.795,0.462,0.667,0.436,17,1131.0,9.96,28.86,28.6,74.0,2.6,10.4,37,79,230,17,1.0,0,0.35,0,1,4.84,4.8,4.66,50.0,1.0,0.0,-34.082,166.987,3.734,15.0,4.84,4.8,4.66,50.0,1.0,0.0,-34.082,166.987,3.734,15.0,1.0,12.901,1,12.901,2.0,0,0,1,0,0,0,1,0,0,1,0,0,1,0,0,0,0,2,2.0,0
bayleje01,Jerryd Bayless,train,-3.045554,2014,2,1,72.0,9.25,23.417,12.0,-1.8,0.1,2.4,0.068,20.1,0.4978,2.694,2.014,0.125,0.833,1.139,6,381.0,8.45,19.98,1.4,13.0,1.7,8.4,26,75,200,6,1.0,0,0.25,0,0,0.28,0.3,0.28,42.0,1.0,0.0,-12.901,92.25,0.0,15.0,0.34,0.5,0.43,42.0,1.0,0.0,-12.901,92.929,0.0,15.0,0.0,1.586,0,1.586,38.0,0,0,1,0,0,0,1,0,0,0,1,0,0,1,0,0,0,0,0.0,0
baynear01,Aron Baynes,train,-2.376693,2015,3,1,70.0,6.586,16.029,15.9,-1.8,0.1,3.9,0.167,17.8,0.6184,0.5,4.543,0.314,0.229,0.929,3,139.0,4.78,12.62,-0.6,4.6,-0.6,4.6,29,82,260,2,1.0,0,0.25,0,2,-1.39,-1.1,-1.0,32.0,0.0,0.0,-0.807,49.559,14.313,15.0,-1.39,-1.1,-1.0,32.0,0.0,0.0,-0.807,49.559,14.313,15.0,0.0,4.365,0,4.365,14.0,0,0,1,0,0,0,1,0,0,0,1,1,0,0,0,0,0,1,1.0,1
baynear01,Aron Baynes,train,-2.955981,2018,2,1,81.0,5.951,18.333,12.0,-2.9,-0.3,3.0,0.097,16.8,0.5017,1.148,5.358,0.63,0.272,0.988,6,376.0,5.39,14.99,-0.5,14.7,0.1,10.1,32,82,260,5,1.0,0,0.25,0,1,3.23,3.7,3.59,55.0,1.0,0.0,-15.983,114.826,0.25,16.0,3.23,3.7,3.59,55.0,1.0,0.0,-15.983,114.826,0.25,16.0,1.0,4.899,1,4.899,9.0,0,0,1,0,0,0,1,0,1,0,0,1,0,0,0,0,0,2,2.0,1
baynear01,Aron Baynes,train,-2.722029,2020,2,1,42.0,11.452,22.238,15.2,-1.0,0.2,2.1,0.108,21.1,0.5809,1.595,5.643,0.548,0.238,1.19,8,469.0,5.95,15.76,-0.2,19.2,0.0,7.5,34,82,260,7,0.0,0,0.3,0,0,5.97,6.1,6.24,53.0,1.0,0.0,-33.161,123.954,1.2,15.0,0.56,0.3,0.22,34.0,0.0,0.0,-11.997,98.37,22.767,15.0,0.0,5.059,1,6.202,9.0,1,0,1,0,0,0,1,0,1,0,0,1,0,0,0,0,0,2,2.0,1
bazemke01,Kent Bazemore,train,-3.451019,2014,2,1,67.0,6.015,13.597,11.2,-3.3,-0.3,0.2,0.011,22.6,0.5154,1.358,1.746,0.194,0.642,1.179,2,128.0,4.11,9.2,-0.3,0.3,-0.3,0.3,25,76,195,2,1.0,0,0.25,0,1,0.28,0.3,0.28,42.0,1.0,0.0,-12.901,92.25,0.0,15.0,0.34,0.5,0.43,42.0,1.0,0.0,-12.901,92.929,0.0,15.0,1.0,6.144,1,6.144,7.0,0,0,1,0,0,1,0,0,0,0,1,0,0,0,0,1,0,2,2.0,1
bazemke01,Kent Bazemore,train,-1.682614,2016,4,1,75.0,11.627,27.773,13.4,0.3,1.2,4.1,0.094,20.0,0.5509,2.28,5.053,0.507,1.307,1.84,4,278.0,6.43,16.49,0.9,6.0,0.9,5.9,27,76,195,4,1.0,0,0.25,0,1,3.49,3.7,3.61,48.0,1.0,0.0,-1.408,71.333,0.075,15.0,3.49,3.7,3.61,48.0,1.0,0.0,-1.408,71.333,0.075,15.0,1.0,6.144,1,6.144,7.0,0,0,1,0,0,1,0,0,0,0,1,0,0,0,1,0,0,2,2.0,1
bealbr01,Bradley Beal,train,-1.308492,2016,5,1,55.0,17.418,31.055,15.5,0.3,1.0,2.7,0.076,25.3,0.5465,2.945,3.418,0.2,0.982,2.036,4,247.0,15.99,32.75,4.1,13.4,3.1,10.4,23,76,207,4,1.0,0,0.25,0,2,-0.5,-0.5,-0.5,41.0,0.0,0.0,-17.133,76.329,7.963,15.0,-0.5,-0.5,-0.5,41.0,0.0,0.0,-17.133,76.329,7.963,15.0,1.0,6.385,1,6.385,8.0,0,0,1,0,0,1,0,0,0,0,1,0,0,0,0,1,0,2,2.0,0
bealbr01,Bradley Beal,train,-1.135285,2019,2,1,82.0,25.598,36.927,20.8,2.9,3.7,7.6,0.12,28.4,0.5811,5.463,5.012,0.707,1.476,2.732,7,488.0,19.84,34.38,14.4,36.4,10.3,23.0,26,76,207,7,1.0,1,0.3,0,2,-3.3,-2.8,-2.9,32.0,0.0,0.0,-24.722,115.804,7.697,15.0,-3.3,-2.8,-2.9,32.0,0.0,0.0,-24.722,115.804,7.697,15.0,1.0,6.385,1,6.385,8.0,0,1,0,0,0,0,0,1,1,0,0,0,0,0,0,1,0,2,2.0,0
bealbr01,Bradley Beal,val,-0.901401,2022,5,1,40.0,23.2,35.975,17.5,0.8,1.0,1.4,0.047,30.8,0.5393,6.625,4.725,0.375,0.9,3.375,10,645.0,22.06,34.76,20.8,48.8,6.4,12.4,29,76,207,10,1.0,0,0.35,0,1,-3.23,-3.4,-3.38,35.0,0.0,0.0,-43.221,125.964,0.0,15.0,-3.23,-3.4,-3.38,35.0,0.0,0.0,-43.221,125.964,0.0,15.0,1.0,6.385,1,6.385,8.0,0,0,1,0,0,0,1,0,1,0,0,0,0,0,0,1,0,2,2.0,0
bealbr01,Bradley Beal,test,-3.338217,2025,2,1,53.0,17.019,32.113,15.2,-1.1,0.4,2.4,0.068,22.1,0.5979,3.679,3.34,0.528,1.094,1.868,13,801.0,21.54,34.41,23.9,58.5,3.1,9.7,32,76,207,13,0.0,1,0.35,0,1,4.84,4.8,4.66,50.0,1.0,0.0,-34.082,166.987,3.734,15.0,-2.55,-3.1,-3.0,36.0,0.0,0.0,-87.877,210.557,3.814,15.0,0.0,5.059,1,12.901,2.0,0,0,1,0,0,0,1,0,0,1,0,0,0,0,0,1,0,2,2.0,0
beaslma01,Malik Beasley,train,-1.984581,2020,4,1,55.0,11.182,21.982,12.7,-2.1,0.0,1.2,0.048,21.8,0.5461,1.364,2.691,0.145,0.727,1.036,4,220.0,8.23,17.44,0.8,6.2,0.7,6.0,24,76,187,4,1.0,0,0.25,0,1,-4.02,-4.1,-4.3,19.0,0.0,0.0,-27.108,113.824,19.185,14.0,-4.02,-4.1,-4.3,19.0,0.0,0.0,-27.108,113.824,19.185,14.0,0.0,3.703,0,3.703,16.0,1,0,1,0,0,1,0,0,1,0,0,0,0,0,0,1,0,1,1.0,0
belinma01,Marco Belinelli,train,-2.831928,2018,2,1,80.0,12.137,24.337,14.1,-0.5,0.8,3.7,0.091,20.7,0.5809,1.85,1.887,0.15,0.825,1.175,11,724.0,9.92,23.27,3.4,27.2,0.4,7.4,32,77,220,11,0.0,0,0.35,0,0,2.89,3.1,2.89,47.0,1.0,0.0,-18.532,113.237,2.916,15.0,4.3,4.5,4.5,52.0,1.0,0.0,-0.928,89.639,10.382,15.0,1.0,6.228,0,2.602,31.0,0,0,1,0,0,0,1,0,1,0,0,0,0,0,0,1,0,0,2.0,0
belljo01,Jordan Bell,train,-4.505304,2017,2,0,66.0,9.478,24.912,14.9,-0.1,0.7,3.2,0.104,19.0,0.559,1.722,3.879,0.354,0.721,1.148,0,0.0,9.05,23.27,0.0,0.0,0.0,0.0,22,80,216,0,1.0,0,0.25,0,0,11.35,11.6,11.63,67.0,1.0,1.0,-6.099,97.52,2.722,15.0,11.35,11.6,11.63,67.0,1.0,1.0,-6.099,97.52,2.722,15.0,1.0,4.749,1,4.749,10.0,0,0,1,0,0,0,0,1,1,0,0,0,0,0,0,0,1,2,2.0,0
bembrde01,DeAndre' Bembry,train,-4.077446,2020,2,1,43.0,5.791,21.279,9.6,-2.5,-0.1,0.2,0.01,14.0,0.4998,1.884,3.535,0.442,1.279,1.395,4,189.0,6.21,19.43,-0.7,1.0,-0.6,0.7,26,77,210,4,0.0,0,0.25,0,0,5.97,6.1,6.24,53.0,1.0,0.0,-33.161,123.954,1.2,15.0,-7.71,-7.6,-7.97,20.0,0.0,0.0,-3.203,82.576,29.766,15.0,1.0,6.144,1,6.202,9.0,1,0,1,0,0,0,1,0,1,0,0,0,0,0,0,1,0,2,2.0,0
bendedr01,Dragan Bender,train,-4.133016,2019,2,1,46.0,5.0,17.957,9.5,-4.1,-0.5,0.5,0.029,13.4,0.5209,1.217,3.978,0.478,0.391,0.804,3,171.0,5.3,20.29,-1.8,0.3,-1.8,0.3,22,84,249,3,0.0,0,0.25,0,0,8.04,8.6,8.87,60.0,1.0,0.0,-22.044,114.956,7.413,15.0,-8.61,-9.2,-9.34,19.0,0.0,0.0,-6.585,68.854,39.6,15.0,0.0,5.059,0,1.586,38.0,0,0,1,0,0,1,0,0,1,0,0,0,1,0,0,0,0,0,2.0,0
bertada01,Dāvis Bertāns,train,-2.642686,2018,2,1,77.0,5.922,14.104,14.1,1.6,1.0,3.1,0.137,17.4,0.5883,0.961,1.987,0.364,0.338,0.468,2,144.0,5.27,13.15,1.7,5.4,1.7,5.4,26,82,225,2,1.0,0,0.25,0,1,2.89,3.1,2.89,47.0,1.0,0.0,-18.532,113.237,2.916,15.0,2.89,3.1,2.89,47.0,1.0,0.0,-18.532,113.237,2.916,15.0,0.0,2.602,0,2.602,31.0,0,0,1,0,0,1,0,0,1,0,0,0,1,0,0,0,0,0,0.0,0
bertada01,Dāvis Bertāns,train,-1.920043,2020,5,1,54.0,15.444,29.315,15.5,0.9,1.1,3.5,0.106,19.0,0.6283,1.704,4.537,0.611,0.685,1.093,4,274.0,8.03,18.65,4.2,12.9,3.5,10.6,28,82,225,4,1.0,0,0.25,0,1,-5.24,-4.6,-4.67,25.0,0.0,0.0,-25.389,86.766,10.431,15.0,-5.24,-4.6,-4.67,25.0,0.0,0.0,-25.389,86.766,10.431,15.0,1.0,6.385,1,6.385,8.0,1,0,1,0,0,1,0,0,1,0,0,0,1,0,0,0,0,2,2.0,0
beverpa01,Patrick Beverley,train,-2.499295,2015,4,1,56.0,10.143,30.839,11.3,0.1,0.9,3.5,0.097,16.1,0.5086,3.429,4.232,0.411,1.054,1.482,3,153.0,8.95,27.39,3.1,9.9,3.1,9.9,27,74,180,2,1.0,0,0.25,0,0,3.82,3.6,3.44,56.0,1.0,0.0,-10.985,71.005,3.046,16.0,3.82,3.6,3.44,56.0,1.0,0.0,-10.985,71.005,3.046,16.0,1.0,7.206,1,7.206,6.0,0,0,1,0,0,1,0,0,0,0,1,0,0,1,0,0,0,2,2.0,0
beverpa01,Patrick Beverley,train,-2.102364,2019,3,1,78.0,7.641,27.397,11.8,0.9,1.5,4.8,0.108,12.2,0.5611,3.846,4.974,0.551,0.859,1.09,7,380.0,9.05,28.32,7.5,24.8,3.3,10.5,31,74,180,6,1.0,0,0.25,0,0,1.09,0.9,0.85,48.0,1.0,0.0,-16.702,83.225,35.346,14.0,1.09,0.9,0.85,48.0,1.0,0.0,-16.702,83.225,35.346,14.0,1.0,12.901,1,12.901,2.0,0,0,1,0,0,0,1,0,1,0,0,0,0,1,0,0,0,2,2.0,0
beysa01,Saddiq Bey,test,-3.100007,2024,3,1,63.0,13.698,32.73,13.1,-1.8,0.1,3.5,0.081,17.0,0.5488,1.46,6.524,0.175,0.81,0.857,4,292.0,14.05,30.15,2.9,14.7,2.2,11.4,25,80,215,4,0.0,0,0.25,0,0,-9.29,-9.1,-9.29,15.0,0.0,0.0,-53.88,132.38,15.839,15.0,-2.38,-2.2,-2.18,36.0,0.0,0.0,-20.119,149.337,6.803,15.0,1.0,6.144,1,6.385,8.0,0,0,1,0,0,0,1,0,0,1,0,0,0,0,1,0,0,2,2.0,0
birchkh01,Khem Birch,train,-4.537209,2014,2,0,66.0,9.478,24.912,14.9,-0.1,0.7,3.2,0.104,19.0,0.559,1.722,3.879,0.354,0.721,1.148,0,0.0,9.05,23.27,0.0,0.0,0.0,0.0,22,80,233,0,1.0,0,0.25,0,0,0.28,0.3,0.28,42.0,1.0,0.0,-12.901,92.25,0.0,15.0,0.34,0.5,0.43,42.0,1.0,0.0,-12.901,92.929,0.0,15.0,0.0,6.266,0,6.266,18.0,0,0,1,0,0,0,0,1,0,0,1,0,0,0,0,0,1,1,1.0,1
birchkh01,Khem Birch,train,-3.594019,2019,2,1,50.0,4.8,12.86,19.2,1.2,0.5,2.8,0.209,14.1,0.6399,0.76,3.8,0.58,0.36,0.4,2,92.0,4.54,13.27,0.7,4.6,0.7,4.6,27,80,233,2,1.0,0,0.25,0,0,0.28,0.8,0.71,42.0,1.0,0.0,-15.892,112.687,1.984,15.0,0.28,0.8,0.71,42.0,1.0,0.0,-15.892,112.687,1.984,15.0,0.0,2.673,0,2.673,15.0,0,0,1,0,0,1,0,0,1,0,0,1,0,0,0,0,0,1,1.0,1
birchkh01,Khem Birch,train,-2.825068,2021,3,1,67.0,7.194,22.821,15.1,-1.0,0.4,3.8,0.119,13.6,0.5518,1.328,5.776,0.746,0.716,0.657,4,207.0,5.37,17.74,1.0,10.6,0.8,8.8,29,80,233,4,1.0,0,0.25,0,0,-0.54,-0.5,-0.47,27.0,0.0,0.0,-34.586,121.18,6.941,15.0,-0.54,-0.5,-0.47,27.0,0.0,0.0,-34.586,121.18,6.941,15.0,1.0,6.202,1,6.202,9.0,0,0,1,0,0,1,0,0,1,0,0,1,0,0,0,0,0,2,2.0,1
bitadgo01,Goga Bitadze,test,-2.82557,2024,3,1,62.0,5.016,15.435,17.8,2.1,1.0,3.7,0.186,13.3,0.6288,1.274,4.613,1.161,0.516,0.71,5,249.0,4.94,12.75,1.6,9.1,1.5,6.9,25,83,250,5,1.0,0,0.25,0,0,1.48,2.1,2.02,47.0,1.0,0.0,-3.335,130.964,0.0,15.0,1.48,2.1,2.02,47.0,1.0,0.0,-3.335,130.964,0.0,15.0,0.0,2.673,0,2.673,15.0,0,0,1,0,0,0,1,0,0,1,0,1,0,0,0,0,0,1,1.0,0
biyombi01,Bismack Biyombo,train,-3.192443,2015,2,1,64.0,4.75,19.422,15.2,-1.1,0.3,4.0,0.154,11.6,0.5779,0.25,6.359,1.547,0.281,0.812,4,284.0,4.36,20.97,-1.8,9.2,-0.8,8.6,23,80,255,4,1.0,0,0.25,0,2,2.45,3.3,3.07,49.0,1.0,0.0,-13.947,75.425,0.672,15.0,2.45,3.3,3.07,49.0,1.0,0.0,-13.947,75.425,0.672,15.0,1.0,6.202,1,6.202,9.0,0,0,1,0,0,0,1,0,0,0,1,1,0,0,0,0,0,2,2.0,0
biyombi01,Bismack Biyombo,train,-1.654443,2016,4,1,82.0,5.537,22.049,14.9,-0.2,0.8,5.9,0.157,11.5,0.5859,0.354,7.988,1.622,0.232,0.866,5,366.0,4.63,21.21,-1.0,15.1,1.3,13.1,24,80,255,5,0.0,0,0.25,0,1,-1.68,-1.7,-1.62,35.0,0.0,0.0,5.537,61.109,3.354,15.0,4.08,4.8,4.5,56.0,1.0,0.0,-4.217,71.218,1.097,15.0,1.0,6.202,0,2.673,15.0,0,0,1,0,0,0,1,0,0,0,1,1,0,0,0,0,0,1,2.0,0
bjeline01,Nemanja Bjelica,train,-2.701875,2018,3,1,67.0,6.776,20.463,12.6,0.1,0.7,2.8,0.098,14.3,0.5809,1.284,4.09,0.239,0.746,0.776,3,192.0,6.07,18.94,1.1,6.2,1.1,6.2,30,82,234,3,0.0,0,0.25,0,0,-6.6,-7.4,-6.99,27.0,0.0,0.0,1.939,77.726,17.957,15.0,2.35,2.3,2.23,47.0,1.0,0.0,-6.087,102.581,2.599,15.0,0.0,3.703,0,2.453,20.0,0,0,1,0,0,1,0,0,1,0,0,0,1,0,0,0,0,0,1.0,0
blackta01,Tarik Black,train,-4.537209,2014,2,0,66.0,9.478,24.912,14.9,-0.1,0.7,3.2,0.104,19.0,0.559,1.722,3.879,0.354,0.721,1.148,0,0.0,9.05,23.27,0.0,0.0,0.0,0.0,23,81,250,0,1.0,0,0.25,0,0,0.28,0.3,0.28,42.0,1.0,0.0,-12.901,92.25,0.0,15.0,0.34,0.5,0.43,42.0,1.0,0.0,-12.901,92.929,0.0,15.0,1.0,7.206,1,7.206,6.0,0,0,1,0,0,0,0,1,0,0,1,0,0,0,0,0,1,2,2.0,1
blackta01,Tarik Black,train,-2.684618,2016,2,1,39.0,3.41,12.718,12.3,-3.3,-0.2,0.7,0.068,12.9,0.5372,0.41,4.026,0.462,0.359,0.564,2,102.0,5.02,16.59,-0.2,3.8,-0.2,3.8,25,81,250,2,1.0,0,0.25,0,0,-8.92,-10.0,-9.56,17.0,0.0,0.0,-3.113,71.77,0.195,15.0,-8.92,-10.0,-9.56,17.0,0.0,0.0,-3.113,71.77,0.195,15.0,1.0,12.901,1,12.901,2.0,0,0,1,0,0,1,0,0,0,0,1,1,0,0,0,0,0,2,2.0,1
blakean01,Antonio Blakeney,train,-4.252124,2018,2,1,19.0,7.947,16.526,10.1,-5.2,-0.3,0.0,0.0,23.7,0.4714,1.053,1.737,0.053,0.368,0.579,1,19.0,7.95,16.53,-0.3,0.0,-0.3,0.0,22,76,192,1,1.0,0,0.25,0,0,-6.84,-7.1,-7.04,27.0,0.0,0.0,8.987,63.827,26.279,15.0,-6.84,-7.1,-7.04,27.0,0.0,0.0,8.987,63.827,26.279,15.0,1.0,9.441,1,9.441,3.0,0,0,1,0,0,1,0,0,1,0,0,0,0,0,0,1,0,2,2.0,1
blakest01,Steve Blake,train,-3.390394,2014,2,1,55.0,6.873,27.236,11.0,-1.1,0.4,1.8,0.058,13.8,0.5082,5.582,2.891,0.145,0.982,1.855,9,612.0,7.23,26.58,4.8,24.8,0.9,5.2,34,75,172,11,1.0,0,0.35,0,1,0.28,0.3,0.28,42.0,1.0,0.0,-12.901,92.25,0.0,15.0,0.34,0.5,0.43,42.0,1.0,0.0,-12.901,92.929,0.0,15.0,0.0,2.511,0,2.511,23.0,0,0,1,0,0,0,1,0,0,0,1,0,0,1,0,0,0,0,0.0,0
bledser01,Eric Bledsoe,train,-1.609438,2014,5,1,43.0,17.744,32.93,19.6,3.1,1.8,4.1,0.139,24.9,0.5778,5.465,4.698,0.326,1.605,3.326,4,240.0,8.67,21.97,3.9,8.3,4.0,8.0,25,73,214,4,1.0,0,0.25,0,0,0.28,0.3,0.28,42.0,1.0,0.0,-12.901,92.25,0.0,15.0,0.34,0.5,0.43,42.0,1.0,0.0,-12.901,92.929,0.0,15.0,0.0,5.059,0,5.059,12.0,0,1,0,0,0,0,0,1,0,0,1,0,0,1,0,0,0,2,2.0,0
bledser01,Eric Bledsoe,train,-1.830431,2019,4,1,78.0,15.91,29.128,19.3,3.1,2.9,8.2,0.173,22.9,0.5773,5.513,4.641,0.372,1.487,2.115,9,570.0,14.09,27.9,16.8,36.9,8.6,19.1,30,73,214,9,1.0,0,0.35,0,0,8.04,8.6,8.87,60.0,1.0,0.0,-22.044,114.956,7.413,15.0,8.04,8.6,8.87,60.0,1.0,0.0,-22.044,114.956,7.413,15.0,0.0,1.586,0,1.586,38.0,1,1,0,0,0,0,0,1,1,0,0,0,0,1,0,0,0,0,0.0,0
bogdabo01,Bogdan Bogdanović,train,-2.398834,2017,3,0,66.0,9.478,24.912,14.9,-0.1,0.7,3.2,0.104,19.0,0.559,1.722,3.879,0.354,0.721,1.148,0,0.0,9.05,23.27,0.0,0.0,0.0,0.0,25,77,225,0,1.0,0,0.25,0,3,-3.29,-4.0,-3.88,32.0,0.0,0.0,-1.524,87.859,7.808,15.0,-3.29,-4.0,-3.88,32.0,0.0,0.0,-1.524,87.859,7.808,15.0,0.0,2.453,0,2.453,20.0,0,0,1,0,0,1,0,0,1,0,0,0,0,0,0,0,1,0,0.0,0
bogdabo01,Bogdan Bogdanović,train,-1.80226,2020,4,1,61.0,15.148,28.951,15.2,0.6,1.2,3.1,0.084,22.6,0.5655,3.393,3.393,0.246,1.049,1.672,3,209.0,13.55,28.17,2.2,8.7,2.2,8.7,28,77,225,3,0.0,1,0.25,0,3,-7.71,-7.6,-7.97,20.0,0.0,0.0,-3.203,82.576,29.766,15.0,-1.59,-2.0,-2.04,31.0,0.0,0.0,-7.726,112.819,4.046,15.0,0.0,2.453,1,6.144,7.0,1,0,0,1,0,1,0,0,1,0,0,0,0,0,0,1,0,2,0.0,0
bogdabo01,Bogdan Bogdanović,val,-2.11262,2023,4,1,54.0,14.0,27.926,14.2,0.5,0.9,2.8,0.089,19.8,0.5862,2.778,3.056,0.333,0.796,1.204,6,370.0,14.21,28.51,6.4,19.1,4.2,10.4,31,77,225,6,1.0,0,0.3,0,2,0.32,0.3,0.29,41.0,1.0,0.0,-25.479,149.028,0.106,15.0,0.32,0.3,0.29,41.0,1.0,0.0,-25.479,149.028,0.106,15.0,1.0,6.144,1,6.144,7.0,1,1,0,0,0,0,0,1,0,1,0,0,0,0,0,1,0,2,2.0,0
bogdabo02,Bojan Bogdanović,train,-2.910634,2014,3,0,66.0,9.478,24.912,14.9,-0.1,0.7,3.2,0.104,19.0,0.559,1.722,3.879,0.354,0.721,1.148,0,0.0,9.05,23.27,0.0,0.0,0.0,0.0,25,79,226,0,1.0,0,0.25,0,0,0.28,0.3,0.28,42.0,1.0,0.0,-12.901,92.25,0.0,15.0,0.34,0.5,0.43,42.0,1.0,0.0,-12.901,92.929,0.0,15.0,1.0,19.113,1,19.113,1.0,0,0,1,0,0,1,0,0,0,0,1,0,0,0,0,0,1,2,2.0,0
bogdabo02,Bojan Bogdanović,train,-2.244684,2017,2,1,81.0,13.741,25.716,13.5,-2.2,-0.1,2.9,0.067,22.4,0.5846,1.37,3.42,0.086,0.42,1.617,3,238.0,11.34,25.43,-0.8,6.2,-0.8,6.2,28,79,226,3,0.0,0,0.25,0,0,-0.64,-0.2,-0.22,42.0,1.0,0.0,0.141,85.614,8.388,15.0,1.36,1.9,1.8,49.0,1.0,0.0,-8.195,100.786,1.552,15.0,1.0,6.385,0,2.126,25.0,0,0,1,0,0,0,1,0,1,0,0,0,0,0,1,0,0,0,2.0,0
bogdabo02,Bojan Bogdanović,train,-1.787097,2019,4,1,81.0,17.951,31.765,16.1,0.7,1.7,6.8,0.127,22.4,0.6134,1.988,4.111,0.012,0.852,1.654,5,399.0,13.27,27.79,1.7,18.4,2.4,15.1,30,79,226,5,0.0,0,0.25,0,0,5.28,5.2,5.26,50.0,1.0,0.0,-12.969,113.394,0.0,15.0,2.76,3.4,3.33,48.0,1.0,0.0,-8.71,99.582,10.997,15.0,0.0,2.126,0,1.266,28.0,0,0,1,0,0,0,1,0,1,0,0,0,0,0,1,0,0,0,0.0,0
bogdabo02,Bojan Bogdanović,val,-1.941626,2022,2,1,69.0,18.087,30.884,15.7,0.0,1.1,5.2,0.117,23.7,0.5986,1.739,4.29,0.014,0.493,1.71,8,603.0,15.0,29.05,4.8,33.0,3.1,14.6,33,79,226,8,0.0,0,0.3,0,0,-7.36,-7.8,-7.72,23.0,0.0,0.0,-16.575,83.561,45.428,15.0,5.67,6.2,6.04,49.0,1.0,0.0,-33.555,145.681,0.288,14.0,0.0,1.266,0,4.365,14.0,0,1,0,0,0,0,0,1,1,0,0,0,1,0,0,0,0,1,0.0,0
bogutan01,Andrew Bogut,train,-1.659259,2013,3,1,32.0,5.812,24.562,13.8,1.4,0.7,1.7,0.104,13.4,0.4633,2.094,7.656,1.719,0.625,1.094,8,440.0,12.19,32.1,10.6,32.0,2.8,7.6,29,84,260,8,1.0,0,0.3,0,0,0.28,0.3,0.28,42.0,1.0,0.0,-12.901,92.25,0.0,15.0,0.34,0.5,0.43,42.0,1.0,0.0,-12.901,92.929,0.0,15.0,1.0,4.749,1,4.749,10.0,0,1,0,0,0,0,0,1,0,0,1,1,0,0,0,0,0,2,2.0,0
bolbo01,Bol Bol,val,-4.029038,2022,2,1,14.0,2.357,5.786,13.5,-1.0,0.0,0.1,0.059,18.0,0.5651,0.357,1.429,0.143,0.071,0.286,3,53.0,2.68,6.19,-0.1,0.2,-0.1,0.2,23,87,220,2,1.0,0,0.25,0,0,-7.67,-8.0,-8.0,22.0,0.0,0.0,-14.578,110.992,7.019,15.0,-7.67,-8.0,-8.0,22.0,0.0,0.0,-14.578,110.992,7.019,15.0,0.0,2.673,0,2.673,15.0,0,0,1,0,0,0,1,0,1,0,0,0,1,0,0,0,0,1,1.0,0
boldejo01,Jonah Bolden,train,-4.064072,2018,4,0,66.0,9.478,24.912,14.9,-0.1,0.7,3.2,0.104,19.0,0.559,1.722,3.879,0.354,0.721,1.148,0,0.0,9.05,23.27,0.0,0.0,0.0,0.0,22,80,225,0,1.0,0,0.25,0,0,4.3,4.5,4.5,52.0,1.0,0.0,-0.928,89.639,10.382,15.0,4.3,4.5,4.5,52.0,1.0,0.0,-0.928,89.639,10.382,15.0,1.0,6.228,1,6.228,5.0,0,0,1,0,0,1,0,0,1,0,0,0,0,0,0,0,1,2,2.0,0
bonaad01,Adem Bona,test,-4.265265,2024,4,0,66.0,9.478,24.912,14.9,-0.1,0.7,3.2,0.104,19.0,0.559,1.722,3.879,0.354,0.721,1.148,0,0.0,9.05,23.27,0.0,0.0,0.0,0.0,21,82,235,0,1.0,0,0.25,0,0,2.51,3.1,3.05,47.0,1.0,0.0,-45.888,161.97,2.568,15.0,2.51,3.1,3.05,47.0,1.0,0.0,-45.888,161.97,2.568,15.0,1.0,6.228,1,6.228,5.0,0,0,1,0,0,0,0,1,0,1,0,0,0,0,0,0,1,2,2.0,0
bongais01,Isaac Bonga,train,-4.316203,2018,3,0,66.0,9.478,24.912,14.9,-0.1,0.7,3.2,0.104,19.0,0.559,1.722,3.879,0.354,0.721,1.148,0,0.0,9.05,23.27,0.0,0.0,0.0,0.0,19,80,180,0,1.0,0,0.25,0,0,-1.44,-1.5,-1.55,35.0,0.0,0.0,-6.027,93.849,8.329,15.0,-1.44,-1.5,-1.55,35.0,0.0,0.0,-6.027,93.849,8.329,15.0,1.0,12.901,1,12.901,2.0,0,0,1,0,0,0,0,1,1,0,0,0,0,0,0,0,1,2,2.0,0
bookede01,Devin Booker,train,-3.471467,2015,2,0,66.0,9.478,24.912,14.9,-0.1,0.7,3.2,0.104,19.0,0.559,1.722,3.879,0.354,0.721,1.148,0,0.0,9.05,23.27,0.0,0.0,0.0,0.0,19,77,206,0,1.0,0,0.25,0,2,-0.38,-0.9,-0.9,39.0,0.0,0.0,2.828,55.464,4.773,16.0,-0.38,-0.9,-0.9,39.0,0.0,0.0,2.828,55.464,4.773,16.0,0.0,5.059,0,5.059,12.0,0,0,1,0,0,0,0,1,0,0,1,0,0,0,0,0,1,2,2.0,0
bookede01,Devin Booker,train,-1.237893,2018,5,1,54.0,24.926,34.537,18.1,0.9,1.4,2.4,0.062,31.7,0.5614,4.685,4.519,0.259,0.87,3.593,3,208.0,19.81,32.23,1.0,6.3,1.0,6.3,22,77,206,3,1.0,0,0.25,0,0,-8.8,-9.4,-9.37,21.0,0.0,0.0,6.574,73.955,18.563,15.0,-8.8,-9.4,-9.37,21.0,0.0,0.0,6.574,73.955,18.563,15.0,0.0,5.059,0,5.059,12.0,0,1,0,0,0,0,0,1,1,0,0,0,0,0,0,1,0,2,2.0,0
bookede01,Devin Booker,val,-0.903478,2022,4,1,68.0,26.794,34.485,21.3,4.1,3.6,7.6,0.156,32.0,0.5763,4.838,5.029,0.382,1.132,2.382,7,477.0,23.52,33.69,10.2,29.8,7.5,20.0,26,77,206,7,1.0,0,0.35,1,0,6.94,7.5,7.5,64.0,1.0,0.0,-21.328,129.977,3.765,15.0,6.94,7.5,7.5,64.0,1.0,0.0,-21.328,129.977,3.765,15.0,0.0,5.059,0,5.059,12.0,0,1,0,0,0,0,0,1,1,0,0,0,0,0,0,1,0,2,2.0,0
bookede01,Devin Booker,test,-0.943548,2025,2,1,75.0,25.64,37.267,19.3,0.4,1.7,6.4,0.11,29.3,0.589,7.053,4.067,0.213,0.893,2.933,10,673.0,24.45,34.4,17.9,51.4,7.7,21.6,29,77,206,10,1.0,1,0.35,0,0,-2.55,-3.1,-3.0,36.0,0.0,0.0,-87.877,210.557,3.814,15.0,-2.55,-3.1,-3.0,36.0,0.0,0.0,-87.877,210.557,3.814,15.0,0.0,5.059,0,5.059,12.0,0,1,0,0,0,0,0,1,0,1,0,0,0,0,0,1,0,2,2.0,0
booketr01,Trevor Booker,train,-2.556974,2014,2,1,72.0,6.819,21.569,15.0,-0.1,0.7,4.3,0.133,14.4,0.5625,0.889,5.264,0.625,0.569,0.806,4,235.0,6.43,20.27,1.6,12.2,1.3,9.6,27,80,228,4,1.0,0,0.25,0,0,0.28,0.3,0.28,42.0,1.0,0.0,-12.901,92.25,0.0,15.0,0.34,0.5,0.43,42.0,1.0,0.0,-12.901,92.929,0.0,15.0,0.0,1.266,0,1.266,28.0,0,0,1,0,0,0,1,0,0,0,1,0,1,0,0,0,0,0,0.0,0
booketr01,Trevor Booker,train,-2.320191,2016,2,1,79.0,5.861,20.658,14.4,0.0,0.8,4.3,0.126,14.6,0.5326,1.051,5.722,0.519,0.747,1.025,6,393.0,6.47,20.25,3.1,20.1,2.2,12.2,29,80,228,6,0.0,0,0.25,0,0,-7.12,-7.7,-7.35,21.0,0.0,0.0,-11.451,51.713,28.791,15.0,1.84,2.0,1.79,40.0,0.0,0.0,5.182,63.16,1.658,15.0,0.0,1.266,1,19.113,1.0,0,0,1,0,0,0,1,0,0,0,1,0,1,0,0,0,0,2,0.0,0
bouchch01,Chris Boucher,train,-2.783089,2020,2,1,62.0,6.629,13.21,20.7,2.0,0.8,3.8,0.223,19.7,0.5871,0.419,4.468,0.984,0.355,0.452,3,91.0,5.54,10.8,1.0,4.5,1.0,4.5,27,80,200,2,1.0,0,0.25,0,0,5.97,6.1,6.24,53.0,1.0,0.0,-33.161,123.954,1.2,15.0,5.97,6.1,6.24,53.0,1.0,0.0,-33.161,123.954,1.2,15.0,1.0,6.202,1,6.202,9.0,1,0,1,0,0,1,0,0,1,0,0,1,0,0,0,0,0,2,2.0,1
bouchch01,Chris Boucher,val,-2.353642,2022,3,1,80.0,9.425,21.125,17.9,0.1,0.9,6.0,0.17,17.8,0.5696,0.312,6.175,0.938,0.613,0.525,5,231.0,8.99,17.86,3.9,16.6,3.7,15.9,29,80,200,4,1.0,0,0.25,0,0,2.38,2.4,2.29,48.0,1.0,0.0,-37.026,130.912,2.776,15.0,2.38,2.4,2.29,48.0,1.0,0.0,-37.026,130.912,2.776,15.0,1.0,6.202,1,6.202,9.0,0,0,1,0,0,1,0,0,1,0,0,0,0,0,1,0,0,2,2.0,1
bradlav01,Avery Bradley,train,-2.064724,2014,4,1,60.0,14.85,30.917,12.7,-1.9,0.1,1.8,0.047,23.2,0.5096,1.417,3.767,0.183,1.05,1.6,4,205.0,9.21,23.51,-0.8,4.1,-0.4,4.6,24,75,180,4,1.0,0,0.25,0,2,0.28,0.3,0.28,42.0,1.0,0.0,-12.901,92.25,0.0,15.0,0.34,0.5,0.43,42.0,1.0,0.0,-12.901,92.929,0.0,15.0,1.0,4.899,1,4.899,9.0,0,0,1,0,0,1,0,0,0,0,1,0,0,0,0,1,0,2,2.0,0
bradlav01,Avery Bradley,train,-2.09956,2018,2,1,46.0,14.261,31.152,9.6,-4.0,-0.7,-0.2,-0.007,23.5,0.4962,2.043,2.522,0.174,1.109,2.196,8,459.0,12.34,28.44,0.3,14.3,1.2,7.7,28,75,180,8,1.0,0,0.3,0,2,0.15,0.1,0.04,42.0,0.0,0.0,-19.724,116.142,2.675,15.0,0.15,0.1,0.04,42.0,0.0,0.0,-19.724,116.142,2.675,15.0,1.0,12.901,1,12.901,2.0,0,0,1,0,0,0,1,0,1,0,0,0,0,0,0,1,0,2,2.0,0
bradlav01,Avery Bradley,train,-3.106462,2019,2,1,63.0,9.921,30.238,7.6,-3.7,-0.8,0.3,0.008,16.2,0.496,2.413,2.778,0.254,0.651,1.413,9,522.0,12.05,28.65,-0.5,14.6,-0.8,3.2,29,75,180,9,0.0,1,0.3,0,2,-1.33,-1.7,-1.72,37.0,0.0,0.0,-3.465,90.827,14.507,15.0,-2.08,-2.7,-2.6,33.0,0.0,0.0,-22.346,119.619,2.419,16.0,0.0,1.358,1,12.901,2.0,0,0,1,0,0,0,1,0,1,0,0,0,0,0,0,1,0,2,0.0,0
bradlto01,Tony Bradley,train,-4.072471,2021,2,1,42.0,7.143,16.286,20.7,1.3,0.6,2.7,0.189,15.8,0.6781,0.881,5.69,0.714,0.357,0.786,4,112.0,5.45,12.61,1.2,6.1,1.2,6.1,23,82,248,4,0.0,1,0.25,0,2,-0.94,-0.9,-0.89,31.0,0.0,0.0,-18.925,127.968,0.097,15.0,-10.13,-10.5,-10.64,22.0,0.0,0.0,4.57,58.973,36.223,15.0,0.0,1.435,1,9.441,3.0,0,0,1,0,0,0,1,0,1,0,0,1,0,0,0,0,0,2,0.0,0
brazdig01,Ignas Brazdeikis,train,-4.506152,2019,2,0,66.0,9.478,24.912,14.9,-0.1,0.7,3.2,0.104,19.0,0.559,1.722,3.879,0.354,0.721,1.148,0,0.0,9.05,23.27,0.0,0.0,0.0,0.0,20,78,221,0,1.0,0,0.25,0,0,-8.93,-9.2,-9.21,17.0,0.0,0.0,-21.397,62.775,60.49,15.0,-8.93,-9.2,-9.21,17.0,0.0,0.0,-21.397,62.775,60.49,15.0,1.0,19.113,1,19.113,1.0,0,0,1,0,0,0,0,1,1,0,0,0,0,0,0,0,1,2,2.0,0
breweco01,Corey Brewer,train,-2.194372,2015,3,1,80.0,11.463,26.087,13.9,-1.0,0.5,3.1,0.071,21.6,0.5069,2.163,3.712,0.237,1.425,1.637,8,547.0,10.24,25.76,2.3,16.7,2.9,12.2,29,81,186,8,1.0,0,0.3,0,0,3.82,3.6,3.44,56.0,1.0,0.0,-10.985,71.005,3.046,16.0,3.82,3.6,3.44,56.0,1.0,0.0,-10.985,71.005,3.046,16.0,1.0,7.206,1,7.206,6.0,0,0,1,0,0,0,1,0,0,0,1,0,0,0,1,0,0,2,2.0,0
bridgmi01,Mikal Bridges,test,-1.512114,2025,4,1,82.0,17.61,37.024,14.0,-0.5,1.2,5.7,0.09,19.6,0.5847,3.732,3.159,0.524,0.915,1.61,7,556.0,14.76,33.3,12.7,42.0,5.2,17.4,29,78,209,7,1.0,1,0.3,0,0,3.59,4.2,4.1,51.0,1.0,0.0,-48.29,188.001,0.876,15.0,3.59,4.2,4.1,51.0,1.0,0.0,-48.29,188.001,0.876,15.0,1.0,19.113,1,19.113,1.0,0,1,0,0,0,0,0,1,0,1,0,0,0,0,1,0,0,2,2.0,0
bridgmi02,Miles Bridges,test,-1.726958,2024,3,1,69.0,21.0,37.406,15.4,-1.1,0.6,2.2,0.041,24.7,0.5561,3.348,7.319,0.478,0.942,2.0,5,360.0,14.84,30.67,4.4,18.1,3.1,9.4,26,79,225,6,1.0,0,0.25,0,0,-10.12,-10.5,-10.24,21.0,0.0,0.0,-5.015,97.075,40.357,15.0,-10.12,-10.5,-10.24,21.0,0.0,0.0,-5.015,97.075,40.357,15.0,0.0,2.66,0,2.66,21.0,0,0,1,0,0,0,1,0,0,1,0,0,0,0,1,0,0,0,0.0,0
briscis01,Isaiah Briscoe,train,-4.219891,2018,4,0,66.0,9.478,24.912,14.9,-0.1,0.7,3.2,0.104,19.0,0.559,1.722,3.879,0.354,0.721,1.148,0,0.0,9.05,23.27,0.0,0.0,0.0,0.0,22,75,215,0,1.0,0,0.25,0,0,-4.92,-4.9,-4.82,25.0,0.0,0.0,3.555,94.947,0.592,15.0,-4.92,-4.9,-4.82,25.0,0.0,0.0,3.555,94.947,0.592,15.0,0.0,2.673,0,2.673,15.0,0,0,1,0,0,0,0,1,1,0,0,0,0,0,0,0,1,1,1.0,1
brissos01,Oshae Brissett,val,-4.0734,2023,2,1,65.0,6.123,16.662,10.6,-3.2,-0.3,1.1,0.049,16.1,0.5199,0.677,3.354,0.2,0.508,0.523,4,172.0,7.42,19.19,-0.2,5.2,-0.1,5.1,25,79,210,4,0.0,1,0.25,0,1,6.38,6.5,6.52,57.0,1.0,0.0,-53.141,176.703,0.093,15.0,-2.91,-3.1,-3.18,35.0,0.0,0.0,1.51,110.311,11.835,15.0,0.0,2.126,1,4.899,9.0,0,0,1,0,0,1,0,0,0,1,0,0,1,0,0,0,0,2,0.0,1
broekry01,Ryan Broekhoff,train,-4.50147,2018,2,0,66.0,9.478,24.912,14.9,-0.1,0.7,3.2,0.104,19.0,0.559,1.722,3.879,0.354,0.721,1.148,0,0.0,9.05,23.27,0.0,0.0,0.0,0.0,28,78,215,0,1.0,0,0.25,0,0,-2.7,-3.2,-3.04,24.0,0.0,0.0,13.946,77.926,7.221,15.0,-2.7,-3.2,-3.04,24.0,0.0,0.0,13.946,77.926,7.221,15.0,1.0,7.943,1,7.943,4.0,0,0,1,0,0,0,0,1,1,0,0,0,0,0,0,0,1,2,2.0,1
brogdma01,Malcolm Brogdon,train,-1.636275,2019,4,1,64.0,15.641,28.625,17.8,2.2,1.9,6.5,0.17,20.7,0.6142,3.203,4.5,0.203,0.719,1.422,3,187.0,12.8,28.08,3.0,13.3,3.0,13.3,27,76,229,3,1.0,0,0.25,0,0,8.04,8.6,8.87,60.0,1.0,0.0,-22.044,114.956,7.413,15.0,8.04,8.6,8.87,60.0,1.0,0.0,-22.044,114.956,7.413,15.0,0.0,1.586,0,1.586,38.0,0,0,0,0,1,1,0,0,1,0,0,0,0,0,0,1,0,0,0.0,0
brogdma01,Malcolm Brogdon,train,-1.70398,2021,2,1,56.0,21.179,34.464,17.9,2.1,2.0,4.2,0.104,25.9,0.5606,5.875,5.25,0.268,0.875,2.054,5,297.0,15.06,29.78,6.6,21.5,5.5,14.7,29,76,229,5,1.0,0,0.25,0,0,-0.13,0.0,-0.04,34.0,0.0,0.0,-19.866,125.044,3.961,15.0,-0.13,0.0,-0.04,34.0,0.0,0.0,-19.866,125.044,3.961,15.0,0.0,2.126,0,2.126,25.0,0,1,0,0,0,0,0,1,1,0,0,0,0,1,0,0,0,0,0.0,0
brookar01,Armoni Brooks,train,-4.134402,2021,4,1,20.0,11.15,26.0,10.4,-3.2,-0.2,0.3,0.028,17.9,0.5652,1.5,3.4,0.25,0.6,1.1,1,20.0,11.15,26.0,-0.2,0.3,-0.2,0.3,23,75,195,0,1.0,0,0.25,0,0,-7.5,-7.8,-7.9,17.0,0.0,0.0,-20.393,121.883,6.204,15.0,-7.5,-7.8,-7.9,17.0,0.0,0.0,-20.393,121.883,6.204,15.0,1.0,7.206,1,7.206,6.0,0,0,1,0,0,1,0,0,1,0,0,0,0,0,0,1,0,2,2.0,1
brookdi01,Dillon Brooks,train,-2.265453,2020,3,1,73.0,16.178,28.932,11.3,-4.1,-1.1,1.2,0.027,25.2,0.5102,2.055,3.329,0.37,0.863,1.699,3,173.0,12.8,27.7,-2.7,2.4,-2.7,2.4,24,79,225,3,1.0,0,0.25,0,0,-0.91,-1.1,-1.07,34.0,0.0,0.0,-23.705,97.227,32.254,15.0,-0.91,-1.1,-1.07,34.0,0.0,0.0,-23.705,97.227,32.254,15.0,0.0,1.358,0,1.358,51.0,1,1,0,0,0,0,0,1,1,0,0,0,0,0,0,1,0,0,0.0,0
brookdi01,Dillon Brooks,val,-1.844756,2023,4,1,73.0,14.342,30.329,9.4,-3.9,-1.1,1.6,0.035,21.8,0.4944,2.589,3.342,0.219,0.89,1.425,6,345.0,14.5,28.66,-4.7,7.0,-2.0,4.6,27,79,225,6,1.0,0,0.25,0,0,3.6,3.9,3.94,51.0,1.0,0.0,-4.102,123.017,3.102,15.0,3.6,3.9,3.94,51.0,1.0,0.0,-4.102,123.017,3.102,15.0,0.0,1.358,0,1.358,51.0,0,0,0,0,1,0,1,0,0,1,0,0,0,0,1,0,0,0,0.0,0
brownan02,Anthony Brown,train,-4.39545,2015,3,0,66.0,9.478,24.912,14.9,-0.1,0.7,3.2,0.104,19.0,0.559,1.722,3.879,0.354,0.721,1.148,0,0.0,9.05,23.27,0.0,0.0,0.0,0.0,23,79,224,0,1.0,0,0.25,0,0,-6.17,-7.2,-6.84,21.0,0.0,0.0,-7.309,59.483,10.891,16.0,-6.17,-7.2,-6.84,21.0,0.0,0.0,-7.309,59.483,10.891,16.0,1.0,12.901,1,12.901,2.0,0,0,1,0,0,0,0,1,0,0,1,0,0,0,0,0,1,2,2.0,0
brownan02,Anthony Brown,train,-4.678346,2016,2,1,29.0,3.966,20.655,4.9,-5.5,-0.5,-0.3,-0.024,11.0,0.4266,0.655,2.414,0.172,0.483,0.517,1,29.0,3.97,20.66,-0.5,-0.3,-0.5,-0.3,24,79,224,1,0.0,0,0.25,0,0,-3.56,-3.9,-3.79,30.0,0.0,0.0,-11.426,80.165,1.261,18.0,-8.92,-10.0,-9.56,17.0,0.0,0.0,-3.113,71.77,0.195,15.0,1.0,12.901,0,1.29,50.0,1,0,1,0,0,1,0,0,0,0,1,0,0,0,1,0,0,0,2.0,0
brownbr01,Bruce Brown,train,-4.348584,2018,3,0,66.0,9.478,24.912,14.9,-0.1,0.7,3.2,0.104,19.0,0.559,1.722,3.879,0.354,0.721,1.148,0,0.0,9.05,23.27,0.0,0.0,0.0,0.0,22,76,202,0,1.0,0,0.25,0,2,-0.26,-0.1,-0.15,39.0,0.0,0.0,-19.805,113.041,5.857,15.0,-0.26,-0.1,-0.15,39.0,0.0,0.0,-19.805,113.041,5.857,15.0,0.0,4.365,0,4.365,14.0,0,0,1,0,0,0,0,1,1,0,0,0,0,0,0,0,1,1,1.0,0
brownbr01,Bruce Brown,val,-2.924383,2022,2,1,72.0,8.986,24.639,15.0,0.7,1.2,4.8,0.13,15.0,0.5753,2.056,4.792,0.722,1.069,0.778,4,269.0,7.64,23.45,1.7,12.8,2.2,11.3,26,76,202,4,0.0,1,0.25,0,2,2.16,2.4,2.3,48.0,1.0,0.0,-26.55,135.434,0.192,15.0,0.82,0.8,0.78,44.0,1.0,0.0,-60.406,157.844,11.438,15.0,1.0,19.113,0,3.038,17.0,0,0,1,0,0,1,0,0,1,0,0,0,0,0,1,0,0,1,2.0,0
brownbr01,Bruce Brown,val,-1.799294,2023,2,1,80.0,11.537,28.5,13.3,-0.5,0.9,4.3,0.091,17.8,0.5709,3.35,4.1,0.637,1.087,1.538,5,349.0,8.54,24.61,2.6,17.1,2.8,13.5,27,76,202,5,0.0,0,0.25,0,1,-2.91,-3.1,-3.18,35.0,0.0,0.0,1.51,110.311,11.835,15.0,3.04,3.4,3.33,53.0,1.0,1.0,-45.946,160.688,0.0,15.0,0.0,3.038,0,2.126,25.0,0,0,1,0,0,0,1,0,0,1,0,0,0,0,1,0,0,0,1.0,0
browngr01,Greg Brown III,train,-4.357545,2021,3,0,66.0,9.478,24.912,14.9,-0.1,0.7,3.2,0.104,19.0,0.559,1.722,3.879,0.354,0.721,1.148,0,0.0,9.05,23.27,0.0,0.0,0.0,0.0,20,79,206,0,1.0,0,0.25,0,0,1.81,1.8,1.79,42.0,1.0,0.0,-26.308,125.357,4.98,14.0,1.81,1.8,1.79,42.0,1.0,0.0,-26.308,125.357,4.98,14.0,0.0,2.511,0,2.511,23.0,0,0,1,0,0,0,0,1,1,0,0,0,0,0,0,0,1,0,0.0,0
brownja02,Jaylen Brown,train,-1.412661,2019,4,1,74.0,13.027,25.851,13.5,-2.1,0.0,3.0,0.075,22.1,0.5472,1.351,4.23,0.432,0.932,1.338,3,222.0,11.24,24.35,0.2,9.0,0.2,9.0,23,78,223,3,1.0,0,0.25,0,0,3.9,4.4,4.44,49.0,1.0,0.0,-26.926,125.327,0.178,15.0,3.9,4.4,4.44,49.0,1.0,0.0,-26.926,125.327,0.178,15.0,1.0,4.899,1,4.899,9.0,0,1,0,0,0,0,0,1,1,0,0,0,0,0,0,1,0,2,2.0,0
brownja02,Jaylen Brown,val,-0.901415,2023,5,1,67.0,26.627,35.896,19.1,1.3,2.0,5.0,0.1,31.4,0.5813,3.463,6.851,0.388,1.119,2.94,7,470.0,17.93,29.71,8.1,29.5,6.5,15.6,27,78,223,7,1.0,0,0.35,1,0,6.38,6.5,6.52,57.0,1.0,0.0,-53.141,176.703,0.093,15.0,6.38,6.5,6.52,57.0,1.0,0.0,-53.141,176.703,0.093,15.0,1.0,4.899,1,4.899,9.0,0,1,0,0,0,0,0,1,0,1,0,0,0,0,1,0,0,2,2.0,0
brownma02,Markel Brown,train,-4.537209,2014,2,0,66.0,9.478,24.912,14.9,-0.1,0.7,3.2,0.104,19.0,0.559,1.722,3.879,0.354,0.721,1.148,0,0.0,9.05,23.27,0.0,0.0,0.0,0.0,22,75,190,0,1.0,0,0.25,0,0,0.28,0.3,0.28,42.0,1.0,0.0,-12.901,92.25,0.0,15.0,0.34,0.5,0.43,42.0,1.0,0.0,-12.901,92.929,0.0,15.0,1.0,19.113,1,19.113,1.0,0,0,1,0,0,0,0,1,0,0,1,0,0,0,0,0,1,2,2.0,0
brownst02,Sterling Brown,train,-4.35967,2017,3,0,66.0,9.478,24.912,14.9,-0.1,0.7,3.2,0.104,19.0,0.559,1.722,3.879,0.354,0.721,1.148,0,0.0,9.05,23.27,0.0,0.0,0.0,0.0,22,77,219,0,1.0,0,0.25,0,0,-0.45,-0.2,-0.18,42.0,1.0,0.0,1.467,89.532,3.145,15.0,-0.45,-0.2,-0.18,42.0,1.0,0.0,1.467,89.532,3.145,15.0,0.0,1.586,0,1.586,38.0,0,0,1,0,0,0,0,1,1,0,0,0,0,0,0,0,1,0,0.0,0
brownst02,Sterling Brown,train,-3.623576,2021,2,1,51.0,8.157,24.098,11.1,-1.6,0.1,1.8,0.07,13.5,0.5966,1.412,4.392,0.235,0.745,0.804,4,215.0,5.91,17.7,0.0,5.7,0.2,5.0,26,77,219,4,0.0,0,0.25,0,0,2.26,2.4,2.26,42.0,1.0,0.0,-16.675,124.195,1.621,15.0,-7.5,-7.8,-7.9,17.0,0.0,0.0,-20.393,121.883,6.204,15.0,1.0,7.206,1,7.943,4.0,0,0,1,0,0,1,0,0,1,0,0,0,0,0,0,1,0,2,2.0,0
browntr01,Troy Brown Jr.,val,-3.526515,2023,2,1,76.0,7.118,24.474,9.6,-1.0,0.5,2.9,0.075,12.1,0.561,1.25,4.053,0.211,0.776,0.645,5,297.0,6.56,20.04,0.5,7.8,0.3,4.8,24,79,215,5,0.0,0,0.25,0,0,-0.22,-0.1,-0.04,42.0,1.0,0.0,-51.252,141.489,1.836,15.0,0.43,0.6,0.57,43.0,1.0,0.0,-56.412,164.963,2.45,15.0,1.0,12.901,0,3.703,16.0,0,0,1,0,0,0,1,0,0,1,0,0,0,0,1,0,0,1,2.0,0
brunsja01,Jalen Brunson,train,-4.195157,2018,4,0,66.0,9.478,24.912,14.9,-0.1,0.7,3.2,0.104,19.0,0.559,1.722,3.879,0.354,0.721,1.148,0,0.0,9.05,23.27,0.0,0.0,0.0,0.0,22,74,190,0,1.0,0,0.25,0,0,-2.7,-3.2,-3.04,24.0,0.0,0.0,13.946,77.926,7.221,15.0,-2.7,-3.2,-3.04,24.0,0.0,0.0,13.946,77.926,7.221,15.0,1.0,7.943,1,7.943,4.0,0,0,1,0,0,0,0,1,1,0,0,0,0,0,0,0,1,2,2.0,0
brunsja01,Jalen Brunson,val,-1.559399,2022,4,1,79.0,16.266,31.949,17.1,0.9,1.9,7.5,0.143,21.9,0.5832,4.772,3.911,0.038,0.835,1.57,4,277.0,11.86,24.67,3.5,17.3,3.4,14.7,26,74,190,4,0.0,1,0.25,0,0,-0.01,-0.1,-0.12,37.0,0.0,0.0,-5.982,108.416,9.981,15.0,3.12,3.4,3.3,52.0,1.0,0.0,-34.32,117.319,7.431,15.0,1.0,7.943,1,19.113,1.0,0,0,1,0,0,1,0,0,1,0,0,0,0,0,0,1,0,2,2.0,0
brunsja01,Jalen Brunson,test,-1.374383,2024,4,1,77.0,28.727,35.403,23.4,5.8,5.4,11.2,0.197,32.5,0.5925,6.74,3.61,0.169,0.909,2.416,6,422.0,16.9,28.29,12.4,37.2,10.8,27.4,28,74,190,6,1.0,1,0.3,0,0,4.36,4.8,4.59,50.0,1.0,0.0,-26.935,160.343,2.613,15.0,4.36,4.8,4.59,50.0,1.0,0.0,-26.935,160.343,2.613,15.0,1.0,19.113,1,19.113,1.0,0,1,0,0,0,0,0,1,0,1,0,0,0,1,0,0,0,2,2.0,0
brussni01,Nicolás Brussino,train,-4.727136,2016,3,0,66.0,9.478,24.912,14.9,-0.1,0.7,3.2,0.104,19.0,0.559,1.722,3.879,0.354,0.721,1.148,0,0.0,9.05,23.27,0.0,0.0,0.0,0.0,23,80,195,0,1.0,0,0.25,0,0,-0.02,-0.3,-0.3,42.0,1.0,0.0,-4.044,71.199,1.898,15.0,-0.02,-0.3,-0.3,42.0,1.0,0.0,-4.044,71.199,1.898,15.0,1.0,7.943,1,7.943,4.0,0,0,1,0,0,0,0,1,0,0,1,0,0,0,0,0,1,2,2.0,1
bryanko01,Kobe Bryant,train,-0.966112,2013,2,1,78.0,27.346,38.628,23.0,4.6,5.0,10.9,0.174,31.9,0.5702,6.013,5.551,0.321,1.359,3.679,8,612.0,28.73,38.28,43.6,91.6,12.9,27.4,35,78,212,17,1.0,0,0.35,0,0,0.28,0.3,0.28,42.0,1.0,0.0,-12.901,92.25,0.0,15.0,0.34,0.5,0.43,42.0,1.0,0.0,-12.901,92.929,0.0,15.0,1.0,12.901,1,12.901,2.0,1,1,0,0,0,0,0,1,0,0,1,0,0,0,0,1,0,2,2.0,0
bryanth01,Thomas Bryant,train,-4.505304,2017,2,0,66.0,9.478,24.912,14.9,-0.1,0.7,3.2,0.104,19.0,0.559,1.722,3.879,0.354,0.721,1.148,0,0.0,9.05,23.27,0.0,0.0,0.0,0.0,20,81,248,0,1.0,0,0.25,0,1,-6.29,-7.0,-6.88,26.0,0.0,0.0,-0.061,85.64,8.565,15.0,-6.29,-7.0,-6.88,26.0,0.0,0.0,-0.061,85.64,8.565,15.0,1.0,12.901,1,12.901,2.0,0,0,1,0,0,0,0,1,1,0,0,0,0,0,0,0,1,2,2.0,0
bryanth01,Thomas Bryant,train,-2.572368,2019,3,1,72.0,10.528,20.778,21.0,2.0,1.5,5.6,0.18,17.6,0.674,1.278,6.306,0.931,0.347,0.833,2,87.0,8.97,18.02,1.5,5.7,1.5,5.7,22,81,248,2,1.0,0,0.25,0,1,-3.3,-2.8,-2.9,32.0,0.0,0.0,-24.722,115.804,7.697,15.0,-3.3,-2.8,-2.9,32.0,0.0,0.0,-24.722,115.804,7.697,15.0,1.0,6.385,1,6.385,8.0,0,0,1,0,0,1,0,0,1,0,0,1,0,0,0,0,0,2,2.0,0
bryanth01,Thomas Bryant,val,-3.925129,2023,2,1,59.0,9.814,18.322,19.7,0.6,0.7,4.1,0.182,18.2,0.6821,0.525,5.746,0.508,0.271,0.644,6,229.0,10.1,19.68,3.7,15.8,1.0,6.2,26,81,248,6,0.0,1,0.25,0,1,-0.13,-0.3,-0.32,44.0,1.0,0.0,-29.111,149.035,0.058,15.0,3.04,3.4,3.33,53.0,1.0,1.0,-45.946,160.688,0.0,15.0,0.0,3.038,0,6.266,18.0,0,0,1,0,0,0,1,0,0,1,0,1,0,0,0,0,0,1,1.0,0
bullore01,Reggie Bullock,train,-3.679768,2017,2,1,31.0,4.548,15.065,11.7,0.3,0.3,1.0,0.103,13.4,0.5378,0.935,2.065,0.097,0.581,0.323,4,147.0,3.04,11.08,0.4,2.5,0.5,2.3,26,78,205,4,1.0,0,0.25,0,0,-1.29,-1.1,-1.12,37.0,0.0,0.0,-13.759,102.503,5.399,15.0,-1.29,-1.1,-1.12,37.0,0.0,0.0,-13.759,102.503,5.399,15.0,0.0,4.365,0,4.365,14.0,0,0,1,0,0,1,0,0,1,0,0,0,0,0,1,0,0,1,1.0,0
bullore01,Reggie Bullock,train,-3.281644,2019,2,1,63.0,11.286,29.825,10.5,-1.1,0.4,3.1,0.079,15.8,0.563,2.048,2.746,0.19,0.635,1.032,6,272.0,6.82,19.26,2.0,9.8,1.9,8.3,28,78,205,6,0.0,0,0.25,0,0,-8.93,-9.2,-9.21,17.0,0.0,0.0,-21.397,62.775,60.49,15.0,-1.33,-1.7,-1.72,37.0,0.0,0.0,-3.465,90.827,14.507,15.0,1.0,12.901,1,19.113,1.0,0,0,1,0,0,0,1,0,1,0,0,0,0,0,0,1,0,2,2.0,0
bullore01,Reggie Bullock,train,-2.418271,2021,3,1,65.0,10.908,29.985,11.1,-0.1,0.9,4.6,0.113,14.4,0.6058,1.523,3.431,0.169,0.8,0.692,8,366.0,7.65,21.51,2.7,14.9,1.1,8.2,30,78,205,8,0.0,0,0.3,0,0,2.26,2.4,2.26,42.0,1.0,0.0,-16.675,124.195,1.621,15.0,2.13,2.4,2.31,41.0,1.0,0.0,7.17,81.511,20.459,15.0,1.0,19.113,1,7.943,4.0,0,0,1,0,0,0,1,0,1,0,0,0,0,0,1,0,0,2,2.0,0
burketr01,Trey Burke,train,-4.361323,2018,2,1,36.0,12.806,21.806,21.0,2.5,0.9,2.4,0.147,25.1,0.5635,4.722,1.972,0.111,0.667,1.194,5,303.0,10.87,24.44,1.1,8.3,1.2,5.0,26,72,185,5,1.0,0,0.25,0,1,-3.53,-3.6,-3.56,29.0,0.0,0.0,-5.312,98.086,6.319,15.0,-3.53,-3.6,-3.56,29.0,0.0,0.0,-5.312,98.086,6.319,15.0,1.0,19.113,1,19.113,1.0,1,0,1,0,0,0,1,0,1,0,0,0,0,1,0,0,0,2,2.0,0
burketr01,Trey Burke,train,-3.545229,2020,3,1,33.0,7.364,15.758,15.6,-0.2,0.2,1.3,0.12,20.0,0.5479,2.515,1.515,0.061,0.485,0.636,7,394.0,10.58,22.97,1.9,11.5,1.7,5.6,28,72,185,7,1.0,1,0.3,0,1,4.87,5.0,4.95,43.0,1.0,0.0,-27.054,117.534,3.746,16.0,4.87,5.0,4.95,43.0,1.0,0.0,-27.054,117.534,3.746,16.0,1.0,7.943,1,7.943,4.0,1,0,1,0,0,0,1,0,1,0,0,0,0,1,0,0,0,2,2.0,0
burksal01,Alec Burks,train,-1.89712,2014,4,1,78.0,13.962,28.115,15.8,-0.8,0.7,3.2,0.07,23.9,0.5472,2.718,3.295,0.179,0.885,1.91,3,201.0,9.78,21.24,0.5,5.7,0.5,5.7,23,77,214,3,1.0,0,0.25,0,1,0.28,0.3,0.28,42.0,1.0,0.0,-12.901,92.25,0.0,15.0,0.34,0.5,0.43,42.0,1.0,0.0,-12.901,92.929,0.0,15.0,0.0,1.266,0,1.266,28.0,0,1,0,0,0,0,0,1,0,0,1,0,0,0,0,1,0,0,0.0,0
burksal01,Alec Burks,train,-2.419603,2021,3,1,49.0,12.714,25.612,14.8,1.5,1.1,3.3,0.126,21.3,0.5644,2.184,4.633,0.286,0.633,1.0,10,544.0,10.49,22.17,3.7,20.1,2.5,8.5,30,77,214,10,1.0,0,0.35,0,1,2.13,2.4,2.31,41.0,1.0,0.0,7.17,81.511,20.459,15.0,2.13,2.4,2.31,41.0,1.0,0.0,7.17,81.511,20.459,15.0,1.0,19.113,1,19.113,1.0,0,0,1,0,0,0,1,0,1,0,0,0,0,0,0,1,0,2,2.0,0
butleja02,Jared Butler,train,-4.503053,2021,2,0,66.0,9.478,24.912,14.9,-0.1,0.7,3.2,0.104,19.0,0.559,1.722,3.879,0.354,0.721,1.148,0,0.0,9.05,23.27,0.0,0.0,0.0,0.0,21,75,193,0,0.0,0,0.25,0,1,8.97,9.3,9.25,52.0,1.0,0.0,-29.859,135.162,0.77,15.0,8.97,9.3,9.25,52.0,1.0,0.0,-29.859,135.162,0.77,15.0,0.0,1.266,0,1.266,28.0,0,0,1,0,0,0,0,1,1,0,0,0,0,0,0,0,1,0,0.0,0
butleji01,Jimmy Butler,train,-1.628884,2015,5,1,65.0,20.015,38.662,21.3,4.6,4.2,11.2,0.214,21.6,0.583,3.262,5.831,0.554,1.754,1.431,4,256.0,11.69,29.68,8.4,26.4,8.3,25.3,26,78,230,3,1.0,1,0.25,0,2,2.54,3.2,3.0,50.0,1.0,0.0,-4.368,67.099,0.333,15.0,2.54,3.2,3.0,50.0,1.0,0.0,-4.368,67.099,0.333,15.0,1.0,9.441,1,9.441,3.0,0,1,0,0,0,0,0,1,0,0,1,0,0,0,0,1,0,2,2.0,0
butleji01,Jimmy Butler,train,-1.131656,2019,4,1,65.0,18.692,33.615,20.2,3.7,3.2,7.9,0.174,22.3,0.5706,4.046,5.262,0.6,1.892,1.462,8,523.0,16.69,32.94,26.3,66.1,14.0,30.6,30,78,230,7,1.0,0,0.3,0,1,2.25,2.6,2.7,51.0,1.0,0.0,-10.093,107.554,4.408,15.0,2.25,2.6,2.7,51.0,1.0,0.0,-10.093,107.554,4.408,15.0,1.0,6.228,1,6.228,5.0,0,0,0,0,1,0,1,0,1,0,0,0,0,0,0,1,0,2,2.0,0
butleji01,Jimmy Butler,train,-0.929765,2021,3,1,52.0,21.462,33.558,26.5,7.7,4.3,9.3,0.256,26.6,0.6072,7.096,6.904,0.346,2.077,2.096,10,633.0,17.38,33.07,34.3,84.4,11.2,26.2,32,78,230,9,1.0,1,0.35,0,1,-0.06,0.0,0.03,40.0,1.0,0.0,-26.432,126.767,5.565,15.0,-0.06,0.0,0.03,40.0,1.0,0.0,-26.432,126.767,5.565,15.0,0.0,6.266,0,6.266,18.0,0,1,0,0,0,0,0,1,1,0,0,0,0,0,1,0,0,1,1.0,0
butleji01,Jimmy Butler,test,-1.120433,2025,2,1,55.0,17.527,31.745,22.4,4.9,3.0,8.7,0.239,20.8,0.6264,5.418,5.382,0.327,1.4,1.345,14,869.0,18.29,33.13,50.5,123.7,12.2,30.1,36,78,230,13,1.0,0,0.35,0,0,3.56,3.3,3.3,48.0,1.0,0.0,-58.93,176.474,0.306,15.0,3.56,3.3,3.3,48.0,1.0,0.0,-58.93,176.474,0.306,15.0,1.0,4.749,1,4.749,10.0,1,1,0,0,0,0,0,1,0,1,0,0,0,0,1,0,0,2,2.0,0
cabocbr01,Bruno Caboclo,train,-3.74539,2014,2,0,66.0,9.478,24.912,14.9,-0.1,0.7,3.2,0.104,19.0,0.559,1.722,3.879,0.354,0.721,1.148,0,0.0,9.05,23.27,0.0,0.0,0.0,0.0,19,81,218,0,1.0,0,0.25,0,2,0.28,0.3,0.28,42.0,1.0,0.0,-12.901,92.25,0.0,15.0,0.34,0.5,0.43,42.0,1.0,0.0,-12.901,92.929,0.0,15.0,1.0,6.202,1,6.202,9.0,0,0,1,0,0,0,0,1,0,0,1,0,0,0,0,0,1,2,2.0,0
cabocbr01,Bruno Caboclo,train,-4.522889,2019,2,1,34.0,8.294,23.529,12.4,-1.1,0.2,1.5,0.09,15.9,0.5709,1.471,4.647,0.971,0.412,1.118,5,69.0,4.86,14.68,-0.2,1.2,0.1,1.6,24,81,218,5,1.0,0,0.25,0,0,-2.08,-2.7,-2.6,33.0,0.0,0.0,-22.346,119.619,2.419,16.0,-2.08,-2.7,-2.6,33.0,0.0,0.0,-22.346,119.619,2.419,16.0,0.0,1.358,0,1.358,51.0,1,0,1,0,0,0,1,0,1,0,0,0,1,0,0,0,0,0,0.0,0
caldwke01,Kentavious Caldwell-Pope,train,-2.577581,2019,2,1,82.0,11.439,24.817,12.9,-0.5,0.8,4.0,0.094,18.1,0.5681,1.341,2.902,0.159,0.89,0.793,6,470.0,11.9,29.75,4.5,23.7,3.3,13.8,26,77,204,6,1.0,1,0.25,0,3,-1.33,-1.7,-1.72,37.0,0.0,0.0,-3.465,90.827,14.507,15.0,-1.33,-1.7,-1.72,37.0,0.0,0.0,-3.465,90.827,14.507,15.0,1.0,12.901,1,12.901,2.0,0,0,1,0,0,0,1,0,1,0,0,0,0,0,0,1,0,2,2.0,0
caldwke01,Kentavious Caldwell-Pope,train,-2.125121,2020,3,1,69.0,9.348,25.536,11.0,-0.8,0.5,3.7,0.101,14.7,0.5844,1.609,2.058,0.203,0.826,0.899,7,539.0,11.58,29.21,5.0,27.4,2.7,13.0,27,77,204,7,1.0,0,0.3,0,2,6.28,5.7,5.79,52.0,1.0,1.0,-13.584,107.807,10.149,15.0,6.28,5.7,5.79,52.0,1.0,1.0,-13.584,107.807,10.149,15.0,1.0,12.901,1,12.901,2.0,1,0,1,0,0,0,1,0,1,0,0,0,0,0,0,1,0,2,2.0,0
caldwke01,Kentavious Caldwell-Pope,val,-2.199772,2022,2,1,77.0,13.221,30.247,12.6,-1.5,0.3,2.8,0.058,19.0,0.5676,1.883,3.39,0.338,1.078,1.26,9,683.0,11.58,29.24,6.0,34.4,1.5,10.7,29,77,204,9,0.0,1,0.35,0,2,2.16,2.4,2.3,48.0,1.0,0.0,-26.55,135.434,0.192,15.0,-3.23,-3.4,-3.38,35.0,0.0,0.0,-43.221,125.964,0.0,15.0,1.0,6.385,0,3.038,17.0,0,1,0,0,0,0,0,1,1,0,0,0,0,0,0,1,0,1,2.0,0
caldwke01,Kentavious Caldwell-Pope,test,-1.854791,2024,3,1,76.0,10.079,31.605,10.7,-1.4,0.4,4.8,0.096,12.9,0.6015,2.408,2.408,0.553,1.289,0.987,11,835.0,11.38,29.65,7.0,43.7,1.3,12.1,31,77,204,11,0.0,1,0.35,0,1,1.48,2.1,2.02,47.0,1.0,0.0,-3.335,130.964,0.0,15.0,5.23,5.5,5.26,57.0,1.0,0.0,-48.73,176.89,0.0,15.0,0.0,3.038,0,2.673,15.0,0,0,1,0,0,0,1,0,0,1,0,0,0,0,0,1,0,1,1.0,0
camarto01,Toumani Camara,val,-4.265706,2023,4,0,66.0,9.478,24.912,14.9,-0.1,0.7,3.2,0.104,19.0,0.559,1.722,3.879,0.354,0.721,1.148,0,0.0,9.05,23.27,0.0,0.0,0.0,0.0,23,79,230,0,0.0,0,0.25,0,0,2.08,2.1,2.07,45.0,1.0,0.0,-52.152,172.122,0.211,15.0,-3.96,-4.0,-4.01,33.0,0.0,0.0,-27.826,136.161,8.372,15.0,0.0,2.511,0,5.059,12.0,0,0,1,0,0,0,0,1,0,1,0,0,0,0,0,0,1,2,0.0,0
camarto01,Toumani Camara,test,-2.1283,2025,4,1,78.0,11.308,32.667,12.5,-0.1,1.2,5.2,0.098,14.4,0.5717,2.244,5.769,0.641,1.487,1.397,2,148.0,9.52,28.97,0.7,7.2,0.7,7.2,25,79,230,2,1.0,0,0.25,0,0,-2.67,-3.0,-2.98,36.0,0.0,0.0,-36.26,165.519,1.568,15.0,-2.67,-3.0,-2.98,36.0,0.0,0.0,-36.26,165.519,1.568,15.0,0.0,2.511,0,2.511,23.0,0,1,0,0,0,0,0,1,0,1,0,0,1,0,0,0,0,0,0.0,0
campafa01,Facundo Campazzo,train,-3.380253,2020,2,0,66.0,9.478,24.912,14.9,-0.1,0.7,3.2,0.104,19.0,0.559,1.722,3.879,0.354,0.721,1.148,0,0.0,9.05,23.27,0.0,0.0,0.0,0.0,29,70,195,0,1.0,0,0.25,0,0,2.35,2.1,2.11,46.0,1.0,0.0,-22.714,128.613,1.621,15.0,2.35,2.1,2.11,46.0,1.0,0.0,-22.714,128.613,1.621,15.0,0.0,3.038,0,3.038,17.0,1,0,1,0,0,0,0,1,1,0,0,0,0,0,0,0,1,1,1.0,1
canaais01,Isaiah Canaan,train,-4.496025,2016,2,1,77.0,10.987,25.532,11.1,-2.4,-0.2,1.4,0.034,19.9,0.528,1.779,2.26,0.156,0.727,1.182,3,146.0,9.45,21.62,-0.0,3.0,-0.0,3.0,25,72,200,3,0.0,0,0.25,0,0,-1.46,-1.5,-1.48,42.0,0.0,0.0,-32.184,101.851,0.333,18.0,-9.92,-10.4,-10.23,10.0,0.0,0.0,4.499,31.052,31.373,15.0,1.0,6.228,1,9.441,3.0,0,0,1,0,0,0,1,0,0,0,1,0,0,0,0,1,0,2,2.0,0
cancavl01,Vlatko Čančar,train,-4.356159,2019,3,0,66.0,9.478,24.912,14.9,-0.1,0.7,3.2,0.104,19.0,0.559,1.722,3.879,0.354,0.721,1.148,0,0.0,9.05,23.27,0.0,0.0,0.0,0.0,22,80,236,0,1.0,0,0.25,0,1,4.19,4.1,3.95,54.0,1.0,0.0,-17.26,117.238,0.346,15.0,4.19,4.1,3.95,54.0,1.0,0.0,-17.26,117.238,0.346,15.0,0.0,3.038,0,3.038,17.0,0,0,1,0,0,1,0,0,1,0,0,0,0,0,0,0,1,1,1.0,0
cancavl01,Vlatko Čančar,val,-3.996248,2022,3,1,15.0,4.133,11.733,12.7,-1.7,0.0,0.4,0.109,14.0,0.6573,1.133,2.067,0.2,0.133,0.6,3,70.0,2.34,7.17,0.0,0.8,0.0,0.8,25,80,236,3,1.0,0,0.25,0,1,2.16,2.4,2.3,48.0,1.0,0.0,-26.55,135.434,0.192,15.0,2.16,2.4,2.3,48.0,1.0,0.0,-26.55,135.434,0.192,15.0,0.0,3.038,0,3.038,17.0,0,0,1,0,0,1,0,0,1,0,0,0,1,0,0,0,0,1,1.0,0
capelca01,Clint Capela,train,-3.949422,2014,2,0,66.0,9.478,24.912,14.9,-0.1,0.7,3.2,0.104,19.0,0.559,1.722,3.879,0.354,0.721,1.148,0,0.0,9.05,23.27,0.0,0.0,0.0,0.0,20,82,256,0,1.0,0,0.25,0,2,0.28,0.3,0.28,42.0,1.0,0.0,-12.901,92.25,0.0,15.0,0.34,0.5,0.43,42.0,1.0,0.0,-12.901,92.929,0.0,15.0,1.0,7.206,1,7.206,6.0,0,0,1,0,0,0,0,1,0,0,1,0,0,0,0,0,1,2,2.0,0
capelca01,Clint Capela,train,-1.69425,2021,2,1,63.0,15.175,30.127,24.3,2.7,2.2,8.2,0.207,19.9,0.6013,0.778,14.333,2.048,0.698,1.159,7,397.0,12.67,26.63,10.6,44.4,6.1,23.9,27,82,256,7,1.0,0,0.3,0,0,2.14,2.4,2.32,41.0,1.0,0.0,-7.555,115.95,0.745,15.0,2.14,2.4,2.32,41.0,1.0,0.0,-7.555,115.95,0.745,15.0,1.0,6.144,1,6.144,7.0,0,1,0,0,0,0,0,1,1,0,0,1,0,0,0,0,0,2,2.0,0
capelca01,Clint Capela,test,-3.090011,2025,3,1,55.0,8.873,21.382,17.7,-1.0,0.3,3.2,0.131,16.7,0.5639,1.127,8.527,0.964,0.618,0.855,11,664.0,11.98,26.21,15.8,69.4,3.1,16.7,31,82,256,11,1.0,0,0.35,0,0,-1.41,-1.1,-1.13,40.0,0.0,0.0,-33.831,161.256,7.126,15.0,-1.41,-1.1,-1.13,40.0,0.0,0.0,-33.831,161.256,7.126,15.0,1.0,6.144,1,6.144,7.0,0,0,0,0,1,0,1,0,0,1,0,1,0,0,0,0,0,2,2.0,0
carrode01,DeMarre Carroll,train,-1.574347,2015,4,1,70.0,12.614,31.271,15.9,1.7,2.0,7.0,0.153,16.9,0.6026,1.686,5.314,0.243,1.343,1.071,6,316.0,7.63,21.63,4.1,17.0,4.5,15.9,29,78,215,6,1.0,0,0.25,0,0,2.45,3.3,3.07,49.0,1.0,0.0,-13.947,75.425,0.672,15.0,2.45,3.3,3.07,49.0,1.0,0.0,-13.947,75.425,0.672,15.0,1.0,6.202,1,6.202,9.0,0,0,1,0,0,0,1,0,0,0,1,0,0,0,1,0,0,2,2.0,0
carrode01,DeMarre Carroll,train,-2.341256,2019,2,1,67.0,11.104,25.418,12.1,-1.5,0.2,3.1,0.087,18.6,0.5459,1.269,5.209,0.149,0.463,1.09,10,554.0,9.14,24.16,7.0,29.2,2.4,11.0,33,78,215,10,1.0,0,0.35,0,0,-0.4,-0.1,-0.07,42.0,1.0,0.0,-15.703,77.806,39.766,15.0,-0.4,-0.1,-0.07,42.0,1.0,0.0,-15.703,77.806,39.766,15.0,1.0,19.113,1,19.113,1.0,0,0,0,0,1,0,1,0,1,0,0,0,1,0,0,0,0,2,2.0,0
carteje01,Jevon Carter,train,-3.348897,2020,3,1,58.0,4.948,16.293,11.3,0.6,0.6,1.8,0.091,12.9,0.563,1.448,2.034,0.293,0.81,0.552,2,97.0,4.73,15.69,0.3,1.8,0.3,1.8,25,72,200,2,1.0,0,0.25,0,2,0.56,0.3,0.22,34.0,0.0,0.0,-11.997,98.37,22.767,15.0,0.56,0.3,0.22,34.0,0.0,0.0,-11.997,98.37,22.767,15.0,0.0,5.059,0,5.059,12.0,1,0,1,0,0,1,0,0,1,0,0,0,0,1,0,0,0,2,2.0,0
carteje01,Jevon Carter,val,-4.042768,2022,2,1,66.0,4.197,13.712,9.6,-2.2,-0.1,1.2,0.064,14.0,0.5308,1.455,1.667,0.212,0.364,0.515,4,223.0,4.41,14.1,0.7,4.6,1.0,4.6,27,72,200,4,1.0,1,0.25,0,2,3.22,3.3,3.35,51.0,1.0,0.0,-48.249,152.275,6.719,15.0,3.22,3.3,3.35,51.0,1.0,0.0,-48.249,152.275,6.719,15.0,0.0,1.586,0,1.586,38.0,0,0,1,0,0,1,0,0,1,0,0,0,0,1,0,0,0,0,0.0,0
carteje01,Jevon Carter,val,-3.041007,2023,3,1,81.0,8.037,22.346,10.9,-0.6,0.6,3.5,0.093,15.3,0.5595,2.432,2.494,0.358,0.815,0.963,5,304.0,5.38,16.3,1.3,8.1,1.0,6.3,28,72,200,5,0.0,1,0.25,0,1,1.37,1.3,1.29,40.0,0.0,0.0,-29.439,145.549,3.872,15.0,3.61,3.5,3.63,58.0,1.0,0.0,-58.194,179.802,0.211,15.0,0.0,1.586,1,9.441,3.0,0,0,1,0,0,0,1,0,0,1,0,0,0,1,0,0,0,2,0.0,0
cartemi01,Michael Carter-Williams,train,-3.498709,2020,2,1,45.0,7.178,18.511,15.3,0.1,0.5,1.9,0.109,18.3,0.5351,2.422,3.267,0.489,1.089,1.156,7,360.0,10.41,25.27,2.5,7.1,0.9,3.6,29,78,205,7,1.0,0,0.3,0,1,-0.93,-1.0,-1.01,33.0,1.0,0.0,-37.406,125.365,2.098,15.0,-0.93,-1.0,-1.01,33.0,1.0,0.0,-37.406,125.365,2.098,15.0,0.0,2.673,0,2.673,15.0,1,0,1,0,0,0,1,0,1,0,0,0,0,0,0,1,0,1,1.0,0
cartevi01,Vince Carter,train,-2.757872,2014,3,1,81.0,11.938,24.358,15.9,1.2,1.6,4.3,0.105,23.1,0.5389,2.617,3.506,0.432,0.753,1.333,9,688.0,17.73,31.84,24.9,59.4,5.0,13.2,37,78,220,15,1.0,0,0.35,0,0,0.28,0.3,0.28,42.0,1.0,0.0,-12.901,92.25,0.0,15.0,0.34,0.5,0.43,42.0,1.0,0.0,-12.901,92.929,0.0,15.0,0.0,1.358,0,1.358,51.0,0,0,1,0,0,0,1,0,0,0,1,0,0,0,0,1,0,0,0.0,0
cartewe01,Wendell Carter Jr.,train,-2.291767,2021,4,1,54.0,11.222,25.463,16.7,-1.3,0.2,3.4,0.119,19.3,0.5656,1.926,8.204,0.778,0.648,1.444,3,141.0,10.96,26.53,0.2,8.6,0.2,8.6,22,82,270,3,1.0,0,0.25,0,0,-9.02,-9.4,-9.31,21.0,0.0,0.0,-9.758,109.369,4.842,15.0,-9.02,-9.4,-9.31,21.0,0.0,0.0,-9.758,109.369,4.842,15.0,0.0,2.673,0,2.673,15.0,0,1,0,0,0,0,0,1,1,0,0,1,0,0,0,0,0,1,1.0,0
cartewe01,Wendell Carter Jr.,test,-2.06817,2024,3,1,55.0,10.964,25.564,15.9,0.9,1.0,4.4,0.15,17.2,0.623,1.727,6.927,0.509,0.636,1.236,6,315.0,12.53,27.58,4.2,22.6,4.0,14.0,25,82,270,6,1.0,0,0.3,0,0,1.48,2.1,2.02,47.0,1.0,0.0,-3.335,130.964,0.0,15.0,1.48,2.1,2.02,47.0,1.0,0.0,-3.335,130.964,0.0,15.0,0.0,2.673,0,2.673,15.0,0,1,0,0,0,0,0,1,0,1,0,1,0,0,0,0,0,1,1.0,0
carusal01,Alex Caruso,train,-3.681031,2019,2,1,25.0,9.16,21.24,13.9,-0.2,0.2,1.0,0.09,19.0,0.5692,3.08,2.68,0.36,0.96,1.68,2,62.0,5.86,17.63,0.1,1.5,0.1,1.5,25,77,186,2,1.0,0,0.25,0,0,-1.33,-1.7,-1.72,37.0,0.0,0.0,-3.465,90.827,14.507,15.0,-1.33,-1.7,-1.72,37.0,0.0,0.0,-3.465,90.827,14.507,15.0,1.0,12.901,1,12.901,2.0,0,0,1,0,0,1,0,0,1,0,0,0,0,1,0,0,0,2,2.0,1
carusal01,Alex Caruso,train,-2.497565,2021,4,1,58.0,6.379,20.966,11.1,0.0,0.6,2.4,0.095,14.8,0.5466,2.759,2.931,0.259,1.103,1.31,4,184.0,5.88,18.93,1.2,6.2,1.3,5.7,27,77,186,4,0.0,0,0.25,0,0,-0.94,-0.9,-0.89,31.0,0.0,0.0,-18.925,127.968,0.097,15.0,2.77,2.8,2.79,42.0,1.0,0.0,-29.404,129.325,7.599,15.0,1.0,12.901,1,9.441,3.0,0,0,1,0,0,1,0,0,1,0,0,0,0,1,0,0,0,2,2.0,1
carusal01,Alex Caruso,test,-2.031757,2024,4,1,71.0,10.07,28.732,14.5,2.5,2.3,4.9,0.115,14.7,0.613,3.479,3.845,0.986,1.69,1.437,7,363.0,6.82,22.72,5.3,16.7,4.1,10.5,30,77,186,7,0.0,0,0.3,0,0,7.36,7.4,7.41,57.0,1.0,0.0,-24.482,127.645,32.857,15.0,-1.77,-1.4,-1.44,39.0,0.0,0.0,-30.328,162.193,2.136,15.0,1.0,9.441,0,1.435,47.0,1,1,0,0,0,0,0,1,0,1,0,0,0,0,0,1,0,0,2.0,1
casspom01,Omri Casspi,train,-3.149883,2015,2,1,67.0,8.851,21.134,14.4,-0.8,0.4,2.7,0.092,18.7,0.5802,1.522,3.881,0.134,0.463,1.313,6,394.0,7.91,20.75,2.0,12.0,1.1,5.8,27,81,225,6,1.0,0,0.25,0,0,-3.07,-3.9,-3.71,29.0,0.0,0.0,-12.26,73.062,1.115,15.0,-3.07,-3.9,-3.71,29.0,0.0,0.0,-12.26,73.062,1.115,15.0,0.0,2.453,0,2.453,20.0,0,0,1,0,0,0,1,0,0,0,1,0,0,0,1,0,0,0,0.0,0
caulewi01,Willie Cauley-Stein,train,-3.002901,2015,2,0,66.0,9.478,24.912,14.9,-0.1,0.7,3.2,0.104,19.0,0.559,1.722,3.879,0.354,0.721,1.148,0,0.0,9.05,23.27,0.0,0.0,0.0,0.0,22,84,240,0,1.0,0,0.25,0,4,-3.07,-3.9,-3.71,29.0,0.0,0.0,-12.26,73.062,1.115,15.0,-3.07,-3.9,-3.71,29.0,0.0,0.0,-12.26,73.062,1.115,15.0,0.0,2.453,0,2.453,20.0,0,0,1,0,0,0,0,1,0,0,1,0,0,0,0,0,1,0,0.0,0
caulewi01,Willie Cauley-Stein,train,-3.89063,2019,2,1,81.0,11.914,27.321,18.0,1.2,1.8,6.7,0.145,17.5,0.5658,2.395,8.37,0.63,1.185,1.037,4,295.0,10.07,24.03,3.5,17.3,3.1,13.5,26,84,240,4,0.0,1,0.25,0,2,6.42,6.4,6.46,57.0,1.0,0.0,-52.719,144.355,0.945,15.0,-0.81,-1.1,-1.12,39.0,0.0,0.0,-2.169,92.25,11.789,15.0,0.0,2.453,1,4.749,10.0,0,0,1,0,0,0,1,0,1,0,0,1,0,0,0,0,0,2,0.0,0
caulewi01,Willie Cauley-Stein,train,-3.281644,2020,2,1,54.0,7.222,20.315,17.0,0.5,0.7,2.9,0.127,14.4,0.5891,1.296,5.833,1.13,0.907,0.741,5,349.0,9.63,23.46,4.2,20.2,3.5,13.5,27,84,240,5,1.0,0,0.25,0,1,4.87,5.0,4.95,43.0,1.0,0.0,-27.054,117.534,3.746,16.0,4.87,5.0,4.95,43.0,1.0,0.0,-27.054,117.534,3.746,16.0,1.0,7.943,1,7.943,4.0,1,0,1,0,0,0,1,0,1,0,0,1,0,0,0,0,0,2,2.0,0
cavanty01,Tyler Cavanaugh,train,-4.5665,2017,2,0,66.0,9.478,24.912,14.9,-0.1,0.7,3.2,0.104,19.0,0.559,1.722,3.879,0.354,0.721,1.148,0,0.0,9.05,23.27,0.0,0.0,0.0,0.0,23,81,238,0,1.0,0,0.25,0,0,-1.23,-0.8,-0.85,43.0,1.0,0.0,-1.421,92.929,2.635,15.0,-1.23,-0.8,-0.85,43.0,1.0,0.0,-1.421,92.929,2.635,15.0,1.0,6.144,1,6.144,7.0,1,0,1,0,0,0,0,1,1,0,0,0,0,0,0,0,1,2,2.0,1
chalmma01,Mario Chalmers,train,-2.721058,2014,2,1,73.0,9.808,29.836,14.0,0.2,1.2,4.8,0.106,17.4,0.5667,4.89,2.932,0.219,1.63,2.219,6,439.0,8.64,27.52,5.4,25.1,3.6,14.3,28,74,190,6,1.0,0,0.25,0,0,0.28,0.3,0.28,42.0,1.0,0.0,-12.901,92.25,0.0,15.0,0.34,0.5,0.43,42.0,1.0,0.0,-12.901,92.929,0.0,15.0,0.0,6.266,0,6.266,18.0,0,0,1,0,0,0,1,0,0,0,1,0,0,1,0,0,0,1,1.0,0
champju02,Julian Champagnie,val,-3.814197,2023,4,1,17.0,9.706,18.824,13.4,-3.3,-0.1,0.4,0.06,19.2,0.6001,0.588,3.529,0.294,0.353,0.647,1,17.0,9.71,18.82,-0.1,0.4,-0.1,0.4,22,79,217,1,1.0,0,0.25,0,1,-9.82,-9.8,-10.04,22.0,0.0,0.0,22.006,70.878,30.771,15.0,-9.82,-9.8,-10.04,22.0,0.0,0.0,22.006,70.878,30.771,15.0,0.0,2.602,0,2.602,31.0,0,0,1,0,0,1,0,0,0,1,0,0,0,0,1,0,0,0,0.0,1
champju02,Julian Champagnie,test,-2.523715,2026,3,1,82.0,11.11,27.634,13.1,1.4,1.9,6.2,0.131,15.2,0.6086,1.549,5.768,0.463,0.756,0.841,4,255.0,9.39,23.47,2.2,10.9,2.3,10.5,25,79,217,4,1.0,0,0.25,0,0,8.28,8.3,8.3,62.0,1.0,0.0,-29.344,176.732,7.258,15.0,8.28,8.3,8.3,62.0,1.0,0.0,-29.344,176.732,7.258,15.0,0.0,2.602,0,2.602,31.0,0,1,0,0,0,0,0,1,0,1,0,0,0,0,1,0,0,0,0.0,1
chandke01,Kennedy Chandler,val,-4.239479,2022,4,0,66.0,9.478,24.912,14.9,-0.1,0.7,3.2,0.104,19.0,0.559,1.722,3.879,0.354,0.721,1.148,0,0.0,9.05,23.27,0.0,0.0,0.0,0.0,20,72,170,0,1.0,0,0.25,0,0,5.37,5.6,5.68,56.0,1.0,0.0,-3.58,98.319,17.675,15.0,5.37,5.6,5.68,56.0,1.0,0.0,-3.58,98.319,17.675,15.0,0.0,1.358,0,1.358,51.0,0,0,1,0,0,0,0,1,1,0,0,0,0,0,0,0,1,0,0.0,0
chandty01,Tyson Chandler,train,-1.683546,2015,4,1,75.0,10.28,30.48,20.1,2.6,2.7,10.3,0.216,12.8,0.697,1.12,11.52,1.213,0.56,1.4,10,659.0,9.34,30.76,13.4,73.0,5.4,24.5,33,84,235,14,1.0,0,0.35,0,0,-0.38,-0.9,-0.9,39.0,0.0,0.0,2.828,55.464,4.773,16.0,-0.38,-0.9,-0.9,39.0,0.0,0.0,2.828,55.464,4.773,16.0,0.0,5.059,0,5.059,12.0,0,0,1,0,0,0,1,0,0,0,1,1,0,0,0,0,0,2,2.0,0
chandwi01,Wilson Chandler,train,-2.091657,2015,4,1,78.0,13.91,31.679,13.2,-0.6,0.9,3.6,0.07,20.1,0.5229,1.718,6.09,0.372,0.744,1.41,8,445.0,13.7,31.09,3.6,19.9,2.2,9.8,28,80,235,8,1.0,0,0.3,0,1,-3.07,-3.7,-3.55,30.0,0.0,0.0,-2.765,53.359,2.783,15.0,-3.07,-3.7,-3.55,30.0,0.0,0.0,-2.765,53.359,2.783,15.0,0.0,3.038,0,3.038,17.0,0,1,0,0,0,0,0,1,0,0,1,0,0,0,1,0,0,1,1.0,0
chrisca02,Cam Christie,test,-4.265265,2024,4,0,66.0,9.478,24.912,14.9,-0.1,0.7,3.2,0.104,19.0,0.559,1.722,3.879,0.354,0.721,1.148,0,0.0,9.05,23.27,0.0,0.0,0.0,0.0,19,77,190,0,1.0,0,0.25,0,0,3.41,3.4,3.28,51.0,1.0,0.0,-66.06,198.296,1.764,15.0,3.41,3.4,3.28,51.0,1.0,0.0,-66.06,198.296,1.764,15.0,1.0,12.901,1,12.901,2.0,0,0,1,0,0,0,0,1,0,1,0,0,0,0,0,0,1,2,2.0,0
chrisma02,Max Christie,val,-4.502685,2022,2,0,66.0,9.478,24.912,14.9,-0.1,0.7,3.2,0.104,19.0,0.559,1.722,3.879,0.354,0.721,1.148,0,0.0,9.05,23.27,0.0,0.0,0.0,0.0,19,77,190,0,1.0,0,0.25,0,0,-3.08,-3.0,-3.05,33.0,0.0,0.0,-48.448,147.504,8.53,15.0,-3.08,-3.0,-3.05,33.0,0.0,0.0,-48.448,147.504,8.53,15.0,1.0,12.901,1,12.901,2.0,0,0,1,0,0,0,0,1,1,0,0,0,0,0,0,0,1,2,2.0,0
chrisma02,Max Christie,test,-2.866392,2024,4,1,67.0,4.239,14.09,8.4,-3.6,-0.4,0.7,0.036,13.6,0.5436,0.896,2.119,0.254,0.299,0.522,2,108.0,3.81,13.48,-0.5,1.3,-0.5,1.3,21,77,190,2,1.0,0,0.25,0,0,1.07,0.6,0.6,47.0,1.0,0.0,-45.955,168.056,0.0,15.0,1.07,0.6,0.6,47.0,1.0,0.0,-45.955,168.056,0.0,15.0,1.0,12.901,1,12.901,2.0,0,0,1,0,0,1,0,0,0,1,0,0,0,0,0,1,0,2,2.0,0
chrisse01,Semaj Christon,train,-4.727136,2016,3,0,66.0,9.478,24.912,14.9,-0.1,0.7,3.2,0.104,19.0,0.559,1.722,3.879,0.354,0.721,1.148,0,0.0,9.05,23.27,0.0,0.0,0.0,0.0,24,75,190,0,1.0,0,0.25,0,0,7.09,7.5,7.28,55.0,1.0,0.0,-24.713,93.765,0.0,15.0,7.09,7.5,7.28,55.0,1.0,0.0,-24.713,93.765,0.0,15.0,0.0,1.435,0,1.435,47.0,0,0,1,0,0,1,0,0,0,0,1,0,0,0,0,0,1,0,0.0,0
cissemo01,Moussa Cisse,test,-4.269355,2026,2,1,38.0,4.474,13.947,16.0,-2.9,-0.1,1.3,0.118,14.3,0.5643,0.237,5.684,1.184,0.5,0.789,1,38.0,4.47,13.95,-0.1,1.3,-0.1,1.3,24,83,220,1,1.0,0,0.25,0,0,-5.33,-5.3,-5.51,26.0,0.0,0.0,-45.725,174.225,10.343,15.0,-5.33,-5.3,-5.51,26.0,0.0,0.0,-45.725,174.225,10.343,15.0,1.0,7.943,1,7.943,4.0,0,0,0,1,0,1,0,0,0,1,0,1,0,0,0,0,0,2,2.0,1
cissosi01,Sidy Cissoko,val,-4.35701,2023,3,0,66.0,9.478,24.912,14.9,-0.1,0.7,3.2,0.104,19.0,0.559,1.722,3.879,0.354,0.721,1.148,0,0.0,9.05,23.27,0.0,0.0,0.0,0.0,19,78,220,0,1.0,0,0.25,0,0,-9.82,-9.8,-10.04,22.0,0.0,0.0,22.006,70.878,30.771,15.0,-9.82,-9.8,-10.04,22.0,0.0,0.0,22.006,70.878,30.771,15.0,0.0,2.602,0,2.602,31.0,0,0,1,0,0,0,0,1,0,1,0,0,0,0,0,0,1,0,0.0,0
clarkbr01,Brandon Clarke,val,-2.387081,2022,4,1,64.0,10.406,19.469,23.7,4.2,2.0,6.3,0.243,17.7,0.6605,1.344,5.344,1.062,0.609,0.531,3,181.0,10.92,21.88,5.0,15.5,5.0,15.5,26,80,215,3,1.0,0,0.25,0,0,5.37,5.6,5.68,56.0,1.0,0.0,-3.58,98.319,17.675,15.0,5.37,5.6,5.68,56.0,1.0,0.0,-3.58,98.319,17.675,15.0,0.0,1.358,0,1.358,51.0,0,1,0,0,0,0,0,1,1,0,0,0,1,0,0,0,0,0,0.0,0
clarkga01,Gary Clark,train,-3.974792,2020,2,1,42.0,3.714,13.5,10.7,-1.9,0.0,1.2,0.102,11.0,0.5677,0.405,2.619,0.524,0.143,0.238,2,93.0,3.27,12.99,0.2,2.2,0.2,2.2,26,78,225,2,0.0,0,0.25,0,0,-0.93,-1.0,-1.01,33.0,1.0,0.0,-37.406,125.365,2.098,15.0,3.13,2.8,2.96,44.0,1.0,0.0,-42.455,124.041,2.846,15.0,1.0,7.206,0,2.673,15.0,1,0,1,0,0,1,0,0,1,0,0,0,1,0,0,0,0,1,2.0,1
clarkja02,Jaylen Clark,test,-3.932482,2026,3,1,68.0,4.044,13.059,10.3,-2.4,-0.1,1.7,0.092,13.3,0.534,0.632,1.765,0.132,0.691,0.338,2,108.0,4.06,13.06,0.1,3.3,0.1,3.3,25,77,205,1,1.0,0,0.25,0,0,3.07,3.3,3.35,49.0,1.0,0.0,-74.194,194.043,0.0,15.0,3.07,3.3,3.35,49.0,1.0,0.0,-74.194,194.043,0.0,15.0,0.0,3.703,0,3.703,16.0,0,0,1,0,0,1,0,0,0,1,0,0,0,0,0,1,0,1,1.0,0
clarkjo01,Jordan Clarkson,train,-4.537209,2014,2,0,66.0,9.478,24.912,14.9,-0.1,0.7,3.2,0.104,19.0,0.559,1.722,3.879,0.354,0.721,1.148,0,0.0,9.05,23.27,0.0,0.0,0.0,0.0,22,77,194,0,1.0,0,0.25,0,1,0.28,0.3,0.28,42.0,1.0,0.0,-12.901,92.25,0.0,15.0,0.34,0.5,0.43,42.0,1.0,0.0,-12.901,92.929,0.0,15.0,1.0,12.901,1,12.901,2.0,0,0,1,0,0,0,0,1,0,0,1,0,0,0,0,0,1,2,2.0,0
clarkjo01,Jordan Clarkson,train,-2.019086,2016,4,1,79.0,15.506,32.304,14.3,-1.6,0.2,2.1,0.039,22.8,0.5157,2.43,3.962,0.089,1.114,1.709,2,138.0,13.97,29.19,1.0,4.5,1.0,4.5,24,77,194,2,1.0,0,0.25,0,1,-8.92,-10.0,-9.56,17.0,0.0,0.0,-3.113,71.77,0.195,15.0,-8.92,-10.0,-9.56,17.0,0.0,0.0,-3.113,71.77,0.195,15.0,1.0,12.901,1,12.901,2.0,0,0,1,0,0,1,0,0,0,0,1,0,0,0,0,1,0,2,2.0,0
clarkjo01,Jordan Clarkson,train,-2.136956,2020,4,1,71.0,15.183,24.014,17.3,1.1,1.3,3.4,0.096,26.3,0.5736,1.915,2.634,0.225,0.648,1.366,6,453.0,14.79,27.0,3.8,13.9,3.1,8.2,28,77,194,6,0.0,0,0.25,0,1,2.52,2.4,2.47,44.0,1.0,0.0,-18.073,118.918,8.294,15.0,2.52,2.4,2.47,44.0,1.0,0.0,-18.073,118.918,8.294,15.0,0.0,1.266,0,1.266,28.0,1,0,1,0,0,0,1,0,1,0,0,0,0,0,0,1,0,0,0.0,0
claxtni01,Nic Claxton,train,-4.356159,2019,3,0,66.0,9.478,24.912,14.9,-0.1,0.7,3.2,0.104,19.0,0.559,1.722,3.879,0.354,0.721,1.148,0,0.0,9.05,23.27,0.0,0.0,0.0,0.0,20,83,215,0,1.0,0,0.25,0,0,-0.4,-0.1,-0.07,42.0,1.0,0.0,-15.703,77.806,39.766,15.0,-0.4,-0.1,-0.07,42.0,1.0,0.0,-15.703,77.806,39.766,15.0,1.0,19.113,1,19.113,1.0,0,0,1,0,0,0,0,1,1,0,0,0,0,0,0,0,1,2,2.0,0
claxtni01,Nic Claxton,val,-2.66283,2022,2,1,47.0,8.723,20.723,18.6,0.5,0.6,3.5,0.172,15.1,0.6723,0.915,5.617,1.085,0.511,0.809,3,94.0,7.32,18.67,1.1,5.9,1.1,5.9,23,83,215,3,1.0,0,0.25,0,0,0.82,0.8,0.78,44.0,1.0,0.0,-60.406,157.844,11.438,15.0,0.82,0.8,0.78,44.0,1.0,0.0,-60.406,157.844,11.438,15.0,1.0,19.113,1,19.113,1.0,0,0,1,0,0,1,0,0,1,0,0,1,0,0,0,0,0,2,2.0,0
claxtni01,Nic Claxton,test,-1.757417,2024,4,1,71.0,11.845,29.803,18.7,1.2,1.7,6.7,0.152,15.6,0.6293,2.07,9.944,2.056,0.648,1.31,5,241.0,10.33,25.49,5.7,21.8,5.2,19.4,25,83,215,5,1.0,0,0.25,0,0,-3.02,-2.9,-2.89,32.0,0.0,0.0,-21.961,139.773,11.948,15.0,-3.02,-2.9,-2.89,32.0,0.0,0.0,-21.961,139.773,11.948,15.0,1.0,19.113,1,19.113,1.0,0,0,1,0,0,0,1,0,0,1,0,1,0,0,0,0,0,2,2.0,0
collida01,Darren Collison,train,-2.293474,2017,2,1,68.0,13.235,30.338,15.3,-0.9,0.6,3.9,0.091,19.8,0.5702,4.588,2.235,0.132,0.985,1.676,8,563.0,12.7,29.55,9.0,35.4,3.4,12.9,30,72,175,8,0.0,0,0.3,0,0,-0.64,-0.2,-0.22,42.0,1.0,0.0,0.141,85.614,8.388,15.0,-3.29,-4.0,-3.88,32.0,0.0,0.0,-1.524,87.859,7.808,15.0,0.0,2.453,0,2.126,25.0,0,0,1,0,0,0,1,0,1,0,0,0,0,1,0,0,0,0,0.0,0
colliis01,Isaiah Collier,test,-3.774901,2024,4,0,66.0,9.478,24.912,14.9,-0.1,0.7,3.2,0.104,19.0,0.559,1.722,3.879,0.354,0.721,1.148,0,0.0,9.05,23.27,0.0,0.0,0.0,0.0,20,76,210,0,1.0,0,0.25,0,1,-4.22,-4.9,-4.89,31.0,0.0,0.0,4.264,123.547,8.21,15.0,-4.22,-4.9,-4.89,31.0,0.0,0.0,4.264,123.547,8.21,15.0,0.0,1.266,0,1.266,28.0,0,0,1,0,0,0,0,1,0,1,0,0,0,0,0,0,1,0,0.0,0
collijo01,John Collins,train,-1.503313,2021,5,1,63.0,17.635,29.333,20.6,2.3,2.0,6.7,0.174,22.2,0.6454,1.238,7.413,1.0,0.54,1.333,4,239.0,16.57,28.56,5.8,23.0,5.0,17.6,24,81,226,4,1.0,1,0.25,0,1,2.14,2.4,2.32,41.0,1.0,0.0,-7.555,115.95,0.745,15.0,2.14,2.4,2.32,41.0,1.0,0.0,-7.555,115.95,0.745,15.0,1.0,6.144,1,6.144,7.0,0,0,1,0,0,1,0,0,1,0,0,0,1,0,0,0,0,2,2.0,0
collijo01,John Collins,test,-2.303242,2026,3,1,69.0,13.551,27.13,16.3,-0.5,0.7,4.6,0.118,19.5,0.6433,1.014,5.319,0.739,0.87,1.377,9,541.0,15.69,28.86,9.8,43.8,2.1,11.5,29,81,226,9,1.0,0,0.3,0,0,0.96,1.2,1.13,42.0,0.0,0.0,-44.407,189.853,0.264,15.0,0.96,1.2,1.13,42.0,0.0,0.0,-44.407,189.853,0.264,15.0,1.0,12.901,1,12.901,2.0,0,0,0,0,1,0,1,0,0,1,0,0,1,0,0,0,0,2,2.0,0
collini01,Nick Collison,train,-3.223059,2015,2,1,66.0,4.136,16.682,11.2,-1.0,0.3,2.2,0.096,12.8,0.4847,1.364,3.788,0.379,0.53,0.682,10,734.0,6.42,22.21,3.2,39.2,1.9,11.0,35,82,255,11,1.0,0,0.35,0,0,2.47,2.3,2.18,45.0,0.0,0.0,-16.642,77.876,0.915,15.0,2.47,2.3,2.18,45.0,0.0,0.0,-16.642,77.876,0.915,15.0,0.0,1.435,0,1.435,47.0,1,1,0,0,0,0,0,1,0,0,1,0,1,0,0,0,0,0,0.0,0
colliza01,Zach Collins,train,-2.727488,2021,3,0,66.0,9.478,24.912,14.9,-0.1,0.7,3.2,0.104,19.0,0.559,1.722,3.879,0.354,0.721,1.148,3,154.0,5.72,17.47,-0.4,3.8,0.2,3.2,24,81,250,4,0.0,0,0.25,0,0,-1.58,-1.8,-1.74,33.0,0.0,0.0,-41.011,103.942,24.805,15.0,1.81,1.8,1.79,42.0,1.0,0.0,-26.308,125.357,4.98,14.0,0.0,2.511,0,2.602,31.0,0,0,1,0,0,0,1,0,1,0,0,1,0,0,0,0,0,0,0.0,0
colliza01,Zach Collins,val,-2.088789,2023,2,1,63.0,11.603,22.873,16.4,-0.2,0.6,2.2,0.073,21.2,0.5987,2.857,6.381,0.778,0.587,2.048,5,245.0,7.47,18.91,0.4,7.2,0.8,3.4,26,81,250,6,1.0,0,0.3,0,0,-9.82,-9.8,-10.04,22.0,0.0,0.0,22.006,70.878,30.771,15.0,-9.82,-9.8,-10.04,22.0,0.0,0.0,22.006,70.878,30.771,15.0,0.0,2.602,0,2.602,31.0,0,1,0,0,0,0,0,1,0,1,0,1,0,0,0,0,0,0,0.0,0
colliza01,Zach Collins,test,-3.091699,2026,2,1,10.0,9.7,18.4,17.9,0.2,0.1,0.5,0.13,18.8,0.6662,1.5,5.6,0.4,0.2,1.0,8,388.0,8.02,18.87,1.0,12.2,0.6,5.0,29,81,250,9,1.0,0,0.35,0,0,-5.09,-5.1,-5.21,31.0,0.0,0.0,-33.026,166.164,16.917,15.0,-5.09,-5.1,-5.21,31.0,0.0,0.0,-33.026,166.164,16.917,15.0,1.0,9.441,1,9.441,3.0,0,1,0,0,0,0,0,1,0,1,0,1,0,0,0,0,0,2,2.0,0
conlemi01,Mike Conley,train,-1.126433,2016,5,1,56.0,15.304,31.446,19.4,3.0,2.2,5.3,0.144,22.4,0.5378,6.107,2.929,0.286,1.196,1.5,9,637.0,13.56,32.49,19.5,52.8,8.5,20.3,29,73,175,9,1.0,0,0.3,0,1,-2.14,-2.4,-2.24,42.0,1.0,0.0,-15.477,76.017,7.365,16.0,-2.14,-2.4,-2.24,42.0,1.0,0.0,-15.477,76.017,7.365,16.0,0.0,1.358,0,1.358,51.0,0,0,1,0,0,0,1,0,0,0,1,0,0,1,0,0,0,0,0.0,0
conlemi01,Mike Conley,train,-1.600705,2021,3,1,51.0,16.216,29.373,19.2,4.9,2.6,6.1,0.195,23.1,0.5886,5.98,3.471,0.176,1.373,1.941,14,886.0,14.94,32.24,32.1,80.0,7.3,16.6,34,73,175,14,0.0,0,0.35,0,0,8.97,9.3,9.25,52.0,1.0,0.0,-29.859,135.162,0.77,15.0,8.97,9.3,9.25,52.0,1.0,0.0,-29.859,135.162,0.77,15.0,0.0,1.266,0,1.266,28.0,0,0,1,0,0,0,1,0,1,0,0,0,0,1,0,0,0,0,0.0,0
conlemi01,Mike Conley,test,-2.701746,2024,2,1,76.0,11.434,28.855,15.8,3.4,3.0,8.2,0.179,16.0,0.6267,5.908,2.868,0.224,1.158,1.342,17,1101.0,14.43,31.64,39.3,100.4,7.2,20.4,37,73,175,17,1.0,0,0.35,0,0,6.39,6.6,6.45,56.0,1.0,0.0,-62.477,164.181,0.348,15.0,6.39,6.6,6.45,56.0,1.0,0.0,-62.477,164.181,0.348,15.0,0.0,3.703,0,3.703,16.0,1,1,0,0,0,0,0,1,0,1,0,0,0,1,0,0,0,1,1.0,0
connapa01,Pat Connaughton,train,-4.430817,2015,3,0,66.0,9.478,24.912,14.9,-0.1,0.7,3.2,0.104,19.0,0.559,1.722,3.879,0.354,0.721,1.148,0,0.0,9.05,23.27,0.0,0.0,0.0,0.0,22,77,209,0,1.0,0,0.25,0,3,4.41,4.5,4.23,51.0,1.0,0.0,-10.845,72.965,0.03,16.0,4.41,4.5,4.23,51.0,1.0,0.0,-10.845,72.965,0.03,16.0,0.0,2.511,0,2.511,23.0,0,0,1,0,0,0,0,1,0,0,1,0,0,0,0,0,1,0,0.0,0
connapa01,Pat Connaughton,train,-3.018655,2020,3,1,67.0,5.373,18.552,11.5,0.6,0.8,3.4,0.131,12.3,0.565,1.597,4.239,0.463,0.373,0.776,5,283.0,4.79,15.73,1.8,10.2,1.9,9.8,27,77,209,5,1.0,0,0.25,0,3,9.41,9.5,10.08,56.0,1.0,0.0,-21.09,120.509,9.721,15.0,9.41,9.5,10.08,56.0,1.0,0.0,-21.09,120.509,9.721,15.0,0.0,1.586,0,1.586,38.0,1,0,1,0,0,0,1,0,1,0,0,0,0,0,0,1,0,0,0.0,0
connapa01,Pat Connaughton,val,-2.66962,2022,3,1,65.0,9.923,26.015,13.4,1.2,1.4,4.4,0.125,14.0,0.6205,1.262,4.2,0.231,0.908,0.538,7,417.0,5.92,18.51,4.0,18.1,3.0,11.3,29,77,209,7,1.0,1,0.3,0,2,3.22,3.3,3.35,51.0,1.0,0.0,-48.249,152.275,6.719,15.0,3.22,3.3,3.35,51.0,1.0,0.0,-48.249,152.275,6.719,15.0,0.0,1.586,0,1.586,38.0,0,1,0,0,0,0,0,1,1,0,0,0,0,0,1,0,0,0,0.0,0
cookqu01,Quinn Cook,train,-5.011574,2017,2,1,14.0,5.643,13.429,11.8,-3.1,-0.1,0.2,0.051,19.6,0.5792,1.857,0.5,0.0,0.286,0.929,1,14.0,5.64,13.43,-0.1,0.2,-0.1,0.2,24,73,180,0,0.0,0,0.25,0,0,-1.69,-2.2,-2.1,34.0,0.0,0.0,-7.275,94.323,7.095,15.0,-2.53,-3.2,-2.93,33.0,0.0,0.0,-9.941,92.128,11.956,15.0,1.0,7.943,0,1.29,50.0,1,0,1,0,0,1,0,0,1,0,0,0,0,1,0,0,0,0,2.0,1
cookqu01,Quinn Cook,train,-3.594019,2019,2,1,74.0,6.878,14.311,13.1,-2.1,0.0,1.8,0.082,20.2,0.565,1.568,2.122,0.041,0.27,0.676,3,121.0,7.44,16.42,0.0,3.6,0.0,3.6,26,73,180,2,0.0,0,0.25,0,0,-1.33,-1.7,-1.72,37.0,0.0,0.0,-3.465,90.827,14.507,15.0,6.42,6.4,6.46,57.0,1.0,0.0,-52.719,144.355,0.945,15.0,1.0,4.749,1,12.901,2.0,0,0,1,0,0,0,1,0,1,0,0,0,0,1,0,0,0,2,2.0,1
couside01,DeMarcus Cousins,train,-1.346885,2013,4,1,75.0,17.067,30.52,20.2,0.2,1.2,4.4,0.092,28.1,0.5237,2.653,9.947,0.733,1.44,3.0,3,220.0,16.29,29.76,1.4,9.7,1.4,9.7,23,82,270,3,1.0,0,0.25,0,0,0.28,0.3,0.28,42.0,1.0,0.0,-12.901,92.25,0.0,15.0,0.34,0.5,0.43,42.0,1.0,0.0,-12.901,92.929,0.0,15.0,0.0,2.453,0,2.453,20.0,0,1,0,0,0,0,0,1,0,0,1,1,0,0,0,0,0,0,0.0,0
covinro01,Robert Covington,train,-4.137521,2014,3,1,7.0,2.286,4.857,15.0,0.7,0.0,0.1,0.141,19.3,0.5714,0.0,0.714,0.0,0.286,0.143,1,7.0,2.29,4.86,0.0,0.1,0.0,0.1,24,79,209,0,1.0,0,0.25,0,1,0.28,0.3,0.28,42.0,1.0,0.0,-12.901,92.25,0.0,15.0,0.34,0.5,0.43,42.0,1.0,0.0,-12.901,92.929,0.0,15.0,1.0,6.228,1,6.228,5.0,1,0,1,0,0,1,0,0,0,0,1,0,0,0,1,0,0,2,2.0,1
covinro01,Robert Covington,train,-1.882848,2017,4,1,67.0,12.896,31.627,13.2,0.2,1.1,3.1,0.07,19.2,0.5343,1.522,6.507,1.03,1.896,1.955,4,211.0,12.71,28.49,2.9,9.2,2.9,9.1,27,79,209,3,1.0,0,0.25,0,0,-5.83,-5.7,-5.7,28.0,0.0,0.0,5.139,61.657,24.16,16.0,-5.83,-5.7,-5.7,28.0,0.0,0.0,5.139,61.657,24.16,16.0,1.0,6.228,1,6.228,5.0,1,1,0,0,0,0,0,1,1,0,0,0,0,0,1,0,0,2,2.0,1
covinro01,Robert Covington,val,-2.427903,2022,2,1,71.0,8.507,27.324,12.4,0.2,1.1,3.2,0.079,13.5,0.5716,1.296,5.507,1.282,1.451,1.056,9,537.0,11.59,29.92,9.7,28.4,3.4,10.6,32,79,209,8,1.0,0,0.3,0,0,0.09,0.0,0.02,42.0,0.0,0.0,-53.748,164.493,1.669,15.0,0.09,0.0,0.02,42.0,0.0,0.0,-53.748,164.493,1.669,15.0,1.0,12.901,1,12.901,2.0,0,1,0,0,0,0,0,1,1,0,0,0,1,0,0,0,0,2,2.0,1
crabbal01,Allen Crabbe,train,-1.616291,2016,4,1,81.0,10.272,25.988,12.2,-1.0,0.5,4.3,0.098,16.4,0.5716,1.222,2.667,0.198,0.778,0.79,3,147.0,7.03,19.65,0.6,5.7,0.6,5.7,24,77,212,3,1.0,0,0.25,0,1,0.98,0.8,0.83,44.0,1.0,0.0,3.438,48.302,14.185,15.0,0.98,0.8,0.83,44.0,1.0,0.0,3.438,48.302,14.185,15.0,0.0,2.511,0,2.511,23.0,0,0,0,1,0,1,0,0,0,0,1,0,0,0,0,1,0,0,0.0,0
craigto01,Torrey Craig,train,-3.93054,2018,2,1,39.0,4.179,16.128,9.8,-2.9,-0.1,0.9,0.069,11.9,0.5348,0.641,3.256,0.385,0.308,0.513,1,39.0,4.18,16.13,-0.1,0.9,-0.1,0.9,28,77,221,1,1.0,0,0.25,0,1,1.57,1.5,1.48,46.0,0.0,0.0,-7.422,101.779,4.736,16.0,1.57,1.5,1.48,46.0,0.0,0.0,-7.422,101.779,4.736,16.0,0.0,3.038,0,3.038,17.0,0,0,1,0,0,1,0,0,1,0,0,0,0,0,1,0,0,1,1.0,1
craigto01,Torrey Craig,train,-3.112751,2021,2,1,50.0,5.48,16.06,14.2,0.4,0.5,2.2,0.132,14.3,0.5788,0.98,3.94,0.52,0.56,0.5,4,222.0,5.32,18.05,0.3,8.1,0.4,7.2,31,77,221,4,0.0,0,0.25,0,1,-0.13,0.0,-0.04,34.0,0.0,0.0,-19.866,125.044,3.961,15.0,5.67,5.9,5.82,51.0,1.0,0.0,-21.146,126.33,0.785,15.0,0.0,5.059,0,2.126,25.0,0,0,1,0,0,1,0,0,1,0,0,0,0,0,1,0,0,0,2.0,1
craigto01,Torrey Craig,val,-3.925129,2023,2,1,79.0,7.443,24.658,11.6,-0.6,0.7,4.0,0.099,13.0,0.5656,1.481,5.392,0.785,0.633,0.924,6,379.0,6.03,19.92,1.1,14.4,1.3,8.5,33,77,221,6,0.0,1,0.25,0,1,1.37,1.3,1.29,40.0,0.0,0.0,-29.439,145.549,3.872,15.0,2.08,2.1,2.07,45.0,1.0,0.0,-52.152,172.122,0.211,15.0,0.0,5.059,1,9.441,3.0,0,0,1,0,0,0,1,0,0,1,0,0,1,0,0,0,0,2,2.0,1
crawfja01,Jamal Crawford,train,-1.905758,2016,3,1,79.0,14.177,26.911,14.0,-1.4,0.3,3.3,0.075,24.9,0.5292,2.316,1.835,0.152,0.658,1.43,11,786.0,16.66,31.74,13.9,46.5,3.4,12.2,36,77,185,16,1.0,0,0.35,0,1,4.13,4.5,4.28,53.0,1.0,0.0,-29.998,94.554,1.586,15.0,4.13,4.5,4.28,53.0,1.0,0.0,-29.998,94.554,1.586,15.0,1.0,12.901,1,12.901,2.0,0,0,1,0,0,0,1,0,0,0,1,0,0,0,0,1,0,2,2.0,0
crawfja01,Jamal Crawford,train,-3.103155,2017,2,1,82.0,12.293,26.305,12.0,-2.1,0.0,1.9,0.042,22.7,0.5254,2.61,1.573,0.171,0.744,1.634,12,868.0,16.25,31.22,13.9,48.4,1.5,8.8,37,77,185,17,0.0,0,0.35,0,1,-0.64,-1.2,-1.11,31.0,0.0,0.0,22.576,59.495,10.111,14.0,4.42,4.5,4.29,51.0,1.0,0.0,-23.869,113.658,1.413,15.0,1.0,12.901,0,3.703,16.0,0,0,1,0,0,0,1,0,1,0,0,0,0,0,0,1,0,1,2.0,0
crowdja01,Jae Crowder,train,-2.302585,2015,5,1,82.0,7.659,20.085,13.9,0.5,1.0,3.9,0.114,17.5,0.5173,1.146,3.573,0.305,0.878,0.598,3,238.0,5.78,17.87,2.0,7.7,2.0,7.7,25,78,235,3,1.0,0,0.25,0,0,-0.4,0.2,0.16,40.0,1.0,0.0,2.662,52.905,7.498,15.0,-0.4,0.2,0.16,40.0,1.0,0.0,2.662,52.905,7.498,15.0,1.0,4.899,1,4.899,9.0,0,0,1,0,0,1,0,0,0,0,1,0,0,0,1,0,0,2,2.0,0
crowdja01,Jae Crowder,train,-2.418446,2020,3,1,65.0,10.523,28.846,12.5,-0.1,0.9,3.8,0.097,15.5,0.5534,2.477,5.908,0.369,1.108,1.062,8,608.0,9.57,24.72,8.0,32.5,1.8,10.8,30,78,235,8,0.0,0,0.3,0,0,0.56,0.3,0.22,34.0,0.0,0.0,-11.997,98.37,22.767,15.0,2.59,3.0,2.95,44.0,1.0,0.0,-29.619,128.233,5.665,15.0,0.0,6.266,0,5.059,12.0,1,0,1,0,0,0,1,0,1,0,0,0,0,0,1,0,0,2,1.0,0
cunnida01,Dante Cunningham,train,-3.149883,2015,3,1,66.0,5.152,25.03,8.9,-2.5,-0.2,1.6,0.046,10.9,0.4726,0.758,3.879,0.561,0.697,0.53,6,432.0,6.03,20.29,0.9,15.3,0.6,8.0,28,80,230,6,1.0,0,0.25,0,0,1.13,0.9,0.79,45.0,1.0,0.0,-8.464,68.28,2.133,14.0,1.13,0.9,0.79,45.0,1.0,0.0,-8.464,68.28,2.133,14.0,0.0,1.29,0,1.29,50.0,0,0,1,0,0,0,1,0,0,0,1,0,1,0,0,0,0,0,0.0,0
curryse01,Seth Curry,train,-4.268698,2015,2,1,2.0,0.0,4.0,-11.4,-23.1,0.0,0.0,0.0,16.5,0.0,0.5,1.0,0.0,0.0,0.0,2,4.0,0.75,5.25,0.0,0.0,0.0,0.0,25,73,185,1,1.0,0,0.25,0,1,-3.07,-3.9,-3.71,29.0,0.0,0.0,-12.26,73.062,1.115,15.0,-3.07,-3.9,-3.71,29.0,0.0,0.0,-12.26,73.062,1.115,15.0,0.0,2.453,0,2.453,20.0,0,0,1,0,0,1,0,0,0,0,1,0,0,1,0,0,0,0,0.0,1
curryse01,Seth Curry,train,-3.46301,2016,2,1,44.0,6.795,15.727,13.8,-0.2,0.3,1.4,0.097,17.4,0.6034,1.523,1.364,0.068,0.5,0.818,3,48.0,6.29,14.85,0.3,1.4,0.3,1.4,26,73,185,2,0.0,0,0.25,0,0,-0.02,-0.3,-0.3,42.0,1.0,0.0,-4.044,71.199,1.898,15.0,-2.32,-2.4,-2.48,33.0,0.0,0.0,-2.671,71.734,0.938,15.0,0.0,2.453,1,7.943,4.0,0,0,1,0,0,0,1,0,0,0,1,0,0,1,0,0,0,2,0.0,1
curryse01,Seth Curry,train,-2.61319,2019,4,1,74.0,7.851,18.905,11.4,-1.0,0.3,2.4,0.082,16.6,0.5954,0.892,1.622,0.162,0.486,0.824,5,192.0,9.28,21.57,2.3,8.4,2.0,7.0,29,73,185,5,0.0,0,0.25,0,0,-0.87,-1.3,-1.28,33.0,0.0,0.0,14.109,73.674,14.086,15.0,4.43,4.2,4.2,53.0,1.0,0.0,-31.227,128.005,5.091,15.0,0.0,2.511,1,7.943,4.0,0,0,1,0,0,0,1,0,1,0,0,0,0,0,0,1,0,2,0.0,1
curryse01,Seth Curry,val,-3.526515,2023,2,1,61.0,9.197,19.852,12.3,-2.1,0.0,1.8,0.071,19.2,0.5928,1.623,1.639,0.115,0.59,0.836,9,438.0,10.97,24.43,5.0,22.7,1.5,10.0,33,73,185,9,0.0,0,0.3,0,0,-0.14,0.1,0.07,38.0,0.0,0.0,-56.435,172.026,1.36,15.0,1.03,0.9,0.85,45.0,1.0,0.0,-41.12,155.025,4.242,15.0,1.0,19.113,1,7.943,4.0,0,0,1,0,0,0,1,0,0,1,0,0,0,0,0,1,0,2,2.0,1
curryst01,Stephen Curry,train,-0.901197,2017,5,1,79.0,25.304,33.392,24.6,6.9,5.9,12.6,0.229,30.1,0.6238,6.633,4.468,0.215,1.797,3.025,8,574.0,22.8,34.66,41.5,84.3,23.3,46.2,29,74,185,8,1.0,0,0.35,1,0,11.35,11.6,11.63,67.0,1.0,1.0,-6.099,97.52,2.722,15.0,11.35,11.6,11.63,67.0,1.0,1.0,-6.099,97.52,2.722,15.0,1.0,4.749,1,4.749,10.0,0,0,1,0,0,0,1,0,1,0,0,0,0,1,0,0,0,2,2.0,0
curryst01,Stephen Curry,train,-0.831525,2021,4,1,63.0,31.984,34.159,26.3,8.7,5.8,9.0,0.201,34.8,0.6547,5.762,5.476,0.127,1.222,3.381,12,762.0,24.19,34.32,56.6,112.4,11.1,19.0,33,74,185,12,1.0,0,0.35,0,0,1.1,1.0,1.06,39.0,0.0,0.0,-66.685,168.454,0.889,15.0,1.1,1.0,1.06,39.0,0.0,0.0,-66.685,168.454,0.889,15.0,1.0,4.749,1,4.749,10.0,0,1,0,0,0,0,0,1,1,0,0,0,0,1,0,0,0,2,2.0,0
danietr01,Troy Daniels,train,-4.373579,2014,2,1,5.0,8.4,15.0,16.0,0.4,0.0,0.2,0.128,19.9,0.6774,1.0,0.8,0.0,0.0,0.6,1,5.0,8.4,15.0,0.0,0.2,0.0,0.2,23,76,200,0,1.0,0,0.25,0,1,0.28,0.3,0.28,42.0,1.0,0.0,-12.901,92.25,0.0,15.0,0.34,0.5,0.43,42.0,1.0,0.0,-12.901,92.929,0.0,15.0,1.0,7.206,1,7.206,6.0,1,0,1,0,0,1,0,0,0,0,1,0,0,0,0,1,0,2,2.0,1
danietr01,Troy Daniels,train,-4.271999,2014,2,1,5.0,8.4,15.0,16.0,0.4,0.0,0.2,0.128,19.9,0.6774,1.0,0.8,0.0,0.0,0.6,1,5.0,8.4,15.0,0.0,0.2,0.0,0.2,23,76,200,0,1.0,0,0.25,0,0,0.28,0.3,0.28,42.0,1.0,0.0,-12.901,92.25,0.0,15.0,0.34,0.5,0.43,42.0,1.0,0.0,-12.901,92.929,0.0,15.0,1.0,7.206,1,7.206,6.0,0,0,1,0,0,1,0,0,0,0,1,0,0,0,0,1,0,2,2.0,1
danietr01,Troy Daniels,train,-3.340842,2016,3,1,43.0,5.628,11.07,14.9,0.7,0.3,1.1,0.111,20.4,0.6336,0.488,1.326,0.07,0.256,0.558,3,95.0,4.84,9.98,0.2,1.5,0.2,1.5,25,76,200,2,1.0,0,0.25,0,0,2.36,2.9,2.72,48.0,1.0,0.0,-10.427,78.341,0.191,15.0,2.36,2.9,2.72,48.0,1.0,0.0,-10.427,78.341,0.191,15.0,0.0,2.66,0,2.66,21.0,0,0,0,0,1,1,0,0,0,0,1,0,0,0,0,1,0,0,0.0,1
davisan02,Anthony Davis,train,-1.308492,2015,5,1,68.0,24.353,36.103,30.8,8.9,6.7,14.0,0.274,27.8,0.5907,2.191,10.235,2.941,1.471,1.397,3,199.0,19.68,33.46,12.8,30.5,12.8,30.5,22,82,253,3,1.0,0,0.25,0,2,1.13,0.9,0.79,45.0,1.0,0.0,-8.464,68.28,2.133,14.0,1.13,0.9,0.79,45.0,1.0,0.0,-8.464,68.28,2.133,14.0,0.0,1.29,0,1.29,50.0,0,1,0,0,0,0,0,1,0,0,1,0,1,0,0,0,0,0,0.0,0
davisan02,Anthony Davis,train,-1.055572,2020,5,1,62.0,26.097,34.371,27.4,8.0,5.4,11.1,0.25,29.3,0.6096,3.226,9.306,2.306,1.468,2.484,8,528.0,24.01,34.54,38.0,83.0,16.6,34.3,27,82,253,8,1.0,0,0.3,0,1,6.28,5.7,5.79,52.0,1.0,1.0,-13.584,107.807,10.149,15.0,6.28,5.7,5.79,52.0,1.0,1.0,-13.584,107.807,10.149,15.0,1.0,12.901,1,12.901,2.0,1,0,1,0,0,0,1,0,1,0,0,0,1,0,0,0,0,2,2.0,0
davisan02,Anthony Davis,val,-0.877548,2023,3,1,56.0,25.911,34.0,27.8,6.3,4.0,9.0,0.227,28.4,0.6269,2.643,12.536,2.036,1.054,2.179,11,660.0,24.0,34.41,46.0,100.2,8.0,17.2,30,82,253,11,1.0,0,0.35,0,0,0.43,0.6,0.57,43.0,1.0,0.0,-56.412,164.963,2.45,15.0,0.43,0.6,0.57,43.0,1.0,0.0,-56.412,164.963,2.45,15.0,1.0,12.901,1,12.901,2.0,0,1,0,0,0,0,0,1,0,1,0,1,0,0,0,0,0,2,2.0,0
davisde01,Deyonta Davis,train,-4.257133,2016,3,0,66.0,9.478,24.912,14.9,-0.1,0.7,3.2,0.104,19.0,0.559,1.722,3.879,0.354,0.721,1.148,0,0.0,9.05,23.27,0.0,0.0,0.0,0.0,20,81,237,0,1.0,0,0.25,0,0,-2.14,-2.4,-2.24,42.0,1.0,0.0,-15.477,76.017,7.365,16.0,-2.14,-2.4,-2.24,42.0,1.0,0.0,-15.477,76.017,7.365,16.0,0.0,1.358,0,1.358,51.0,0,0,1,0,0,0,0,1,0,0,1,0,0,0,0,0,1,0,0.0,0
davised01,Ed Davis,train,-4.104945,2014,2,1,63.0,5.667,15.175,15.9,-1.2,0.2,2.6,0.131,17.8,0.5423,0.429,4.127,0.683,0.27,0.635,4,275.0,6.89,20.81,2.2,15.9,1.8,11.9,25,81,218,4,1.0,1,0.25,0,0,0.28,0.3,0.28,42.0,1.0,0.0,-12.901,92.25,0.0,15.0,0.34,0.5,0.43,42.0,1.0,0.0,-12.901,92.929,0.0,15.0,1.0,12.901,1,12.901,2.0,0,0,1,0,0,0,1,0,0,0,1,0,1,0,0,0,0,2,2.0,0
davised01,Ed Davis,train,-2.351375,2015,3,1,79.0,8.304,23.291,20.0,1.5,1.6,6.3,0.164,14.8,0.594,1.19,7.595,1.241,0.62,0.734,5,354.0,7.21,21.36,3.8,22.2,2.7,14.3,26,81,218,5,1.0,0,0.25,0,0,4.41,4.5,4.23,51.0,1.0,0.0,-10.845,72.965,0.03,16.0,4.41,4.5,4.23,51.0,1.0,0.0,-10.845,72.965,0.03,16.0,0.0,2.511,0,2.511,23.0,0,0,1,0,0,0,1,0,0,0,1,0,1,0,0,0,0,0,0.0,0
davised01,Ed Davis,train,-3.106462,2019,2,1,81.0,5.827,17.852,17.3,0.0,0.7,5.7,0.189,12.7,0.6322,0.753,8.568,0.407,0.432,0.79,9,640.0,6.51,20.24,6.2,41.3,0.8,12.4,30,81,218,9,0.0,0,0.3,0,0,5.28,5.2,5.26,50.0,1.0,0.0,-12.969,113.394,0.0,15.0,-0.4,-0.1,-0.07,42.0,1.0,0.0,-15.703,77.806,39.766,15.0,1.0,19.113,0,1.266,28.0,0,0,1,0,0,0,1,0,1,0,0,1,0,0,0,0,0,0,2.0,0
daviste02,Terence Davis,train,-4.506152,2019,2,0,66.0,9.478,24.912,14.9,-0.1,0.7,3.2,0.104,19.0,0.559,1.722,3.879,0.354,0.721,1.148,0,0.0,9.05,23.27,0.0,0.0,0.0,0.0,22,76,201,0,1.0,0,0.25,0,0,5.49,6.0,6.09,58.0,1.0,1.0,-47.819,135.46,1.971,15.0,5.49,6.0,6.09,58.0,1.0,1.0,-47.819,135.46,1.971,15.0,1.0,6.202,1,6.202,9.0,0,0,1,0,0,0,0,1,1,0,0,0,0,0,0,0,1,2,2.0,1
daviste02,Terence Davis,train,-3.335894,2021,2,1,61.0,8.738,17.607,12.7,-1.7,0.1,0.8,0.036,21.8,0.555,1.361,2.525,0.23,0.721,1.033,2,133.0,8.09,17.17,0.9,3.9,0.9,3.9,24,76,201,2,1.0,0,0.25,0,0,-3.45,-3.6,-3.68,31.0,0.0,0.0,2.318,93.806,11.396,15.0,-3.45,-3.6,-3.68,31.0,0.0,0.0,2.318,93.806,11.396,15.0,0.0,2.453,0,2.453,20.0,0,0,1,0,0,1,0,0,1,0,0,0,0,0,0,1,0,0,0.0,1
dedmode01,Dewayne Dedmon,train,-3.46301,2016,2,1,58.0,4.397,12.155,17.0,-0.9,0.2,2.4,0.163,15.2,0.6059,0.224,3.931,0.793,0.379,0.552,3,148.0,3.84,13.11,-0.4,4.7,-0.4,4.7,27,82,245,3,0.0,0,0.25,0,2,10.28,11.3,10.63,67.0,1.0,0.0,-17.595,85.193,2.402,15.0,-1.68,-1.7,-1.62,35.0,0.0,0.0,5.537,61.109,3.354,15.0,0.0,2.673,0,2.602,31.0,0,0,1,0,0,0,1,0,0,0,1,1,0,0,0,0,0,0,1.0,1
dedmode01,Dewayne Dedmon,train,-2.102364,2019,3,1,64.0,10.828,25.141,16.0,0.5,1.0,4.0,0.119,16.7,0.6019,1.406,7.5,1.109,1.078,1.312,6,350.0,6.47,18.35,2.3,17.6,2.7,12.9,30,82,245,6,0.0,0,0.25,0,0,-0.81,-1.1,-1.12,39.0,0.0,0.0,-2.169,92.25,11.789,15.0,-6.06,-5.8,-6.02,29.0,0.0,0.0,-1.704,62.167,41.406,15.0,1.0,6.144,0,2.453,20.0,0,0,1,0,0,0,1,0,1,0,0,1,0,0,0,0,0,0,2.0,1
dedmode01,Dewayne Dedmon,val,-3.311198,2022,2,1,67.0,6.299,15.896,15.9,-1.0,0.3,3.5,0.158,16.9,0.6317,0.701,5.761,0.627,0.358,1.045,9,477.0,6.41,17.76,2.1,22.3,-0.2,4.7,33,82,245,9,1.0,0,0.3,0,0,4.23,4.6,4.45,53.0,1.0,0.0,-26.391,130.081,5.386,15.0,4.23,4.6,4.45,53.0,1.0,0.0,-26.391,130.081,5.386,15.0,0.0,6.266,0,6.266,18.0,0,0,1,0,0,0,1,0,1,0,0,1,0,0,0,0,0,1,1.0,1
dekkesa01,Sam Dekker,train,-3.72673,2015,2,0,66.0,9.478,24.912,14.9,-0.1,0.7,3.2,0.104,19.0,0.559,1.722,3.879,0.354,0.721,1.148,0,0.0,9.05,23.27,0.0,0.0,0.0,0.0,21,81,230,0,1.0,0,0.25,0,2,3.82,3.6,3.44,56.0,1.0,0.0,-10.985,71.005,3.046,16.0,3.82,3.6,3.44,56.0,1.0,0.0,-10.985,71.005,3.046,16.0,1.0,7.206,1,7.206,6.0,0,0,1,0,0,0,0,1,0,0,1,0,0,0,0,0,1,2,2.0,0
delanma01,Malcolm Delaney,train,-3.628524,2016,2,0,66.0,9.478,24.912,14.9,-0.1,0.7,3.2,0.104,19.0,0.559,1.722,3.879,0.354,0.721,1.148,0,0.0,9.05,23.27,0.0,0.0,0.0,0.0,27,75,190,0,1.0,0,0.25,0,0,3.49,3.7,3.61,48.0,1.0,0.0,-1.408,71.333,0.075,15.0,3.49,3.7,3.61,48.0,1.0,0.0,-1.408,71.333,0.075,15.0,1.0,6.144,1,6.144,7.0,0,0,1,0,0,0,0,1,0,0,1,0,0,0,0,0,1,2,2.0,1
dellama01,Matthew Dellavedova,train,-2.283052,2016,4,1,76.0,7.487,24.566,11.3,-1.2,0.4,3.8,0.098,15.9,0.5268,4.434,2.132,0.118,0.579,1.526,3,215.0,5.71,21.01,0.2,7.8,0.2,7.8,26,75,200,3,1.0,0,0.25,0,0,5.45,6.4,6.0,57.0,1.0,1.0,-37.976,106.998,0.031,15.0,5.45,6.4,6.0,57.0,1.0,1.0,-37.976,106.998,0.031,15.0,0.0,2.088,0,2.088,19.0,0,0,0,0,1,1,0,0,0,0,1,0,0,1,0,0,0,1,1.0,1
denglu01,Luol Deng,train,-1.848102,2014,2,1,63.0,16.048,35.127,15.2,0.4,1.4,4.5,0.098,22.3,0.5169,2.905,5.73,0.143,0.984,1.81,9,616.0,16.47,36.64,18.5,57.6,5.4,16.6,29,81,237,10,1.0,1,0.35,0,1,0.28,0.3,0.28,42.0,1.0,0.0,-12.901,92.25,0.0,15.0,0.34,0.5,0.43,42.0,1.0,0.0,-12.901,92.929,0.0,15.0,0.0,6.266,0,6.266,18.0,0,0,1,0,0,0,1,0,0,0,1,0,0,0,1,0,0,1,1.0,0
denglu01,Luol Deng,train,-1.654443,2016,4,1,74.0,12.311,32.351,15.0,0.8,1.7,6.4,0.128,17.4,0.5491,1.892,5.986,0.392,1.0,1.095,11,762.0,15.83,35.94,21.4,69.4,4.3,16.3,31,81,237,12,0.0,0,0.35,0,0,-8.92,-10.0,-9.56,17.0,0.0,0.0,-3.113,71.77,0.195,15.0,1.5,1.7,1.65,48.0,1.0,0.0,-14.62,82.539,2.08,15.0,0.0,6.266,1,12.901,2.0,0,0,1,0,0,0,1,0,0,0,1,0,1,0,0,0,0,2,1.0,0
derozde01,DeMar DeRozan,train,-1.219779,2016,5,1,78.0,23.462,35.949,21.5,2.5,3.2,9.9,0.169,29.8,0.5498,4.038,4.474,0.269,1.038,2.244,7,521.0,18.11,33.89,6.0,35.4,6.6,22.7,27,78,220,7,1.0,0,0.3,0,1,4.08,4.8,4.5,56.0,1.0,0.0,-4.217,71.218,1.097,15.0,4.08,4.8,4.5,56.0,1.0,0.0,-4.217,71.218,1.097,15.0,1.0,6.202,1,6.202,9.0,0,0,1,0,0,0,1,0,0,0,1,0,0,0,0,1,0,2,2.0,0
derozde01,DeMar DeRozan,train,-1.37815,2021,3,1,61.0,21.574,33.705,22.0,3.1,2.6,7.4,0.173,26.1,0.5909,6.918,4.246,0.246,0.918,1.951,12,881.0,20.15,34.1,19.6,75.0,7.1,21.0,32,78,220,12,1.0,0,0.35,0,0,-1.58,-1.8,-1.74,33.0,0.0,0.0,-41.011,103.942,24.805,15.0,-1.58,-1.8,-1.74,33.0,0.0,0.0,-41.011,103.942,24.805,15.0,0.0,2.602,0,2.602,31.0,0,0,0,0,1,0,1,0,1,0,0,0,1,0,0,0,0,0,0.0,0
derozde01,DeMar DeRozan,test,-1.744307,2024,3,1,79.0,24.013,37.835,19.7,1.8,2.8,9.2,0.148,25.8,0.584,5.329,4.304,0.57,1.139,1.709,15,1110.0,21.25,34.65,28.1,101.5,8.5,26.5,35,78,220,15,1.0,0,0.35,0,0,-1.77,-1.4,-1.44,39.0,0.0,0.0,-30.328,162.193,2.136,15.0,-1.77,-1.4,-1.44,39.0,0.0,0.0,-30.328,162.193,2.136,15.0,1.0,9.441,1,9.441,3.0,0,0,0,0,1,0,1,0,0,1,0,0,0,0,1,0,0,2,2.0,0
diabamo01,Moussa Diabaté,test,-4.305743,2024,3,1,11.0,2.636,5.818,24.7,3.5,0.1,0.3,0.225,18.6,0.5763,0.364,2.182,0.091,0.455,0.182,2,33.0,2.67,7.85,0.1,0.7,0.1,0.7,22,82,210,2,1.0,0,0.25,0,0,-10.12,-10.5,-10.24,21.0,0.0,0.0,-5.015,97.075,40.357,15.0,-10.12,-10.5,-10.24,21.0,0.0,0.0,-5.015,97.075,40.357,15.0,0.0,2.66,0,2.66,21.0,0,0,1,0,0,0,1,0,0,1,0,1,0,0,0,0,0,0,0.0,0
diallch01,Cheick Diallo,train,-4.727136,2016,3,0,66.0,9.478,24.912,14.9,-0.1,0.7,3.2,0.104,19.0,0.559,1.722,3.879,0.354,0.721,1.148,0,0.0,9.05,23.27,0.0,0.0,0.0,0.0,20,80,219,0,1.0,0,0.25,0,1,-3.56,-3.9,-3.79,30.0,0.0,0.0,-11.426,80.165,1.261,18.0,-3.56,-3.9,-3.79,30.0,0.0,0.0,-11.426,80.165,1.261,18.0,0.0,1.29,0,1.29,50.0,0,0,1,0,0,0,0,1,0,0,1,0,0,0,0,0,1,0,0.0,0
diallha01,Hamidou Diallo,train,-4.492659,2018,2,0,66.0,9.478,24.912,14.9,-0.1,0.7,3.2,0.104,19.0,0.559,1.722,3.879,0.354,0.721,1.148,0,0.0,9.05,23.27,0.0,0.0,0.0,0.0,20,77,202,0,1.0,0,0.25,0,2,3.42,3.5,3.41,48.0,1.0,0.0,-35.299,130.478,2.442,15.0,3.42,3.5,3.41,48.0,1.0,0.0,-35.299,130.478,2.442,15.0,0.0,1.435,0,1.435,47.0,0,0,1,0,0,0,0,1,1,0,0,0,0,0,0,0,1,0,0.0,0
diallha01,Hamidou Diallo,train,-3.07353,2021,2,1,52.0,11.615,23.577,14.3,-2.1,0.0,1.6,0.063,22.2,0.5412,1.942,5.231,0.462,0.788,1.462,3,149.0,7.46,17.77,-0.7,2.8,-0.7,2.8,23,77,202,3,1.0,0,0.25,0,1,-4.38,-4.5,-4.47,20.0,0.0,0.0,-5.873,76.325,38.688,15.0,-4.38,-4.5,-4.47,20.0,0.0,0.0,-5.873,76.325,38.688,15.0,0.0,4.365,0,4.365,14.0,0,0,1,0,0,1,0,0,1,0,0,0,0,0,1,0,0,1,1.0,0
diawamo01,Mohamed Diawara,test,-4.099718,2026,4,1,69.0,3.565,9.188,10.3,-1.7,0.0,0.9,0.068,17.1,0.5502,0.768,1.362,0.087,0.246,0.435,1,69.0,3.56,9.19,0.0,0.9,0.0,0.9,21,81,225,1,1.0,0,0.25,0,0,6.05,6.5,6.33,53.0,1.0,1.0,-55.177,207.454,0.073,15.0,6.05,6.5,6.33,53.0,1.0,1.0,-55.177,207.454,0.073,15.0,1.0,19.113,1,19.113,1.0,0,0,1,0,0,1,0,0,0,1,0,0,0,0,1,0,0,2,2.0,0
diawbo01,Boris Diaw,train,-2.198256,2014,4,1,79.0,9.076,24.987,14.1,1.3,1.6,4.9,0.119,17.0,0.5778,2.81,4.127,0.405,0.557,1.532,9,692.0,10.05,30.34,14.5,42.1,2.9,9.9,32,80,250,11,1.0,0,0.35,0,0,0.28,0.3,0.28,42.0,1.0,0.0,-12.901,92.25,0.0,15.0,0.34,0.5,0.43,42.0,1.0,0.0,-12.901,92.929,0.0,15.0,0.0,2.602,0,2.602,31.0,0,0,1,0,0,0,1,0,0,0,1,0,1,0,0,0,0,0,0.0,0
dickgr01,Gradey Dick,val,-3.234779,2023,4,0,66.0,9.478,24.912,14.9,-0.1,0.7,3.2,0.104,19.0,0.559,1.722,3.879,0.354,0.721,1.148,0,0.0,9.05,23.27,0.0,0.0,0.0,0.0,20,79,200,0,1.0,0,0.25,0,2,1.59,1.5,1.48,41.0,0.0,0.0,-25.605,144.097,5.164,15.0,1.59,1.5,1.48,41.0,0.0,0.0,-25.605,144.097,5.164,15.0,1.0,6.202,1,6.202,9.0,0,0,1,0,0,0,0,1,0,1,0,0,0,0,0,0,1,2,2.0,0
dienggo01,Gorgui Dieng,train,-1.791154,2016,4,1,82.0,10.085,27.073,17.1,0.8,1.5,5.9,0.128,16.7,0.6009,1.744,7.134,1.171,1.146,1.707,3,215.0,8.48,24.33,2.9,13.0,2.9,13.0,26,82,252,3,1.0,0,0.25,0,0,-3.38,-3.6,-3.54,29.0,0.0,0.0,-2.747,59.841,10.812,14.0,-3.38,-3.6,-3.54,29.0,0.0,0.0,-2.747,59.841,10.812,14.0,0.0,3.703,0,3.703,16.0,0,0,1,0,0,1,0,0,0,0,1,1,0,0,0,0,0,1,1.0,0
diengou01,Ousmane Dieng,test,-3.372867,2026,3,1,57.0,7.561,19.281,10.2,-3.8,-0.5,0.3,0.013,19.7,0.5158,2.386,3.158,0.298,0.439,1.316,4,166.0,5.42,14.69,-0.7,2.0,-0.5,1.6,23,81,185,4,1.0,0,0.25,0,0,-6.12,-6.4,-6.21,32.0,0.0,0.0,-26.608,151.772,29.483,15.0,-6.12,-6.4,-6.21,32.0,0.0,0.0,-26.608,151.772,29.483,15.0,0.0,1.586,0,1.586,38.0,0,0,1,0,0,0,1,0,0,1,0,1,0,0,0,0,0,0,0.0,0
dinwisp01,Spencer Dinwiddie,train,-4.314559,2014,3,0,66.0,9.478,24.912,14.9,-0.1,0.7,3.2,0.104,19.0,0.559,1.722,3.879,0.354,0.721,1.148,0,0.0,9.05,23.27,0.0,0.0,0.0,0.0,21,77,215,0,1.0,0,0.25,0,1,0.28,0.3,0.28,42.0,1.0,0.0,-12.901,92.25,0.0,15.0,0.34,0.5,0.43,42.0,1.0,0.0,-12.901,92.929,0.0,15.0,0.0,4.365,0,4.365,14.0,0,0,1,0,0,0,0,1,0,0,1,0,0,0,0,0,1,1,1.0,0
dinwisp01,Spencer Dinwiddie,train,-4.529926,2016,2,1,12.0,4.833,13.25,8.9,-5.2,-0.1,0.1,0.03,20.7,0.4232,1.833,1.417,0.0,0.25,0.583,2,46.0,4.41,13.35,-0.2,0.2,-0.2,0.2,23,77,215,2,0.0,0,0.25,0,1,-1.46,-1.5,-1.48,42.0,0.0,0.0,-32.184,101.851,0.333,18.0,0.43,0.6,0.61,44.0,1.0,0.0,-5.604,66.217,9.386,14.0,0.0,4.365,1,9.441,3.0,0,0,1,0,0,1,0,0,0,0,1,0,0,1,0,0,0,2,1.0,0
dinwisp01,Spencer Dinwiddie,train,-4.578716,2016,3,1,12.0,4.833,13.25,8.9,-5.2,-0.1,0.1,0.03,20.7,0.4232,1.833,1.417,0.0,0.25,0.583,2,46.0,4.41,13.35,-0.2,0.2,-0.2,0.2,23,77,215,2,0.0,0,0.25,0,1,-7.12,-7.7,-7.35,21.0,0.0,0.0,-11.451,51.713,28.791,15.0,0.43,0.6,0.61,44.0,1.0,0.0,-5.604,66.217,9.386,14.0,0.0,4.365,1,19.113,1.0,1,0,1,0,0,1,0,0,0,0,1,0,0,1,0,0,0,2,1.0,0
dinwisp01,Spencer Dinwiddie,train,-2.253187,2018,3,1,80.0,12.588,28.825,15.9,0.6,1.5,5.7,0.119,20.3,0.5267,6.55,3.237,0.287,0.85,1.6,4,185.0,8.88,22.99,1.7,8.7,1.8,8.6,25,77,215,4,1.0,1,0.25,0,1,-3.67,-3.7,-3.74,28.0,0.0,0.0,3.128,88.965,6.999,15.0,-3.67,-3.7,-3.74,28.0,0.0,0.0,3.128,88.965,6.999,15.0,1.0,19.113,1,19.113,1.0,1,1,0,0,0,0,0,1,1,0,0,0,0,1,0,0,0,2,2.0,0
dinwisp01,Spencer Dinwiddie,train,-1.831817,2021,3,1,3.0,6.667,21.333,10.1,0.2,0.0,0.1,0.075,16.1,0.5365,3.0,4.333,0.333,0.667,1.667,7,320.0,12.88,25.71,4.9,18.4,3.2,9.7,28,77,215,7,1.0,0,0.3,0,0,4.24,4.5,4.5,48.0,1.0,0.0,-59.41,164.541,2.389,15.0,4.24,4.5,4.5,48.0,1.0,0.0,-59.41,164.541,2.389,15.0,1.0,19.113,1,19.113,1.0,0,0,0,0,1,0,1,0,1,0,0,0,0,0,0,1,0,2,2.0,0
divindo01,Donte DiVincenzo,val,-3.288184,2022,2,1,42.0,9.048,23.952,11.3,-2.3,-0.1,0.7,0.033,18.9,0.51,2.81,4.048,0.19,1.143,1.714,4,201.0,9.0,23.64,2.2,9.2,2.2,8.6,25,76,203,4,0.0,1,0.25,0,1,5.52,5.6,5.54,53.0,1.0,1.0,-71.611,175.192,0.667,15.0,-5.26,-5.4,-5.46,30.0,0.0,0.0,-20.163,126.382,3.036,15.0,0.0,2.453,1,4.749,10.0,0,0,1,0,0,0,1,0,1,0,0,0,0,0,0,1,0,2,0.0,0
divindo01,Donte DiVincenzo,val,-2.451726,2023,4,1,72.0,9.417,26.306,12.8,0.7,1.3,4.2,0.106,15.1,0.5934,3.5,4.514,0.139,1.347,1.556,5,273.0,9.11,24.34,3.5,13.4,2.2,8.5,26,76,203,5,0.0,0,0.25,0,0,2.99,3.0,2.93,47.0,1.0,0.0,-26.609,149.994,0.27,15.0,1.66,1.7,1.8,44.0,1.0,0.0,-75.666,188.444,0.058,15.0,1.0,4.749,1,19.113,1.0,0,0,1,0,0,0,1,0,0,1,0,0,0,0,0,1,0,2,2.0,0
doncilu01,Luka Dončić,train,-1.055551,2021,5,1,66.0,27.727,34.273,25.3,6.8,5.1,7.7,0.163,36.0,0.5872,8.591,7.985,0.545,0.97,4.258,3,199.0,25.7,33.3,13.9,21.4,13.9,21.4,22,80,230,3,1.0,1,0.35,1,1,2.26,2.4,2.26,42.0,1.0,0.0,-16.675,124.195,1.621,15.0,2.26,2.4,2.26,42.0,1.0,0.0,-16.675,124.195,1.621,15.0,1.0,7.943,1,7.943,4.0,0,1,0,0,0,0,0,1,1,0,0,0,0,1,0,0,0,2,2.0,0
doncilu01,Luka Dončić,test,-1.157771,2025,3,1,50.0,28.16,35.38,24.1,6.7,3.9,5.9,0.16,33.9,0.5873,7.66,8.18,0.42,1.78,3.58,7,450.0,28.62,34.92,38.3,57.1,18.5,28.1,26,80,230,7,1.0,1,0.3,0,0,1.45,1.2,1.22,50.0,1.0,0.0,-60.198,182.746,5.515,15.0,1.45,1.2,1.22,50.0,1.0,0.0,-60.198,182.746,5.515,15.0,1.0,12.901,1,12.901,2.0,0,1,0,0,0,0,0,1,0,1,0,0,0,1,0,0,0,2,2.0,0
dorsety01,Tyler Dorsey,train,-4.505304,2017,2,0,66.0,9.478,24.912,14.9,-0.1,0.7,3.2,0.104,19.0,0.559,1.722,3.879,0.354,0.721,1.148,0,0.0,9.05,23.27,0.0,0.0,0.0,0.0,21,76,180,0,1.0,0,0.25,0,0,-1.23,-0.8,-0.85,43.0,1.0,0.0,-1.421,92.929,2.635,15.0,-1.23,-0.8,-0.85,43.0,1.0,0.0,-1.421,92.929,2.635,15.0,1.0,6.144,1,6.144,7.0,0,0,1,0,0,0,0,1,1,0,0,0,0,0,0,0,1,2,2.0,0
dortlu01,Luguentz Dort,val,-2.014135,2022,5,1,51.0,17.196,32.647,12.3,-2.3,-0.1,1.4,0.04,23.3,0.5413,1.725,4.157,0.353,0.902,1.725,3,139.0,13.31,28.98,-1.1,2.5,-1.1,2.5,23,76,220,3,1.0,0,0.25,0,1,-7.9,-8.2,-8.1,24.0,0.0,0.0,21.901,47.135,33.723,15.0,-7.9,-8.2,-8.1,24.0,0.0,0.0,21.901,47.135,33.723,15.0,0.0,1.435,0,1.435,47.0,0,0,1,0,0,1,0,0,1,0,0,0,0,0,0,1,0,0,0.0,1
dosunay01,Ayo Dosunmu,train,-4.503053,2021,2,0,66.0,9.478,24.912,14.9,-0.1,0.7,3.2,0.104,19.0,0.559,1.722,3.879,0.354,0.721,1.148,0,0.0,9.05,23.27,0.0,0.0,0.0,0.0,21,76,200,0,1.0,0,0.25,0,0,-0.94,-0.9,-0.89,31.0,0.0,0.0,-18.925,127.968,0.097,15.0,-0.94,-0.9,-0.89,31.0,0.0,0.0,-18.925,127.968,0.097,15.0,1.0,9.441,1,9.441,3.0,0,0,1,0,0,0,0,1,1,0,0,0,0,0,0,0,1,2,2.0,0
dosunay01,Ayo Dosunmu,val,-2.966899,2023,3,1,80.0,8.588,26.225,10.2,-2.5,-0.2,2.9,0.066,14.9,0.5668,2.575,2.75,0.325,0.775,1.238,2,157.0,8.7,26.8,-0.2,5.9,-0.2,5.9,23,76,200,2,1.0,0,0.25,0,0,1.37,1.3,1.29,40.0,0.0,0.0,-29.439,145.549,3.872,15.0,1.37,1.3,1.29,40.0,0.0,0.0,-29.439,145.549,3.872,15.0,1.0,9.441,1,9.441,3.0,0,0,1,0,0,1,0,0,0,1,0,0,0,0,0,1,0,2,2.0,0
dosunay01,Ayo Dosunmu,test,-2.027394,2026,5,1,69.0,14.812,27.261,16.5,1.0,1.4,4.9,0.125,20.2,0.6302,3.609,3.435,0.261,0.841,1.391,5,348.0,11.14,27.86,2.0,17.4,2.2,11.5,26,76,200,5,1.0,1,0.25,0,0,3.07,3.3,3.35,49.0,1.0,0.0,-74.194,194.043,0.0,15.0,3.07,3.3,3.35,49.0,1.0,0.0,-74.194,194.043,0.0,15.0,0.0,3.703,0,3.703,16.0,0,0,1,0,0,0,1,0,0,1,0,0,0,0,0,1,0,1,1.0,0
dotsoda01,Damyean Dotson,train,-4.283684,2017,3,0,66.0,9.478,24.912,14.9,-0.1,0.7,3.2,0.104,19.0,0.559,1.722,3.879,0.354,0.721,1.148,0,0.0,9.05,23.27,0.0,0.0,0.0,0.0,23,77,210,0,1.0,0,0.25,0,0,-3.87,-3.8,-3.67,31.0,0.0,0.0,-8.47,79.596,6.018,14.0,-3.87,-3.8,-3.67,31.0,0.0,0.0,-8.47,79.596,6.018,14.0,1.0,19.113,1,19.113,1.0,0,0,1,0,0,0,0,1,1,0,0,0,0,0,0,0,1,2,2.0,0
douglto01,Toney Douglas,train,-4.033384,2015,2,1,12.0,4.25,14.75,11.2,-1.7,0.0,0.2,0.054,17.2,0.4496,2.0,1.833,0.333,0.917,0.833,6,309.0,7.64,18.95,1.6,9.3,0.5,3.5,29,74,195,6,0.0,0,0.25,0,0,1.13,0.9,0.79,45.0,1.0,0.0,-8.464,68.28,2.133,14.0,-0.23,0.3,0.28,38.0,0.0,0.0,-12.934,74.799,0.0,15.0,0.0,2.126,0,1.29,50.0,0,0,1,0,0,0,1,0,0,0,1,0,0,0,0,1,0,0,0.0,0
dragigo01,Goran Dragić,train,-1.711602,2015,5,1,78.0,16.346,33.846,17.4,0.8,1.8,6.8,0.124,21.8,0.5769,4.487,3.513,0.192,1.0,2.218,7,502.0,12.21,25.99,10.3,31.8,8.0,22.8,29,76,190,7,1.0,0,0.3,0,1,-2.92,-2.8,-2.6,37.0,0.0,0.0,-12.901,75.085,0.882,16.0,-2.92,-2.8,-2.6,37.0,0.0,0.0,-12.901,75.085,0.882,16.0,0.0,6.266,0,6.266,18.0,0,1,0,0,0,0,0,1,0,0,1,0,0,1,0,0,0,1,1.0,0
drumman01,Andre Drummond,train,-1.310066,2016,5,1,81.0,16.222,32.914,21.2,1.1,2.0,7.4,0.133,24.1,0.4985,0.827,14.79,1.383,1.469,1.914,4,304.0,13.21,29.7,6.9,29.5,5.5,25.0,23,83,279,4,1.0,0,0.25,0,3,0.43,0.6,0.61,44.0,1.0,0.0,-5.604,66.217,9.386,14.0,0.43,0.6,0.61,44.0,1.0,0.0,-5.604,66.217,9.386,14.0,0.0,4.365,0,4.365,14.0,0,0,1,0,0,1,0,0,0,0,1,1,0,0,0,0,0,1,1.0,0
drumman01,Andre Drummond,val,-3.629652,2022,2,1,73.0,7.945,19.685,21.0,1.3,1.2,5.1,0.17,19.0,0.5741,1.795,9.315,0.932,1.068,1.575,10,718.0,13.84,29.62,17.7,67.8,2.9,11.3,29,83,279,10,0.0,1,0.35,0,2,-0.38,-0.4,-0.39,46.0,1.0,0.0,-23.705,132.834,1.796,15.0,0.82,0.8,0.78,44.0,1.0,0.0,-60.406,157.844,11.438,15.0,1.0,19.113,1,9.441,3.0,0,0,1,0,0,0,1,0,1,0,0,1,0,0,0,0,0,2,2.0,0
drumman01,Andre Drummond,test,-3.336396,2024,2,1,79.0,8.392,17.101,23.0,0.1,0.7,4.9,0.174,21.3,0.5756,0.468,8.962,0.608,0.924,1.025,12,864.0,12.73,27.16,18.7,75.5,2.2,12.8,31,83,279,12,0.0,0,0.35,0,1,2.51,3.1,3.05,47.0,1.0,0.0,-45.888,161.97,2.568,15.0,-1.77,-1.4,-1.44,39.0,0.0,0.0,-30.328,162.193,2.136,15.0,1.0,9.441,1,6.228,5.0,0,0,1,0,0,0,1,0,0,1,0,1,0,0,0,0,0,2,2.0,0
dudleja01,Jared Dudley,train,-2.24223,2016,3,1,81.0,7.877,25.901,11.7,-0.1,1.0,4.6,0.105,12.7,0.6018,2.099,3.531,0.222,0.926,0.988,9,676.0,8.41,24.27,10.7,37.5,2.3,11.1,31,78,237,9,0.0,0,0.3,0,0,-6.32,-6.8,-6.66,23.0,0.0,0.0,-3.444,63.389,10.054,14.0,-0.5,-0.5,-0.5,41.0,0.0,0.0,-17.133,76.329,7.963,15.0,1.0,6.385,0,5.059,12.0,0,0,1,0,0,0,1,0,0,0,1,0,1,0,0,0,0,2,2.0,0
duncati01,Tim Duncan,train,-2.557477,2015,2,1,77.0,13.896,28.922,22.6,5.1,4.0,9.6,0.207,22.2,0.5597,2.987,9.143,1.961,0.818,1.701,10,745.0,17.14,31.38,42.0,94.8,10.7,25.3,39,83,250,18,1.0,1,0.35,0,1,6.34,6.5,6.2,55.0,1.0,0.0,-9.123,69.028,1.351,15.0,6.34,6.5,6.2,55.0,1.0,0.0,-9.123,69.028,1.351,15.0,0.0,2.602,0,2.602,31.0,0,0,1,0,0,0,1,0,0,0,1,1,0,0,0,0,0,0,0.0,0
dunlemi02,Mike Dunleavy,train,-2.969279,2015,3,1,63.0,9.444,29.175,11.6,0.0,0.9,4.1,0.107,14.2,0.5729,1.81,3.937,0.333,0.619,0.952,10,666.0,12.24,29.41,12.2,44.5,3.9,15.0,35,81,230,13,1.0,0,0.35,0,0,2.54,3.2,3.0,50.0,1.0,0.0,-4.368,67.099,0.333,15.0,2.54,3.2,3.0,50.0,1.0,0.0,-4.368,67.099,0.333,15.0,1.0,9.441,1,9.441,3.0,0,1,0,0,0,0,0,1,0,0,1,0,0,0,1,0,0,2,2.0,0
dunnkr01,Kris Dunn,train,-3.083194,2020,2,1,51.0,7.314,24.882,12.1,-0.6,0.4,2.3,0.087,14.6,0.5099,3.392,3.647,0.333,1.98,1.333,4,227.0,8.3,24.3,0.2,3.9,0.5,3.8,26,75,205,4,0.0,1,0.25,0,1,-7.71,-7.6,-7.97,20.0,0.0,0.0,-3.203,82.576,29.766,15.0,-4.0,-3.1,-3.08,22.0,0.0,0.0,-4.069,111.721,1.488,15.0,1.0,9.441,1,6.144,7.0,1,0,1,0,0,0,1,0,1,0,0,0,0,1,0,0,0,2,2.0,0
dunnkr01,Kris Dunn,test,-3.254509,2024,3,1,66.0,5.409,18.924,12.8,-0.1,0.6,2.0,0.077,13.6,0.5457,3.848,2.864,0.424,1.03,1.197,8,333.0,7.93,23.17,1.0,7.8,0.9,4.1,30,75,205,8,1.0,0,0.3,0,0,-4.22,-4.9,-4.89,31.0,0.0,0.0,4.264,123.547,8.21,15.0,-4.22,-4.9,-4.89,31.0,0.0,0.0,4.264,123.547,8.21,15.0,0.0,1.266,0,1.266,28.0,0,0,0,0,1,0,1,0,0,1,0,0,0,1,0,0,0,0,0.0,0
duranke01,Kevin Durant,train,-1.243438,2016,2,1,72.0,28.181,35.806,28.2,9.9,7.8,14.5,0.27,30.6,0.634,5.014,8.181,1.181,0.958,3.472,9,641.0,27.4,37.77,52.8,107.9,20.2,38.5,28,83,240,9,0.0,0,0.3,0,3,10.38,10.7,10.76,73.0,1.0,0.0,-34.731,88.869,6.909,15.0,7.09,7.5,7.28,55.0,1.0,0.0,-24.713,93.765,0.0,15.0,0.0,1.435,1,4.749,10.0,0,0,1,0,0,0,1,0,0,0,1,0,0,0,1,0,0,2,0.0,0
duranke01,Kevin Durant,train,-1.35249,2017,2,1,62.0,25.081,33.387,27.6,8.9,5.7,12.0,0.278,27.8,0.6506,4.839,8.274,1.597,1.065,2.226,10,703.0,27.2,37.38,58.5,119.9,16.3,31.3,29,83,240,10,1.0,1,0.35,0,2,11.35,11.6,11.63,67.0,1.0,1.0,-6.099,97.52,2.722,15.0,11.35,11.6,11.63,67.0,1.0,1.0,-6.099,97.52,2.722,15.0,1.0,4.749,1,4.749,10.0,0,0,1,0,0,0,1,0,1,0,0,0,1,0,0,0,0,2,2.0,0
duranke01,Kevin Durant,train,-1.197798,2018,2,1,68.0,26.353,34.191,26.0,7.3,5.5,10.4,0.215,30.4,0.6401,5.382,6.824,1.75,0.735,3.044,11,771.0,27.12,37.1,64.0,130.3,19.0,36.9,30,83,240,11,1.0,0,0.35,0,1,5.79,5.9,5.98,58.0,1.0,1.0,-37.75,132.955,2.417,15.0,5.79,5.9,5.98,58.0,1.0,1.0,-37.75,132.955,2.417,15.0,1.0,4.749,1,4.749,10.0,0,0,1,0,0,0,1,0,1,0,0,0,0,0,1,0,0,2,2.0,0
duranke01,Kevin Durant,train,-0.977475,2019,4,1,78.0,25.987,34.641,24.2,5.5,5.1,11.5,0.204,29.0,0.6312,5.859,6.372,1.077,0.744,2.885,12,849.0,27.02,36.87,69.1,141.8,16.3,33.9,31,83,240,12,1.0,1,0.35,0,0,6.42,6.4,6.46,57.0,1.0,0.0,-52.719,144.355,0.945,15.0,6.42,6.4,6.46,57.0,1.0,0.0,-52.719,144.355,0.945,15.0,1.0,4.749,1,4.749,10.0,0,0,0,0,1,0,1,0,1,0,0,0,0,0,1,0,0,2,2.0,0
duranke01,Kevin Durant,train,-0.934798,2021,4,1,35.0,26.943,33.057,26.4,7.2,2.7,5.0,0.207,31.2,0.6662,5.571,7.057,1.286,0.714,3.429,13,884.0,27.02,36.72,71.8,146.8,7.8,16.5,33,83,240,14,1.0,0,0.35,0,0,4.24,4.5,4.5,48.0,1.0,0.0,-59.41,164.541,2.389,15.0,4.24,4.5,4.5,48.0,1.0,0.0,-59.41,164.541,2.389,15.0,1.0,19.113,1,19.113,1.0,0,1,0,0,0,0,0,1,1,0,0,0,1,0,0,0,0,2,2.0,0
duranke01,Kevin Durant,test,-1.329793,2025,2,1,62.0,26.565,36.532,21.2,3.2,3.0,5.2,0.11,28.7,0.6419,4.242,6.032,1.242,0.806,3.065,17,1123.0,27.22,36.72,87.8,175.5,11.2,20.3,37,83,240,18,0.0,1,0.35,0,0,4.97,4.5,4.51,52.0,1.0,0.0,-32.908,161.553,7.768,15.0,-2.55,-3.1,-3.0,36.0,0.0,0.0,-87.877,210.557,3.814,15.0,0.0,5.059,1,7.206,6.0,0,1,0,0,0,0,0,1,0,1,0,0,1,0,0,0,0,2,2.0,0
durenja01,Jalen Duren,val,-3.234661,2022,4,0,66.0,9.478,24.912,14.9,-0.1,0.7,3.2,0.104,19.0,0.559,1.722,3.879,0.354,0.721,1.148,0,0.0,9.05,23.27,0.0,0.0,0.0,0.0,19,82,250,0,1.0,0,0.25,0,2,-7.36,-7.8,-7.72,23.0,0.0,0.0,-16.575,83.561,45.428,15.0,-7.36,-7.8,-7.72,23.0,0.0,0.0,-16.575,83.561,45.428,15.0,0.0,4.365,0,4.365,14.0,0,0,1,0,0,0,0,1,1,0,0,0,0,0,0,0,1,1,1.0,0
easonta01,Tari Eason,test,-2.345904,2026,5,1,60.0,10.45,25.817,12.9,-1.6,0.2,2.9,0.09,18.7,0.5144,1.5,6.267,0.467,1.2,1.35,4,221.0,10.35,23.6,2.7,11.8,2.6,9.2,25,80,215,4,1.0,1,0.25,0,0,4.87,5.4,5.22,52.0,1.0,0.0,-46.765,194.771,0.0,15.0,4.87,5.4,5.22,52.0,1.0,0.0,-46.765,194.771,0.0,15.0,1.0,7.206,1,7.206,6.0,0,0,1,0,0,1,0,0,0,1,0,0,1,0,0,0,0,2,2.0,0
edwaran01,Anthony Edwards,val,-1.055566,2023,5,1,79.0,24.633,35.975,17.4,1.0,2.1,3.8,0.064,29.9,0.5635,4.43,5.797,0.734,1.582,3.278,3,223.0,21.84,34.18,4.0,8.9,4.0,8.9,22,76,225,3,1.0,0,0.25,0,0,-0.22,-0.1,-0.04,42.0,1.0,0.0,-51.252,141.489,1.836,15.0,-0.22,-0.1,-0.04,42.0,1.0,0.0,-51.252,141.489,1.836,15.0,0.0,3.703,0,3.703,16.0,0,1,0,0,0,0,0,1,0,1,0,0,0,0,0,1,0,1,1.0,0
edwarca01,Carsen Edwards,train,-4.287166,2019,3,0,66.0,9.478,24.912,14.9,-0.1,0.7,3.2,0.104,19.0,0.559,1.722,3.879,0.354,0.721,1.148,0,0.0,9.05,23.27,0.0,0.0,0.0,0.0,21,71,200,0,1.0,0,0.25,0,1,3.9,4.4,4.44,49.0,1.0,0.0,-26.926,125.327,0.178,15.0,3.9,4.4,4.44,49.0,1.0,0.0,-26.926,125.327,0.178,15.0,1.0,4.899,1,4.899,9.0,0,0,1,0,0,0,0,1,1,0,0,0,0,0,0,0,1,2,2.0,0
edwarju01,Justin Edwards,test,-4.182483,2025,3,1,44.0,10.114,26.25,11.3,-3.7,-0.5,0.9,0.037,16.9,0.5587,1.568,3.364,0.364,1.023,1.114,1,44.0,10.11,26.25,-0.5,0.9,-0.5,0.9,22,79,203,1,1.0,0,0.25,0,0,-6.29,-6.3,-6.23,24.0,0.0,0.0,-29.753,169.549,0.792,15.0,-6.29,-6.3,-6.23,24.0,0.0,0.0,-29.753,169.549,0.792,15.0,1.0,6.228,1,6.228,5.0,0,0,1,0,0,1,0,0,0,1,0,0,0,0,1,0,0,2,2.0,1
edwarke02,Kessler Edwards,val,-4.238077,2022,2,1,48.0,5.917,20.562,8.3,-3.8,-0.5,0.6,0.029,13.8,0.5157,0.646,3.583,0.5,0.604,0.875,1,48.0,5.92,20.56,-0.5,0.6,-0.5,0.6,22,80,203,1,1.0,0,0.25,0,1,0.82,0.8,0.78,44.0,1.0,0.0,-60.406,157.844,11.438,15.0,0.82,0.8,0.78,44.0,1.0,0.0,-60.406,157.844,11.438,15.0,1.0,19.113,1,19.113,1.0,0,0,1,0,0,0,1,0,1,0,0,0,0,0,1,0,0,2,2.0,0
ellebcj01,CJ Elleby,train,-4.506152,2020,2,0,66.0,9.478,24.912,14.9,-0.1,0.7,3.2,0.104,19.0,0.559,1.722,3.879,0.354,0.721,1.148,0,0.0,9.05,23.27,0.0,0.0,0.0,0.0,20,78,200,0,1.0,0,0.25,0,0,-0.61,-1.1,-1.15,35.0,1.0,0.0,-28.527,132.113,5.555,15.0,-0.61,-1.1,-1.15,35.0,1.0,0.0,-28.527,132.113,5.555,15.0,0.0,2.511,0,2.511,23.0,1,0,1,0,0,0,0,1,1,0,0,0,0,0,0,0,1,0,0.0,0
ellenhe01,Henry Ellenson,train,-4.697644,2019,2,1,19.0,6.0,13.632,13.1,-1.5,0.0,0.4,0.074,19.0,0.5377,0.842,3.474,0.105,0.368,0.474,3,76.0,4.28,9.66,-0.3,0.3,-0.3,0.3,22,82,240,3,1.0,0,0.25,0,1,-8.93,-9.2,-9.21,17.0,0.0,0.0,-21.397,62.775,60.49,15.0,-8.93,-9.2,-9.21,17.0,0.0,0.0,-21.397,62.775,60.49,15.0,1.0,19.113,1,19.113,1.0,1,0,1,0,0,1,0,0,1,0,0,0,1,0,0,0,0,2,2.0,0
ellenhe01,Henry Ellenson,train,-4.077446,2020,2,1,5.0,0.4,3.0,-1.3,-10.9,0.0,-0.1,-0.32,19.5,0.1429,0.2,1.2,0.0,0.0,0.0,4,81.0,4.04,9.25,-0.3,0.2,-0.2,0.4,23,82,240,4,1.0,0,0.25,0,0,5.97,6.1,6.24,53.0,1.0,0.0,-33.161,123.954,1.2,15.0,5.97,6.1,6.24,53.0,1.0,0.0,-33.161,123.954,1.2,15.0,1.0,6.202,1,6.202,9.0,1,0,1,0,0,1,0,0,1,0,0,1,0,0,0,0,0,2,2.0,0
ellinwa01,Wayne Ellington,train,-3.819965,2015,2,1,65.0,10.0,25.769,11.6,-2.3,-0.1,1.2,0.034,18.5,0.5038,1.615,3.231,0.031,0.508,0.769,6,377.0,6.99,19.28,-0.6,6.6,0.6,5.1,28,76,207,6,0.0,0,0.25,0,0,-3.13,-3.0,-2.88,38.0,1.0,0.0,-28.983,88.025,0.404,15.0,-3.07,-3.9,-3.71,29.0,0.0,0.0,-12.26,73.062,1.115,15.0,0.0,2.453,1,19.113,1.0,0,0,1,0,0,0,1,0,0,0,1,0,0,0,0,1,0,2,0.0,0
ellinwa01,Wayne Ellington,train,-2.730805,2016,2,1,76.0,7.711,21.25,10.1,-2.8,-0.3,0.8,0.024,17.5,0.4977,1.092,2.289,0.066,0.632,0.592,7,453.0,7.11,19.61,-0.9,7.4,-0.3,2.7,29,76,207,7,0.0,0,0.3,0,0,1.5,1.7,1.65,48.0,1.0,0.0,-14.62,82.539,2.08,15.0,-2.32,-2.4,-2.48,33.0,0.0,0.0,-2.671,71.734,0.938,15.0,0.0,2.453,0,6.266,18.0,0,0,1,0,0,0,1,0,0,0,1,0,0,0,0,1,0,1,0.0,0
ellinwa01,Wayne Ellington,train,-2.61319,2019,2,1,53.0,10.283,24.472,11.8,0.0,0.7,2.6,0.096,17.2,0.5694,1.358,2.019,0.113,1.019,0.755,10,645.0,8.18,21.27,1.7,17.8,2.6,10.4,32,76,207,10,0.0,0,0.35,0,0,-8.93,-9.2,-9.21,17.0,0.0,0.0,-21.397,62.775,60.49,15.0,-0.56,-0.2,-0.24,41.0,1.0,0.0,-23.127,116.292,7.189,15.0,0.0,4.365,1,19.113,1.0,0,0,1,0,0,0,1,0,1,0,0,0,0,0,0,1,0,2,1.0,0
elliske01,Keon Ellis,test,-2.939231,2026,2,1,72.0,6.667,20.528,10.8,-0.5,0.6,2.2,0.071,13.0,0.5786,1.0,1.875,0.639,1.153,0.569,4,225.0,6.58,19.89,3.4,9.7,3.3,9.5,26,76,175,4,0.0,0,0.25,0,0,-9.7,-10.3,-9.99,20.0,0.0,0.0,3.687,126.082,24.878,15.0,3.78,4.1,4.11,52.0,1.0,0.0,-71.535,211.98,0.425,15.0,0.0,2.088,1,19.113,1.0,0,0,1,0,0,1,0,0,0,1,0,0,0,0,0,1,0,2,1.0,1
ellismo01,Monta Ellis,train,-1.8506,2015,4,1,80.0,18.913,33.737,16.5,-0.1,1.3,3.6,0.064,27.9,0.5086,4.112,2.375,0.312,1.85,2.475,10,678.0,19.33,35.81,11.5,36.7,4.7,13.1,30,75,185,10,1.0,0,0.35,0,0,-0.23,0.3,0.28,38.0,0.0,0.0,-12.934,74.799,0.0,15.0,-0.23,0.3,0.28,38.0,0.0,0.0,-12.934,74.799,0.0,15.0,0.0,2.126,0,2.126,25.0,0,0,1,0,0,0,1,0,0,0,1,0,0,0,0,1,0,0,0.0,0
embiijo01,Joel Embiid,train,-2.535729,2014,4,0,66.0,9.478,24.912,14.9,-0.1,0.7,3.2,0.104,19.0,0.559,1.722,3.879,0.354,0.721,1.148,0,0.0,9.05,23.27,0.0,0.0,0.0,0.0,20,84,280,0,1.0,0,0.25,0,2,0.28,0.3,0.28,42.0,1.0,0.0,-12.901,92.25,0.0,15.0,0.34,0.5,0.43,42.0,1.0,0.0,-12.901,92.929,0.0,15.0,1.0,6.228,1,6.228,5.0,0,0,1,0,0,0,0,1,0,0,1,0,0,0,0,0,1,2,2.0,0
embiijo01,Joel Embiid,train,-1.237942,2017,5,1,31.0,20.226,25.355,24.1,4.5,1.3,1.9,0.116,36.0,0.5845,2.129,7.839,2.452,0.871,3.774,1,31.0,20.23,25.36,1.3,1.9,1.3,1.9,23,84,280,1,1.0,0,0.25,0,0,-5.83,-5.7,-5.7,28.0,0.0,0.0,5.139,61.657,24.16,16.0,-5.83,-5.7,-5.7,28.0,0.0,0.0,5.139,61.657,24.16,16.0,1.0,6.228,1,6.228,5.0,0,1,0,0,0,0,0,1,1,0,0,1,0,0,0,0,0,2,2.0,0
embiijo01,Joel Embiid,train,-0.841184,2021,4,1,51.0,28.451,31.078,30.3,7.5,3.8,8.8,0.266,35.3,0.6363,2.843,10.569,1.353,0.98,3.118,5,260.0,24.83,30.55,14.0,31.6,10.1,23.5,27,84,280,5,1.0,1,0.25,0,0,5.28,5.6,5.58,49.0,1.0,0.0,-38.648,144.302,1.865,15.0,5.28,5.6,5.58,49.0,1.0,0.0,-38.648,144.302,1.865,15.0,1.0,6.228,1,6.228,5.0,0,1,0,0,0,0,0,1,1,0,0,1,0,0,0,0,0,2,2.0,0
embiijo01,Joel Embiid,test,-0.904007,2024,3,1,39.0,34.692,33.564,34.1,11.6,4.5,7.5,0.275,39.6,0.6444,5.615,11.026,1.692,1.179,3.846,8,433.0,27.88,31.95,31.4,63.4,17.4,31.8,30,84,280,8,1.0,1,0.3,0,0,2.51,3.1,3.05,47.0,1.0,0.0,-45.888,161.97,2.568,15.0,2.51,3.1,3.05,47.0,1.0,0.0,-45.888,161.97,2.568,15.0,1.0,6.228,1,6.228,5.0,0,1,0,0,0,0,0,1,0,1,0,1,0,0,0,0,0,2,2.0,0
ennisja01,James Ennis III,train,-4.39691,2014,3,0,66.0,9.478,24.912,14.9,-0.1,0.7,3.2,0.104,19.0,0.559,1.722,3.879,0.354,0.721,1.148,0,0.0,9.05,23.27,0.0,0.0,0.0,0.0,24,78,215,0,1.0,0,0.25,0,2,0.28,0.3,0.28,42.0,1.0,0.0,-12.901,92.25,0.0,15.0,0.34,0.5,0.43,42.0,1.0,0.0,-12.901,92.929,0.0,15.0,0.0,6.266,0,6.266,18.0,0,0,1,0,0,1,0,0,0,0,1,0,0,0,0,0,1,1,1.0,0
ennisja01,James Ennis III,train,-3.46301,2016,2,1,22.0,7.227,14.955,17.8,1.5,0.3,0.9,0.131,19.8,0.6213,0.955,1.909,0.227,0.727,0.864,2,84.0,5.61,16.43,0.4,2.8,0.4,2.8,26,78,215,2,0.0,0,0.25,0,2,-2.14,-2.4,-2.24,42.0,1.0,0.0,-15.477,76.017,7.365,16.0,-3.56,-3.9,-3.79,30.0,0.0,0.0,-11.426,80.165,1.261,18.0,0.0,1.29,0,1.358,51.0,0,0,1,0,0,0,1,0,0,0,1,0,0,0,1,0,0,0,0.0,0
ennisja01,James Ennis III,train,-4.07268,2018,2,1,72.0,7.111,22.278,11.6,-1.2,0.3,3.1,0.093,13.7,0.5885,0.986,3.111,0.25,0.653,0.778,4,220.0,6.42,20.39,1.0,9.0,0.9,7.1,28,78,215,4,0.0,0,0.25,0,2,8.21,8.6,8.48,65.0,1.0,0.0,-19.178,114.484,3.787,15.0,-0.26,-0.1,-0.15,39.0,0.0,0.0,-19.805,113.041,5.857,15.0,0.0,4.365,1,7.206,6.0,0,0,1,0,0,1,0,0,1,0,0,0,0,0,1,0,0,2,1.0,0
ennisja01,James Ennis III,train,-3.974792,2019,2,1,58.0,6.707,21.207,11.0,-1.5,0.1,2.6,0.101,12.7,0.59,0.707,3.138,0.397,0.707,0.586,5,278.0,6.48,20.56,1.1,11.6,0.7,8.8,29,78,215,5,1.0,1,0.25,0,1,2.25,2.6,2.7,51.0,1.0,0.0,-10.093,107.554,4.408,15.0,2.25,2.6,2.7,51.0,1.0,0.0,-10.093,107.554,4.408,15.0,1.0,6.228,1,6.228,5.0,0,0,1,0,0,0,1,0,1,0,0,0,0,0,1,0,0,2,2.0,0
eubandr01,Drew Eubanks,train,-4.125426,2020,3,1,22.0,4.864,12.364,17.3,-1.8,0.0,0.8,0.141,15.8,0.682,0.682,3.864,0.773,0.227,0.955,2,45.0,3.29,8.56,0.0,1.1,0.0,1.1,23,82,245,2,1.0,0,0.25,0,1,-0.65,-1.1,-1.11,32.0,0.0,0.0,-27.045,111.915,11.917,15.0,-0.65,-1.1,-1.11,32.0,0.0,0.0,-27.045,111.915,11.917,15.0,0.0,2.602,0,2.602,31.0,1,0,1,0,0,1,0,0,1,0,0,1,0,0,0,0,0,0,0.0,1
eubandr01,Drew Eubanks,val,-3.996519,2023,2,1,78.0,6.641,20.308,16.2,0.1,0.8,4.4,0.133,12.5,0.6658,1.321,5.359,1.308,0.513,0.859,5,248.0,6.14,16.0,1.4,11.2,1.4,10.1,26,82,245,5,0.0,1,0.25,0,1,2.08,2.1,2.07,45.0,1.0,0.0,-52.152,172.122,0.211,15.0,-3.96,-4.0,-4.01,33.0,0.0,0.0,-27.826,136.161,8.372,15.0,0.0,2.511,0,5.059,12.0,0,0,1,0,0,0,1,0,0,1,0,1,0,0,0,0,0,2,0.0,1
eubandr01,Drew Eubanks,test,-3.361714,2024,2,1,75.0,5.053,15.587,14.4,-1.2,0.2,3.1,0.127,13.2,0.6447,0.84,4.293,0.813,0.36,0.813,6,323.0,5.89,15.91,1.6,14.3,1.2,10.9,27,82,245,6,0.0,0,0.25,0,0,-4.22,-4.9,-4.89,31.0,0.0,0.0,4.264,123.547,8.21,15.0,3.08,3.0,3.06,49.0,1.0,0.0,-59.2,188.29,3.041,16.0,0.0,5.059,0,1.266,28.0,0,0,1,0,0,0,1,0,0,1,0,1,0,0,0,0,0,0,2.0,1
evansja01,Jawun Evans,train,-4.505304,2017,2,0,66.0,9.478,24.912,14.9,-0.1,0.7,3.2,0.104,19.0,0.559,1.722,3.879,0.354,0.721,1.148,0,0.0,9.05,23.27,0.0,0.0,0.0,0.0,21,72,190,0,1.0,0,0.25,0,0,4.42,4.5,4.29,51.0,1.0,0.0,-23.869,113.658,1.413,15.0,4.42,4.5,4.29,51.0,1.0,0.0,-23.869,113.658,1.413,15.0,1.0,12.901,1,12.901,2.0,0,0,1,0,0,0,0,1,1,0,0,0,0,0,0,0,1,2,2.0,0
exumda01,Danté Exum,train,-2.837185,2014,2,0,66.0,9.478,24.912,14.9,-0.1,0.7,3.2,0.104,19.0,0.559,1.722,3.879,0.354,0.721,1.148,0,0.0,9.05,23.27,0.0,0.0,0.0,0.0,19,77,214,0,1.0,0,0.25,0,2,0.28,0.3,0.28,42.0,1.0,0.0,-12.901,92.25,0.0,15.0,0.34,0.5,0.43,42.0,1.0,0.0,-12.901,92.929,0.0,15.0,0.0,1.266,0,1.266,28.0,0,0,1,0,0,0,0,1,0,0,1,0,0,0,0,0,1,0,0.0,0
exumda01,Danté Exum,train,-2.225792,2018,3,1,14.0,8.143,16.786,16.7,0.1,0.1,0.7,0.143,23.1,0.5664,3.071,1.857,0.214,0.571,1.429,3,162.0,5.67,20.25,-1.4,1.8,-0.3,1.9,23,77,214,4,0.0,0,0.25,0,0,4.47,4.5,4.3,48.0,1.0,0.0,-7.769,103.838,3.024,15.0,4.47,4.5,4.3,48.0,1.0,0.0,-7.769,103.838,3.024,15.0,0.0,1.266,0,1.266,28.0,0,0,1,0,0,1,0,0,1,0,0,0,0,1,0,0,0,0,0.0,0
exumda01,Danté Exum,train,-3.728937,2021,3,1,6.0,3.833,19.333,5.9,-3.8,-0.1,-0.1,-0.041,12.7,0.4278,2.167,2.833,0.333,0.667,1.167,6,245.0,5.67,18.55,-1.6,3.1,-0.2,1.3,26,77,214,7,1.0,0,0.3,0,0,-7.5,-7.8,-7.9,17.0,0.0,0.0,-20.393,121.883,6.204,15.0,-7.5,-7.8,-7.9,17.0,0.0,0.0,-20.393,121.883,6.204,15.0,1.0,7.206,1,7.206,6.0,0,0,1,0,0,0,1,0,1,0,0,0,0,0,0,1,0,2,2.0,0
exumda01,Danté Exum,val,-3.789504,2023,2,0,66.0,9.478,24.912,14.9,-0.1,0.7,3.2,0.104,19.0,0.559,1.722,3.879,0.354,0.721,1.148,6,245.0,5.67,18.55,-1.6,3.1,-0.1,-0.1,28,77,214,9,1.0,0,0.3,0,0,-0.14,0.1,0.07,38.0,0.0,0.0,-56.435,172.026,1.36,15.0,-0.14,0.1,0.07,38.0,0.0,0.0,-56.435,172.026,1.36,15.0,1.0,7.943,1,7.943,4.0,0,0,1,0,0,0,1,0,0,1,0,0,0,1,0,0,0,2,2.0,0
ezelife01,Festus Ezeli,train,-2.521283,2016,2,1,46.0,6.957,16.739,17.7,-0.1,0.4,2.7,0.168,18.2,0.5593,0.696,5.587,1.087,0.391,0.826,3,170.0,4.19,14.08,0.0,5.9,0.4,4.4,27,83,255,4,0.0,0,0.25,0,0,0.98,0.8,0.83,44.0,1.0,0.0,3.438,48.302,14.185,15.0,10.38,10.7,10.76,73.0,1.0,0.0,-34.731,88.869,6.909,15.0,1.0,4.749,0,2.511,23.0,0,0,1,0,0,1,0,0,0,0,1,1,0,0,0,0,0,0,2.0,0
farieke01,Kenneth Faried,train,-1.722767,2014,4,1,80.0,13.7,27.225,19.8,1.0,1.6,6.5,0.143,21.3,0.5727,1.2,8.55,0.863,0.875,1.688,3,206.0,12.09,26.52,4.4,18.9,4.4,18.9,25,80,220,3,1.0,0,0.25,0,0,0.28,0.3,0.28,42.0,1.0,0.0,-12.901,92.25,0.0,15.0,0.34,0.5,0.43,42.0,1.0,0.0,-12.901,92.929,0.0,15.0,0.0,3.038,0,3.038,17.0,0,1,0,0,0,0,0,1,0,0,1,0,1,0,0,0,0,1,1.0,0
favorde01,Derrick Favors,train,-1.681377,2013,4,1,77.0,9.442,23.208,17.5,-0.5,0.7,4.4,0.118,20.6,0.5327,0.974,7.091,1.688,0.87,1.675,3,220.0,8.32,21.35,0.5,10.3,0.5,10.3,22,81,265,3,1.0,0,0.25,0,1,0.28,0.3,0.28,42.0,1.0,0.0,-12.901,92.25,0.0,15.0,0.34,0.5,0.43,42.0,1.0,0.0,-12.901,92.929,0.0,15.0,0.0,1.266,0,1.266,28.0,0,1,0,0,0,0,0,1,0,0,1,0,1,0,0,0,0,0,0.0,0
favorde01,Derrick Favors,train,-1.689831,2018,2,1,77.0,12.26,27.961,18.8,1.5,1.9,8.0,0.178,18.5,0.5925,1.325,7.169,1.065,0.701,1.143,8,556.0,11.55,26.08,9.4,41.5,5.1,17.8,27,81,265,8,0.0,0,0.3,0,1,4.47,4.5,4.3,48.0,1.0,0.0,-7.769,103.838,3.024,15.0,4.47,4.5,4.3,48.0,1.0,0.0,-7.769,103.838,3.024,15.0,0.0,1.266,0,1.266,28.0,0,0,1,0,0,0,1,0,1,0,0,1,0,0,0,0,0,0,0.0,0
favorde01,Derrick Favors,train,-2.418446,2020,3,1,51.0,9.0,24.373,18.5,1.0,0.9,4.2,0.162,14.0,0.6199,1.588,9.824,0.902,0.588,1.078,10,683.0,11.39,25.64,12.7,53.6,5.2,20.1,29,81,265,10,0.0,1,0.35,0,1,2.52,2.4,2.47,44.0,1.0,0.0,-18.073,118.918,8.294,15.0,-0.55,-1.2,-1.29,30.0,0.0,0.0,-8.486,117.626,0.0,16.0,0.0,1.29,0,1.266,28.0,1,0,1,0,0,0,1,0,1,0,0,1,0,0,0,0,0,0,0.0,0
feldeka01,Kay Felder,train,-4.727136,2016,3,0,66.0,9.478,24.912,14.9,-0.1,0.7,3.2,0.104,19.0,0.559,1.722,3.879,0.354,0.721,1.148,0,0.0,9.05,23.27,0.0,0.0,0.0,0.0,21,69,176,0,1.0,0,0.25,0,0,5.45,6.4,6.0,57.0,1.0,1.0,-37.976,106.998,0.031,15.0,5.45,6.4,6.0,57.0,1.0,1.0,-37.976,106.998,0.031,15.0,0.0,2.088,0,2.088,19.0,0,0,1,0,0,0,0,1,0,0,1,0,0,0,0,0,1,1,1.0,0
feliccr01,Cristiano Felício,train,-4.60517,2015,2,0,66.0,9.478,24.912,14.9,-0.1,0.7,3.2,0.104,19.0,0.559,1.722,3.879,0.354,0.721,1.148,0,0.0,9.05,23.27,0.0,0.0,0.0,0.0,23,83,270,0,1.0,0,0.25,0,0,2.54,3.2,3.0,50.0,1.0,0.0,-4.368,67.099,0.333,15.0,2.54,3.2,3.0,50.0,1.0,0.0,-4.368,67.099,0.333,15.0,1.0,9.441,1,9.441,3.0,0,0,1,0,0,0,0,1,0,0,1,0,0,0,0,0,1,2,2.0,1
feliccr01,Cristiano Felício,train,-2.516617,2017,4,1,66.0,4.788,15.758,15.3,-0.7,0.3,3.4,0.157,12.4,0.6032,0.606,4.712,0.258,0.379,0.5,2,97.0,4.34,14.03,0.5,4.6,0.5,4.6,25,83,270,2,1.0,0,0.25,0,0,0.03,0.4,0.43,41.0,1.0,0.0,0.967,92.681,0.494,15.0,0.03,0.4,0.43,41.0,1.0,0.0,0.967,92.681,0.494,15.0,1.0,9.441,1,9.441,3.0,0,0,1,0,0,1,0,0,1,0,0,1,0,0,0,0,0,2,2.0,1
fernabr01,Bruno Fernando,train,-4.243681,2019,3,0,66.0,9.478,24.912,14.9,-0.1,0.7,3.2,0.104,19.0,0.559,1.722,3.879,0.354,0.721,1.148,0,0.0,9.05,23.27,0.0,0.0,0.0,0.0,21,81,240,0,1.0,0,0.25,0,0,-6.06,-5.8,-6.02,29.0,0.0,0.0,-1.704,62.167,41.406,15.0,-6.06,-5.8,-6.02,29.0,0.0,0.0,-1.704,62.167,41.406,15.0,1.0,6.144,1,6.144,7.0,0,0,1,0,0,0,0,1,1,0,0,0,0,0,0,0,1,2,2.0,0
fernabr01,Bruno Fernando,val,-3.910341,2022,4,1,30.0,2.933,5.067,21.2,-0.1,0.1,0.4,0.126,22.4,0.6711,0.233,1.833,0.367,0.033,0.467,3,119.0,3.18,9.17,-0.6,1.1,-0.6,1.1,24,81,240,3,1.0,0,0.25,0,0,-8.26,-8.3,-8.48,20.0,0.0,0.0,-19.652,112.769,17.808,15.0,-8.26,-8.3,-8.48,20.0,0.0,0.0,-19.652,112.769,17.808,15.0,1.0,7.206,1,7.206,6.0,0,1,0,0,0,0,0,1,1,0,0,1,0,0,0,0,0,2,2.0,0
ferreyo01,Yogi Ferrell,train,-4.90149,2016,2,0,66.0,9.478,24.912,14.9,-0.1,0.7,3.2,0.104,19.0,0.559,1.722,3.879,0.354,0.721,1.148,0,0.0,9.05,23.27,0.0,0.0,0.0,0.0,23,72,178,0,1.0,0,0.25,0,1,-7.12,-7.7,-7.35,21.0,0.0,0.0,-11.451,51.713,28.791,15.0,-7.12,-7.7,-7.35,21.0,0.0,0.0,-11.451,51.713,28.791,15.0,1.0,19.113,1,19.113,1.0,1,0,1,0,0,0,0,1,0,0,1,0,0,0,0,0,1,2,2.0,1
filipky01,Kyle Filipowski,test,-3.847221,2024,4,0,66.0,9.478,24.912,14.9,-0.1,0.7,3.2,0.104,19.0,0.559,1.722,3.879,0.354,0.721,1.148,0,0.0,9.05,23.27,0.0,0.0,0.0,0.0,21,83,250,0,1.0,0,0.25,0,0,-4.22,-4.9,-4.89,31.0,0.0,0.0,4.264,123.547,8.21,15.0,-4.22,-4.9,-4.89,31.0,0.0,0.0,4.264,123.547,8.21,15.0,0.0,1.266,0,1.266,28.0,0,0,1,0,0,0,0,1,0,1,0,0,0,0,0,0,1,0,0.0,0
finnedo01,Dorian Finney-Smith,train,-4.727136,2016,3,0,66.0,9.478,24.912,14.9,-0.1,0.7,3.2,0.104,19.0,0.559,1.722,3.879,0.354,0.721,1.148,0,0.0,9.05,23.27,0.0,0.0,0.0,0.0,23,79,220,0,1.0,0,0.25,0,1,-0.02,-0.3,-0.3,42.0,1.0,0.0,-4.044,71.199,1.898,15.0,-0.02,-0.3,-0.3,42.0,1.0,0.0,-4.044,71.199,1.898,15.0,1.0,7.943,1,7.943,4.0,0,0,1,0,0,0,0,1,0,0,1,0,0,0,0,0,1,2,2.0,1
finnedo01,Dorian Finney-Smith,train,-3.306337,2019,3,1,81.0,7.506,24.506,11.0,-1.4,0.3,3.3,0.08,14.0,0.5302,1.173,4.802,0.444,0.852,0.914,3,183.0,5.91,22.27,-0.3,4.8,-0.3,4.8,26,79,220,3,1.0,0,0.25,0,1,-0.87,-1.3,-1.28,33.0,0.0,0.0,14.109,73.674,14.086,15.0,-0.87,-1.3,-1.28,33.0,0.0,0.0,14.109,73.674,14.086,15.0,1.0,7.943,1,7.943,4.0,0,0,1,0,0,1,0,0,1,0,0,0,0,0,1,0,0,2,2.0,1
finnedo01,Dorian Finney-Smith,val,-2.34786,2022,4,1,80.0,11.0,33.05,12.5,0.8,1.9,6.6,0.12,13.8,0.604,1.875,4.688,0.487,1.1,1.0,6,394.0,8.2,27.31,3.5,20.7,3.8,15.9,29,79,220,6,1.0,0,0.3,0,1,3.12,3.4,3.3,52.0,1.0,0.0,-34.32,117.319,7.431,15.0,3.12,3.4,3.3,52.0,1.0,0.0,-34.32,117.319,7.431,15.0,1.0,7.943,1,7.943,4.0,1,1,0,0,0,0,0,1,1,0,0,0,1,0,0,0,0,2,2.0,1
finnedo01,Dorian Finney-Smith,test,-2.462634,2025,4,1,63.0,8.714,28.857,10.1,-1.0,0.5,2.9,0.077,12.3,0.6036,1.429,3.921,0.365,0.921,0.889,9,591.0,8.31,27.95,4.0,28.3,0.5,7.6,32,79,220,9,0.0,1,0.3,0,0,4.97,4.5,4.51,52.0,1.0,0.0,-32.908,161.553,7.768,15.0,1.45,1.2,1.22,50.0,1.0,0.0,-60.198,182.746,5.515,15.0,1.0,12.901,1,7.206,6.0,0,0,1,0,0,0,1,0,0,1,0,0,1,0,0,0,0,2,2.0,1
flemira01,Rasheer Fleming,test,-4.265267,2025,4,0,66.0,9.478,24.912,14.9,-0.1,0.7,3.2,0.104,19.0,0.559,1.722,3.879,0.354,0.721,1.148,0,0.0,9.05,23.27,0.0,0.0,0.0,0.0,21,81,240,0,1.0,0,0.25,0,0,-2.55,-3.1,-3.0,36.0,0.0,0.0,-87.877,210.557,3.814,15.0,-2.55,-3.1,-3.0,36.0,0.0,0.0,-87.877,210.557,3.814,15.0,0.0,5.059,0,5.059,12.0,0,0,1,0,0,0,0,1,0,1,0,0,0,0,0,0,1,2,2.0,0
fontesi01,Simone Fontecchio,val,-3.678061,2022,2,0,66.0,9.478,24.912,14.9,-0.1,0.7,3.2,0.104,19.0,0.559,1.722,3.879,0.354,0.721,1.148,0,0.0,9.05,23.27,0.0,0.0,0.0,0.0,27,79,209,0,0.0,0,0.25,0,0,5.67,6.2,6.04,49.0,1.0,0.0,-33.555,145.681,0.288,14.0,5.67,6.2,6.04,49.0,1.0,0.0,-33.555,145.681,0.288,14.0,0.0,1.266,0,1.266,28.0,0,0,1,0,0,0,0,1,1,0,0,0,0,0,0,0,1,0,0.0,1
fontesi01,Simone Fontecchio,test,-2.866392,2024,2,1,66.0,10.485,24.909,12.1,-1.0,0.4,2.1,0.061,16.5,0.5996,1.53,3.727,0.348,0.667,1.03,2,118.0,8.64,20.42,-0.2,2.0,-0.2,2.0,29,79,209,2,1.0,0,0.25,0,0,-9.06,-9.1,-9.11,14.0,0.0,0.0,-0.398,84.251,52.168,15.0,-9.06,-9.1,-9.11,14.0,0.0,0.0,-0.398,84.251,52.168,15.0,0.0,4.365,0,4.365,14.0,0,0,1,0,0,1,0,0,0,1,0,0,0,0,1,0,0,1,1.0,1
forbebr01,Bryn Forbes,train,-4.866399,2016,2,0,66.0,9.478,24.912,14.9,-0.1,0.7,3.2,0.104,19.0,0.559,1.722,3.879,0.354,0.721,1.148,0,0.0,9.05,23.27,0.0,0.0,0.0,0.0,23,74,205,0,1.0,0,0.25,0,1,10.28,11.3,10.63,67.0,1.0,0.0,-17.595,85.193,2.402,15.0,10.28,11.3,10.63,67.0,1.0,0.0,-17.595,85.193,2.402,15.0,0.0,2.602,0,2.602,31.0,0,0,1,0,0,0,0,1,0,0,1,0,0,0,0,0,1,0,0.0,1
forbebr01,Bryn Forbes,train,-3.525075,2018,2,1,80.0,6.938,18.962,9.1,-3.1,-0.4,2.1,0.066,16.7,0.5249,1.0,1.375,0.025,0.35,0.463,2,116.0,5.6,15.53,-0.6,2.2,-0.6,2.2,25,74,205,2,1.0,0,0.25,0,1,2.89,3.1,2.89,47.0,1.0,0.0,-18.532,113.237,2.916,15.0,2.89,3.1,2.89,47.0,1.0,0.0,-18.532,113.237,2.916,15.0,0.0,2.602,0,2.602,31.0,0,0,1,0,0,1,0,0,1,0,0,0,0,0,0,1,0,0,0.0,1
forbebr01,Bryn Forbes,train,-3.819248,2020,2,1,63.0,11.222,25.063,11.1,-2.7,-0.3,1.5,0.046,18.5,0.5696,1.714,2.0,0.0,0.524,0.905,4,261.0,8.9,21.74,-0.4,7.5,-0.2,7.4,27,74,205,4,0.0,0,0.25,0,1,9.41,9.5,10.08,56.0,1.0,0.0,-21.09,120.509,9.721,15.0,-0.65,-1.1,-1.11,32.0,0.0,0.0,-27.045,111.915,11.917,15.0,0.0,2.602,0,1.586,38.0,1,0,1,0,0,1,0,0,1,0,0,0,0,0,0,1,0,0,0.0,1
fournev01,Evan Fournier,train,-1.711602,2016,5,1,79.0,15.354,32.481,14.6,-0.3,1.1,5.7,0.107,20.1,0.5867,2.696,2.848,0.025,1.215,1.684,4,251.0,10.96,24.53,0.9,10.2,0.8,9.2,24,78,205,4,1.0,0,0.25,0,2,-1.68,-1.7,-1.62,35.0,0.0,0.0,5.537,61.109,3.354,15.0,-1.68,-1.7,-1.62,35.0,0.0,0.0,5.537,61.109,3.354,15.0,0.0,2.673,0,2.673,15.0,0,0,1,0,0,1,0,0,0,0,1,0,0,0,1,0,0,1,1.0,0
fournev01,Evan Fournier,train,-1.818023,2021,4,1,42.0,17.119,29.976,16.7,1.1,1.0,2.8,0.107,23.1,0.5979,3.429,3.048,0.452,1.119,1.738,9,565.0,14.33,28.53,4.3,26.9,2.3,10.6,29,78,205,9,1.0,0,0.3,0,1,1.32,1.5,1.46,36.0,1.0,0.0,-21.628,127.474,3.294,15.0,1.32,1.5,1.46,36.0,1.0,0.0,-21.628,127.474,3.294,15.0,1.0,4.899,1,4.899,9.0,0,0,0,0,1,0,1,0,1,0,0,0,0,0,1,0,0,2,2.0,0
foxde01,De'Aaron Fox,train,-1.237876,2020,5,1,51.0,21.118,32.039,20.6,1.8,1.6,4.0,0.118,29.8,0.5578,6.824,3.843,0.49,1.451,3.098,3,205.0,16.2,30.27,2.8,9.0,2.8,9.0,23,75,185,3,1.0,0,0.35,1,0,-1.59,-2.0,-2.04,31.0,0.0,0.0,-7.726,112.819,4.046,15.0,-1.59,-2.0,-2.04,31.0,0.0,0.0,-7.726,112.819,4.046,15.0,0.0,2.453,0,2.453,20.0,1,1,0,0,0,0,0,1,1,0,0,0,0,1,0,0,0,0,0.0,0
foxde01,De'Aaron Fox,test,-1.121379,2025,4,1,62.0,23.532,36.145,18.3,0.4,1.3,4.3,0.092,28.3,0.5599,6.323,4.806,0.403,1.468,2.806,8,531.0,21.47,33.26,12.7,33.9,7.2,18.2,28,75,185,8,1.0,0,0.3,0,0,-2.45,-2.8,-2.76,34.0,0.0,0.0,-22.221,155.232,7.577,15.0,-2.45,-2.8,-2.76,34.0,0.0,0.0,-22.221,155.232,7.577,15.0,0.0,2.602,0,2.602,31.0,0,1,0,0,0,0,0,1,0,1,0,0,0,1,0,0,0,0,0.0,0
fraziti01,Tim Frazier,train,-5.052574,2015,2,1,11.0,5.182,21.727,8.1,-5.2,-0.2,-0.1,-0.02,17.5,0.4058,5.455,2.545,0.0,0.727,2.273,1,11.0,5.18,21.73,-0.2,-0.1,-0.2,-0.1,25,73,170,0,0.0,0,0.25,0,0,4.41,4.5,4.23,51.0,1.0,0.0,-10.845,72.965,0.03,16.0,1.13,0.9,0.79,45.0,1.0,0.0,-8.464,68.28,2.133,14.0,0.0,1.29,0,2.511,23.0,1,0,1,0,0,1,0,0,0,0,1,0,0,1,0,0,0,0,0.0,1
fraziti01,Tim Frazier,train,-3.826975,2016,2,1,51.0,5.118,14.529,13.9,-2.0,0.0,1.0,0.065,19.4,0.4989,3.176,2.157,0.039,0.647,1.275,2,62.0,5.13,15.81,-0.2,0.9,-0.2,0.9,26,73,170,1,1.0,0,0.25,0,0,-3.56,-3.9,-3.79,30.0,0.0,0.0,-11.426,80.165,1.261,18.0,-3.56,-3.9,-3.79,30.0,0.0,0.0,-11.426,80.165,1.261,18.0,0.0,1.29,0,1.29,50.0,0,0,1,0,0,0,1,0,0,0,1,0,0,1,0,0,0,0,0.0,1
fryech01,Channing Frye,train,-2.064724,2014,4,1,82.0,11.098,28.195,13.2,0.7,1.6,5.3,0.11,17.3,0.555,1.195,5.073,0.768,0.732,1.085,8,582.0,9.87,24.52,5.8,28.5,2.8,9.0,31,84,255,9,1.0,0,0.3,0,0,0.28,0.3,0.28,42.0,1.0,0.0,-12.901,92.25,0.0,15.0,0.34,0.5,0.43,42.0,1.0,0.0,-12.901,92.929,0.0,15.0,0.0,2.673,0,2.673,15.0,0,0,1,0,0,0,1,0,0,0,1,0,1,0,0,0,0,1,1.0,0
fultzma01,Markelle Fultz,train,-1.908778,2020,3,1,72.0,12.083,27.722,14.3,-1.8,0.1,2.7,0.065,21.4,0.5167,5.125,3.306,0.153,1.25,2.042,3,105.0,10.71,25.49,0.0,3.2,0.0,3.2,22,76,209,3,1.0,0,0.25,0,0,-0.93,-1.0,-1.01,33.0,1.0,0.0,-37.406,125.365,2.098,15.0,-0.93,-1.0,-1.01,33.0,1.0,0.0,-37.406,125.365,2.098,15.0,0.0,2.673,0,2.673,15.0,1,1,0,0,0,0,0,1,1,0,0,0,0,1,0,0,0,1,1.0,0
furphjo01,Johnny Furphy,test,-4.181529,2024,4,0,66.0,9.478,24.912,14.9,-0.1,0.7,3.2,0.104,19.0,0.559,1.722,3.879,0.354,0.721,1.148,0,0.0,9.05,23.27,0.0,0.0,0.0,0.0,20,80,200,0,1.0,0,0.25,0,0,2.75,3.0,3.05,47.0,1.0,0.0,-10.658,127.077,17.801,15.0,2.75,3.0,3.05,47.0,1.0,0.0,-10.658,127.077,17.801,15.0,0.0,2.126,0,2.126,25.0,0,0,1,0,0,0,0,1,0,1,0,0,0,0,0,0,1,0,0.0,0
gabriwe01,Wenyen Gabriel,train,-4.167903,2020,2,1,30.0,2.1,7.833,9.6,-3.8,-0.1,0.2,0.041,13.4,0.5461,0.267,1.733,0.233,0.367,0.533,1,30.0,2.1,7.83,-0.1,0.2,-0.1,0.2,23,81,205,1,0.0,0,0.25,0,1,-0.55,-1.2,-1.29,30.0,0.0,0.0,-8.486,117.626,0.0,16.0,-0.61,-1.1,-1.15,35.0,1.0,0.0,-28.527,132.113,5.555,15.0,0.0,2.511,0,1.29,50.0,1,0,1,0,0,0,1,0,1,0,0,0,1,0,0,0,0,0,0.0,1
gaffoda01,Daniel Gafford,train,-4.270637,2019,4,0,66.0,9.478,24.912,14.9,-0.1,0.7,3.2,0.104,19.0,0.559,1.722,3.879,0.354,0.721,1.148,0,0.0,9.05,23.27,0.0,0.0,0.0,0.0,21,82,265,0,1.0,0,0.25,0,1,-8.32,-8.4,-8.41,22.0,0.0,0.0,-10.145,93.01,19.004,15.0,-8.32,-8.4,-8.41,22.0,0.0,0.0,-10.145,93.01,19.004,15.0,1.0,9.441,1,9.441,3.0,0,0,1,0,0,0,0,1,1,0,0,0,0,0,0,0,1,2,2.0,0
gaffoda01,Daniel Gafford,train,-2.222738,2021,3,1,54.0,7.037,14.648,22.2,2.2,0.8,3.5,0.212,16.7,0.6972,0.537,4.278,1.389,0.481,0.759,2,97.0,6.19,14.43,0.9,5.4,0.9,5.4,23,82,265,2,1.0,0,0.25,0,0,-1.85,-1.8,-1.83,34.0,1.0,0.0,-51.632,125.335,4.334,15.0,-1.85,-1.8,-1.83,34.0,1.0,0.0,-51.632,125.335,4.334,15.0,1.0,6.385,1,6.385,8.0,0,1,0,0,0,0,0,1,1,0,0,1,0,0,0,0,0,2,2.0,0
gaffoda01,Daniel Gafford,test,-2.239071,2025,3,1,57.0,12.298,21.509,24.7,3.8,1.8,5.9,0.231,19.5,0.7164,1.404,6.807,1.789,0.404,1.158,6,378.0,9.25,19.81,7.3,31.2,5.1,19.8,27,82,265,6,1.0,0,0.3,0,0,-0.74,-1.2,-1.2,39.0,0.0,0.0,-46.559,172.078,2.329,15.0,-0.74,-1.2,-1.2,39.0,0.0,0.0,-46.559,172.078,2.329,15.0,1.0,7.943,1,7.943,4.0,0,1,0,0,0,0,0,1,0,1,0,1,0,0,0,0,0,2,2.0,0
gallida01,Danilo Gallinari,train,-1.833437,2015,3,1,59.0,12.441,24.169,16.8,2.4,1.6,3.9,0.131,21.5,0.5628,1.407,3.695,0.339,0.797,0.966,6,344.0,14.16,30.08,9.1,27.7,4.4,11.1,27,82,236,7,1.0,0,0.3,0,1,-3.07,-3.7,-3.55,30.0,0.0,0.0,-2.765,53.359,2.783,15.0,-3.07,-3.7,-3.55,30.0,0.0,0.0,-2.765,53.359,2.783,15.0,0.0,3.038,0,3.038,17.0,0,1,0,0,0,0,0,1,0,0,1,0,0,0,1,0,0,1,1.0,0
gallida01,Danilo Gallinari,train,-1.523983,2017,3,1,63.0,18.175,33.873,17.4,1.4,1.9,6.8,0.153,20.0,0.6221,2.143,5.159,0.238,0.635,1.302,8,460.0,15.33,31.13,13.2,40.8,5.7,17.0,29,82,236,9,1.0,0,0.3,0,0,0.7,0.5,0.51,40.0,0.0,0.0,11.561,78.416,4.166,15.0,0.7,0.5,0.51,40.0,0.0,0.0,11.561,78.416,4.166,15.0,0.0,3.038,0,3.038,17.0,0,0,0,0,1,0,1,0,1,0,0,0,0,0,1,0,0,1,1.0,0
gallida01,Danilo Gallinari,train,-1.673834,2020,3,1,62.0,18.71,29.581,19.5,3.3,2.4,6.3,0.165,24.6,0.6117,1.919,5.194,0.081,0.677,1.226,11,611.0,16.17,30.91,19.2,56.5,6.0,15.7,32,82,236,12,0.0,0,0.35,0,0,-7.71,-7.6,-7.97,20.0,0.0,0.0,-3.203,82.576,29.766,15.0,2.33,2.0,1.99,44.0,1.0,0.0,-30.58,131.676,1.736,15.0,0.0,1.435,1,6.144,7.0,1,0,0,0,1,0,1,0,1,0,0,0,1,0,0,0,0,2,0.0,0
gallida01,Danilo Gallinari,val,-2.924383,2022,2,1,66.0,11.682,25.333,14.3,-0.2,0.8,3.6,0.103,18.4,0.5791,1.53,4.667,0.182,0.424,0.576,13,728.0,15.56,29.92,21.0,63.8,4.2,13.6,34,82,236,14,0.0,0,0.35,0,0,7.02,7.5,7.28,51.0,1.0,0.0,-23.012,132.763,2.663,15.0,1.55,1.6,1.56,43.0,1.0,0.0,-20.359,132.773,0.0,15.0,1.0,6.144,1,4.899,9.0,0,0,1,0,0,0,1,0,1,0,0,0,1,0,0,0,0,2,2.0,0
gallola01,Langston Galloway,train,-4.864681,2015,2,1,45.0,11.844,32.378,12.3,-2.3,-0.1,1.3,0.043,19.2,0.4887,3.333,4.222,0.267,1.156,1.356,1,45.0,11.84,32.38,-0.1,1.3,-0.1,1.3,24,73,200,0,1.0,0,0.25,0,0,-9.5,-10.1,-9.32,17.0,0.0,0.0,-21.133,54.41,26.22,15.0,-9.5,-10.1,-9.32,17.0,0.0,0.0,-21.133,54.41,26.22,15.0,1.0,19.113,1,19.113,1.0,1,0,1,0,0,1,0,0,0,0,1,0,0,1,0,0,0,2,2.0,1
gallola01,Langston Galloway,train,-2.877108,2016,2,1,82.0,7.622,24.793,11.7,-1.0,0.5,3.3,0.078,15.6,0.4897,2.524,3.512,0.268,0.939,0.744,2,127.0,9.12,27.48,0.4,4.6,0.4,4.6,25,73,200,1,0.0,0,0.25,0,0,-3.56,-3.9,-3.79,30.0,0.0,0.0,-11.426,80.165,1.261,18.0,-2.74,-3.0,-2.73,32.0,0.0,0.0,10.188,59.283,0.529,12.0,1.0,19.113,0,1.29,50.0,0,0,1,0,0,0,1,0,0,0,1,0,0,1,0,0,0,0,2.0,1
garlada01,Darius Garland,val,-1.237877,2022,5,1,68.0,21.662,35.735,19.0,2.6,2.8,6.3,0.124,27.8,0.5758,8.574,3.294,0.103,1.309,3.647,3,181.0,17.36,33.39,1.0,6.2,1.0,6.2,22,73,192,3,1.0,0,0.35,1,0,2.04,2.2,2.12,44.0,0.0,0.0,-20.724,129.666,3.472,15.0,2.04,2.2,2.12,44.0,0.0,0.0,-20.724,129.666,3.472,15.0,0.0,2.088,0,2.088,19.0,0,1,0,0,0,0,0,1,1,0,0,0,0,1,0,0,0,1,1.0,0
garneke01,Kevin Garnett,train,-2.138282,2015,2,1,47.0,6.872,20.255,15.2,0.7,0.7,1.9,0.096,17.8,0.4957,1.638,6.617,0.362,0.979,0.979,10,649.0,15.82,31.25,35.2,77.5,3.2,8.7,39,83,240,20,1.0,0,0.35,0,0,-8.0,-9.3,-8.79,16.0,0.0,0.0,-5.77,64.183,3.737,16.0,-8.0,-9.3,-8.79,16.0,0.0,0.0,-5.77,64.183,3.737,16.0,0.0,3.703,0,3.703,16.0,0,0,1,0,0,0,1,0,0,0,1,0,1,0,0,0,0,1,1.0,0
garzalu01,Luka Garza,train,-4.503053,2021,2,0,66.0,9.478,24.912,14.9,-0.1,0.7,3.2,0.104,19.0,0.559,1.722,3.879,0.354,0.721,1.148,0,0.0,9.05,23.27,0.0,0.0,0.0,0.0,23,82,243,0,1.0,0,0.25,0,2,-4.38,-4.5,-4.47,20.0,0.0,0.0,-5.873,76.325,38.688,15.0,-4.38,-4.5,-4.47,20.0,0.0,0.0,-5.873,76.325,38.688,15.0,0.0,4.365,0,4.365,14.0,0,0,1,0,0,0,0,1,1,0,0,0,0,0,0,0,1,1,1.0,0
garzalu01,Luka Garza,test,-4.132684,2024,2,1,25.0,3.96,4.88,21.8,-2.1,0.0,0.4,0.157,33.3,0.5756,0.16,1.24,0.04,0.16,0.24,3,85.0,5.48,8.87,0.0,2.3,0.0,2.3,26,82,243,3,1.0,0,0.25,0,1,6.39,6.6,6.45,56.0,1.0,0.0,-62.477,164.181,0.348,15.0,6.39,6.6,6.45,56.0,1.0,0.0,-62.477,164.181,0.348,15.0,0.0,3.703,0,3.703,16.0,0,0,1,0,0,0,1,0,0,1,0,1,0,0,0,0,0,1,1.0,0
garzalu01,Luka Garza,test,-4.074161,2025,2,1,39.0,3.538,5.615,18.8,-2.3,0.0,0.7,0.153,26.2,0.5731,0.282,1.385,0.077,0.154,0.308,4,124.0,4.87,7.85,0.0,3.0,0.1,2.2,27,82,243,4,0.0,0,0.25,0,0,8.28,9.5,9.11,61.0,1.0,0.0,-56.46,193.098,0.0,15.0,5.15,5.1,5.0,49.0,1.0,0.0,-96.138,198.848,3.706,15.0,0.0,3.703,1,4.899,9.0,0,0,1,0,0,1,0,0,0,1,0,1,0,0,0,0,0,2,1.0,0
gasolma01,Marc Gasol,train,-1.128777,2015,5,1,81.0,17.444,33.173,21.7,5.1,4.8,10.2,0.182,24.6,0.5582,3.79,7.778,1.617,0.864,2.173,7,517.0,14.09,33.65,22.5,58.2,12.4,27.3,30,83,255,7,1.0,0,0.3,0,1,3.62,3.5,3.24,55.0,1.0,0.0,-12.611,73.989,0.771,15.0,3.62,3.5,3.24,55.0,1.0,0.0,-12.611,73.989,0.771,15.0,0.0,1.358,0,1.358,51.0,0,0,1,0,0,0,1,0,0,0,1,1,0,0,0,0,0,0,0.0,0
gasolma01,Marc Gasol,train,-3.725648,2020,2,1,44.0,7.523,26.386,11.8,1.6,1.1,3.0,0.124,13.2,0.5506,3.341,6.25,0.864,0.773,1.341,12,839.0,14.6,33.05,35.7,82.6,6.9,13.0,35,83,255,12,0.0,0,0.35,0,0,6.28,5.7,5.79,52.0,1.0,1.0,-13.584,107.807,10.149,15.0,5.97,6.1,6.24,53.0,1.0,0.0,-33.161,123.954,1.2,15.0,1.0,6.202,1,12.901,2.0,1,0,1,0,0,0,1,0,1,0,0,1,0,0,0,0,0,2,2.0,0
gasolpa01,Pau Gasol,train,-2.138192,2014,3,1,60.0,17.35,31.4,19.3,1.2,1.5,3.0,0.076,26.4,0.5222,3.35,9.667,1.533,0.45,2.35,9,607.0,18.45,36.29,33.1,81.9,6.5,15.0,34,84,250,13,1.0,0,0.35,0,1,0.28,0.3,0.28,42.0,1.0,0.0,-12.901,92.25,0.0,15.0,0.34,0.5,0.43,42.0,1.0,0.0,-12.901,92.929,0.0,15.0,1.0,9.441,1,9.441,3.0,0,0,1,0,0,0,1,0,0,0,1,1,0,0,0,0,0,2,2.0,0
gasolpa01,Pau Gasol,train,-1.781645,2016,2,1,72.0,16.486,31.819,21.7,4.9,4.0,7.1,0.149,24.6,0.5289,4.083,11.014,2.028,0.583,2.278,11,757.0,18.28,35.67,40.8,99.4,9.2,20.5,36,84,250,15,0.0,0,0.35,0,1,10.28,11.3,10.63,67.0,1.0,0.0,-17.595,85.193,2.402,15.0,-1.46,-1.5,-1.48,42.0,0.0,0.0,-32.184,101.851,0.333,18.0,1.0,9.441,0,2.602,31.0,0,0,1,0,0,0,1,0,0,0,1,1,0,0,0,0,0,0,2.0,0
gasolpa01,Pau Gasol,train,-1.806941,2017,3,1,64.0,12.375,25.422,20.2,4.0,2.5,6.4,0.189,21.3,0.5781,2.344,7.828,1.094,0.375,1.266,12,821.0,17.82,34.87,43.3,105.8,10.2,23.9,37,84,250,16,1.0,0,0.35,0,0,7.13,7.6,7.2,61.0,1.0,0.0,-14.229,104.867,3.505,15.0,7.13,7.6,7.2,61.0,1.0,0.0,-14.229,104.867,3.505,15.0,0.0,2.602,0,2.602,31.0,0,0,1,0,0,0,1,0,1,0,0,1,0,0,0,0,0,0,0.0,0
gayru01,Rudy Gay,train,-1.658228,2014,3,1,73.0,19.959,34.671,18.3,1.7,2.4,4.8,0.091,27.6,0.5399,2.863,5.986,0.767,1.301,3.068,8,585.0,18.23,35.92,14.2,35.5,6.9,14.8,28,80,250,8,1.0,0,0.3,0,3,0.28,0.3,0.28,42.0,1.0,0.0,-12.901,92.25,0.0,15.0,0.34,0.5,0.43,42.0,1.0,0.0,-12.901,92.929,0.0,15.0,0.0,2.453,0,2.453,20.0,1,1,0,0,0,0,0,1,0,0,1,0,0,0,1,0,0,0,0.0,0
gayru01,Rudy Gay,train,-2.444297,2017,2,1,30.0,18.733,33.767,17.9,1.9,1.0,1.8,0.085,25.8,0.559,2.767,6.333,0.867,1.467,2.467,11,753.0,18.41,35.61,19.1,47.2,4.9,11.7,31,80,250,11,0.0,0,0.35,0,2,7.13,7.6,7.2,61.0,1.0,0.0,-14.229,104.867,3.505,15.0,-3.29,-4.0,-3.88,32.0,0.0,0.0,-1.524,87.859,7.808,15.0,0.0,2.453,0,2.602,31.0,0,0,1,0,0,0,1,0,1,0,0,0,0,0,1,0,0,0,0.0,0
gayru01,Rudy Gay,train,-1.920043,2019,2,1,69.0,13.71,26.696,17.5,1.4,1.6,4.4,0.115,22.1,0.5835,2.638,6.812,0.493,0.783,1.652,13,879.0,17.59,34.0,21.6,54.7,3.5,9.3,33,80,250,13,1.0,0,0.35,0,1,1.8,1.7,1.68,48.0,1.0,0.0,-24.264,101.439,20.306,15.0,1.8,1.7,1.68,48.0,1.0,0.0,-24.264,101.439,20.306,15.0,0.0,2.602,0,2.602,31.0,0,0,1,0,0,0,1,0,1,0,0,0,1,0,0,0,0,0,0.0,0
gayru01,Rudy Gay,train,-2.494866,2021,2,1,63.0,11.365,21.556,14.7,-0.1,0.6,1.7,0.06,23.6,0.532,1.397,4.81,0.635,0.714,1.032,15,1009.0,16.75,32.42,22.6,58.5,2.6,8.2,35,80,250,15,0.0,1,0.35,0,1,8.97,9.3,9.25,52.0,1.0,0.0,-29.859,135.162,0.77,15.0,-1.58,-1.8,-1.74,33.0,0.0,0.0,-41.011,103.942,24.805,15.0,0.0,2.602,0,1.266,28.0,0,0,1,0,0,0,1,0,1,0,0,0,1,0,0,0,0,0,0.0,0
geeal01,Alonzo Gee,train,-3.948391,2015,2,1,54.0,4.463,12.259,13.0,-0.6,0.2,1.2,0.087,16.7,0.548,0.463,1.741,0.13,0.648,0.611,6,331.0,7.31,22.21,-0.1,7.8,-0.5,4.0,28,78,225,5,1.0,0,0.25,0,0,1.13,0.9,0.79,45.0,1.0,0.0,-8.464,68.28,2.133,14.0,1.13,0.9,0.79,45.0,1.0,0.0,-8.464,68.28,2.133,14.0,0.0,1.29,0,1.29,50.0,0,0,1,0,0,0,1,0,0,0,1,0,0,0,1,0,0,0,0.0,1
georgpa01,Paul George,train,-1.2365,2013,5,1,79.0,17.43,37.62,16.8,3.8,4.4,9.0,0.145,23.5,0.531,4.139,7.633,0.646,1.81,2.949,3,206.0,12.87,30.07,7.7,17.4,7.7,17.4,23,80,220,3,1.0,0,0.25,0,2,0.28,0.3,0.28,42.0,1.0,0.0,-12.901,92.25,0.0,15.0,0.34,0.5,0.43,42.0,1.0,0.0,-12.901,92.929,0.0,15.0,0.0,2.126,0,2.126,25.0,0,1,0,0,0,0,0,1,0,0,1,0,0,0,1,0,0,0,0.0,0
georgpa01,Paul George,train,-1.090731,2018,4,1,79.0,21.949,36.595,18.7,2.9,3.6,8.9,0.148,25.7,0.5701,3.329,5.658,0.494,2.038,2.684,8,527.0,18.64,33.36,24.6,53.4,11.9,25.2,28,80,220,8,1.0,1,0.3,0,1,3.42,3.5,3.41,48.0,1.0,0.0,-35.299,130.478,2.442,15.0,3.42,3.5,3.41,48.0,1.0,0.0,-35.299,130.478,2.442,15.0,0.0,1.435,0,1.435,47.0,0,0,1,0,0,0,1,0,1,0,0,0,0,0,1,0,0,0,0.0,0
georgpa01,Paul George,train,-0.937999,2020,4,1,48.0,21.521,29.562,21.1,4.9,2.5,4.8,0.162,29.6,0.5886,3.854,5.667,0.417,1.417,2.604,10,652.0,19.96,33.5,33.7,70.1,12.7,25.6,30,80,220,10,1.0,0,0.35,0,1,6.66,6.3,6.44,49.0,1.0,0.0,-21.015,128.443,1.712,14.0,6.66,6.3,6.44,49.0,1.0,0.0,-21.015,128.443,1.712,14.0,1.0,12.901,1,12.901,2.0,1,1,0,0,0,0,0,1,1,0,0,0,0,0,1,0,0,2,2.0,0
georgpa01,Paul George,test,-0.977525,2024,4,1,74.0,22.581,33.811,19.3,3.2,3.3,7.3,0.14,26.6,0.6125,3.541,5.243,0.5,1.527,2.068,14,867.0,20.8,33.66,43.8,88.6,7.2,13.2,34,80,220,14,0.0,1,0.35,0,0,2.51,3.1,3.05,47.0,1.0,0.0,-45.888,161.97,2.568,15.0,3.41,3.4,3.28,51.0,1.0,0.0,-66.06,198.296,1.764,15.0,1.0,12.901,1,6.228,5.0,0,0,1,0,0,0,1,0,0,1,0,0,1,0,0,0,0,2,2.0,0
gibsota01,Taj Gibson,train,-1.957001,2017,2,1,78.0,10.846,25.5,15.0,-1.5,0.2,4.0,0.097,19.3,0.5433,0.936,6.218,0.833,0.526,1.346,8,585.0,9.38,25.05,4.2,37.6,1.9,14.2,32,81,232,8,0.0,0,0.3,0,0,-0.64,-1.2,-1.11,31.0,0.0,0.0,22.576,59.495,10.111,14.0,1.14,0.8,0.76,47.0,1.0,0.0,1.823,86.981,4.359,15.0,0.0,1.435,0,3.703,16.0,0,0,1,0,0,0,1,0,1,0,0,0,1,0,0,0,0,1,0.0,0
gibsota01,Taj Gibson,train,-2.390046,2019,2,1,70.0,10.757,24.086,17.8,-0.1,0.8,5.1,0.145,17.2,0.6123,1.2,6.543,0.557,0.757,1.043,10,737.0,9.82,25.87,6.0,49.9,2.0,16.3,34,81,232,10,0.0,0,0.35,0,0,-8.93,-9.2,-9.21,17.0,0.0,0.0,-21.397,62.775,60.49,15.0,-1.02,-1.5,-1.5,36.0,0.0,0.0,-19.994,117.381,2.967,16.0,0.0,3.703,1,19.113,1.0,0,0,1,0,0,0,1,0,1,0,0,0,1,0,0,0,0,2,1.0,0
gibsota01,Taj Gibson,train,-3.1028,2021,2,1,45.0,5.356,20.8,16.0,1.3,0.8,3.8,0.195,9.7,0.6614,0.8,5.556,1.089,0.689,0.489,12,844.0,9.31,24.92,7.0,56.3,1.8,11.5,36,81,232,12,1.0,0,0.35,0,0,2.13,2.4,2.31,41.0,1.0,0.0,7.17,81.511,20.459,15.0,2.13,2.4,2.31,41.0,1.0,0.0,7.17,81.511,20.459,15.0,1.0,19.113,1,19.113,1.0,0,0,1,0,0,0,1,0,1,0,0,1,0,0,0,0,0,2,2.0,0
giddejo01,Josh Giddey,test,-1.822269,2025,4,1,70.0,14.6,30.243,18.1,3.0,2.7,5.3,0.12,21.7,0.57,7.186,8.086,0.643,1.2,2.886,4,280.0,14.08,29.27,6.9,14.0,6.4,13.6,23,79,216,4,1.0,0,0.25,0,0,-1.83,-1.5,-1.56,39.0,0.0,0.0,-27.419,157.18,8.739,15.0,-1.83,-1.5,-1.56,39.0,0.0,0.0,-27.419,157.18,8.739,15.0,1.0,9.441,1,9.441,3.0,0,0,1,0,0,1,0,0,0,1,0,0,0,1,0,0,0,2,2.0,0
gilgesh01,Shai Gilgeous-Alexander,train,-1.237873,2021,5,1,35.0,23.714,33.714,21.6,4.1,1.8,3.5,0.142,27.8,0.6233,5.914,4.743,0.657,0.771,3.029,3,187.0,16.31,30.92,4.8,12.9,4.8,12.9,23,78,195,3,1.0,0,0.25,0,0,-10.13,-10.5,-10.64,22.0,0.0,0.0,4.57,58.973,36.223,15.0,-10.13,-10.5,-10.64,22.0,0.0,0.0,4.57,58.973,36.223,15.0,0.0,1.435,0,1.435,47.0,0,1,0,0,0,0,0,1,1,0,0,0,0,0,0,1,0,0,0.0,0
gilgesh01,Shai Gilgeous-Alexander,test,-0.918198,2025,4,1,76.0,32.684,34.184,30.7,11.5,8.9,16.7,0.309,34.8,0.6368,6.395,4.987,1.013,1.724,2.408,7,462.0,24.45,33.1,29.1,60.2,21.6,42.7,27,78,195,7,1.0,1,0.35,1,0,12.7,12.8,12.87,68.0,1.0,1.0,-25.414,162.209,3.792,15.0,12.7,12.8,12.87,68.0,1.0,1.0,-25.414,162.209,3.792,15.0,0.0,1.435,0,1.435,47.0,0,1,0,0,0,0,0,1,0,1,0,0,0,1,0,0,0,0,0.0,0
gillan01,Anthony Gill,train,-4.51031,2020,2,0,66.0,9.478,24.912,14.9,-0.1,0.7,3.2,0.104,19.0,0.559,1.722,3.879,0.354,0.721,1.148,0,0.0,9.05,23.27,0.0,0.0,0.0,0.0,28,79,230,0,1.0,0,0.25,0,0,-5.24,-4.6,-4.67,25.0,0.0,0.0,-25.389,86.766,10.431,15.0,-5.24,-4.6,-4.67,25.0,0.0,0.0,-25.389,86.766,10.431,15.0,1.0,6.385,1,6.385,8.0,1,0,1,0,0,0,0,1,1,0,0,0,0,0,0,0,1,2,2.0,1
gillan01,Anthony Gill,val,-4.167778,2022,2,1,44.0,4.091,10.523,14.7,-1.9,0.0,1.4,0.145,14.4,0.6824,0.614,1.932,0.25,0.114,0.409,2,70.0,3.71,9.73,0.0,2.0,0.0,2.0,30,79,230,2,1.0,0,0.25,0,0,-3.23,-3.4,-3.38,35.0,0.0,0.0,-43.221,125.964,0.0,15.0,-3.23,-3.4,-3.38,35.0,0.0,0.0,-43.221,125.964,0.0,15.0,1.0,6.385,1,6.385,8.0,0,0,1,0,0,1,0,0,1,0,0,0,1,0,0,0,0,2,2.0,1
gillan01,Anthony Gill,test,-4.07454,2024,2,1,50.0,3.78,9.32,12.1,-4.1,-0.3,0.4,0.041,18.0,0.5374,0.68,1.88,0.22,0.26,0.46,4,179.0,3.6,9.89,-0.5,3.7,-0.5,3.1,32,79,230,4,1.0,0,0.25,0,0,-9.29,-9.1,-9.29,15.0,0.0,0.0,-53.88,132.38,15.839,15.0,-9.29,-9.1,-9.29,15.0,0.0,0.0,-53.88,132.38,15.839,15.0,1.0,6.385,1,6.385,8.0,0,0,1,0,0,1,0,0,0,1,0,0,1,0,0,0,0,2,2.0,1
gilleco01,Collin Gillespie,test,-2.651549,2026,4,1,80.0,12.65,28.525,15.3,2.5,2.6,6.2,0.13,18.7,0.5748,4.638,4.088,0.2,1.238,1.562,3,137.0,9.44,21.66,3.1,7.9,3.1,7.9,27,73,195,3,1.0,0,0.25,0,0,1.75,1.5,1.46,45.0,1.0,0.0,-53.15,162.374,25.493,15.0,1.75,1.5,1.46,45.0,1.0,0.0,-53.15,162.374,25.493,15.0,0.0,5.059,0,5.059,12.0,0,0,1,0,0,1,0,0,0,1,0,0,0,1,0,0,0,2,2.0,1
ginobma01,Manu Ginóbili,train,-3.192443,2015,2,1,70.0,10.543,22.671,16.2,1.7,1.5,3.7,0.112,23.9,0.5436,4.186,3.014,0.286,0.957,2.2,10,645.0,15.03,26.75,34.5,73.2,5.9,13.9,38,78,205,13,1.0,0,0.35,0,0,6.34,6.5,6.2,55.0,1.0,0.0,-9.123,69.028,1.351,15.0,6.34,6.5,6.2,55.0,1.0,0.0,-9.123,69.028,1.351,15.0,0.0,2.602,0,2.602,31.0,0,0,1,0,0,0,1,0,0,0,1,0,0,0,0,1,0,0,0.0,0
goberru01,Rudy Gobert,train,-1.35738,2016,4,1,61.0,9.131,31.672,17.5,2.2,2.0,6.4,0.159,14.2,0.582,1.492,10.951,2.213,0.738,1.869,3,188.0,7.16,24.06,5.3,16.1,5.3,16.1,24,85,258,3,0.0,0,0.25,0,1,1.84,2.0,1.79,40.0,0.0,0.0,5.182,63.16,1.658,15.0,1.84,2.0,1.79,40.0,0.0,0.0,5.182,63.16,1.658,15.0,0.0,1.266,0,1.266,28.0,0,1,0,0,0,0,0,1,0,0,1,1,0,0,0,0,0,0,0.0,0
goberru01,Rudy Gobert,train,-1.008616,2020,5,1,68.0,15.088,34.309,21.7,3.6,3.3,10.7,0.22,16.2,0.6986,1.485,13.471,1.985,0.75,1.912,7,474.0,11.71,29.52,20.3,63.6,10.6,33.2,28,85,258,7,0.0,1,0.3,0,1,2.52,2.4,2.47,44.0,1.0,0.0,-18.073,118.918,8.294,15.0,2.52,2.4,2.47,44.0,1.0,0.0,-18.073,118.918,8.294,15.0,0.0,1.266,0,1.266,28.0,1,1,0,0,0,0,0,1,1,0,0,1,0,0,0,0,0,0,0.0,0
goberru01,Rudy Gobert,test,-1.443833,2024,3,1,76.0,13.961,34.118,19.3,1.8,2.5,11.6,0.215,15.4,0.6753,1.342,12.921,2.132,0.684,1.553,11,757.0,12.67,30.44,31.6,106.0,7.5,31.1,32,85,258,11,1.0,1,0.35,0,0,6.39,6.6,6.45,56.0,1.0,0.0,-62.477,164.181,0.348,15.0,6.39,6.6,6.45,56.0,1.0,0.0,-62.477,164.181,0.348,15.0,0.0,3.703,0,3.703,16.0,0,1,0,0,0,0,0,1,0,1,0,1,0,0,0,0,0,1,1.0,0
goodwar01,Archie Goodwin,train,-4.529926,2016,2,1,57.0,8.86,19.544,11.1,-3.7,-0.5,0.1,0.004,23.2,0.4981,2.07,2.491,0.228,0.474,1.754,3,150.0,6.2,14.55,-0.9,0.5,-0.9,0.5,22,77,200,3,0.0,0,0.25,0,0,-3.56,-3.9,-3.79,30.0,0.0,0.0,-11.426,80.165,1.261,18.0,-6.32,-6.8,-6.66,23.0,0.0,0.0,-3.444,63.389,10.054,14.0,0.0,5.059,0,1.29,50.0,1,0,1,0,0,1,0,0,0,0,1,0,0,1,0,0,0,0,2.0,0
goodwar01,Archie Goodwin,train,-4.788431,2017,2,1,15.0,7.333,14.267,18.7,1.9,0.2,0.7,0.157,19.8,0.651,1.6,1.867,0.333,0.267,0.933,4,165.0,6.3,14.52,-0.7,1.2,-0.5,1.0,23,77,200,4,0.0,0,0.25,0,0,-6.74,-6.6,-6.73,20.0,0.0,0.0,10.413,65.406,18.324,15.0,-1.69,-2.2,-2.1,34.0,0.0,0.0,-7.275,94.323,7.095,15.0,0.0,1.29,1,19.113,1.0,1,0,1,0,0,1,0,0,1,0,0,0,0,0,0,1,0,2,0.0,0
goodwjo01,Jordan Goodwin,test,-3.290629,2026,3,1,70.0,8.7,22.457,14.7,1.8,1.5,3.9,0.119,17.5,0.5253,2.157,4.871,0.2,1.514,0.971,5,220.0,7.02,19.46,2.8,8.2,2.0,6.1,28,75,215,5,1.0,0,0.25,0,0,1.75,1.5,1.46,45.0,1.0,0.0,-53.15,162.374,25.493,15.0,1.75,1.5,1.46,45.0,1.0,0.0,-53.15,162.374,25.493,15.0,0.0,5.059,0,5.059,12.0,0,0,1,0,0,0,1,0,0,1,0,0,0,1,0,0,0,2,2.0,1
gordoaa01,Aaron Gordon,train,-2.738069,2014,2,0,66.0,9.478,24.912,14.9,-0.1,0.7,3.2,0.104,19.0,0.559,1.722,3.879,0.354,0.721,1.148,0,0.0,9.05,23.27,0.0,0.0,0.0,0.0,19,80,235,0,1.0,0,0.25,0,3,0.28,0.3,0.28,42.0,1.0,0.0,-12.901,92.25,0.0,15.0,0.34,0.5,0.43,42.0,1.0,0.0,-12.901,92.929,0.0,15.0,0.0,2.673,0,2.673,15.0,0,0,1,0,0,0,0,1,0,0,1,0,0,0,0,0,1,1,1.0,0
gordoaa01,Aaron Gordon,train,-1.627955,2018,4,1,58.0,17.621,32.914,16.5,0.3,1.1,2.9,0.073,24.7,0.5301,2.345,7.879,0.776,1.017,1.845,4,263.0,11.42,26.11,2.9,13.0,3.1,12.0,23,80,235,4,1.0,0,0.25,0,1,-4.92,-4.9,-4.82,25.0,0.0,0.0,3.555,94.947,0.592,15.0,-4.92,-4.9,-4.82,25.0,0.0,0.0,3.555,94.947,0.592,15.0,0.0,2.673,0,2.673,15.0,0,0,1,0,0,1,0,0,1,0,0,0,1,0,0,0,0,1,1.0,0
gordoaa01,Aaron Gordon,train,-1.74249,2021,4,1,50.0,12.36,27.68,14.5,0.1,0.7,1.9,0.066,20.7,0.5473,3.22,5.68,0.68,0.66,1.94,7,453.0,12.72,28.48,6.3,23.7,3.4,10.7,26,80,235,7,1.0,1,0.3,0,1,4.82,5.0,4.93,47.0,1.0,0.0,-22.681,126.468,2.111,15.0,4.82,5.0,4.93,47.0,1.0,0.0,-22.681,126.468,2.111,15.0,0.0,3.038,0,3.038,17.0,0,1,0,0,0,0,0,1,1,0,0,0,1,0,0,0,0,1,1.0,0
gordoaa01,Aaron Gordon,test,-1.49922,2024,3,1,73.0,13.877,31.466,16.8,1.3,1.9,7.1,0.148,17.8,0.6071,3.548,6.452,0.616,0.767,1.438,10,669.0,13.47,29.34,11.2,42.8,4.9,19.1,29,80,235,10,1.0,1,0.35,0,0,5.23,5.5,5.26,57.0,1.0,0.0,-48.73,176.89,0.0,15.0,5.23,5.5,5.26,57.0,1.0,0.0,-48.73,176.89,0.0,15.0,0.0,3.038,0,3.038,17.0,0,1,0,0,0,0,0,1,0,1,0,0,1,0,0,0,0,1,1.0,0
gordoer01,Eric Gordon,train,-1.960817,2016,4,1,45.0,15.244,32.911,13.5,-0.1,0.7,2.1,0.068,20.3,0.5651,2.689,2.2,0.311,0.956,1.622,8,417.0,16.63,33.93,6.3,22.4,2.0,7.5,28,75,215,8,0.0,0,0.3,0,2,0.34,0.2,0.2,41.0,1.0,0.0,-18.387,75.205,13.182,15.0,-3.56,-3.9,-3.79,30.0,0.0,0.0,-11.426,80.165,1.261,18.0,0.0,1.29,1,7.206,6.0,0,0,1,0,0,0,1,0,0,0,1,0,0,0,0,1,0,2,0.0,0
gordoer01,Eric Gordon,train,-1.75347,2019,4,1,68.0,16.221,31.735,12.2,-1.3,0.4,2.6,0.058,22.0,0.5488,1.897,2.176,0.397,0.603,1.324,11,629.0,16.69,33.04,9.1,33.5,2.8,11.1,31,75,215,11,1.0,0,0.35,0,2,4.96,4.8,4.77,53.0,1.0,0.0,-27.003,120.918,1.017,15.0,4.96,4.8,4.77,53.0,1.0,0.0,-27.003,120.918,1.017,15.0,1.0,7.206,1,7.206,6.0,0,1,0,0,0,0,0,1,1,0,0,0,0,0,0,1,0,2,2.0,0
gordoer01,Eric Gordon,val,-3.726491,2023,2,1,69.0,12.406,28.478,11.8,-1.9,0.1,2.3,0.056,17.8,0.587,2.652,1.942,0.362,0.623,1.507,15,818.0,16.04,32.06,8.8,38.5,0.2,4.5,35,75,215,15,0.0,0,0.35,0,2,2.08,2.1,2.07,45.0,1.0,0.0,-52.152,172.122,0.211,15.0,0.31,0.5,0.5,44.0,1.0,0.0,-69.37,191.189,0.0,15.0,1.0,12.901,0,5.059,12.0,0,0,1,0,0,0,1,0,0,1,0,0,0,0,0,1,0,2,2.0,0
gordoer01,Eric Gordon,test,-3.72648,2024,2,1,68.0,11.015,27.838,10.8,-1.7,0.1,2.5,0.063,16.5,0.5796,2.044,1.794,0.441,0.971,1.074,16,886.0,15.65,31.73,8.9,41.0,0.1,6.2,36,75,215,16,0.0,1,0.35,0,1,2.51,3.1,3.05,47.0,1.0,0.0,-45.888,161.97,2.568,15.0,3.08,3.0,3.06,49.0,1.0,0.0,-59.2,188.29,3.041,16.0,0.0,5.059,1,6.228,5.0,0,0,1,0,0,0,1,0,0,1,0,0,0,0,0,1,0,2,2.0,0
gortama01,Marcin Gortat,train,-1.659259,2014,5,1,81.0,13.185,32.778,17.6,0.8,1.8,8.1,0.146,18.2,0.5676,1.704,9.469,1.494,0.506,1.556,7,438.0,9.43,24.2,7.5,32.3,4.8,19.1,30,83,240,6,1.0,0,0.25,0,0,0.28,0.3,0.28,42.0,1.0,0.0,-12.901,92.25,0.0,15.0,0.34,0.5,0.43,42.0,1.0,0.0,-12.901,92.929,0.0,15.0,1.0,6.385,1,6.385,8.0,0,0,1,0,0,0,1,0,0,0,1,1,0,0,0,0,0,2,2.0,0
grahade01,Devonte' Graham,train,-4.318657,2018,3,0,66.0,9.478,24.912,14.9,-0.1,0.7,3.2,0.104,19.0,0.559,1.722,3.879,0.354,0.721,1.148,0,0.0,9.05,23.27,0.0,0.0,0.0,0.0,23,73,195,0,1.0,0,0.25,0,0,0.07,0.3,0.26,36.0,0.0,0.0,-21.078,117.228,0.0,14.0,0.07,0.3,0.26,36.0,0.0,0.0,-21.078,117.228,0.0,14.0,0.0,2.66,0,2.66,21.0,0,0,1,0,0,0,0,1,1,0,0,0,0,0,0,0,1,0,0.0,0
grahade01,Devonte' Graham,train,-2.251973,2021,4,1,55.0,14.836,30.164,14.6,0.7,1.1,3.4,0.098,21.4,0.5525,5.364,2.691,0.109,0.873,1.527,3,164.0,13.28,27.72,2.2,7.3,2.2,7.3,26,73,195,3,1.0,0,0.25,0,0,-1.94,-1.9,-1.93,33.0,0.0,0.0,2.006,98.277,8.857,15.0,-1.94,-1.9,-1.93,33.0,0.0,0.0,2.006,98.277,8.857,15.0,0.0,2.66,0,2.66,21.0,0,0,0,0,1,1,0,0,1,0,0,0,0,1,0,0,0,0,0.0,0
grahatr01,Treveon Graham,train,-4.166263,2018,2,1,63.0,4.333,16.667,9.0,-2.7,-0.2,1.8,0.082,11.3,0.5527,0.937,1.921,0.032,0.524,0.429,2,90.0,3.67,13.77,-0.1,2.2,-0.1,2.2,25,77,219,2,0.0,0,0.25,0,0,-3.67,-3.7,-3.74,28.0,0.0,0.0,3.128,88.965,6.999,15.0,0.07,0.3,0.26,36.0,0.0,0.0,-21.078,117.228,0.0,14.0,0.0,2.66,1,19.113,1.0,0,0,1,0,0,0,1,0,1,0,0,0,0,0,0,1,0,2,0.0,1
grantje01,Jerami Grant,train,-4.249526,2014,3,0,66.0,9.478,24.912,14.9,-0.1,0.7,3.2,0.104,19.0,0.559,1.722,3.879,0.354,0.721,1.148,0,0.0,9.05,23.27,0.0,0.0,0.0,0.0,20,79,213,0,1.0,0,0.25,0,1,0.28,0.3,0.28,42.0,1.0,0.0,-12.901,92.25,0.0,15.0,0.34,0.5,0.43,42.0,1.0,0.0,-12.901,92.929,0.0,15.0,1.0,6.228,1,6.228,5.0,0,0,1,0,0,0,0,1,0,0,1,0,0,0,0,0,1,2,2.0,0
grantje01,Jerami Grant,train,-2.426463,2018,3,1,81.0,8.42,20.333,16.2,0.3,1.0,5.4,0.157,16.0,0.6072,0.704,3.938,0.951,0.383,0.667,4,303.0,7.52,21.85,0.9,10.9,1.4,10.4,24,79,213,4,1.0,1,0.25,0,0,3.42,3.5,3.41,48.0,1.0,0.0,-35.299,130.478,2.442,15.0,3.42,3.5,3.41,48.0,1.0,0.0,-35.299,130.478,2.442,15.0,0.0,1.435,0,1.435,47.0,0,0,1,0,0,1,0,0,1,0,0,0,1,0,0,0,0,0,0.0,0
grantje01,Jerami Grant,train,-1.696899,2020,3,1,71.0,11.986,26.648,14.4,-0.5,0.7,4.4,0.112,18.0,0.5908,1.239,3.493,0.803,0.704,0.887,6,454.0,9.3,24.5,3.1,22.6,3.2,17.1,26,79,213,6,1.0,0,0.25,0,0,2.35,2.1,2.11,46.0,1.0,0.0,-22.714,128.613,1.621,15.0,2.35,2.1,2.11,46.0,1.0,0.0,-22.714,128.613,1.621,15.0,0.0,3.038,0,3.038,17.0,1,0,0,0,1,0,1,0,1,0,0,0,1,0,0,0,0,1,1.0,0
grantje01,Jerami Grant,val,-1.447073,2023,5,1,63.0,20.476,35.651,16.0,-0.2,1.0,4.1,0.088,22.8,0.6065,2.381,4.492,0.841,0.81,1.841,9,618.0,12.33,27.02,6.7,32.2,3.6,9.6,29,79,213,9,1.0,1,0.3,0,0,-3.96,-4.0,-4.01,33.0,0.0,0.0,-27.826,136.161,8.372,15.0,-3.96,-4.0,-4.01,33.0,0.0,0.0,-27.826,136.161,8.372,15.0,0.0,2.511,0,2.511,23.0,0,0,1,0,0,0,1,0,0,1,0,0,1,0,0,0,0,0,0.0,0
grantje02,Jerian Grant,train,-3.772261,2015,2,0,66.0,9.478,24.912,14.9,-0.1,0.7,3.2,0.104,19.0,0.559,1.722,3.879,0.354,0.721,1.148,0,0.0,9.05,23.27,0.0,0.0,0.0,0.0,23,76,205,0,1.0,0,0.25,0,2,-9.5,-10.1,-9.32,17.0,0.0,0.0,-21.133,54.41,26.22,15.0,-9.5,-10.1,-9.32,17.0,0.0,0.0,-21.133,54.41,26.22,15.0,1.0,19.113,1,19.113,1.0,0,0,1,0,0,0,0,1,0,0,1,0,0,0,0,0,1,2,2.0,0
grantje02,Jerian Grant,train,-3.999484,2020,2,1,6.0,4.5,13.333,6.6,-6.5,-0.1,0.0,0.0,17.2,0.4488,1.5,1.0,0.167,0.167,0.5,5,279.0,6.06,17.91,0.6,8.3,0.3,5.0,28,76,205,5,0.0,0,0.25,0,0,3.13,2.8,2.96,44.0,1.0,0.0,-42.455,124.041,2.846,15.0,-5.24,-4.6,-4.67,25.0,0.0,0.0,-25.389,86.766,10.431,15.0,1.0,6.385,1,7.206,6.0,1,0,1,0,0,0,1,0,1,0,0,0,0,0,0,1,0,2,2.0,0
greenaj01,A.J. Green,val,-4.167702,2023,3,1,35.0,4.4,9.857,11.5,-0.9,0.1,0.8,0.111,16.6,0.6074,0.629,1.286,0.0,0.171,0.257,1,35.0,4.4,9.86,0.1,0.8,0.1,0.8,24,76,190,1,1.0,0,0.25,0,0,3.61,3.5,3.63,58.0,1.0,0.0,-58.194,179.802,0.211,15.0,3.61,3.5,3.63,58.0,1.0,0.0,-58.194,179.802,0.211,15.0,0.0,1.586,0,1.586,38.0,0,0,1,0,0,1,0,0,0,1,0,0,0,0,0,1,0,0,0.0,1
greenaj01,A.J. Green,test,-2.716087,2025,4,1,73.0,7.411,22.726,9.2,-2.2,-0.1,2.8,0.081,12.6,0.6206,1.479,2.384,0.096,0.507,0.548,3,164.0,5.77,15.96,0.0,4.7,0.0,4.7,26,76,190,3,1.0,0,0.25,0,0,2.12,2.5,2.48,48.0,1.0,0.0,-55.158,183.221,0.0,15.0,2.12,2.5,2.48,48.0,1.0,0.0,-55.158,183.221,0.0,15.0,0.0,1.586,0,1.586,38.0,0,1,0,0,0,0,0,1,0,1,0,0,0,0,0,1,0,0,0.0,1
greenda02,Danny Green,train,-2.24223,2015,4,1,81.0,11.679,28.543,16.5,4.6,3.8,7.8,0.162,17.5,0.5958,1.951,4.235,1.074,1.247,1.148,6,323.0,9.55,24.44,10.7,22.7,8.7,17.9,28,78,215,6,1.0,0,0.3,0,1,6.34,6.5,6.2,55.0,1.0,0.0,-9.123,69.028,1.351,15.0,6.34,6.5,6.2,55.0,1.0,0.0,-9.123,69.028,1.351,15.0,0.0,2.602,0,2.602,31.0,0,1,0,0,0,0,0,1,0,0,1,0,0,0,0,1,0,0,0.0,0
greenda02,Danny Green,train,-2.419603,2021,2,1,69.0,9.478,28.029,12.1,1.9,1.9,4.6,0.114,14.0,0.5823,1.71,3.768,0.812,1.333,0.971,12,757.0,8.95,25.61,19.9,47.1,5.2,13.9,34,78,215,12,1.0,0,0.35,0,0,5.28,5.6,5.58,49.0,1.0,0.0,-38.648,144.302,1.865,15.0,5.28,5.6,5.58,49.0,1.0,0.0,-38.648,144.302,1.865,15.0,1.0,6.228,1,6.228,5.0,0,0,1,0,0,0,1,0,1,0,0,0,0,0,1,0,0,2,2.0,0
greendr01,Draymond Green,train,-1.477061,2019,4,1,66.0,7.364,31.288,12.9,1.4,1.8,4.3,0.1,13.1,0.5259,6.879,7.288,1.061,1.439,2.561,7,533.0,9.05,28.1,19.1,43.3,8.9,18.6,29,78,230,7,1.0,0,0.3,0,2,6.42,6.4,6.46,57.0,1.0,0.0,-52.719,144.355,0.945,15.0,6.42,6.4,6.46,57.0,1.0,0.0,-52.719,144.355,0.945,15.0,1.0,4.749,1,4.749,10.0,0,1,0,0,0,0,0,1,1,0,0,0,1,0,0,0,0,2,2.0,0
greendr01,Draymond Green,val,-1.693933,2023,4,1,73.0,8.452,31.466,12.2,0.8,1.6,4.7,0.098,13.2,0.5915,6.849,7.192,0.822,1.014,2.795,11,758.0,8.68,28.77,24.9,57.3,5.3,12.9,33,78,230,11,1.0,1,0.35,0,1,1.66,1.7,1.8,44.0,1.0,0.0,-75.666,188.444,0.058,15.0,1.66,1.7,1.8,44.0,1.0,0.0,-75.666,188.444,0.058,15.0,1.0,4.749,1,4.749,10.0,0,0,1,0,0,0,1,0,0,1,0,0,1,0,0,0,0,2,2.0,0
greenja01,JaMychal Green,train,-4.537209,2014,2,0,66.0,9.478,24.912,14.9,-0.1,0.7,3.2,0.104,19.0,0.559,1.722,3.879,0.354,0.721,1.148,0,0.0,9.05,23.27,0.0,0.0,0.0,0.0,24,81,227,0,1.0,0,0.25,0,2,0.28,0.3,0.28,42.0,1.0,0.0,-12.901,92.25,0.0,15.0,0.34,0.5,0.43,42.0,1.0,0.0,-12.901,92.929,0.0,15.0,0.0,2.602,0,2.602,31.0,0,0,1,0,0,0,0,1,0,0,1,0,0,0,0,0,1,0,0.0,1
greenja01,JaMychal Green,train,-2.504195,2017,2,1,77.0,8.948,27.286,13.5,-0.8,0.6,5.8,0.133,14.4,0.6007,1.091,7.065,0.442,0.61,1.221,3,179.0,7.42,20.73,0.4,8.8,0.4,8.8,27,81,227,2,1.0,0,0.25,0,2,0.96,0.6,0.49,43.0,1.0,0.0,-16.727,108.352,2.518,15.0,0.96,0.6,0.49,43.0,1.0,0.0,-16.727,108.352,2.518,15.0,0.0,1.358,0,1.358,51.0,0,0,1,0,0,1,0,0,1,0,0,0,1,0,0,0,0,0,0.0,1
greenja01,JaMychal Green,train,-3.106462,2019,2,1,65.0,9.4,21.092,14.7,-1.7,0.1,2.9,0.102,19.4,0.587,0.769,6.292,0.523,0.692,1.338,5,299.0,8.39,22.15,0.4,14.3,0.6,11.3,29,81,227,4,1.0,1,0.25,0,2,1.09,0.9,0.85,48.0,1.0,0.0,-16.702,83.225,35.346,14.0,1.09,0.9,0.85,48.0,1.0,0.0,-16.702,83.225,35.346,14.0,1.0,12.901,1,12.901,2.0,0,0,1,0,0,1,0,0,1,0,0,0,1,0,0,0,0,2,2.0,1
greenja01,JaMychal Green,train,-2.693858,2020,2,1,63.0,6.825,20.746,11.1,-0.5,0.5,3.1,0.114,13.7,0.5762,0.778,6.159,0.381,0.46,0.857,6,362.0,8.12,21.91,0.9,17.4,0.5,8.6,30,81,227,5,0.0,0,0.25,0,1,2.35,2.1,2.11,46.0,1.0,0.0,-22.714,128.613,1.621,15.0,6.66,6.3,6.44,49.0,1.0,0.0,-21.015,128.443,1.712,14.0,1.0,12.901,0,3.038,17.0,1,0,1,0,0,0,1,0,1,0,0,0,1,0,0,0,0,1,2.0,1
greenja01,JaMychal Green,train,-2.618054,2021,2,1,58.0,8.121,19.31,13.6,-1.5,0.1,2.6,0.111,17.6,0.5901,0.914,4.776,0.379,0.448,0.914,7,420.0,8.12,21.55,1.0,20.0,0.7,8.6,31,81,227,6,1.0,0,0.25,0,1,4.82,5.0,4.93,47.0,1.0,0.0,-22.681,126.468,2.111,15.0,4.82,5.0,4.93,47.0,1.0,0.0,-22.681,126.468,2.111,15.0,0.0,3.038,0,3.038,17.0,0,0,1,0,0,0,1,0,1,0,0,0,1,0,0,0,0,1,1.0,1
greenja02,Javonte Green,train,-4.51031,2019,2,0,66.0,9.478,24.912,14.9,-0.1,0.7,3.2,0.104,19.0,0.559,1.722,3.879,0.354,0.721,1.148,0,0.0,9.05,23.27,0.0,0.0,0.0,0.0,26,77,205,0,1.0,0,0.25,0,0,3.9,4.4,4.44,49.0,1.0,0.0,-26.926,125.327,0.178,15.0,3.9,4.4,4.44,49.0,1.0,0.0,-26.926,125.327,0.178,15.0,1.0,4.899,1,4.899,9.0,0,0,1,0,0,0,0,1,1,0,0,0,0,0,0,0,1,2,2.0,1
greenja02,Javonte Green,train,-4.168303,2021,2,1,41.0,3.561,11.537,12.1,-0.5,0.2,1.1,0.112,12.6,0.6104,0.415,1.732,0.146,0.683,0.463,2,89.0,3.47,10.57,0.4,2.2,0.4,2.2,28,77,205,2,1.0,0,0.25,0,0,-0.94,-0.9,-0.89,31.0,0.0,0.0,-18.925,127.968,0.097,15.0,-0.94,-0.9,-0.89,31.0,0.0,0.0,-18.925,127.968,0.097,15.0,1.0,9.441,1,9.441,3.0,0,0,1,0,0,1,0,0,1,0,0,0,0,0,1,0,0,2,2.0,1
greenje02,Jeff Green,train,-3.218111,2021,2,1,68.0,11.029,26.985,13.0,-0.8,0.5,4.1,0.107,15.6,0.6241,1.588,3.868,0.397,0.529,0.794,13,976.0,12.83,29.32,5.0,46.5,1.3,9.8,35,80,235,14,0.0,0,0.35,0,2,4.82,5.0,4.93,47.0,1.0,0.0,-22.681,126.468,2.111,15.0,4.24,4.5,4.5,48.0,1.0,0.0,-59.41,164.541,2.389,15.0,1.0,19.113,0,3.038,17.0,0,0,1,0,0,0,1,0,1,0,0,0,1,0,0,0,0,1,2.0,0
greenje02,Jeff Green,val,-2.833368,2023,2,1,56.0,7.804,19.482,11.0,-3.4,-0.4,1.7,0.075,17.0,0.5758,1.232,2.571,0.304,0.321,0.821,15,1107.0,12.4,28.5,4.4,52.1,-0.1,9.7,37,80,235,16,0.0,0,0.35,0,1,-7.62,-7.9,-7.85,22.0,0.0,0.0,-14.642,48.379,88.279,15.0,3.04,3.4,3.33,53.0,1.0,1.0,-45.946,160.688,0.0,15.0,0.0,3.038,1,7.206,6.0,0,0,1,0,0,0,1,0,0,1,0,0,1,0,0,0,0,2,1.0,0
greenjo02,Josh Green,val,-2.330874,2023,3,1,60.0,9.1,25.65,11.2,-2.4,-0.2,2.6,0.081,14.6,0.6448,1.717,3.033,0.083,0.7,1.2,3,166.0,5.82,18.21,-0.1,5.5,-0.1,5.5,23,78,200,3,1.0,0,0.25,0,0,-0.14,0.1,0.07,38.0,0.0,0.0,-56.435,172.026,1.36,15.0,-0.14,0.1,0.07,38.0,0.0,0.0,-56.435,172.026,1.36,15.0,1.0,7.943,1,7.943,4.0,0,1,0,0,0,0,0,1,0,1,0,0,0,0,0,1,0,2,2.0,0
griffbl01,Blake Griffin,train,-1.062664,2017,5,1,61.0,21.574,34.033,22.6,4.7,3.5,7.7,0.178,28.0,0.5691,4.918,8.148,0.361,0.934,2.328,7,471.0,21.48,35.17,24.7,62.3,9.0,20.5,28,81,250,7,1.0,0,0.3,0,0,4.42,4.5,4.29,51.0,1.0,0.0,-23.869,113.658,1.413,15.0,4.42,4.5,4.29,51.0,1.0,0.0,-23.869,113.658,1.413,15.0,1.0,12.901,1,12.901,2.0,0,0,1,0,0,0,1,0,1,0,0,0,1,0,0,0,0,2,2.0,0
grimequ01,Quentin Grimes,test,-2.428405,2026,4,1,75.0,13.413,29.413,12.9,-1.6,0.2,3.6,0.078,19.0,0.5854,3.253,3.64,0.373,0.853,1.773,5,318.0,11.1,25.63,2.6,14.5,1.3,8.3,26,76,210,5,0.0,1,0.25,0,0,1.68,1.8,1.76,53.0,1.0,0.0,-56.752,194.334,0.992,15.0,-0.27,-0.1,-0.18,45.0,1.0,0.0,-45.251,192.382,1.124,15.0,1.0,6.228,1,12.901,2.0,0,0,1,0,0,0,1,0,0,1,0,0,0,0,0,1,0,2,2.0,0
gueyemo02,Mouhamed Gueye,val,-4.265706,2023,4,0,66.0,9.478,24.912,14.9,-0.1,0.7,3.2,0.104,19.0,0.559,1.722,3.879,0.354,0.721,1.148,0,0.0,9.05,23.27,0.0,0.0,0.0,0.0,21,83,210,0,1.0,0,0.25,0,1,0.32,0.3,0.29,41.0,1.0,0.0,-25.479,149.028,0.106,15.0,0.32,0.3,0.29,41.0,1.0,0.0,-25.479,149.028,0.106,15.0,1.0,6.144,1,6.144,7.0,0,0,1,0,0,0,0,1,0,1,0,0,0,0,0,0,1,2,2.0,0
hachiru01,Rui Hachimura,val,-2.079596,2023,3,1,63.0,11.222,23.27,13.2,-2.2,-0.1,1.8,0.059,20.2,0.5555,0.921,4.492,0.413,0.302,0.841,4,210.0,12.48,26.9,-0.9,7.1,-0.5,5.3,25,80,230,4,1.0,0,0.25,0,0,0.43,0.6,0.57,43.0,1.0,0.0,-56.412,164.963,2.45,15.0,0.43,0.6,0.57,43.0,1.0,0.0,-56.412,164.963,2.45,15.0,1.0,12.901,1,12.901,2.0,0,0,1,0,0,1,0,0,0,1,0,0,1,0,0,0,0,2,2.0,0
hachiru01,Rui Hachimura,test,-2.497398,2026,2,1,68.0,11.471,28.338,11.6,-2.2,-0.1,3.2,0.08,15.2,0.6203,0.838,3.324,0.309,0.574,0.618,7,405.0,12.59,27.83,0.1,18.7,1.0,11.6,28,80,230,7,0.0,0,0.3,0,0,0.96,1.2,1.13,42.0,0.0,0.0,-44.407,189.853,0.264,15.0,1.68,1.8,1.76,53.0,1.0,0.0,-56.752,194.334,0.992,15.0,1.0,12.901,1,12.901,2.0,0,0,1,0,0,0,1,0,0,1,0,0,1,0,0,0,0,2,2.0,0
hairspj02,P.J. Hairston,train,-3.982898,2014,2,0,66.0,9.478,24.912,14.9,-0.1,0.7,3.2,0.104,19.0,0.559,1.722,3.879,0.354,0.721,1.148,0,0.0,9.05,23.27,0.0,0.0,0.0,0.0,22,78,230,0,1.0,0,0.25,0,1,0.28,0.3,0.28,42.0,1.0,0.0,-12.901,92.25,0.0,15.0,0.34,0.5,0.43,42.0,1.0,0.0,-12.901,92.929,0.0,15.0,0.0,2.66,0,2.66,21.0,0,0,1,0,0,0,0,1,0,0,1,0,0,0,0,0,1,0,0.0,0
halibty01,Tyrese Haliburton,val,-1.055566,2023,5,1,56.0,20.714,33.625,23.6,7.2,4.4,7.6,0.194,23.8,0.624,10.446,3.661,0.446,1.625,2.518,3,191.0,16.2,33.11,9.0,18.1,9.0,18.1,23,77,185,3,1.0,0,0.35,1,0,-2.91,-3.1,-3.18,35.0,0.0,0.0,1.51,110.311,11.835,15.0,-2.91,-3.1,-3.18,35.0,0.0,0.0,1.51,110.311,11.835,15.0,0.0,2.126,0,2.126,25.0,0,1,0,0,0,0,0,1,0,1,0,0,0,1,0,0,0,0,0.0,0
hamilju01,Justin Hamilton,train,-4.926671,2014,2,1,8.0,3.25,9.0,11.9,-3.8,0.0,0.1,0.067,17.4,0.5856,0.0,0.875,0.0,0.625,0.5,1,8.0,3.25,9.0,0.0,0.1,0.0,0.1,24,84,260,0,1.0,0,0.25,0,0,0.28,0.3,0.28,42.0,1.0,0.0,-12.901,92.25,0.0,15.0,0.34,0.5,0.43,42.0,1.0,0.0,-12.901,92.929,0.0,15.0,0.0,6.266,0,6.266,18.0,1,0,1,0,0,1,0,0,0,0,1,1,0,0,0,0,0,1,1.0,0
hamilju01,Justin Hamilton,train,-3.446203,2016,2,0,66.0,9.478,24.912,14.9,-0.1,0.7,3.2,0.104,19.0,0.559,1.722,3.879,0.354,0.721,1.148,2,49.0,5.0,16.0,0.2,1.6,0.2,1.6,26,84,260,2,1.0,0,0.25,0,0,-7.12,-7.7,-7.35,21.0,0.0,0.0,-11.451,51.713,28.791,15.0,-7.12,-7.7,-7.35,21.0,0.0,0.0,-11.451,51.713,28.791,15.0,1.0,19.113,1,19.113,1.0,0,0,1,0,0,1,0,0,0,0,1,1,0,0,0,0,0,2,2.0,0
hardati02,Tim Hardaway Jr.,train,-1.720378,2017,4,1,79.0,14.468,27.266,15.2,0.5,1.4,4.8,0.107,22.5,0.568,2.304,2.835,0.19,0.696,1.342,4,281.0,11.02,23.39,1.4,10.6,1.3,7.5,25,77,205,4,0.0,0,0.25,0,1,-3.87,-3.8,-3.67,31.0,0.0,0.0,-8.47,79.596,6.018,14.0,-1.23,-0.8,-0.85,43.0,1.0,0.0,-1.421,92.929,2.635,15.0,1.0,6.144,1,19.113,1.0,0,0,0,1,0,1,0,0,1,0,0,0,0,0,0,1,0,2,2.0,0
hardati02,Tim Hardaway Jr.,train,-1.790995,2021,4,1,70.0,16.614,28.357,15.7,0.4,1.2,4.3,0.104,23.4,0.5888,1.8,3.271,0.157,0.443,0.914,8,544.0,13.88,26.82,4.3,23.7,2.2,10.5,29,77,205,8,1.0,0,0.3,0,0,2.26,2.4,2.26,42.0,1.0,0.0,-16.675,124.195,1.621,15.0,2.26,2.4,2.26,42.0,1.0,0.0,-16.675,124.195,1.621,15.0,1.0,7.943,1,7.943,4.0,0,0,1,0,0,0,1,0,1,0,0,0,0,0,0,1,0,2,2.0,0
hardeja01,James Harden,train,-1.211669,2016,4,1,82.0,28.976,38.11,25.3,6.6,6.8,13.3,0.204,32.5,0.5984,7.463,6.11,0.622,1.695,4.561,7,534.0,21.09,33.22,32.4,76.2,20.2,42.5,27,77,220,7,1.0,0,0.3,0,4,0.34,0.2,0.2,41.0,1.0,0.0,-18.387,75.205,13.182,15.0,0.34,0.2,0.2,41.0,1.0,0.0,-18.387,75.205,13.182,15.0,1.0,7.206,1,7.206,6.0,0,1,0,0,0,0,0,1,0,0,1,0,0,0,0,1,0,2,2.0,0
hardeja01,James Harden,train,-0.868318,2017,4,1,81.0,29.086,36.383,27.4,8.7,8.0,15.0,0.244,34.2,0.6133,11.198,8.136,0.469,1.494,5.728,8,615.0,22.14,33.64,40.4,91.2,22.9,44.7,28,77,220,8,1.0,0,0.35,1,4,5.84,5.7,5.77,55.0,1.0,0.0,3.175,87.527,3.442,15.0,5.84,5.7,5.77,55.0,1.0,0.0,3.175,87.527,3.442,15.0,1.0,7.206,1,7.206,6.0,0,1,0,0,0,0,0,1,1,0,0,0,0,1,0,0,0,2,2.0,0
hardeja01,James Harden,val,-1.281767,2022,2,1,65.0,22.031,37.215,20.9,4.0,3.7,7.6,0.151,27.2,0.5831,10.262,7.692,0.554,1.262,4.369,13,942.0,24.92,34.63,72.1,149.5,14.7,27.7,33,77,220,13,1.0,1,0.35,0,3,2.57,2.7,2.61,51.0,1.0,0.0,-44.015,145.134,0.116,15.0,2.57,2.7,2.61,51.0,1.0,0.0,-44.015,145.134,0.116,15.0,1.0,6.228,1,6.228,5.0,0,0,1,0,0,0,1,0,1,0,0,0,0,1,0,0,0,2,2.0,0
hardeja01,James Harden,test,-1.390486,2024,2,1,72.0,16.556,34.306,18.6,4.1,3.8,8.4,0.163,20.6,0.6123,8.528,5.125,0.792,1.069,2.569,15,1072.0,24.15,34.72,79.9,166.3,11.5,24.4,35,77,220,15,1.0,1,0.35,0,2,3.41,3.4,3.28,51.0,1.0,0.0,-66.06,198.296,1.764,15.0,3.41,3.4,3.28,51.0,1.0,0.0,-66.06,198.296,1.764,15.0,1.0,12.901,1,12.901,2.0,0,0,1,0,0,0,1,0,0,1,0,0,0,1,0,0,0,2,2.0,0
hardeja01,James Harden,test,-1.333689,2025,2,1,79.0,22.81,35.304,20.0,4.3,4.4,8.3,0.143,29.6,0.5815,8.696,5.772,0.696,1.494,4.316,16,1151.0,24.05,34.76,84.3,174.6,12.2,25.1,36,77,220,16,1.0,1,0.35,0,1,4.84,4.8,4.66,50.0,1.0,0.0,-34.082,166.987,3.734,15.0,4.84,4.8,4.66,50.0,1.0,0.0,-34.082,166.987,3.734,15.0,1.0,12.901,1,12.901,2.0,0,0,1,0,0,0,1,0,0,1,0,0,0,1,0,0,0,2,2.0,0
hardyja02,Jaden Hardy,val,-4.35586,2022,3,0,66.0,9.478,24.912,14.9,-0.1,0.7,3.2,0.104,19.0,0.559,1.722,3.879,0.354,0.721,1.148,0,0.0,9.05,23.27,0.0,0.0,0.0,0.0,20,75,198,0,1.0,0,0.25,0,0,3.12,3.4,3.3,52.0,1.0,0.0,-34.32,117.319,7.431,15.0,3.12,3.4,3.3,52.0,1.0,0.0,-34.32,117.319,7.431,15.0,1.0,7.943,1,7.943,4.0,0,0,1,0,0,0,0,1,1,0,0,0,0,0,0,0,1,2,2.0,0
hardyja02,Jaden Hardy,test,-3.249386,2024,3,1,73.0,7.26,13.548,11.2,-4.1,-0.5,0.3,0.015,24.9,0.5171,1.493,1.795,0.055,0.301,0.849,2,121.0,7.85,14.02,-0.5,1.0,-0.5,1.0,22,75,198,2,1.0,0,0.25,0,0,2.3,2.2,2.21,50.0,1.0,0.0,-39.3,162.283,2.348,15.0,2.3,2.2,2.21,50.0,1.0,0.0,-39.3,162.283,2.348,15.0,1.0,7.943,1,7.943,4.0,0,1,0,0,0,0,0,1,0,1,0,0,0,0,0,1,0,2,2.0,0
harklma01,Maurice Harkless,train,-2.19344,2016,4,1,78.0,6.385,18.679,13.3,-0.5,0.5,2.9,0.096,15.6,0.5415,0.859,3.59,0.449,0.628,0.795,4,279.0,6.71,21.7,1.4,8.4,1.0,6.0,23,79,220,4,1.0,0,0.25,0,0,0.98,0.8,0.83,44.0,1.0,0.0,3.438,48.302,14.185,15.0,0.98,0.8,0.83,44.0,1.0,0.0,3.438,48.302,14.185,15.0,0.0,2.511,0,2.511,23.0,0,0,1,0,0,1,0,0,0,0,1,0,0,0,1,0,0,0,0.0,0
harklma01,Maurice Harkless,train,-3.218111,2021,2,1,37.0,5.243,20.865,8.1,-3.7,-0.3,0.6,0.037,11.5,0.5274,1.189,2.405,0.541,0.811,0.595,9,574.0,7.04,22.92,4.5,22.5,1.2,6.7,28,79,220,9,1.0,0,0.3,0,0,-3.45,-3.6,-3.68,31.0,0.0,0.0,2.318,93.806,11.396,15.0,-3.45,-3.6,-3.68,31.0,0.0,0.0,2.318,93.806,11.396,15.0,0.0,2.453,0,2.453,20.0,0,0,1,0,0,0,1,0,1,0,0,0,0,0,1,0,0,0,0.0,0
harremo01,Montrezl Harrell,train,-4.202885,2015,3,0,66.0,9.478,24.912,14.9,-0.1,0.7,3.2,0.104,19.0,0.559,1.722,3.879,0.354,0.721,1.148,0,0.0,9.05,23.27,0.0,0.0,0.0,0.0,21,79,240,0,1.0,0,0.25,0,2,3.82,3.6,3.44,56.0,1.0,0.0,-10.985,71.005,3.046,16.0,3.82,3.6,3.44,56.0,1.0,0.0,-10.985,71.005,3.046,16.0,1.0,7.206,1,7.206,6.0,0,0,1,0,0,0,0,1,0,0,1,0,0,0,0,0,1,2,2.0,0
harremo01,Montrezl Harrell,train,-2.831928,2018,2,1,76.0,11.0,17.013,24.7,3.3,1.7,5.5,0.204,23.8,0.6474,0.974,4.026,0.684,0.474,0.895,3,173.0,8.69,15.82,2.6,10.5,2.6,10.5,24,79,240,3,1.0,0,0.25,0,2,0.15,0.1,0.04,42.0,0.0,0.0,-19.724,116.142,2.675,15.0,0.15,0.1,0.04,42.0,0.0,0.0,-19.724,116.142,2.675,15.0,1.0,12.901,1,12.901,2.0,0,0,1,0,0,1,0,0,1,0,0,1,0,0,0,0,0,2,2.0,0
harremo01,Montrezl Harrell,train,-2.442393,2020,2,1,63.0,18.619,27.762,23.2,2.9,2.2,7.0,0.192,25.7,0.6069,1.698,7.063,1.143,0.619,1.714,5,318.0,12.7,20.89,7.7,26.2,6.8,21.2,26,79,240,5,0.0,1,0.25,0,2,6.28,5.7,5.79,52.0,1.0,1.0,-13.584,107.807,10.149,15.0,6.66,6.3,6.44,49.0,1.0,0.0,-21.015,128.443,1.712,14.0,1.0,12.901,1,12.901,2.0,1,0,1,0,0,0,1,0,1,0,0,1,0,0,0,0,0,2,2.0,0
harremo01,Montrezl Harrell,val,-3.858145,2022,2,1,71.0,13.127,23.113,23.2,3.9,2.4,7.3,0.214,20.2,0.6801,2.042,6.07,0.606,0.408,1.014,7,458.0,12.88,21.54,12.1,40.8,6.6,21.6,28,79,240,7,0.0,1,0.3,0,1,2.57,2.7,2.61,51.0,1.0,0.0,-44.015,145.134,0.116,15.0,0.53,0.4,0.44,43.0,0.0,0.0,-8.577,110.118,10.873,15.0,0.0,2.66,1,6.228,5.0,0,0,1,0,0,0,1,0,1,0,0,1,0,0,0,0,0,2,0.0,0
harrian01,Andrew Harrison,train,-4.544815,2016,3,0,66.0,9.478,24.912,14.9,-0.1,0.7,3.2,0.104,19.0,0.559,1.722,3.879,0.354,0.721,1.148,0,0.0,9.05,23.27,0.0,0.0,0.0,0.0,22,78,213,0,1.0,0,0.25,0,0,-2.14,-2.4,-2.24,42.0,1.0,0.0,-15.477,76.017,7.365,16.0,-2.14,-2.4,-2.24,42.0,1.0,0.0,-15.477,76.017,7.365,16.0,0.0,1.358,0,1.358,51.0,0,0,1,0,0,1,0,0,0,0,1,0,0,0,0,0,1,0,0.0,0
harride01,Devin Harris,train,-2.72347,2014,4,1,40.0,7.875,20.45,14.6,-0.5,0.3,1.6,0.094,20.2,0.5171,4.45,2.125,0.05,0.7,1.475,9,565.0,13.36,28.9,11.8,39.3,2.3,9.1,31,75,185,10,1.0,0,0.35,0,0,0.28,0.3,0.28,42.0,1.0,0.0,-12.901,92.25,0.0,15.0,0.34,0.5,0.43,42.0,1.0,0.0,-12.901,92.929,0.0,15.0,1.0,7.943,1,7.943,4.0,0,0,1,0,0,0,1,0,0,0,1,0,0,1,0,0,0,2,2.0,0
harriga01,Gary Harris,train,-3.70269,2014,2,0,66.0,9.478,24.912,14.9,-0.1,0.7,3.2,0.104,19.0,0.559,1.722,3.879,0.354,0.721,1.148,0,0.0,9.05,23.27,0.0,0.0,0.0,0.0,20,76,210,0,1.0,0,0.25,0,4,0.28,0.3,0.28,42.0,1.0,0.0,-12.901,92.25,0.0,15.0,0.34,0.5,0.43,42.0,1.0,0.0,-12.901,92.929,0.0,15.0,0.0,3.038,0,3.038,17.0,0,0,1,0,0,0,0,1,0,0,1,0,0,0,0,0,1,1,1.0,0
harriga01,Gary Harris,train,-1.579165,2017,4,1,57.0,14.93,31.263,16.5,0.7,1.2,4.6,0.124,18.4,0.6114,2.877,3.123,0.14,1.246,1.333,3,188.0,10.48,26.28,1.3,7.9,1.3,7.9,23,76,210,3,1.0,0,0.25,0,2,0.7,0.5,0.51,40.0,0.0,0.0,11.561,78.416,4.166,15.0,0.7,0.5,0.51,40.0,0.0,0.0,11.561,78.416,4.166,15.0,0.0,3.038,0,3.038,17.0,0,1,0,0,0,0,0,1,1,0,0,0,0,0,0,1,0,1,1.0,0
harriga01,Gary Harris,val,-2.34786,2022,2,1,61.0,11.131,28.361,10.9,-2.4,-0.2,2.2,0.061,16.4,0.5708,1.77,2.0,0.148,0.967,1.0,8,468.0,11.81,28.79,2.2,20.8,-1.0,4.8,28,76,210,8,1.0,0,0.3,0,2,-7.67,-8.0,-8.0,22.0,0.0,0.0,-14.578,110.992,7.019,15.0,-7.67,-8.0,-8.0,22.0,0.0,0.0,-14.578,110.992,7.019,15.0,0.0,2.673,0,2.673,15.0,0,1,0,0,0,0,0,1,1,0,0,0,0,0,0,1,0,1,1.0,0
harriga01,Gary Harris,test,-2.930931,2024,2,1,54.0,6.889,24.019,9.4,-1.2,0.3,2.7,0.1,11.7,0.5871,1.611,1.685,0.259,0.907,0.574,10,570.0,11.04,27.99,2.9,25.8,0.5,7.2,30,76,210,10,1.0,0,0.35,0,2,1.48,2.1,2.02,47.0,1.0,0.0,-3.335,130.964,0.0,15.0,1.48,2.1,2.02,47.0,1.0,0.0,-3.335,130.964,0.0,15.0,0.0,2.673,0,2.673,15.0,0,0,1,0,0,0,1,0,0,1,0,0,0,0,0,1,0,1,1.0,0
harriga01,Gary Harris,test,-3.726078,2025,2,1,48.0,3.021,14.812,6.9,-2.7,-0.1,1.0,0.068,9.5,0.5243,0.625,1.333,0.25,0.542,0.354,11,618.0,10.42,26.97,2.8,26.8,0.6,6.0,31,76,210,11,0.0,1,0.35,0,1,2.12,2.5,2.48,48.0,1.0,0.0,-55.158,183.221,0.0,15.0,-0.7,-0.2,-0.12,41.0,1.0,0.0,-12.371,152.959,0.0,15.0,0.0,2.673,0,1.586,38.0,0,0,1,0,0,0,1,0,0,1,0,0,0,0,0,1,0,0,1.0,0
harrijo01,Joe Harris,train,-4.249526,2014,3,0,66.0,9.478,24.912,14.9,-0.1,0.7,3.2,0.104,19.0,0.559,1.722,3.879,0.354,0.721,1.148,0,0.0,9.05,23.27,0.0,0.0,0.0,0.0,23,78,220,0,1.0,0,0.25,0,0,0.28,0.3,0.28,42.0,1.0,0.0,-12.901,92.25,0.0,15.0,0.34,0.5,0.43,42.0,1.0,0.0,-12.901,92.929,0.0,15.0,0.0,2.088,0,2.088,19.0,0,0,1,0,0,0,0,1,0,0,1,0,0,0,0,0,1,1,1.0,0
harrijo01,Joe Harris,train,-4.529926,2016,2,1,5.0,0.6,3.0,3.4,-5.9,0.0,0.0,0.0,15.1,0.375,0.4,0.6,0.0,0.0,0.2,2,56.0,2.48,9.07,-0.4,0.2,-0.4,0.2,25,78,220,2,0.0,0,0.25,0,0,-7.12,-7.7,-7.35,21.0,0.0,0.0,-11.451,51.713,28.791,15.0,-1.68,-1.7,-1.62,35.0,0.0,0.0,5.537,61.109,3.354,15.0,0.0,2.673,1,19.113,1.0,0,0,1,0,0,1,0,0,0,0,1,0,0,0,0,1,0,2,1.0,0
harrijo01,Joe Harris,train,-2.544246,2018,2,1,78.0,10.846,25.321,13.3,0.1,1.0,4.0,0.097,16.6,0.6344,1.641,3.333,0.256,0.449,1.167,4,186.0,7.6,19.47,0.2,5.0,0.6,4.8,27,78,220,4,1.0,0,0.25,0,0,-3.67,-3.7,-3.74,28.0,0.0,0.0,3.128,88.965,6.999,15.0,-3.67,-3.7,-3.74,28.0,0.0,0.0,3.128,88.965,6.999,15.0,1.0,19.113,1,19.113,1.0,0,0,1,0,0,1,0,0,1,0,0,0,0,0,0,1,0,2,2.0,0
harrijo01,Joe Harris,train,-1.761438,2020,4,1,69.0,14.464,30.768,13.3,-0.2,1.0,4.3,0.097,18.3,0.6062,2.087,4.319,0.246,0.594,1.507,6,331.0,10.43,24.28,2.6,14.8,3.4,13.8,29,78,220,6,1.0,0,0.25,0,0,-1.01,-0.6,-0.57,35.0,1.0,0.0,-19.125,94.821,7.854,16.0,-1.01,-0.6,-0.57,35.0,1.0,0.0,-19.125,94.821,7.854,16.0,1.0,19.113,1,19.113,1.0,1,0,1,0,0,0,1,0,1,0,0,0,0,0,1,0,0,2,2.0,0
harrish01,Shaquille Harrison,train,-4.898125,2018,2,1,23.0,6.609,16.696,15.6,-0.7,0.1,0.8,0.1,18.0,0.5401,2.391,2.652,0.304,1.13,0.957,1,23.0,6.61,16.7,0.1,0.8,0.1,0.8,25,76,195,0,1.0,0,0.25,0,0,-8.8,-9.4,-9.37,21.0,0.0,0.0,6.574,73.955,18.563,15.0,-8.8,-9.4,-9.37,21.0,0.0,0.0,6.574,73.955,18.563,15.0,0.0,5.059,0,5.059,12.0,1,0,1,0,0,1,0,0,1,0,0,0,0,1,0,0,0,2,2.0,1
harrish01,Shaquille Harrison,train,-4.252124,2018,2,1,23.0,6.609,16.696,15.6,-0.7,0.1,0.8,0.1,18.0,0.5401,2.391,2.652,0.304,1.13,0.957,1,23.0,6.61,16.7,0.1,0.8,0.1,0.8,25,76,195,0,0.0,0,0.25,0,0,-6.84,-7.1,-7.04,27.0,0.0,0.0,8.987,63.827,26.279,15.0,-8.8,-9.4,-9.37,21.0,0.0,0.0,6.574,73.955,18.563,15.0,0.0,5.059,1,9.441,3.0,0,0,1,0,0,1,0,0,1,0,0,0,0,1,0,0,0,2,2.0,1
harrito02,Tobias Harris,train,-1.475907,2015,4,1,68.0,17.118,34.838,16.7,0.5,1.5,4.8,0.097,22.5,0.5507,1.824,6.324,0.529,1.015,1.691,4,226.0,12.69,26.54,2.6,12.2,2.6,11.3,23,80,226,3,0.0,0,0.25,0,0,-5.87,-6.1,-5.72,25.0,0.0,0.0,4.234,41.312,14.705,15.0,-1.39,-1.1,-1.0,32.0,0.0,0.0,-0.807,49.559,14.313,15.0,0.0,4.365,0,2.673,15.0,0,0,1,0,0,1,0,0,0,0,1,0,0,0,1,0,0,1,1.0,0
harrito02,Tobias Harris,train,-1.109113,2019,5,1,82.0,20.049,34.72,17.2,1.6,2.6,7.1,0.12,22.8,0.5918,2.793,7.866,0.451,0.622,1.841,8,546.0,15.45,30.39,12.3,39.4,7.5,20.6,27,80,226,7,1.0,0,0.3,0,0,2.25,2.6,2.7,51.0,1.0,0.0,-10.093,107.554,4.408,15.0,2.25,2.6,2.7,51.0,1.0,0.0,-10.093,107.554,4.408,15.0,1.0,6.228,1,6.228,5.0,0,0,1,0,0,0,1,0,1,0,0,0,1,0,0,0,0,2,2.0,0
harrito02,Tobias Harris,test,-1.687737,2024,2,1,70.0,17.2,33.829,16.5,0.9,1.7,5.9,0.12,20.7,0.5762,3.1,6.471,0.657,1.0,1.329,13,897.0,16.28,31.69,21.7,70.1,4.7,17.4,32,80,226,12,0.0,0,0.35,0,0,-9.06,-9.1,-9.11,14.0,0.0,0.0,-0.398,84.251,52.168,15.0,2.51,3.1,3.05,47.0,1.0,0.0,-45.888,161.97,2.568,15.0,1.0,6.228,0,4.365,14.0,0,0,1,0,0,0,1,0,0,1,0,0,1,0,0,0,0,1,2.0,0
harrito02,Tobias Harris,test,-2.40079,2026,2,1,63.0,13.27,27.714,15.0,1.4,1.5,5.3,0.146,18.8,0.5741,2.492,5.127,0.413,0.921,1.0,15,1033.0,15.91,31.44,24.4,80.6,4.4,16.4,34,80,226,14,0.0,0,0.35,0,0,8.28,8.3,8.3,62.0,1.0,0.0,-29.344,176.732,7.258,15.0,7.53,8.2,8.16,60.0,1.0,0.0,-38.436,176.545,9.337,15.0,0.0,4.365,0,2.602,31.0,0,0,1,0,0,0,1,0,0,1,0,0,1,0,0,0,0,0,1.0,0
harteis01,Isaiah Hartenstein,train,-4.167903,2020,2,1,23.0,4.652,11.565,18.6,0.3,0.2,1.1,0.198,14.8,0.6745,0.783,3.913,0.522,0.391,0.696,2,51.0,3.14,9.55,0.1,1.6,0.1,1.6,22,84,250,2,0.0,1,0.25,0,2,2.35,2.1,2.11,46.0,1.0,0.0,-22.714,128.613,1.621,15.0,3.13,2.8,2.96,44.0,1.0,0.0,-42.455,124.041,2.846,15.0,1.0,7.206,0,3.038,17.0,1,0,1,0,0,1,0,0,1,0,0,1,0,0,0,0,0,1,2.0,0
harteis01,Isaiah Hartenstein,val,-2.738054,2022,2,1,68.0,8.279,17.882,22.0,4.5,2.0,5.5,0.217,18.4,0.6638,2.353,4.882,1.132,0.735,1.235,4,165.0,5.81,13.71,2.3,8.7,2.4,8.2,24,84,250,4,0.0,0,0.25,0,1,-0.01,-0.1,-0.12,37.0,0.0,0.0,-5.982,108.416,9.981,15.0,0.09,0.0,0.02,42.0,0.0,0.0,-53.748,164.493,1.669,15.0,1.0,12.901,1,19.113,1.0,0,0,1,0,0,1,0,0,1,0,0,1,0,0,0,0,0,2,2.0,0
harteis01,Isaiah Hartenstein,test,-1.578538,2024,3,1,75.0,7.76,25.28,18.9,3.5,2.6,8.1,0.205,12.0,0.6704,2.507,8.347,1.133,1.16,1.24,6,322.0,6.05,17.96,5.6,21.4,5.3,18.2,26,84,250,6,0.0,0,0.25,0,1,7.36,7.4,7.41,57.0,1.0,0.0,-24.482,127.645,32.857,15.0,4.36,4.8,4.59,50.0,1.0,0.0,-26.935,160.343,2.613,15.0,1.0,19.113,0,1.435,47.0,0,0,1,0,0,0,1,0,0,1,0,1,0,0,0,0,0,0,2.0,0
harteis01,Isaiah Hartenstein,test,-1.917579,2026,3,1,47.0,9.191,24.191,19.8,4.2,1.8,5.3,0.224,16.1,0.6312,3.532,9.426,0.766,1.021,1.745,8,426.0,7.08,19.98,9.5,33.5,6.5,20.2,28,84,250,8,1.0,0,0.3,0,0,11.04,11.2,11.15,64.0,1.0,0.0,-33.411,183.713,2.296,15.0,11.04,11.2,11.15,64.0,1.0,0.0,-33.411,183.713,2.296,15.0,0.0,1.435,0,1.435,47.0,0,0,1,0,0,0,1,0,0,1,0,1,0,0,0,0,0,0,0.0,0
hartjo01,Josh Hart,train,-2.185322,2021,3,1,47.0,9.234,28.702,12.2,-0.8,0.4,2.7,0.096,13.5,0.5663,2.319,8.021,0.255,0.809,1.043,4,242.0,8.72,25.95,2.0,11.3,1.3,7.9,26,77,215,4,1.0,0,0.25,0,1,-0.2,-0.3,-0.29,31.0,0.0,0.0,-23.476,131.562,1.054,15.0,-0.2,-0.3,-0.29,31.0,0.0,0.0,-23.476,131.562,1.054,15.0,0.0,1.29,0,1.29,50.0,0,0,1,0,0,1,0,0,1,0,0,0,0,0,1,0,0,0,0.0,0
hartjo01,Josh Hart,val,-1.938667,2023,4,1,76.0,9.776,32.289,14.1,0.9,1.8,6.0,0.117,12.6,0.6218,3.816,7.803,0.276,1.158,1.539,6,372.0,9.84,28.29,5.1,21.7,3.5,13.1,28,77,215,6,1.0,0,0.3,0,0,2.99,3.0,2.93,47.0,1.0,0.0,-26.609,149.994,0.27,15.0,2.99,3.0,2.93,47.0,1.0,0.0,-26.609,149.994,0.27,15.0,1.0,19.113,1,19.113,1.0,0,1,0,0,0,0,0,1,0,1,0,0,0,0,1,0,0,2,2.0,0
hasleud01,Udonis Haslem,train,-3.116334,2014,2,1,46.0,3.761,14.196,10.5,-3.9,-0.3,1.1,0.081,13.9,0.5231,0.283,3.804,0.326,0.239,0.522,9,560.0,8.41,27.71,-0.5,35.0,-0.9,7.8,34,80,235,11,1.0,0,0.35,0,0,0.28,0.3,0.28,42.0,1.0,0.0,-12.901,92.25,0.0,15.0,0.34,0.5,0.43,42.0,1.0,0.0,-12.901,92.929,0.0,15.0,0.0,6.266,0,6.266,18.0,0,0,1,0,0,0,1,0,0,0,1,0,1,0,0,0,0,1,1.0,1
hausesa01,Sam Hauser,val,-4.184452,2022,3,1,26.0,2.5,6.077,14.8,2.3,0.2,0.6,0.182,14.5,0.65,0.385,1.115,0.077,0.038,0.077,1,26.0,2.5,6.08,0.2,0.6,0.2,0.6,25,79,217,1,1.0,0,0.25,0,1,7.02,7.5,7.28,51.0,1.0,0.0,-23.012,132.763,2.663,15.0,7.02,7.5,7.28,51.0,1.0,0.0,-23.012,132.763,2.663,15.0,1.0,4.899,1,4.899,9.0,0,0,1,0,0,1,0,0,1,0,0,0,0,0,1,0,0,2,2.0,1
hausesa01,Sam Hauser,test,-2.620777,2024,4,1,79.0,9.013,22.038,13.0,1.2,1.4,4.9,0.135,15.0,0.6286,1.038,3.494,0.316,0.506,0.405,3,185.0,6.97,17.24,2.6,8.9,2.6,8.9,27,79,217,3,1.0,0,0.25,0,0,10.75,11.6,11.34,64.0,1.0,1.0,-52.738,184.845,0.093,15.0,10.75,11.6,11.34,64.0,1.0,1.0,-52.738,184.845,0.093,15.0,1.0,4.899,1,4.899,9.0,0,1,0,0,0,0,0,1,0,1,0,0,0,0,1,0,0,2,2.0,1
hawessp01,Spencer Hawes,train,-2.408095,2014,4,1,80.0,13.162,30.875,15.7,0.6,1.6,4.5,0.087,19.6,0.5543,3.0,8.25,1.175,0.55,2.163,7,500.0,9.66,24.87,2.6,17.8,3.3,11.9,26,85,245,7,1.0,0,0.3,0,1,0.28,0.3,0.28,42.0,1.0,0.0,-12.901,92.25,0.0,15.0,0.34,0.5,0.43,42.0,1.0,0.0,-12.901,92.929,0.0,15.0,1.0,12.901,1,12.901,2.0,0,0,1,0,0,0,1,0,0,0,1,1,0,0,0,0,0,2,2.0,0
hayesja02,Jaxson Hayes,val,-4.0734,2023,2,1,47.0,4.957,12.979,13.7,-1.2,0.1,1.5,0.118,15.7,0.6051,0.723,2.809,0.404,0.426,0.66,4,241.0,7.5,16.81,2.0,14.0,1.5,10.1,23,84,220,4,0.0,1,0.25,0,1,0.43,0.6,0.57,43.0,1.0,0.0,-56.412,164.963,2.45,15.0,1.63,1.9,1.89,42.0,0.0,0.0,-30.435,147.34,0.0,15.0,0.0,1.29,1,12.901,2.0,0,0,1,0,0,0,1,0,0,1,0,1,0,0,0,0,0,2,0.0,0
hayesja02,Jaxson Hayes,test,-3.344696,2026,2,1,66.0,7.53,18.288,18.3,1.2,1.0,5.0,0.199,13.0,0.7576,0.894,4.106,0.788,0.439,0.47,7,433.0,6.91,16.7,3.5,25.2,1.5,11.2,26,84,220,7,0.0,0,0.3,0,0,-8.05,-8.2,-8.43,22.0,0.0,0.0,-18.47,147.149,25.968,15.0,1.68,1.8,1.76,53.0,1.0,0.0,-56.752,194.334,0.992,15.0,1.0,12.901,0,1.266,28.0,0,0,1,0,0,0,1,0,0,1,0,1,0,0,0,0,0,0,2.0,0
haywago01,Gordon Hayward,train,-1.387802,2014,4,1,77.0,16.208,36.364,16.2,0.8,2.0,3.6,0.062,23.1,0.5202,5.195,5.078,0.519,1.429,2.753,4,287.0,11.97,28.35,5.8,15.1,5.9,13.9,24,79,225,4,1.0,0,0.25,0,3,0.28,0.3,0.28,42.0,1.0,0.0,-12.901,92.25,0.0,15.0,0.34,0.5,0.43,42.0,1.0,0.0,-12.901,92.929,0.0,15.0,0.0,1.266,0,1.266,28.0,0,0,0,1,0,1,0,0,0,0,1,0,0,0,1,0,0,0,0.0,0
haywago01,Gordon Hayward,train,-1.131887,2017,4,1,73.0,21.932,34.466,22.2,5.0,4.5,10.4,0.198,27.6,0.5953,3.452,5.397,0.274,1.0,1.918,7,516.0,15.65,31.33,17.6,43.1,11.8,28.0,27,79,225,7,0.0,0,0.3,0,2,2.25,2.8,2.63,53.0,1.0,0.0,1.108,91.485,1.55,15.0,4.0,4.3,3.94,51.0,1.0,0.0,13.645,80.223,0.275,15.0,0.0,1.266,1,4.899,9.0,0,0,1,0,0,0,1,0,1,0,0,0,0,0,1,0,0,2,0.0,0
haywago01,Gordon Hayward,train,-1.291434,2020,4,1,52.0,17.481,33.462,18.1,2.7,2.0,5.7,0.157,21.1,0.5951,4.077,6.692,0.423,0.731,1.846,10,641.0,15.31,30.85,20.9,53.7,3.3,10.6,30,79,225,10,1.0,0,0.35,0,0,5.83,6.3,6.31,48.0,1.0,0.0,-10.007,117.6,1.547,15.0,5.83,6.3,6.31,48.0,1.0,0.0,-10.007,117.6,1.547,15.0,1.0,4.899,1,4.899,9.0,1,0,0,0,1,0,1,0,1,0,0,0,0,0,1,0,0,2,2.0,0
hendege02,Gerald Henderson,train,-2.34759,2016,2,1,72.0,8.667,19.875,12.9,-1.8,0.1,2.0,0.067,20.2,0.5259,1.042,2.931,0.264,0.542,0.944,7,463.0,11.5,26.32,1.1,16.3,0.8,9.2,29,77,215,7,0.0,0,0.3,0,0,-9.92,-10.4,-10.23,10.0,0.0,0.0,4.499,31.052,31.373,15.0,0.98,0.8,0.83,44.0,1.0,0.0,3.438,48.302,14.185,15.0,0.0,2.511,1,6.228,5.0,0,0,1,0,0,0,1,0,0,0,1,0,0,0,0,1,0,2,0.0,0
hensojo01,John Henson,train,-2.059908,2015,4,1,67.0,7.015,18.328,18.0,0.7,0.8,3.6,0.141,18.1,0.5784,0.881,4.657,2.015,0.418,1.299,3,200.0,8.15,19.55,1.6,8.8,1.6,8.8,25,81,219,3,1.0,0,0.25,0,0,-0.09,0.5,0.43,41.0,1.0,0.0,7.951,44.56,10.554,16.0,-0.09,0.5,0.43,41.0,1.0,0.0,7.951,44.56,10.554,16.0,0.0,1.586,0,1.586,38.0,0,1,0,0,0,0,0,1,0,0,1,1,0,0,0,0,0,0,0.0,0
hernaju01,Juancho Hernangómez,train,-2.746721,2020,3,1,48.0,6.0,17.354,10.4,-3.4,-0.3,0.9,0.052,15.7,0.5175,0.833,4.104,0.188,0.396,0.667,4,205.0,5.28,16.15,0.3,6.1,-0.1,4.3,25,81,214,4,1.0,0,0.25,0,0,-4.02,-4.1,-4.3,19.0,0.0,0.0,-27.108,113.824,19.185,14.0,-4.02,-4.1,-4.3,19.0,0.0,0.0,-27.108,113.824,19.185,14.0,0.0,3.703,0,3.703,16.0,1,0,1,0,0,1,0,0,1,0,0,0,1,0,0,0,0,1,1.0,0
hernawi01,Willy Hernangómez,train,-4.173251,2016,4,0,66.0,9.478,24.912,14.9,-0.1,0.7,3.2,0.104,19.0,0.559,1.722,3.879,0.354,0.721,1.148,0,0.0,9.05,23.27,0.0,0.0,0.0,0.0,22,83,250,0,1.0,0,0.25,0,1,-2.74,-3.0,-2.73,32.0,0.0,0.0,10.188,59.283,0.529,12.0,-2.74,-3.0,-2.73,32.0,0.0,0.0,10.188,59.283,0.529,12.0,1.0,19.113,1,19.113,1.0,0,0,1,0,0,1,0,0,0,0,1,0,0,0,0,0,1,2,2.0,0
hernawi01,Willy Hernangómez,train,-3.828825,2021,3,1,47.0,7.766,18.0,19.6,0.0,0.4,2.9,0.165,17.0,0.5908,1.064,7.106,0.489,0.468,0.723,5,256.0,7.07,15.05,2.0,11.5,1.0,6.3,27,83,250,5,1.0,0,0.25,0,1,-0.2,-0.3,-0.29,31.0,0.0,0.0,-23.476,131.562,1.054,15.0,-0.2,-0.3,-0.29,31.0,0.0,0.0,-23.476,131.562,1.054,15.0,0.0,1.29,0,1.29,50.0,0,0,1,0,0,0,1,0,1,0,0,1,0,0,0,0,0,0,0.0,0
herroty01,Tyler Herro,val,-1.511612,2022,4,1,66.0,20.712,32.591,16.2,0.7,1.5,3.8,0.085,28.8,0.561,3.985,4.985,0.121,0.667,2.636,3,175.0,16.71,30.25,1.9,7.1,1.9,7.1,22,77,195,3,1.0,0,0.25,0,0,4.23,4.6,4.45,53.0,1.0,0.0,-26.391,130.081,5.386,15.0,4.23,4.6,4.45,53.0,1.0,0.0,-26.391,130.081,5.386,15.0,0.0,6.266,0,6.266,18.0,0,1,0,0,0,0,0,1,1,0,0,0,0,0,0,1,0,1,1.0,0
hezonma01,Mario Hezonja,train,-2.906937,2015,2,0,66.0,9.478,24.912,14.9,-0.1,0.7,3.2,0.104,19.0,0.559,1.722,3.879,0.354,0.721,1.148,0,0.0,9.05,23.27,0.0,0.0,0.0,0.0,20,80,220,0,1.0,0,0.25,0,3,-5.87,-6.1,-5.72,25.0,0.0,0.0,4.234,41.312,14.705,15.0,-5.87,-6.1,-5.72,25.0,0.0,0.0,4.234,41.312,14.705,15.0,0.0,2.673,0,2.673,15.0,0,0,1,0,0,0,0,1,0,0,1,0,0,0,0,0,1,1,1.0,0
hieldbu01,Buddy Hield,train,-3.165419,2016,4,0,66.0,9.478,24.912,14.9,-0.1,0.7,3.2,0.104,19.0,0.559,1.722,3.879,0.354,0.721,1.148,0,0.0,9.05,23.27,0.0,0.0,0.0,0.0,24,76,220,0,0.0,0,0.25,0,2,-3.56,-3.9,-3.79,30.0,0.0,0.0,-11.426,80.165,1.261,18.0,-2.32,-2.4,-2.48,33.0,0.0,0.0,-2.671,71.734,0.938,15.0,0.0,2.453,0,1.29,50.0,0,0,1,0,0,0,0,1,0,0,1,0,0,0,0,0,1,0,0.0,0
hieldbu01,Buddy Hield,train,-1.535631,2019,4,1,82.0,20.671,31.89,17.5,2.1,2.7,5.9,0.108,25.1,0.5865,2.5,5.024,0.402,0.707,1.78,3,244.0,14.92,26.75,4.2,10.0,4.2,10.0,27,76,220,3,1.0,0,0.25,0,0,-0.81,-1.1,-1.12,39.0,0.0,0.0,-2.169,92.25,11.789,15.0,-0.81,-1.1,-1.12,39.0,0.0,0.0,-2.169,92.25,11.789,15.0,0.0,2.453,0,2.453,20.0,0,1,0,0,0,0,0,1,1,0,0,0,0,0,0,1,0,0,0.0,0
hieldbu01,Buddy Hield,test,-2.700878,2024,4,1,84.0,12.06,25.714,13.3,0.4,1.3,3.5,0.078,19.2,0.5782,2.81,3.202,0.5,0.833,1.226,8,632.0,15.54,28.98,11.0,25.0,4.2,9.8,32,76,220,8,1.0,0,0.3,0,0,2.51,3.1,3.05,47.0,1.0,0.0,-45.888,161.97,2.568,15.0,2.51,3.1,3.05,47.0,1.0,0.0,-45.888,161.97,2.568,15.0,1.0,6.228,1,6.228,5.0,0,0,1,0,0,0,1,0,0,1,0,0,0,0,1,0,0,2,2.0,0
highsha01,Haywood Highsmith,test,-3.257585,2024,2,1,66.0,6.136,20.697,11.1,-0.7,0.5,3.1,0.109,12.4,0.5872,1.061,3.182,0.455,0.803,0.515,4,144.0,4.81,17.62,0.0,4.1,0.1,4.1,28,77,220,5,1.0,0,0.25,0,0,1.1,1.8,1.76,46.0,1.0,0.0,-44.734,172.894,1.802,15.0,1.1,1.8,1.76,46.0,1.0,0.0,-44.734,172.894,1.802,15.0,0.0,6.266,0,6.266,18.0,0,0,1,0,0,0,1,0,0,1,0,0,1,0,0,0,0,1,1.0,1
hilarne01,Nenê,train,-3.305908,2017,3,1,67.0,9.09,17.881,18.9,0.8,0.8,4.1,0.164,19.7,0.6295,0.97,4.209,0.582,0.836,1.09,12,659.0,12.36,27.09,15.3,54.9,1.9,9.8,35,83,250,15,1.0,0,0.35,0,0,5.84,5.7,5.77,55.0,1.0,0.0,3.175,87.527,3.442,15.0,5.84,5.7,5.77,55.0,1.0,0.0,3.175,87.527,3.442,15.0,1.0,7.206,1,7.206,6.0,0,0,1,0,0,0,1,0,1,0,0,1,0,0,0,0,0,2,2.0,0
hilarne01,Nenê,train,-2.390046,2019,2,1,42.0,3.595,13.0,11.9,-2.2,0.0,1.4,0.123,11.7,0.5524,0.619,2.929,0.357,0.429,0.262,14,753.0,11.47,25.44,15.5,58.9,1.0,8.1,37,83,250,17,1.0,0,0.35,0,0,4.96,4.8,4.77,53.0,1.0,0.0,-27.003,120.918,1.017,15.0,4.96,4.8,4.77,53.0,1.0,0.0,-27.003,120.918,1.017,15.0,1.0,7.206,1,7.206,6.0,0,0,1,0,0,0,1,0,1,0,0,1,0,0,0,0,0,2,2.0,0
hillge01,George Hill,train,-1.65162,2017,3,1,49.0,16.918,31.51,19.3,3.8,2.3,5.9,0.183,23.5,0.5988,4.163,3.408,0.224,1.02,1.735,9,599.0,11.75,28.98,16.7,53.9,6.3,17.5,31,76,188,9,0.0,0,0.3,0,0,-3.29,-4.0,-3.88,32.0,0.0,0.0,-1.524,87.859,7.808,15.0,4.0,4.3,3.94,51.0,1.0,0.0,13.645,80.223,0.275,15.0,0.0,1.266,0,2.453,20.0,0,0,1,0,0,0,1,0,1,0,0,0,0,1,0,0,0,0,0.0,0
hillge01,George Hill,train,-2.431911,2019,3,1,60.0,7.633,21.7,12.1,-1.4,0.2,2.8,0.103,15.1,0.5539,2.25,2.467,0.133,0.867,0.85,11,726.0,11.25,28.2,17.5,59.9,3.1,11.9,33,76,188,11,1.0,0,0.35,0,0,8.04,8.6,8.87,60.0,1.0,0.0,-22.044,114.956,7.413,15.0,8.04,8.6,8.87,60.0,1.0,0.0,-22.044,114.956,7.413,15.0,0.0,1.586,0,1.586,38.0,0,0,1,0,0,0,1,0,1,0,0,0,0,1,0,0,0,0,0.0,0
hillge01,George Hill,train,-3.335894,2021,2,1,30.0,8.7,22.4,13.1,-1.2,0.1,1.4,0.1,15.9,0.5959,2.433,2.033,0.167,0.767,1.033,13,815.0,11.02,27.5,19.2,66.8,1.9,9.7,35,76,188,13,0.0,0,0.35,0,0,5.57,5.8,5.89,46.0,1.0,1.0,-24.084,126.409,6.815,15.0,5.28,5.6,5.58,49.0,1.0,0.0,-38.648,144.302,1.865,15.0,1.0,6.228,0,1.586,38.0,0,0,1,0,0,0,1,0,1,0,0,0,0,1,0,0,0,0,2.0,0
hillida01,Darrun Hilliard,train,-4.430817,2015,3,0,66.0,9.478,24.912,14.9,-0.1,0.7,3.2,0.104,19.0,0.559,1.722,3.879,0.354,0.721,1.148,0,0.0,9.05,23.27,0.0,0.0,0.0,0.0,22,78,220,0,1.0,0,0.25,0,0,-1.39,-1.1,-1.0,32.0,0.0,0.0,-0.807,49.559,14.313,15.0,-1.39,-1.1,-1.0,32.0,0.0,0.0,-0.807,49.559,14.313,15.0,0.0,4.365,0,4.365,14.0,0,0,1,0,0,0,0,1,0,0,1,0,0,0,0,0,1,1,1.0,0
hilljo01,Jordan Hill,train,-3.158521,2016,2,1,73.0,8.836,20.726,16.4,-0.7,0.5,3.9,0.124,20.3,0.5339,1.192,6.178,0.507,0.493,1.26,7,402.0,8.01,19.02,0.2,16.5,1.0,10.5,29,82,235,7,0.0,0,0.3,0,0,-3.38,-3.6,-3.54,29.0,0.0,0.0,-2.747,59.841,10.812,14.0,1.62,1.7,1.71,45.0,1.0,0.0,-2.414,66.752,5.662,15.0,0.0,2.126,0,3.703,16.0,0,0,1,0,0,0,1,0,0,0,1,1,0,0,0,0,0,1,0.0,0
hillso01,Solomon Hill,train,-2.059908,2016,4,1,59.0,4.169,14.678,12.2,0.1,0.5,2.1,0.116,13.2,0.5431,0.966,2.814,0.186,0.627,0.559,3,169.0,6.05,20.55,0.8,6.0,0.8,6.0,25,78,226,3,0.0,0,0.25,0,0,-3.56,-3.9,-3.79,30.0,0.0,0.0,-11.426,80.165,1.261,18.0,1.62,1.7,1.71,45.0,1.0,0.0,-2.414,66.752,5.662,15.0,0.0,2.126,0,1.29,50.0,0,0,1,0,0,1,0,0,0,0,1,0,0,0,1,0,0,0,0.0,0
hinriki01,Kirk Hinrich,train,-3.114547,2014,2,1,73.0,9.123,28.986,10.8,-1.0,0.6,3.8,0.086,17.3,0.4941,3.918,2.63,0.356,1.096,1.644,9,614.0,11.33,31.38,10.3,39.6,1.0,8.7,33,76,190,11,1.0,0,0.35,0,1,0.28,0.3,0.28,42.0,1.0,0.0,-12.901,92.25,0.0,15.0,0.34,0.5,0.43,42.0,1.0,0.0,-12.901,92.929,0.0,15.0,1.0,9.441,1,9.441,3.0,0,0,1,0,0,0,1,0,0,0,1,0,0,1,0,0,0,2,2.0,0
holidaa01,Aaron Holiday,test,-3.380348,2024,2,1,78.0,6.59,16.269,11.5,-1.5,0.2,2.5,0.095,16.7,0.5779,1.795,1.577,0.077,0.538,0.679,6,386.0,6.62,17.03,-0.1,8.1,0.3,4.9,28,72,185,6,1.0,0,0.25,0,1,1.24,1.1,1.12,41.0,0.0,0.0,-9.281,143.402,1.9,15.0,1.24,1.1,1.12,41.0,0.0,0.0,-9.281,143.402,1.9,15.0,1.0,7.206,1,7.206,6.0,0,0,1,0,0,0,1,0,0,1,0,0,0,1,0,0,0,2,2.0,0
holidjr01,Jrue Holiday,train,-1.369215,2017,5,1,67.0,15.358,32.687,17.1,1.3,1.8,3.8,0.083,23.5,0.5321,7.284,3.94,0.657,1.493,2.896,8,504.0,14.27,32.26,11.3,26.5,5.3,10.6,27,76,220,8,1.0,0,0.3,0,0,-1.69,-2.2,-2.1,34.0,0.0,0.0,-7.275,94.323,7.095,15.0,-1.69,-2.2,-2.1,34.0,0.0,0.0,-7.275,94.323,7.095,15.0,0.0,1.29,0,1.29,50.0,0,0,1,0,0,0,1,0,1,0,0,0,0,1,0,0,0,0,0.0,0
holidjr01,Jrue Holiday,train,-1.298515,2021,4,1,59.0,17.729,32.322,20.0,3.4,2.6,6.6,0.166,22.2,0.5924,6.051,4.542,0.627,1.627,2.153,12,772.0,16.01,33.17,21.7,49.5,7.7,15.9,31,76,220,12,1.0,1,0.35,0,0,5.57,5.8,5.89,46.0,1.0,1.0,-24.084,126.409,6.815,15.0,5.57,5.8,5.89,46.0,1.0,1.0,-24.084,126.409,6.815,15.0,0.0,1.586,0,1.586,38.0,1,1,0,0,0,0,0,1,1,0,0,0,0,1,0,0,0,0,0.0,0
holidjr01,Jrue Holiday,test,-1.522165,2024,4,1,69.0,12.464,32.797,14.4,2.1,2.4,6.3,0.134,16.3,0.5967,4.826,5.406,0.768,0.884,1.797,15,975.0,16.14,33.09,29.8,69.4,8.1,19.9,34,76,220,15,1.0,1,0.35,0,0,10.75,11.6,11.34,64.0,1.0,1.0,-52.738,184.845,0.093,15.0,10.75,11.6,11.34,64.0,1.0,1.0,-52.738,184.845,0.093,15.0,1.0,4.899,1,4.899,9.0,1,1,0,0,0,0,0,1,0,1,0,0,0,1,0,0,0,2,2.0,0
holidju01,Justin Holiday,train,-4.268698,2015,2,1,59.0,4.305,11.136,12.1,-1.4,0.1,1.3,0.095,18.8,0.4984,0.814,1.237,0.203,0.678,0.492,2,68.0,4.35,11.75,0.0,1.2,0.0,1.2,26,78,180,2,0.0,0,0.25,0,0,4.75,5.8,5.43,60.0,1.0,0.0,4.736,57.245,1.084,15.0,2.54,3.2,3.0,50.0,1.0,0.0,-4.368,67.099,0.333,15.0,1.0,9.441,1,6.144,7.0,0,0,1,0,0,1,0,0,0,0,1,0,0,0,0,1,0,2,2.0,1
holidju01,Justin Holiday,train,-3.091981,2017,2,1,82.0,7.671,19.988,12.7,-0.3,0.7,2.5,0.073,16.9,0.5487,1.244,2.744,0.378,0.793,0.805,4,203.0,5.73,15.82,0.5,4.3,0.6,4.4,28,78,180,4,0.0,0,0.25,0,0,0.03,0.4,0.43,41.0,1.0,0.0,0.967,92.681,0.494,15.0,-3.87,-3.8,-3.67,31.0,0.0,0.0,-8.47,79.596,6.018,14.0,1.0,19.113,1,9.441,3.0,0,0,1,0,0,1,0,0,1,0,0,0,0,0,0,1,0,2,2.0,1
holidju01,Justin Holiday,train,-2.899761,2020,3,1,73.0,8.26,25.014,12.1,1.3,1.5,4.2,0.11,13.4,0.5849,1.274,3.26,0.63,1.192,0.603,7,430.0,8.14,23.04,2.1,12.3,1.6,8.0,31,78,180,7,1.0,0,0.3,0,0,1.63,2.0,1.96,45.0,1.0,0.0,-5.452,112.347,2.245,15.0,1.63,2.0,1.96,45.0,1.0,0.0,-5.452,112.347,2.245,15.0,0.0,2.126,0,2.126,25.0,1,0,1,0,0,0,1,0,1,0,0,0,0,0,1,0,0,0,0.0,1
holliro01,Rondae Hollis-Jefferson,train,-3.937341,2015,2,0,66.0,9.478,24.912,14.9,-0.1,0.7,3.2,0.104,19.0,0.559,1.722,3.879,0.354,0.721,1.148,0,0.0,9.05,23.27,0.0,0.0,0.0,0.0,20,78,217,0,1.0,0,0.25,0,2,-3.13,-3.0,-2.88,38.0,1.0,0.0,-28.983,88.025,0.404,15.0,-3.13,-3.0,-2.88,38.0,1.0,0.0,-28.983,88.025,0.404,15.0,1.0,19.113,1,19.113,1.0,0,0,1,0,0,0,0,1,0,0,1,0,0,0,0,0,1,2,2.0,0
holmeri01,Richaun Holmes,train,-4.212485,2015,3,0,66.0,9.478,24.912,14.9,-0.1,0.7,3.2,0.104,19.0,0.559,1.722,3.879,0.354,0.721,1.148,0,0.0,9.05,23.27,0.0,0.0,0.0,0.0,22,81,235,0,1.0,0,0.25,0,2,-9.04,-9.3,-8.98,18.0,0.0,0.0,2.599,34.387,22.445,16.0,-9.04,-9.3,-8.98,18.0,0.0,0.0,2.599,34.387,22.445,16.0,1.0,6.228,1,6.228,5.0,0,0,1,0,0,0,0,1,0,0,1,0,0,0,0,0,1,2,2.0,0
holmeri01,Richaun Holmes,train,-3.106462,2019,2,1,70.0,8.171,16.914,20.7,0.6,0.8,4.3,0.174,17.9,0.6471,0.857,4.729,1.129,0.6,0.743,4,226.0,7.65,16.92,2.4,12.4,2.3,10.9,26,81,235,4,0.0,0,0.25,0,1,-0.81,-1.1,-1.12,39.0,0.0,0.0,-2.169,92.25,11.789,15.0,-8.61,-9.2,-9.34,19.0,0.0,0.0,-6.585,68.854,39.6,15.0,0.0,5.059,0,2.453,20.0,0,0,1,0,0,1,0,0,1,0,0,1,0,0,0,0,0,0,2.0,0
holmeri01,Richaun Holmes,train,-2.268601,2021,4,1,61.0,14.246,29.213,20.2,0.6,1.2,6.1,0.164,17.5,0.6687,1.656,8.262,1.574,0.639,1.23,6,331.0,9.48,20.69,4.5,23.4,2.9,15.3,28,81,235,6,1.0,1,0.25,0,1,-3.45,-3.6,-3.68,31.0,0.0,0.0,2.318,93.806,11.396,15.0,-3.45,-3.6,-3.68,31.0,0.0,0.0,2.318,93.806,11.396,15.0,0.0,2.453,0,2.453,20.0,0,0,1,0,0,0,1,0,1,0,0,1,0,0,0,0,0,0,0.0,0
holmeri01,Richaun Holmes,test,-2.478892,2024,2,1,40.0,4.975,13.875,14.5,-3.3,-0.2,1.3,0.112,14.7,0.5934,0.625,4.55,0.475,0.275,0.6,9,458.0,8.59,19.27,4.6,28.7,0.1,5.3,31,81,235,9,1.0,0,0.35,0,0,-9.29,-9.1,-9.29,15.0,0.0,0.0,-53.88,132.38,15.839,15.0,-9.29,-9.1,-9.29,15.0,0.0,0.0,-53.88,132.38,15.839,15.0,1.0,6.385,1,6.385,8.0,0,1,0,0,0,0,0,1,0,1,0,1,0,0,0,0,0,2,2.0,0
holmgch01,Chet Holmgren,test,-1.065072,2025,5,1,32.0,14.969,27.406,19.2,2.4,1.0,3.2,0.175,22.0,0.5988,1.969,8.031,2.219,0.719,1.75,2,114.0,16.11,28.86,4.3,12.1,4.3,12.1,23,85,208,2,1.0,0,0.25,0,0,12.7,12.8,12.87,68.0,1.0,1.0,-25.414,162.209,3.792,15.0,12.7,12.8,12.87,68.0,1.0,1.0,-25.414,162.209,3.792,15.0,0.0,1.435,0,1.435,47.0,0,1,0,0,0,0,0,1,0,1,0,1,0,0,0,0,0,0,0.0,0
hoodro01,Rodney Hood,train,-3.866534,2014,2,0,66.0,9.478,24.912,14.9,-0.1,0.7,3.2,0.104,19.0,0.559,1.722,3.879,0.354,0.721,1.148,0,0.0,9.05,23.27,0.0,0.0,0.0,0.0,22,80,208,0,1.0,0,0.25,0,3,0.28,0.3,0.28,42.0,1.0,0.0,-12.901,92.25,0.0,15.0,0.34,0.5,0.43,42.0,1.0,0.0,-12.901,92.929,0.0,15.0,0.0,1.266,0,1.266,28.0,0,0,1,0,0,0,0,1,0,0,1,0,0,0,0,0,1,0,0.0,0
hoodro01,Rodney Hood,train,-2.92619,2019,2,1,72.0,11.181,26.292,12.3,-2.0,0.0,2.6,0.066,18.1,0.5445,1.75,2.181,0.167,0.819,0.764,5,320.0,12.55,27.21,3.2,16.1,1.2,7.9,27,80,208,5,1.0,1,0.25,0,1,4.43,4.2,4.2,53.0,1.0,0.0,-31.227,128.005,5.091,15.0,4.43,4.2,4.2,53.0,1.0,0.0,-31.227,128.005,5.091,15.0,0.0,2.511,0,2.511,23.0,0,0,1,0,0,0,1,0,1,0,0,0,0,0,0,1,0,0,0.0,0
hoodro01,Rodney Hood,train,-2.346029,2020,2,1,21.0,10.952,29.476,12.2,-0.9,0.2,1.1,0.085,13.9,0.6254,1.524,3.429,0.19,0.81,0.905,6,341.0,12.45,27.35,3.4,17.2,1.0,6.4,28,80,208,6,1.0,0,0.25,0,0,-0.61,-1.1,-1.15,35.0,1.0,0.0,-28.527,132.113,5.555,15.0,-0.61,-1.1,-1.15,35.0,1.0,0.0,-28.527,132.113,5.555,15.0,0.0,2.511,0,2.511,23.0,1,0,1,0,0,0,1,0,1,0,0,0,0,0,1,0,0,0,0.0,0
horfoal01,Al Horford,train,-1.203721,2016,4,1,82.0,15.232,32.085,19.4,3.8,3.9,9.4,0.171,20.6,0.5653,3.207,7.268,1.476,0.829,1.305,9,578.0,14.34,33.46,21.3,64.3,8.7,20.9,30,80,240,9,0.0,0,0.3,0,2,2.84,3.2,3.21,48.0,1.0,0.0,-9.442,58.25,18.916,15.0,3.49,3.7,3.61,48.0,1.0,0.0,-1.408,71.333,0.075,15.0,1.0,6.144,1,4.899,9.0,0,0,1,0,0,0,1,0,0,0,1,1,0,0,0,0,0,2,2.0,0
horfoal01,Al Horford,train,-1.387578,2019,4,1,68.0,13.603,29.015,20.2,5.1,3.6,7.5,0.182,18.9,0.6047,4.162,6.735,1.265,0.868,1.5,12,786.0,14.11,32.81,31.6,85.9,10.3,21.6,33,80,240,12,0.0,0,0.35,0,1,2.25,2.6,2.7,51.0,1.0,0.0,-10.093,107.554,4.408,15.0,3.9,4.4,4.44,49.0,1.0,0.0,-26.926,125.327,0.178,15.0,1.0,4.899,1,6.228,5.0,0,0,1,0,0,0,1,0,1,0,0,1,0,0,0,0,0,2,2.0,0
horfoal01,Al Horford,val,-2.635542,2022,2,1,69.0,10.159,29.058,16.7,4.3,3.2,7.6,0.182,14.8,0.5738,3.362,7.681,1.333,0.71,0.942,15,950.0,13.67,32.21,38.1,100.5,6.5,14.6,36,80,240,15,1.0,0,0.35,0,1,7.02,7.5,7.28,51.0,1.0,0.0,-23.012,132.763,2.663,15.0,7.02,7.5,7.28,51.0,1.0,0.0,-23.012,132.763,2.663,15.0,1.0,4.899,1,4.899,9.0,1,1,0,0,0,0,0,1,1,0,0,1,0,0,0,0,0,2,2.0,0
horfoal01,Al Horford,test,-3.278986,2025,2,1,60.0,8.967,27.65,12.9,1.2,1.3,4.4,0.127,13.8,0.5631,2.133,6.15,0.85,0.6,0.767,18,1138.0,12.92,31.56,44.4,117.4,6.3,16.9,39,80,240,18,0.0,1,0.35,0,1,3.56,3.3,3.3,48.0,1.0,0.0,-58.93,176.474,0.306,15.0,8.28,9.5,9.11,61.0,1.0,0.0,-56.46,193.098,0.0,15.0,1.0,4.899,1,4.749,10.0,0,0,1,0,0,0,1,0,0,1,0,1,0,0,0,0,0,2,2.0,0
horfoal01,Al Horford,test,-3.19126,2026,2,1,45.0,8.267,21.533,14.7,1.6,0.9,2.1,0.104,16.5,0.5545,2.578,4.867,1.133,0.667,0.933,19,1183.0,12.74,31.18,45.3,119.5,4.7,12.7,40,80,240,19,1.0,1,0.35,0,0,-0.34,-0.6,-0.56,37.0,0.0,0.0,-79.576,204.851,0.264,15.0,-0.34,-0.6,-0.56,37.0,0.0,0.0,-79.576,204.851,0.264,15.0,1.0,4.749,1,4.749,10.0,0,0,1,0,0,0,1,0,0,1,0,1,0,0,0,0,0,2,2.0,0
hortota01,Talen Horton-Tucker,train,-4.51031,2019,2,0,66.0,9.478,24.912,14.9,-0.1,0.7,3.2,0.104,19.0,0.559,1.722,3.879,0.354,0.721,1.148,0,0.0,9.05,23.27,0.0,0.0,0.0,0.0,19,76,234,0,1.0,0,0.25,0,1,-1.33,-1.7,-1.72,37.0,0.0,0.0,-3.465,90.827,14.507,15.0,-1.33,-1.7,-1.72,37.0,0.0,0.0,-3.465,90.827,14.507,15.0,1.0,12.901,1,12.901,2.0,0,0,1,0,0,0,0,1,1,0,0,0,0,0,0,0,1,2,2.0,0
hortota01,Talen Horton-Tucker,train,-2.391016,2021,3,1,65.0,9.0,20.062,12.9,-1.2,0.3,2.1,0.077,21.7,0.5359,2.785,2.6,0.323,0.969,1.615,2,71.0,8.72,19.51,0.3,2.2,0.3,2.2,21,76,234,2,1.0,0,0.25,0,1,2.77,2.8,2.79,42.0,1.0,0.0,-29.404,129.325,7.599,15.0,2.77,2.8,2.79,42.0,1.0,0.0,-29.404,129.325,7.599,15.0,1.0,12.901,1,12.901,2.0,0,0,1,0,0,1,0,0,1,0,0,0,0,0,0,1,0,2,2.0,0
houseda01,Danuel House Jr.,train,-4.873319,2016,2,0,66.0,9.478,24.912,14.9,-0.1,0.7,3.2,0.104,19.0,0.559,1.722,3.879,0.354,0.721,1.148,0,0.0,9.05,23.27,0.0,0.0,0.0,0.0,23,78,220,0,1.0,0,0.25,0,1,-0.5,-0.5,-0.5,41.0,0.0,0.0,-17.133,76.329,7.963,15.0,-0.5,-0.5,-0.5,41.0,0.0,0.0,-17.133,76.329,7.963,15.0,1.0,6.385,1,6.385,8.0,0,0,1,0,0,0,0,1,0,0,1,0,0,0,0,0,1,2,2.0,1
houseda01,Danuel House Jr.,train,-3.379804,2019,3,1,39.0,9.385,25.103,12.2,-0.5,0.4,2.3,0.113,14.1,0.6461,1.026,3.59,0.282,0.538,0.897,3,63.0,8.22,21.95,0.4,2.9,0.4,2.9,26,78,220,3,1.0,0,0.25,0,1,4.96,4.8,4.77,53.0,1.0,0.0,-27.003,120.918,1.017,15.0,4.96,4.8,4.77,53.0,1.0,0.0,-27.003,120.918,1.017,15.0,1.0,7.206,1,7.206,6.0,0,0,1,0,0,1,0,0,1,0,0,0,0,0,1,0,0,2,2.0,1
houseda01,Danuel House Jr.,val,-3.380033,2022,2,1,42.0,5.905,17.31,10.6,-1.1,0.2,1.0,0.066,15.2,0.5548,1.048,2.643,0.405,0.5,0.786,6,204.0,8.54,24.29,0.9,8.0,0.5,5.1,29,78,220,6,0.0,1,0.25,0,1,2.57,2.7,2.61,51.0,1.0,0.0,-44.015,145.134,0.116,15.0,-0.01,-0.1,-0.12,37.0,0.0,0.0,-5.982,108.416,9.981,15.0,1.0,19.113,1,6.228,5.0,0,0,1,0,0,0,1,0,1,0,0,0,0,0,1,0,0,2,2.0,1
houstca01,Caleb Houstan,val,-4.098437,2022,4,0,66.0,9.478,24.912,14.9,-0.1,0.7,3.2,0.104,19.0,0.559,1.722,3.879,0.354,0.721,1.148,0,0.0,9.05,23.27,0.0,0.0,0.0,0.0,19,80,205,0,1.0,0,0.25,0,1,-7.67,-8.0,-8.0,22.0,0.0,0.0,-14.578,110.992,7.019,15.0,-7.67,-8.0,-8.0,22.0,0.0,0.0,-14.578,110.992,7.019,15.0,0.0,2.673,0,2.673,15.0,0,0,1,0,0,0,0,1,1,0,0,0,0,0,0,0,1,1,1.0,0
howardw01,Dwight Howard,train,-1.387814,2016,3,1,71.0,13.746,32.113,18.9,0.1,1.2,6.6,0.139,18.4,0.6035,1.38,11.761,1.592,0.972,2.338,11,798.0,18.38,35.62,33.5,106.1,4.0,18.2,31,82,265,12,0.0,0,0.35,0,1,3.49,3.7,3.61,48.0,1.0,0.0,-1.408,71.333,0.075,15.0,0.34,0.2,0.2,41.0,1.0,0.0,-18.387,75.205,13.182,15.0,1.0,7.206,1,6.144,7.0,0,0,1,0,0,0,1,0,0,0,1,1,0,0,0,0,0,2,2.0,0
howardw01,Dwight Howard,train,-2.928072,2018,2,1,81.0,16.63,30.407,20.5,-0.1,1.2,6.8,0.133,24.2,0.5771,1.296,12.494,1.617,0.593,2.568,13,953.0,17.86,34.72,36.6,121.2,4.3,21.7,33,82,265,14,0.0,0,0.35,0,1,0.53,0.6,0.59,43.0,1.0,0.0,-25.021,122.84,1.274,15.0,0.07,0.3,0.26,36.0,0.0,0.0,-21.078,117.228,0.0,14.0,0.0,2.66,1,6.385,8.0,0,0,1,0,0,0,1,0,1,0,0,1,0,0,0,0,0,2,0.0,0
huertke01,Kevin Huerter,test,-2.939231,2026,3,1,69.0,10.043,22.449,13.2,-0.6,0.6,2.5,0.077,18.8,0.5524,2.58,3.478,0.478,0.913,1.043,8,551.0,11.42,27.43,4.2,21.7,1.1,7.3,28,78,198,8,1.0,0,0.3,0,0,7.53,8.2,8.16,60.0,1.0,0.0,-38.436,176.545,9.337,15.0,7.53,8.2,8.16,60.0,1.0,0.0,-38.436,176.545,9.337,15.0,0.0,4.365,0,4.365,14.0,0,0,1,0,0,0,1,0,0,1,0,0,0,0,1,0,0,1,1.0,0
huertma01,Marcelo Huertas,train,-4.116285,2016,2,1,53.0,4.472,16.396,10.4,-5.0,-0.7,-0.1,-0.006,16.3,0.4881,3.434,1.698,0.132,0.491,1.509,1,53.0,4.47,16.4,-0.7,-0.1,-0.7,-0.1,33,75,200,1,1.0,0,0.25,0,0,-8.92,-10.0,-9.56,17.0,0.0,0.0,-3.113,71.77,0.195,15.0,-8.92,-10.0,-9.56,17.0,0.0,0.0,-3.113,71.77,0.195,15.0,1.0,12.901,1,12.901,2.0,0,0,1,0,0,1,0,0,0,0,1,0,0,1,0,0,0,2,2.0,1
huestjo01,Josh Huestis,train,-4.095774,2015,2,0,66.0,9.478,24.912,14.9,-0.1,0.7,3.2,0.104,19.0,0.559,1.722,3.879,0.354,0.721,1.148,0,0.0,9.05,23.27,0.0,0.0,0.0,0.0,24,79,230,0,1.0,0,0.25,0,2,2.47,2.3,2.18,45.0,0.0,0.0,-16.642,77.876,0.915,15.0,2.47,2.3,2.18,45.0,0.0,0.0,-16.642,77.876,0.915,15.0,0.0,1.435,0,1.435,47.0,0,0,1,0,0,1,0,0,0,0,1,0,0,0,0,0,1,0,0.0,0
humphkr01,Kris Humphries,train,-2.653512,2014,3,1,69.0,8.391,19.942,18.2,0.9,1.0,4.1,0.143,19.0,0.5521,0.971,5.928,0.884,0.449,0.928,9,560.0,7.08,18.73,1.4,23.6,1.3,12.1,29,81,235,10,1.0,0,0.35,0,0,0.28,0.3,0.28,42.0,1.0,0.0,-12.901,92.25,0.0,15.0,0.34,0.5,0.43,42.0,1.0,0.0,-12.901,92.929,0.0,15.0,0.0,4.749,1,4.899,9.0,0,0,0,0,1,0,1,0,0,0,1,0,1,0,0,0,0,2,1.0,0
huntede01,De'Andre Hunter,val,-1.799294,2022,4,1,53.0,13.377,29.755,10.6,-3.9,-0.8,1.1,0.033,19.9,0.547,1.283,3.321,0.396,0.679,1.302,3,139.0,13.17,30.74,-1.7,2.9,-1.7,2.9,25,79,221,3,1.0,0,0.25,0,0,1.55,1.6,1.56,43.0,1.0,0.0,-20.359,132.773,0.0,15.0,1.55,1.6,1.56,43.0,1.0,0.0,-20.359,132.773,0.0,15.0,1.0,6.144,1,6.144,7.0,0,1,0,0,0,0,0,1,1,0,0,0,0,0,1,0,0,2,2.0,0
ibakase01,Serge Ibaka,train,-1.520284,2017,3,1,79.0,14.848,30.658,16.4,0.1,1.2,5.1,0.101,20.9,0.5656,0.949,6.81,1.57,0.519,1.329,8,603.0,11.99,29.06,11.8,52.7,3.6,16.2,28,83,235,8,1.0,0,0.3,0,1,3.65,4.5,4.21,51.0,1.0,0.0,-17.634,108.689,0.206,16.0,3.65,4.5,4.21,51.0,1.0,0.0,-17.634,108.689,0.206,16.0,1.0,6.202,1,6.202,9.0,0,0,1,0,0,0,1,0,1,0,0,0,1,0,0,0,0,2,2.0,0
ibakase01,Serge Ibaka,train,-2.442393,2020,2,1,55.0,15.364,27.0,17.3,0.1,0.8,3.9,0.126,24.0,0.5831,1.4,8.218,0.836,0.509,1.982,11,808.0,12.55,28.6,14.8,67.8,3.0,15.1,31,83,235,11,0.0,1,0.35,0,1,6.66,6.3,6.44,49.0,1.0,0.0,-21.015,128.443,1.712,14.0,5.97,6.1,6.24,53.0,1.0,0.0,-33.161,123.954,1.2,15.0,1.0,6.202,1,12.901,2.0,1,0,1,0,0,0,1,0,1,0,0,1,0,0,0,0,0,2,2.0,0
ighodos01,Oso Ighodaro,test,-4.265265,2024,4,0,66.0,9.478,24.912,14.9,-0.1,0.7,3.2,0.104,19.0,0.559,1.722,3.879,0.354,0.721,1.148,0,0.0,9.05,23.27,0.0,0.0,0.0,0.0,22,83,235,0,1.0,0,0.25,0,0,3.08,3.0,3.06,49.0,1.0,0.0,-59.2,188.29,3.041,16.0,3.08,3.0,3.06,49.0,1.0,0.0,-59.2,188.29,3.041,16.0,0.0,5.059,0,5.059,12.0,0,0,1,0,0,0,0,1,0,1,0,0,0,0,0,0,1,2,2.0,0
iguodan01,Andre Iguodala,train,-1.82347,2017,3,1,76.0,7.553,26.289,14.3,2.5,2.3,6.9,0.166,11.2,0.6241,3.434,4.0,0.513,1.0,0.763,12,894.0,13.36,34.84,35.3,82.5,5.2,16.4,33,78,215,13,1.0,0,0.35,0,1,11.35,11.6,11.63,67.0,1.0,1.0,-6.099,97.52,2.722,15.0,11.35,11.6,11.63,67.0,1.0,1.0,-6.099,97.52,2.722,15.0,1.0,4.749,1,4.749,10.0,0,0,1,0,0,0,1,0,1,0,0,0,0,0,1,0,0,2,2.0,0
iguodan01,Andre Iguodala,train,-1.984581,2020,2,1,21.0,4.571,19.905,10.5,-0.5,0.2,0.6,0.069,12.7,0.5074,2.429,3.714,1.0,0.667,1.238,15,1047.0,12.24,33.21,37.7,90.5,2.4,8.0,36,78,215,16,0.0,0,0.35,0,1,-0.91,-1.1,-1.07,34.0,0.0,0.0,-23.705,97.227,32.254,15.0,2.59,3.0,2.95,44.0,1.0,0.0,-29.619,128.233,5.665,15.0,0.0,6.266,0,1.358,51.0,1,0,0,0,1,0,1,0,1,0,0,0,0,0,1,0,0,0,1.0,0
ilyaser01,Ersan İlyasova,train,-2.677778,2018,3,1,69.0,10.87,25.058,14.9,-0.6,0.6,4.0,0.111,18.7,0.5577,1.304,5.87,0.377,0.884,1.043,10,678.0,10.96,24.47,8.3,41.8,2.6,12.5,31,81,235,12,0.0,0,0.35,0,0,-0.45,-0.3,-0.3,44.0,1.0,0.0,-17.121,100.039,16.175,15.0,4.3,4.5,4.5,52.0,1.0,0.0,-0.928,89.639,10.382,15.0,1.0,6.228,0,1.586,38.0,0,0,1,0,0,0,1,0,1,0,0,0,1,0,0,0,0,0,2.0,0
inglejo01,Joe Ingles,train,-3.483027,2015,2,1,79.0,5.013,21.177,9.6,-1.2,0.3,2.2,0.063,12.9,0.5328,2.304,2.215,0.127,0.911,1.241,1,79.0,5.01,21.18,0.3,2.2,0.3,2.2,28,80,220,1,0.0,0,0.25,0,1,0.71,0.2,0.22,38.0,0.0,0.0,4.159,47.94,10.965,15.0,0.71,0.2,0.22,38.0,0.0,0.0,4.159,47.94,10.965,15.0,0.0,1.266,0,1.266,28.0,0,0,1,0,0,1,0,0,0,0,1,0,0,0,1,0,0,0,0.0,1
inglejo01,Joe Ingles,train,-2.031109,2017,4,1,82.0,7.085,24.049,12.4,1.6,1.8,5.0,0.122,13.9,0.6041,2.744,3.183,0.098,1.171,1.305,3,242.0,5.45,20.19,2.8,9.5,2.8,9.5,30,80,220,3,0.0,0,0.25,0,1,4.0,4.3,3.94,51.0,1.0,0.0,13.645,80.223,0.275,15.0,4.0,4.3,3.94,51.0,1.0,0.0,13.645,80.223,0.275,15.0,0.0,1.266,0,1.266,28.0,0,0,1,0,0,1,0,0,1,0,0,0,0,0,1,0,0,0,0.0,1
inglejo01,Joe Ingles,val,-2.514914,2023,2,1,46.0,6.891,22.696,10.7,-0.7,0.3,2.3,0.106,12.6,0.6162,3.261,2.783,0.13,0.717,1.196,9,636.0,8.51,25.47,12.7,39.4,3.4,11.5,36,80,220,9,0.0,0,0.3,0,1,-2.39,-2.6,-2.56,34.0,0.0,0.0,-16.146,99.162,25.994,15.0,3.61,3.5,3.63,58.0,1.0,0.0,-58.194,179.802,0.211,15.0,0.0,1.586,0,2.673,15.0,0,0,1,0,0,0,1,0,0,1,0,0,0,0,1,0,0,1,0.0,1
ingrabr01,Brandon Ingram,train,-1.237893,2020,5,1,62.0,23.823,33.935,18.8,2.1,2.2,5.1,0.116,28.1,0.5871,4.177,6.129,0.613,0.984,3.048,4,252.0,16.33,32.21,1.2,9.6,2.6,9.9,23,80,190,4,1.0,0,0.25,0,0,-0.55,-1.2,-1.29,30.0,0.0,0.0,-8.486,117.626,0.0,16.0,-0.55,-1.2,-1.29,30.0,0.0,0.0,-8.486,117.626,0.0,16.0,0.0,1.29,0,1.29,50.0,1,0,1,0,0,1,0,0,1,0,0,0,1,0,0,0,0,0,0.0,0
ingrabr01,Brandon Ingram,test,-1.447576,2025,3,1,18.0,22.222,33.056,16.0,-0.3,0.3,0.0,0.0,30.2,0.5599,5.167,5.556,0.611,0.889,3.833,9,495.0,19.51,32.96,8.8,27.4,3.5,8.6,28,80,190,9,1.0,0,0.35,0,0,-4.4,-4.3,-4.29,30.0,0.0,0.0,-37.908,154.303,16.406,15.0,-4.4,-4.3,-4.29,30.0,0.0,0.0,-37.908,154.303,16.406,15.0,1.0,6.202,1,6.202,9.0,1,1,0,0,0,0,0,1,0,1,0,0,0,0,1,0,0,2,2.0,0
irvinky01,Kyrie Irving,train,-1.311452,2014,5,1,71.0,20.817,35.155,20.1,3.4,3.3,6.7,0.129,28.2,0.5333,6.099,3.648,0.324,1.521,2.676,3,181.0,20.7,33.71,8.7,16.1,8.7,16.1,22,74,195,3,1.0,0,0.25,0,3,0.28,0.3,0.28,42.0,1.0,0.0,-12.901,92.25,0.0,15.0,0.34,0.5,0.43,42.0,1.0,0.0,-12.901,92.929,0.0,15.0,0.0,2.088,0,2.088,19.0,0,1,0,0,0,0,0,1,0,0,1,0,0,1,0,0,0,1,1.0,0
irvinky01,Kyrie Irving,train,-1.162601,2019,4,1,67.0,23.821,33.045,24.3,7.2,5.1,9.1,0.197,29.6,0.5916,6.925,5.0,0.507,1.537,2.567,8,508.0,22.23,33.8,27.7,58.4,13.0,26.9,27,74,195,8,0.0,1,0.3,0,2,-0.4,-0.1,-0.07,42.0,1.0,0.0,-15.703,77.806,39.766,15.0,3.9,4.4,4.44,49.0,1.0,0.0,-26.926,125.327,0.178,15.0,1.0,4.899,1,19.113,1.0,0,0,1,0,0,0,1,0,1,0,0,0,0,1,0,0,0,2,2.0,0
irvinky01,Kyrie Irving,val,-1.17514,2023,3,1,60.0,27.05,37.35,22.4,4.1,3.5,7.4,0.159,28.9,0.6133,5.517,5.067,0.75,1.1,2.133,12,671.0,23.42,34.34,37.8,79.4,8.5,18.1,31,74,195,12,1.0,1,0.35,0,1,-0.14,0.1,0.07,38.0,0.0,0.0,-56.435,172.026,1.36,15.0,-0.14,0.1,0.07,38.0,0.0,0.0,-56.435,172.026,1.36,15.0,1.0,7.943,1,7.943,4.0,0,0,1,0,0,0,1,0,0,1,0,0,0,0,0,1,0,2,2.0,0
irvinky01,Kyrie Irving,test,-1.365098,2025,3,1,50.0,24.68,36.08,19.9,3.4,2.5,4.6,0.122,27.4,0.5937,4.62,4.8,0.46,1.32,2.22,14,779.0,23.66,34.5,43.9,90.9,9.6,18.9,33,74,195,14,1.0,1,0.35,0,0,-0.74,-1.2,-1.2,39.0,0.0,0.0,-46.559,172.078,2.329,15.0,-0.74,-1.2,-1.2,39.0,0.0,0.0,-46.559,172.078,2.329,15.0,1.0,7.943,1,7.943,4.0,0,0,1,0,0,0,1,0,0,1,0,0,0,0,0,1,0,2,2.0,0
isaacjo01,Jonathan Isaac,train,-1.861417,2020,4,1,34.0,11.882,28.824,17.3,2.3,1.1,2.5,0.122,18.3,0.5521,1.412,6.794,2.294,1.559,1.441,3,136.0,9.33,25.82,2.0,6.7,2.0,6.7,23,82,230,3,1.0,0,0.25,0,0,-0.93,-1.0,-1.01,33.0,1.0,0.0,-37.406,125.365,2.098,15.0,-0.93,-1.0,-1.01,33.0,1.0,0.0,-37.406,125.365,2.098,15.0,0.0,2.673,0,2.673,15.0,1,1,0,0,0,0,0,1,1,0,0,0,1,0,0,0,0,1,1.0,0
iwundwe01,Wes Iwundu,train,-4.295954,2017,3,0,66.0,9.478,24.912,14.9,-0.1,0.7,3.2,0.104,19.0,0.559,1.722,3.879,0.354,0.721,1.148,0,0.0,9.05,23.27,0.0,0.0,0.0,0.0,23,78,195,0,1.0,0,0.25,0,1,-6.61,-6.8,-6.57,29.0,0.0,0.0,-10.152,102.595,1.699,15.0,-6.61,-6.8,-6.57,29.0,0.0,0.0,-10.152,102.595,1.699,15.0,0.0,2.673,0,2.673,15.0,0,0,1,0,0,0,0,1,1,0,0,0,0,0,0,0,1,1,1.0,0
iwundwe01,Wes Iwundu,train,-4.133016,2020,2,1,52.0,5.769,18.327,10.3,-2.6,-0.2,1.7,0.086,13.7,0.5441,1.154,2.519,0.25,0.481,0.5,3,182.0,4.77,17.62,-1.2,4.3,-1.2,4.3,26,78,195,3,0.0,0,0.25,0,0,4.87,5.0,4.95,43.0,1.0,0.0,-27.054,117.534,3.746,16.0,-0.93,-1.0,-1.01,33.0,1.0,0.0,-37.406,125.365,2.098,15.0,0.0,2.673,1,7.943,4.0,1,0,1,0,0,0,1,0,1,0,0,0,0,0,1,0,0,2,1.0,0
jacksan01,Andre Jackson Jr.,val,-4.265706,2023,4,0,66.0,9.478,24.912,14.9,-0.1,0.7,3.2,0.104,19.0,0.559,1.722,3.879,0.354,0.721,1.148,0,0.0,9.05,23.27,0.0,0.0,0.0,0.0,22,78,209,0,1.0,0,0.25,0,1,3.61,3.5,3.63,58.0,1.0,0.0,-58.194,179.802,0.211,15.0,3.61,3.5,3.63,58.0,1.0,0.0,-58.194,179.802,0.211,15.0,0.0,1.586,0,1.586,38.0,0,0,1,0,0,0,0,1,0,1,0,0,0,0,0,0,1,0,0.0,0
jacksfr01,Frank Jackson,train,-4.35967,2017,3,0,66.0,9.478,24.912,14.9,-0.1,0.7,3.2,0.104,19.0,0.559,1.722,3.879,0.354,0.721,1.148,0,0.0,9.05,23.27,0.0,0.0,0.0,0.0,19,75,205,0,1.0,0,0.25,0,0,-1.69,-2.2,-2.1,34.0,0.0,0.0,-7.275,94.323,7.095,15.0,-1.69,-2.2,-2.1,34.0,0.0,0.0,-7.275,94.323,7.095,15.0,0.0,1.29,0,1.29,50.0,0,0,1,0,0,0,0,1,1,0,0,0,0,0,0,0,1,0,0.0,0
jacksfr01,Frank Jackson,train,-4.133016,2020,2,1,59.0,6.288,13.508,9.1,-5.5,-0.7,0.2,0.012,21.2,0.5096,1.034,1.407,0.068,0.288,0.831,2,120.0,7.22,16.38,-1.5,0.6,-1.5,0.6,22,75,205,2,0.0,0,0.25,0,0,2.33,2.0,1.99,44.0,1.0,0.0,-30.58,131.676,1.736,15.0,-0.55,-1.2,-1.29,30.0,0.0,0.0,-8.486,117.626,0.0,16.0,0.0,1.29,0,1.435,47.0,1,0,1,0,0,0,1,0,1,0,0,0,0,1,0,0,0,0,0.0,0
jacksfr01,Frank Jackson,train,-3.598884,2021,2,1,40.0,9.75,18.45,13.2,-1.7,0.1,1.2,0.078,21.3,0.5982,0.9,2.15,0.025,0.375,0.85,3,160.0,7.85,16.9,-1.4,1.8,-1.4,1.8,23,75,205,3,1.0,0,0.25,0,0,-4.38,-4.5,-4.47,20.0,0.0,0.0,-5.873,76.325,38.688,15.0,-4.38,-4.5,-4.47,20.0,0.0,0.0,-5.873,76.325,38.688,15.0,0.0,4.365,0,4.365,14.0,0,0,1,0,0,1,0,0,1,0,0,0,0,1,0,0,0,1,1.0,0
jacksgg01,GG Jackson II,val,-4.157725,2023,4,0,66.0,9.478,24.912,14.9,-0.1,0.7,3.2,0.104,19.0,0.559,1.722,3.879,0.354,0.721,1.148,0,0.0,9.05,23.27,0.0,0.0,0.0,0.0,19,81,210,0,1.0,0,0.25,0,1,3.6,3.9,3.94,51.0,1.0,0.0,-4.102,123.017,3.102,15.0,3.6,3.9,3.94,51.0,1.0,0.0,-4.102,123.017,3.102,15.0,0.0,1.358,0,1.358,51.0,0,0,1,0,0,0,0,1,0,1,0,0,0,0,0,0,1,0,0.0,0
jacksis01,Isaiah Jackson,test,-3.095235,2025,3,1,5.0,7.0,16.8,18.2,0.8,0.1,0.3,0.171,17.6,0.6001,1.0,5.6,1.6,0.6,1.0,4,163.0,7.18,14.96,1.1,7.7,1.1,6.3,23,80,205,4,1.0,0,0.25,0,0,1.68,2.2,2.23,50.0,1.0,0.0,-30.645,166.84,2.531,15.0,1.68,2.2,2.23,50.0,1.0,0.0,-30.645,166.84,2.531,15.0,0.0,2.126,0,2.126,25.0,0,0,1,0,0,1,0,0,0,1,0,1,0,0,0,0,0,0,0.0,0
jacksjo02,Josh Jackson,train,-3.106462,2020,2,1,22.0,9.0,17.318,14.1,0.1,0.2,0.5,0.063,22.8,0.547,1.591,3.0,0.409,0.818,1.273,3,178.0,11.91,24.31,-2.2,-1.9,-2.2,-1.9,23,80,207,3,0.0,0,0.25,0,0,-4.38,-3.7,-3.56,20.0,0.0,0.0,-26.875,104.276,26.884,15.0,-0.91,-1.1,-1.07,34.0,0.0,0.0,-23.705,97.227,32.254,15.0,0.0,1.358,0,4.365,14.0,1,0,1,0,0,1,0,0,1,0,0,0,0,0,1,0,0,1,0.0,0
jacksre01,Reggie Jackson,train,-1.475907,2015,5,1,77.0,14.506,29.455,17.2,1.1,1.8,4.9,0.104,24.6,0.5115,6.0,4.247,0.117,0.805,2.416,4,272.0,9.85,22.2,3.3,12.4,3.5,12.3,25,74,208,4,1.0,0,0.25,0,1,-1.39,-1.1,-1.0,32.0,0.0,0.0,-0.807,49.559,14.313,15.0,-1.39,-1.1,-1.0,32.0,0.0,0.0,-0.807,49.559,14.313,15.0,0.0,4.365,0,4.365,14.0,0,0,1,0,0,1,0,0,0,0,1,0,0,1,0,0,0,1,1.0,0
jacksre01,Reggie Jackson,train,-2.342642,2021,2,1,67.0,10.672,23.045,14.2,0.4,0.9,3.7,0.115,19.9,0.5756,3.06,2.866,0.104,0.612,1.104,10,628.0,12.61,24.94,9.6,33.0,2.6,9.8,31,74,208,10,1.0,0,0.35,0,1,6.02,6.4,6.18,47.0,1.0,0.0,-28.265,137.011,0.395,15.0,6.02,6.4,6.18,47.0,1.0,0.0,-28.265,137.011,0.395,15.0,1.0,12.901,1,12.901,2.0,0,0,1,0,0,0,1,0,1,0,0,0,0,0,0,1,0,2,2.0,0
jacksre01,Reggie Jackson,val,-3.278679,2023,2,1,68.0,10.191,24.368,10.0,-3.9,-0.8,0.6,0.017,20.8,0.5139,3.426,2.118,0.088,0.691,1.691,12,771.0,12.81,25.5,8.2,34.0,-0.5,4.7,33,74,208,12,1.0,1,0.35,0,1,3.04,3.4,3.33,53.0,1.0,1.0,-45.946,160.688,0.0,15.0,3.04,3.4,3.33,53.0,1.0,1.0,-45.946,160.688,0.0,15.0,0.0,3.038,0,3.038,17.0,0,0,1,0,0,0,1,0,0,1,0,0,0,1,0,0,0,1,1.0,0
jackstr02,Trayce Jackson-Davis,val,-4.265706,2023,4,0,66.0,9.478,24.912,14.9,-0.1,0.7,3.2,0.104,19.0,0.559,1.722,3.879,0.354,0.721,1.148,0,0.0,9.05,23.27,0.0,0.0,0.0,0.0,23,81,245,0,1.0,0,0.25,0,1,1.66,1.7,1.8,44.0,1.0,0.0,-75.666,188.444,0.058,15.0,1.66,1.7,1.8,44.0,1.0,0.0,-75.666,188.444,0.058,15.0,1.0,4.749,1,4.749,10.0,0,0,1,0,0,0,0,1,0,1,0,0,0,0,0,0,1,2,2.0,0
jamesbr02,Bronny James,test,-4.265265,2024,4,0,66.0,9.478,24.912,14.9,-0.1,0.7,3.2,0.104,19.0,0.559,1.722,3.879,0.354,0.721,1.148,0,0.0,9.05,23.27,0.0,0.0,0.0,0.0,20,74,210,0,1.0,0,0.25,0,0,1.07,0.6,0.6,47.0,1.0,0.0,-45.955,168.056,0.0,15.0,1.07,0.6,0.6,47.0,1.0,0.0,-45.955,168.056,0.0,15.0,1.0,12.901,1,12.901,2.0,0,0,1,0,0,0,0,1,0,1,0,0,0,0,0,0,1,2,2.0,0
jamesle01,LeBron James,train,-1.094893,2014,2,1,77.0,27.13,37.688,29.3,8.8,7.9,15.9,0.263,31.0,0.6486,6.338,6.922,0.338,1.571,3.506,9,683.0,28.32,39.19,82.6,149.3,25.4,49.7,30,81,250,11,1.0,0,0.35,0,4,0.28,0.3,0.28,42.0,1.0,0.0,-12.901,92.25,0.0,15.0,0.34,0.5,0.43,42.0,1.0,0.0,-12.901,92.929,0.0,15.0,0.0,2.088,0,2.088,19.0,0,0,1,0,0,0,1,0,0,0,1,0,1,0,0,0,0,1,1.0,0
jamesle01,LeBron James,train,-1.038257,2016,3,1,76.0,25.263,35.645,27.5,9.0,7.5,13.6,0.241,31.4,0.5882,6.763,7.434,0.645,1.368,3.276,11,828.0,27.78,38.61,95.8,173.3,21.1,39.9,32,81,250,13,1.0,0,0.35,0,3,5.45,6.4,6.0,57.0,1.0,1.0,-37.976,106.998,0.031,15.0,5.45,6.4,6.0,57.0,1.0,1.0,-37.976,106.998,0.031,15.0,0.0,2.088,0,2.088,19.0,0,0,1,0,0,0,1,0,0,0,1,0,0,0,1,0,0,1,1.0,0
jamesle01,LeBron James,train,-0.976281,2018,4,1,82.0,27.451,36.902,28.6,8.7,8.2,14.0,0.222,31.6,0.6206,9.11,8.646,0.866,1.415,4.232,13,984.0,27.65,38.4,110.7,200.2,22.4,40.5,34,81,250,15,0.0,0,0.35,0,2,-1.44,-1.5,-1.55,35.0,0.0,0.0,-6.027,93.849,8.329,15.0,0.59,1.0,0.94,50.0,1.0,0.0,-41.302,135.777,0.203,15.0,0.0,2.088,1,12.901,2.0,0,0,1,0,0,0,1,0,1,0,0,0,1,0,0,0,0,2,1.0,0
jamesle01,LeBron James,train,-0.96495,2020,2,1,67.0,25.343,34.567,25.5,8.4,6.1,9.8,0.203,31.5,0.5773,10.209,7.836,0.537,1.164,3.896,15,1106.0,27.5,38.01,121.7,217.2,19.2,31.0,36,81,250,17,1.0,0,0.35,0,2,6.28,5.7,5.79,52.0,1.0,1.0,-13.584,107.807,10.149,15.0,6.28,5.7,5.79,52.0,1.0,1.0,-13.584,107.807,10.149,15.0,1.0,12.901,1,12.901,2.0,1,1,0,0,0,0,0,1,1,0,0,0,0,1,0,0,0,2,2.0,0
jamesle01,LeBron James,val,-1.010635,2022,2,1,56.0,30.268,37.214,26.2,7.7,5.1,7.5,0.173,32.3,0.6191,6.232,8.196,1.054,1.304,3.5,17,1207.0,27.53,37.8,130.6,230.3,15.0,22.9,38,81,250,19,1.0,0,0.35,0,2,-3.08,-3.0,-3.05,33.0,0.0,0.0,-48.448,147.504,8.53,15.0,-3.08,-3.0,-3.05,33.0,0.0,0.0,-48.448,147.504,8.53,15.0,1.0,12.901,1,12.901,2.0,0,1,0,0,0,0,0,1,1,0,0,1,0,0,0,0,0,2,2.0,0
jamesle01,LeBron James,test,-1.020302,2024,2,1,71.0,25.662,35.268,23.7,6.5,5.4,8.5,0.163,29.2,0.6297,8.296,7.296,0.535,1.254,3.451,19,1333.0,27.49,37.57,140.0,244.4,14.5,21.6,40,81,250,21,1.0,1,0.35,0,1,1.07,0.6,0.6,47.0,1.0,0.0,-45.955,168.056,0.0,15.0,1.07,0.6,0.6,47.0,1.0,0.0,-45.955,168.056,0.0,15.0,1.0,12.901,1,12.901,2.0,0,0,1,0,0,0,1,0,0,1,0,0,1,0,0,0,0,2,2.0,0
jamesle01,LeBron James,test,-3.757689,2026,2,1,60.0,20.933,33.15,20.8,3.5,2.8,5.4,0.13,27.2,0.5936,7.2,6.067,0.583,1.2,2.983,21,1463.0,27.08,37.27,147.5,257.5,12.9,21.6,42,81,250,23,0.0,1,0.35,0,0,-0.27,-0.1,-0.18,45.0,1.0,0.0,-45.251,192.382,1.124,15.0,1.68,1.8,1.76,53.0,1.0,0.0,-56.752,194.334,0.992,15.0,1.0,12.901,1,6.228,5.0,0,0,1,0,0,0,1,0,0,1,0,0,0,0,1,0,0,2,2.0,0
jamessi01,Sion James,test,-4.127859,2025,4,0,66.0,9.478,24.912,14.9,-0.1,0.7,3.2,0.104,19.0,0.559,1.722,3.879,0.354,0.721,1.148,0,0.0,9.05,23.27,0.0,0.0,0.0,0.0,23,77,220,0,1.0,0,0.25,0,0,-9.1,-9.3,-9.11,19.0,0.0,0.0,-26.835,152.437,14.987,15.0,-9.1,-9.3,-9.11,19.0,0.0,0.0,-26.835,152.437,14.987,15.0,0.0,2.66,0,2.66,21.0,0,0,1,0,0,0,0,1,0,1,0,0,0,0,0,0,1,0,0.0,0
jeffeal01,Al Jefferson,train,-2.24223,2016,3,1,47.0,11.957,23.319,18.2,-0.5,0.4,2.8,0.123,24.2,0.5074,1.489,6.404,0.872,0.638,0.723,11,742.0,17.63,32.12,20.7,64.4,5.2,15.3,31,82,289,12,0.0,0,0.35,0,0,1.62,1.7,1.71,45.0,1.0,0.0,-2.414,66.752,5.662,15.0,2.36,2.9,2.72,48.0,1.0,0.0,-10.427,78.341,0.191,15.0,0.0,2.66,0,2.126,25.0,0,0,1,0,0,0,1,0,0,0,1,1,0,0,0,0,0,0,0.0,0
jefferi01,Richard Jefferson,train,-3.615279,2016,3,1,74.0,5.541,17.919,9.7,-1.2,0.3,2.7,0.098,13.4,0.5852,0.797,1.73,0.189,0.446,0.581,11,808.0,12.62,28.75,11.9,53.0,1.0,7.7,36,79,233,15,1.0,0,0.35,0,0,5.45,6.4,6.0,57.0,1.0,1.0,-37.976,106.998,0.031,15.0,5.45,6.4,6.0,57.0,1.0,1.0,-37.976,106.998,0.031,15.0,0.0,2.088,0,2.088,19.0,0,0,1,0,0,0,1,0,0,0,1,0,0,0,1,0,0,1,1.0,0
jeffrda01,DaQuan Jeffries,test,-3.934233,2024,3,1,17.0,0.824,2.706,3.1,-8.1,-0.1,-0.1,-0.104,19.6,0.3915,0.294,0.294,0.059,0.0,0.176,4,64.0,3.02,10.77,-0.5,0.5,-0.1,-0.1,27,77,222,5,1.0,0,0.25,0,0,4.36,4.8,4.59,50.0,1.0,0.0,-26.935,160.343,2.613,15.0,4.36,4.8,4.59,50.0,1.0,0.0,-26.935,160.343,2.613,15.0,1.0,19.113,1,19.113,1.0,0,0,0,0,1,0,1,0,0,1,0,0,0,0,0,1,0,2,2.0,1
jerebjo01,Jonas Jerebko,train,-2.639057,2015,2,1,75.0,5.973,16.4,15.0,0.9,0.9,3.5,0.137,16.2,0.549,0.947,3.76,0.24,0.613,0.587,5,332.0,7.2,19.77,2.0,14.6,1.4,6.9,28,82,231,6,1.0,0,0.25,0,0,-0.4,0.2,0.16,40.0,1.0,0.0,2.662,52.905,7.498,15.0,-0.4,0.2,0.16,40.0,1.0,0.0,2.662,52.905,7.498,15.0,1.0,4.899,1,4.899,9.0,0,0,1,0,0,0,1,0,0,0,1,0,1,0,0,0,0,2,2.0,0
jerebjo01,Jonas Jerebko,train,-3.185072,2017,2,1,78.0,3.833,15.795,9.3,-2.4,-0.1,2.1,0.082,11.4,0.5372,0.91,3.487,0.218,0.321,0.5,7,488.0,6.21,18.38,1.9,19.1,0.8,8.0,30,82,231,8,0.0,0,0.3,0,0,4.0,4.3,3.94,51.0,1.0,0.0,13.645,80.223,0.275,15.0,2.25,2.8,2.63,53.0,1.0,0.0,1.108,91.485,1.55,15.0,1.0,4.899,0,1.266,28.0,0,0,1,0,0,0,1,0,1,0,0,0,1,0,0,0,0,0,2.0,0
jeromty01,Ty Jerome,val,-4.0734,2023,2,1,45.0,6.867,18.133,12.8,-0.8,0.3,2.1,0.124,14.9,0.5941,3.0,1.733,0.111,0.511,0.667,4,157.0,7.03,17.41,0.4,3.9,0.5,3.9,26,77,195,4,0.0,0,0.25,0,0,5.23,5.5,5.38,51.0,1.0,0.0,-30.906,121.703,27.548,15.0,-7.62,-7.9,-7.85,22.0,0.0,0.0,-14.642,48.379,88.279,15.0,1.0,7.206,0,2.088,19.0,0,0,1,0,0,0,1,0,0,1,0,0,0,0,0,1,0,1,2.0,0
jeromty01,Ty Jerome,test,-2.81977,2025,3,1,70.0,12.543,19.9,21.0,4.3,2.2,5.9,0.203,23.6,0.6426,3.386,2.471,0.043,1.114,1.314,6,229.0,8.67,18.08,2.6,9.8,2.5,8.0,28,77,195,6,0.0,1,0.25,0,0,4.79,4.7,4.85,48.0,1.0,0.0,-27.227,155.85,8.015,15.0,8.81,9.5,9.54,64.0,1.0,0.0,-37.624,169.371,0.491,15.0,0.0,2.088,0,1.358,51.0,0,0,1,0,0,0,1,0,0,1,0,0,0,0,0,1,0,0,1.0,0
joeis01,Isaiah Joe,train,-4.356159,2020,3,0,66.0,9.478,24.912,14.9,-0.1,0.7,3.2,0.104,19.0,0.559,1.722,3.879,0.354,0.721,1.148,0,0.0,9.05,23.27,0.0,0.0,0.0,0.0,21,76,165,0,1.0,0,0.25,0,1,2.25,2.3,2.38,43.0,1.0,0.0,-20.963,126.784,3.319,15.0,2.25,2.3,2.38,43.0,1.0,0.0,-20.963,126.784,3.319,15.0,1.0,6.228,1,6.228,5.0,1,0,1,0,0,0,0,1,1,0,0,0,0,0,0,0,1,2,2.0,0
joeis01,Isaiah Joe,val,-4.126016,2022,3,1,55.0,3.6,11.073,7.7,-4.6,-0.4,0.4,0.032,15.5,0.5193,0.636,1.018,0.055,0.255,0.345,2,96.0,3.66,10.33,-0.5,1.0,-0.5,1.0,23,76,165,2,0.0,0,0.25,0,1,-7.9,-8.2,-8.1,24.0,0.0,0.0,21.901,47.135,33.723,15.0,2.57,2.7,2.61,51.0,1.0,0.0,-44.015,145.134,0.116,15.0,1.0,6.228,0,1.435,47.0,0,0,1,0,0,1,0,0,1,0,0,0,0,0,0,1,0,0,2.0,0
joeis01,Isaiah Joe,test,-2.460927,2024,4,1,78.0,8.154,18.526,13.4,0.9,1.0,3.5,0.116,16.6,0.6261,1.269,2.308,0.282,0.59,0.603,4,247.0,6.79,15.51,1.5,8.3,1.6,7.7,25,76,165,4,1.0,0,0.25,0,0,7.36,7.4,7.41,57.0,1.0,0.0,-24.482,127.645,32.857,15.0,7.36,7.4,7.41,57.0,1.0,0.0,-24.482,127.645,32.857,15.0,0.0,1.435,0,1.435,47.0,0,0,1,0,0,1,0,0,0,1,0,0,0,0,0,1,0,0,0.0,0
johnsal02,Alize Johnson,train,-4.505905,2018,2,0,66.0,9.478,24.912,14.9,-0.1,0.7,3.2,0.104,19.0,0.559,1.722,3.879,0.354,0.721,1.148,0,0.0,9.05,23.27,0.0,0.0,0.0,0.0,22,81,212,0,1.0,0,0.25,0,0,1.18,1.4,1.38,48.0,1.0,0.0,5.431,90.081,3.581,15.0,1.18,1.4,1.38,48.0,1.0,0.0,5.431,90.081,3.581,15.0,0.0,2.126,0,2.126,25.0,0,0,1,0,0,0,0,1,1,0,0,0,0,0,0,0,1,0,0.0,0
johnsal02,Alize Johnson,train,-4.131628,2021,2,1,18.0,5.222,10.5,23.5,2.7,0.2,0.9,0.229,19.1,0.6375,0.778,5.0,0.278,0.278,0.5,3,49.0,2.88,7.57,0.1,1.2,0.1,1.2,25,81,212,3,0.0,0,0.25,0,0,-0.94,-0.9,-0.89,31.0,0.0,0.0,-18.925,127.968,0.097,15.0,4.24,4.5,4.5,48.0,1.0,0.0,-59.41,164.541,2.389,15.0,1.0,19.113,1,9.441,3.0,0,0,1,0,0,1,0,0,1,0,0,0,1,0,0,0,0,2,2.0,0
johnsam01,Amir Johnson,train,-1.763589,2015,2,1,75.0,9.253,26.387,15.4,-0.1,0.9,5.1,0.124,15.7,0.6027,1.56,6.08,0.787,0.587,1.467,10,586.0,7.61,22.55,7.2,39.2,4.2,18.7,28,81,240,9,1.0,0,0.3,0,0,-0.4,0.2,0.16,40.0,1.0,0.0,2.662,52.905,7.498,15.0,-0.4,0.2,0.16,40.0,1.0,0.0,2.662,52.905,7.498,15.0,1.0,4.899,1,4.899,9.0,0,0,1,0,0,0,1,0,0,0,1,0,1,0,0,0,0,2,2.0,0
johnsca02,Cameron Johnson,val,-1.750504,2023,4,1,42.0,15.476,28.548,17.1,2.6,1.4,3.5,0.14,20.6,0.6169,1.857,4.405,0.333,1.19,0.881,4,225.0,11.33,24.98,4.9,14.4,4.2,11.7,27,80,210,4,1.0,0,0.25,0,0,1.03,0.9,0.85,45.0,1.0,0.0,-41.12,155.025,4.242,15.0,1.03,0.9,0.85,45.0,1.0,0.0,-41.12,155.025,4.242,15.0,1.0,19.113,1,19.113,1.0,0,0,1,0,0,1,0,0,0,1,0,0,1,0,0,0,0,2,2.0,0
johnsja01,James Johnson,train,-3.227875,2014,2,1,52.0,7.385,18.385,18.5,4.5,1.6,3.0,0.151,20.0,0.5524,2.135,3.192,1.096,0.808,1.269,5,271.0,6.47,18.35,2.8,6.5,2.6,5.1,27,79,240,5,1.0,0,0.25,0,1,0.28,0.3,0.28,42.0,1.0,0.0,-12.901,92.25,0.0,15.0,0.34,0.5,0.43,42.0,1.0,0.0,-12.901,92.929,0.0,15.0,1.0,6.202,1,6.202,9.0,0,0,1,0,0,0,1,0,0,0,1,0,0,0,1,0,0,2,2.0,0
johnsja01,James Johnson,train,-1.926518,2017,3,1,76.0,12.829,27.434,17.0,2.8,2.5,5.1,0.117,22.0,0.5645,3.632,4.947,1.132,1.0,2.25,8,474.0,7.53,19.74,7.0,17.0,4.2,10.5,30,79,240,8,1.0,0,0.3,0,1,0.77,1.1,1.06,41.0,0.0,0.0,-7.677,96.524,5.297,15.0,0.77,1.1,1.06,41.0,0.0,0.0,-7.677,96.524,5.297,15.0,0.0,6.266,0,6.266,18.0,0,0,1,0,0,0,1,0,1,0,0,0,1,0,0,0,0,1,1.0,0
johnske07,Keon Johnson,test,-4.132684,2024,2,1,5.0,6.2,12.2,13.1,-2.7,0.0,0.1,0.079,22.2,0.5898,0.6,1.4,0.2,0.6,1.0,3,82.0,5.94,14.32,-1.1,-0.9,-1.1,-0.9,22,77,185,3,0.0,0,0.25,0,1,-3.02,-2.9,-2.89,32.0,0.0,0.0,-21.961,139.773,11.948,15.0,3.08,3.0,3.06,49.0,1.0,0.0,-59.2,188.29,3.041,16.0,0.0,5.059,1,19.113,1.0,0,0,1,0,0,0,1,0,0,1,0,0,0,0,0,1,0,2,2.0,0
johnsst04,Stanley Johnson,train,-3.183785,2015,2,0,66.0,9.478,24.912,14.9,-0.1,0.7,3.2,0.104,19.0,0.559,1.722,3.879,0.354,0.721,1.148,0,0.0,9.05,23.27,0.0,0.0,0.0,0.0,19,78,242,0,1.0,0,0.25,0,4,-1.39,-1.1,-1.0,32.0,0.0,0.0,-0.807,49.559,14.313,15.0,-1.39,-1.1,-1.0,32.0,0.0,0.0,-0.807,49.559,14.313,15.0,0.0,4.365,0,4.365,14.0,0,0,1,0,0,0,0,1,0,0,1,0,0,0,0,0,1,1,1.0,0
johnsst04,Stanley Johnson,train,-3.380253,2019,2,1,66.0,6.879,18.303,9.6,-2.2,0.0,0.5,0.02,19.4,0.4849,1.333,3.288,0.212,0.909,1.227,4,285.0,6.96,21.61,-1.2,3.3,-0.7,2.7,23,78,242,4,0.0,0,0.25,0,2,5.49,6.0,6.09,58.0,1.0,1.0,-47.819,135.46,1.971,15.0,-1.1,-1.2,-1.33,33.0,0.0,0.0,-14.204,98.806,15.722,15.0,0.0,1.29,1,6.202,9.0,0,0,1,0,0,0,1,0,1,0,0,0,0,0,1,0,0,2,0.0,0
johnsty01,Tyler Johnson,train,-4.537209,2014,2,0,66.0,9.478,24.912,14.9,-0.1,0.7,3.2,0.104,19.0,0.559,1.722,3.879,0.354,0.721,1.148,0,0.0,9.05,23.27,0.0,0.0,0.0,0.0,22,75,186,0,1.0,0,0.25,0,1,0.28,0.3,0.28,42.0,1.0,0.0,-12.901,92.25,0.0,15.0,0.34,0.5,0.43,42.0,1.0,0.0,-12.901,92.929,0.0,15.0,0.0,6.266,0,6.266,18.0,0,0,1,0,0,0,0,1,0,0,1,0,0,0,0,0,1,1,1.0,1
johnsty01,Tyler Johnson,train,-4.892852,2015,2,1,32.0,5.938,18.844,12.0,-0.9,0.2,0.8,0.064,17.0,0.5062,1.312,2.531,0.281,1.031,0.938,1,32.0,5.94,18.84,0.2,0.8,0.2,0.8,23,75,186,0,1.0,0,0.25,0,1,-2.92,-2.8,-2.6,37.0,0.0,0.0,-12.901,75.085,0.882,16.0,-2.92,-2.8,-2.6,37.0,0.0,0.0,-12.901,75.085,0.882,16.0,0.0,6.266,0,6.266,18.0,1,0,1,0,0,1,0,0,0,0,1,0,0,0,0,1,0,1,1.0,1
johnsty01,Tyler Johnson,train,-2.019086,2016,4,1,36.0,8.722,23.972,13.8,0.7,0.6,2.0,0.111,16.8,0.579,2.194,3.028,0.389,0.667,1.306,2,68.0,7.41,21.56,0.8,2.8,0.8,2.8,24,75,186,1,1.0,0,0.25,0,1,1.5,1.7,1.65,48.0,1.0,0.0,-14.62,82.539,2.08,15.0,1.5,1.7,1.65,48.0,1.0,0.0,-14.62,82.539,2.08,15.0,0.0,6.266,0,6.266,18.0,0,0,0,1,0,1,0,0,0,0,1,0,0,0,0,1,0,1,1.0,1
johnswe01,Wesley Johnson,train,-4.095774,2015,2,1,76.0,9.908,29.539,11.1,-1.9,0.1,1.7,0.036,16.4,0.5086,1.632,4.197,0.592,0.776,1.145,5,349.0,8.51,25.72,0.5,5.5,0.3,3.6,28,79,215,5,1.0,0,0.25,0,1,6.8,6.9,6.59,56.0,1.0,0.0,-19.845,77.555,3.075,15.0,6.8,6.9,6.59,56.0,1.0,0.0,-19.845,77.555,3.075,15.0,1.0,12.901,1,12.901,2.0,0,0,1,0,0,0,1,0,0,0,1,0,0,0,1,0,0,2,2.0,0
johnswe01,Wesley Johnson,train,-2.775528,2016,3,1,80.0,6.862,20.825,11.0,-0.2,0.8,2.6,0.075,16.0,0.5129,0.613,3.1,0.7,1.113,0.675,6,429.0,8.2,24.81,1.3,8.1,1.4,6.2,29,79,215,6,1.0,0,0.25,0,1,4.13,4.5,4.28,53.0,1.0,0.0,-29.998,94.554,1.586,15.0,4.13,4.5,4.28,53.0,1.0,0.0,-29.998,94.554,1.586,15.0,1.0,12.901,1,12.901,2.0,0,0,1,0,0,0,1,0,0,0,1,0,0,0,1,0,0,2,2.0,0
jokicni01,Nikola Jokić,train,-3.941011,2015,3,0,66.0,9.478,24.912,14.9,-0.1,0.7,3.2,0.104,19.0,0.559,1.722,3.879,0.354,0.721,1.148,0,0.0,9.05,23.27,0.0,0.0,0.0,0.0,20,83,284,0,1.0,0,0.25,0,0,-3.07,-3.7,-3.55,30.0,0.0,0.0,-2.765,53.359,2.783,15.0,-3.07,-3.7,-3.55,30.0,0.0,0.0,-2.765,53.359,2.783,15.0,0.0,3.038,0,3.038,17.0,0,0,1,0,0,1,0,0,0,0,1,0,0,0,0,0,1,1,1.0,0
jokicni01,Nikola Jokić,train,-1.237942,2018,5,1,75.0,18.467,32.573,24.4,6.9,5.5,10.7,0.21,24.2,0.6034,6.107,10.707,0.813,1.2,2.8,3,228.0,14.92,27.25,12.9,27.1,12.9,27.1,23,83,284,3,1.0,0,0.25,0,0,1.57,1.5,1.48,46.0,0.0,0.0,-7.422,101.779,4.736,16.0,1.57,1.5,1.48,46.0,0.0,0.0,-7.422,101.779,4.736,16.0,0.0,3.038,0,3.038,17.0,0,0,1,0,0,1,0,0,1,0,0,1,0,0,0,0,0,1,1.0,0
jokicni01,Nikola Jokić,val,-0.901412,2022,5,1,74.0,27.081,33.459,32.8,13.7,9.8,15.2,0.295,31.9,0.6605,7.892,13.77,0.851,1.473,3.797,7,527.0,19.67,30.39,44.0,79.5,24.1,40.6,27,83,284,7,1.0,1,0.35,1,0,2.16,2.4,2.3,48.0,1.0,0.0,-26.55,135.434,0.192,15.0,2.16,2.4,2.3,48.0,1.0,0.0,-26.55,135.434,0.192,15.0,0.0,3.038,0,3.038,17.0,0,1,0,0,0,0,0,1,1,0,0,1,0,0,0,0,0,1,1.0,0
jonesco02,Colby Jones,val,-4.127767,2023,4,0,66.0,9.478,24.912,14.9,-0.1,0.7,3.2,0.104,19.0,0.559,1.722,3.879,0.354,0.721,1.148,0,0.0,9.05,23.27,0.0,0.0,0.0,0.0,21,78,207,0,1.0,0,0.25,0,0,2.3,2.6,2.65,48.0,1.0,0.0,-31.16,134.31,2.919,15.0,2.3,2.6,2.65,48.0,1.0,0.0,-31.16,134.31,2.919,15.0,0.0,2.453,0,2.453,20.0,0,0,1,0,0,0,0,1,0,1,0,0,0,0,0,0,1,0,0.0,0
jonesda03,Damian Jones,train,-4.077446,2020,2,1,55.0,5.564,16.127,15.6,-1.5,0.1,2.8,0.152,11.4,0.7118,0.636,3.745,0.727,0.473,0.509,4,104.0,4.62,14.14,0.1,4.4,0.3,4.4,25,82,245,4,0.0,0,0.25,0,1,0.56,0.3,0.22,34.0,0.0,0.0,-11.997,98.37,22.767,15.0,-7.71,-7.6,-7.97,20.0,0.0,0.0,-3.203,82.576,29.766,15.0,1.0,6.144,0,5.059,12.0,1,0,1,0,0,0,1,0,1,0,0,1,0,0,0,0,0,2,2.0,0
jonesda03,Damian Jones,val,-3.92345,2022,2,1,56.0,8.107,18.161,18.3,0.3,0.6,3.3,0.156,16.2,0.7014,1.232,4.393,0.839,0.464,1.054,6,199.0,5.61,15.25,0.8,9.3,0.8,7.7,27,82,245,6,0.0,0,0.25,0,1,-3.08,-3.0,-3.05,33.0,0.0,0.0,-48.448,147.504,8.53,15.0,-5.26,-5.4,-5.46,30.0,0.0,0.0,-20.163,126.382,3.036,15.0,0.0,2.453,1,12.901,2.0,0,0,1,0,0,0,1,0,1,0,0,1,0,0,0,0,0,2,0.0,0
jonesde02,Derrick Jones Jr.,train,-4.419652,2016,3,0,66.0,9.478,24.912,14.9,-0.1,0.7,3.2,0.104,19.0,0.559,1.722,3.879,0.354,0.721,1.148,0,0.0,9.05,23.27,0.0,0.0,0.0,0.0,19,78,210,0,1.0,0,0.25,0,2,-6.32,-6.8,-6.66,23.0,0.0,0.0,-3.444,63.389,10.054,14.0,-6.32,-6.8,-6.66,23.0,0.0,0.0,-3.444,63.389,10.054,14.0,0.0,5.059,0,5.059,12.0,0,0,1,0,0,0,0,1,0,0,1,0,0,0,0,0,1,2,2.0,1
jonesde02,Derrick Jones Jr.,train,-4.166263,2018,2,1,20.0,3.05,12.25,10.1,-2.7,0.0,0.4,0.078,12.9,0.4799,0.45,1.9,0.65,0.2,0.35,2,52.0,4.4,15.19,0.0,1.5,0.0,1.5,21,78,210,2,1.0,0,0.25,0,2,0.15,0.5,0.48,44.0,1.0,0.0,-5.973,103.753,1.313,16.0,0.15,0.5,0.48,44.0,1.0,0.0,-5.973,103.753,1.313,16.0,0.0,6.266,0,6.266,18.0,0,0,1,0,0,1,0,0,1,0,0,0,0,0,1,0,0,1,1.0,1
jonesde02,Derrick Jones Jr.,train,-2.442393,2020,2,1,59.0,8.475,23.305,14.9,0.7,1.0,4.4,0.154,13.9,0.6202,1.051,3.949,0.644,0.983,0.508,4,171.0,6.73,19.4,1.4,8.8,1.4,7.7,23,78,210,4,0.0,0,0.25,0,2,-0.61,-1.1,-1.15,35.0,1.0,0.0,-28.527,132.113,5.555,15.0,2.59,3.0,2.95,44.0,1.0,0.0,-29.619,128.233,5.665,15.0,0.0,6.266,0,2.511,23.0,1,0,1,0,0,1,0,0,1,0,0,0,0,0,1,0,0,0,1.0,1
jonesde02,Derrick Jones Jr.,val,-3.629652,2022,2,1,51.0,5.608,17.627,13.0,-0.9,0.2,2.2,0.117,12.5,0.6333,0.588,3.314,0.647,0.49,0.588,6,280.0,6.55,19.77,1.8,13.4,1.4,9.0,25,78,210,6,1.0,1,0.25,0,1,-0.38,-0.4,-0.39,46.0,1.0,0.0,-23.705,132.834,1.796,15.0,-0.38,-0.4,-0.39,46.0,1.0,0.0,-23.705,132.834,1.796,15.0,1.0,9.441,1,9.441,3.0,0,0,1,0,0,0,1,0,1,0,0,0,1,0,0,0,0,2,2.0,1
jonesde02,Derrick Jones Jr.,test,-2.643249,2024,3,1,76.0,8.645,23.461,11.7,-1.5,0.2,3.1,0.083,14.9,0.5921,0.987,3.289,0.671,0.697,0.855,8,420.0,6.69,19.55,2.3,18.9,0.7,7.7,27,78,210,8,0.0,0,0.3,0,0,3.41,3.4,3.28,51.0,1.0,0.0,-66.06,198.296,1.764,15.0,2.3,2.2,2.21,50.0,1.0,0.0,-39.3,162.283,2.348,15.0,1.0,7.943,1,12.901,2.0,0,0,1,0,0,0,1,0,0,1,0,0,0,0,1,0,0,2,2.0,1
joneshe01,Herbert Jones,train,-4.149327,2021,3,0,66.0,9.478,24.912,14.9,-0.1,0.7,3.2,0.104,19.0,0.559,1.722,3.879,0.354,0.721,1.148,0,0.0,9.05,23.27,0.0,0.0,0.0,0.0,23,79,206,0,1.0,0,0.25,0,1,-0.2,-0.3,-0.29,31.0,0.0,0.0,-23.476,131.562,1.054,15.0,-0.2,-0.3,-0.29,31.0,0.0,0.0,-23.476,131.562,1.054,15.0,0.0,1.29,0,1.29,50.0,0,0,1,0,0,0,0,1,1,0,0,0,0,0,0,0,1,0,0.0,0
joneshe01,Herbert Jones,val,-2.313273,2023,4,1,66.0,9.833,29.561,12.1,-0.3,0.8,4.2,0.103,14.5,0.5675,2.455,4.076,0.636,1.561,1.333,2,144.0,9.66,29.76,1.7,8.8,1.7,8.8,25,79,206,2,1.0,0,0.25,0,0,1.63,1.9,1.89,42.0,0.0,0.0,-30.435,147.34,0.0,15.0,1.63,1.9,1.89,42.0,0.0,0.0,-30.435,147.34,0.0,15.0,0.0,1.29,0,1.29,50.0,0,0,1,0,0,1,0,0,0,1,0,0,1,0,0,0,0,0,0.0,0
joneshe01,Herbert Jones,test,-2.021755,2025,3,1,20.0,10.25,32.4,10.4,-3.6,-0.3,0.4,0.03,14.6,0.5406,3.25,3.9,0.45,1.85,1.75,4,240.0,10.14,30.23,3.0,15.5,2.1,10.9,27,79,206,4,1.0,1,0.25,0,0,-8.59,-9.5,-9.43,21.0,0.0,0.0,-42.378,167.934,2.715,15.0,-8.59,-9.5,-9.43,21.0,0.0,0.0,-42.378,167.934,2.715,15.0,0.0,1.29,0,1.29,50.0,0,1,0,0,0,0,0,1,0,1,0,0,0,0,1,0,0,0,0.0,0
joneska03,Kam Jones,test,-4.265267,2025,4,0,66.0,9.478,24.912,14.9,-0.1,0.7,3.2,0.104,19.0,0.559,1.722,3.879,0.354,0.721,1.148,0,0.0,9.05,23.27,0.0,0.0,0.0,0.0,23,76,200,0,1.0,0,0.25,0,0,1.68,2.2,2.23,50.0,1.0,0.0,-30.645,166.84,2.531,15.0,1.68,2.2,2.23,50.0,1.0,0.0,-30.645,166.84,2.531,15.0,0.0,2.126,0,2.126,25.0,0,0,1,0,0,0,0,1,0,1,0,0,0,0,0,0,1,0,0.0,0
jonessp01,Spencer Jones,test,-3.365749,2026,2,1,64.0,5.5,22.141,9.3,-2.4,-0.1,2.6,0.088,9.7,0.6188,0.797,3.266,0.453,0.812,0.484,2,84.0,4.5,18.36,-0.3,2.5,-0.3,2.5,25,79,225,2,1.0,0,0.25,0,0,4.97,5.2,5.15,54.0,1.0,0.0,-46.097,187.214,0.0,15.0,4.97,5.2,5.15,54.0,1.0,0.0,-46.097,187.214,0.0,15.0,0.0,3.038,0,3.038,17.0,0,0,0,1,0,1,0,0,0,1,0,0,0,0,1,0,0,1,1.0,1
jonestr01,Tre Jones,val,-2.661517,2023,2,1,68.0,12.868,29.176,16.0,-1.0,0.5,3.4,0.082,19.3,0.5344,6.588,3.603,0.132,1.309,1.618,3,174.0,7.94,19.55,0.8,6.7,0.8,6.7,23,73,185,3,1.0,0,0.25,0,0,-9.82,-9.8,-10.04,22.0,0.0,0.0,22.006,70.878,30.771,15.0,-9.82,-9.8,-10.04,22.0,0.0,0.0,22.006,70.878,30.771,15.0,0.0,2.602,0,2.602,31.0,0,0,1,0,0,1,0,0,0,1,0,0,0,1,0,0,0,0,0.0,0
jonestr01,Tre Jones,test,-2.961704,2025,3,1,46.0,7.174,19.674,16.3,1.5,0.8,2.9,0.154,14.1,0.6169,4.174,2.522,0.217,0.804,0.761,5,297.0,8.36,21.7,2.5,14.5,2.2,11.2,25,73,185,5,1.0,0,0.25,0,0,-1.83,-1.5,-1.56,39.0,0.0,0.0,-27.419,157.18,8.739,15.0,-1.83,-1.5,-1.56,39.0,0.0,0.0,-27.419,157.18,8.739,15.0,1.0,9.441,1,9.441,3.0,0,0,1,0,0,0,1,0,0,1,0,0,0,1,0,0,0,2,2.0,0
jonesty01,Tyus Jones,train,-3.978468,2015,2,0,66.0,9.478,24.912,14.9,-0.1,0.7,3.2,0.104,19.0,0.559,1.722,3.879,0.354,0.721,1.148,0,0.0,9.05,23.27,0.0,0.0,0.0,0.0,19,72,196,0,1.0,0,0.25,0,2,-8.0,-9.3,-8.79,16.0,0.0,0.0,-5.77,64.183,3.737,16.0,-8.0,-9.3,-8.79,16.0,0.0,0.0,-5.77,64.183,3.737,16.0,0.0,3.703,0,3.703,16.0,0,0,1,0,0,0,0,1,0,0,1,0,0,0,0,0,1,1,1.0,0
jonesty01,Tyus Jones,train,-2.51788,2019,3,1,68.0,6.882,22.941,13.7,-0.6,0.6,3.0,0.092,14.1,0.4912,4.809,1.971,0.074,1.191,0.691,4,247.0,5.06,17.71,2.0,8.4,2.1,8.1,23,72,196,4,0.0,0,0.25,0,0,-2.08,-2.7,-2.6,33.0,0.0,0.0,-22.346,119.619,2.419,16.0,-1.02,-1.5,-1.5,36.0,0.0,0.0,-19.994,117.381,2.967,16.0,0.0,3.703,0,1.358,51.0,0,0,0,1,0,1,0,0,1,0,0,0,0,1,0,0,0,0,1.0,0
jonesty01,Tyus Jones,val,-2.143347,2022,2,1,73.0,8.658,21.219,16.5,1.7,1.4,5.1,0.158,16.6,0.5439,4.438,2.411,0.027,0.904,0.63,7,455.0,6.17,18.41,5.1,19.3,3.1,10.9,26,72,196,7,1.0,0,0.3,0,0,5.37,5.6,5.68,56.0,1.0,0.0,-3.58,98.319,17.675,15.0,5.37,5.6,5.68,56.0,1.0,0.0,-3.58,98.319,17.675,15.0,0.0,1.358,0,1.358,51.0,0,0,1,0,0,0,1,0,1,0,0,0,0,1,0,0,0,0,0.0,0
jordade01,DeAndre Jordan,train,-1.162009,2015,4,1,82.0,11.537,34.39,21.0,2.9,3.5,12.8,0.218,13.6,0.6381,0.744,14.951,2.232,0.988,1.329,7,515.0,8.04,26.12,8.5,43.7,7.7,30.1,27,83,265,7,1.0,0,0.3,0,1,6.8,6.9,6.59,56.0,1.0,0.0,-19.845,77.555,3.075,15.0,6.8,6.9,6.59,56.0,1.0,0.0,-19.845,77.555,3.075,15.0,1.0,12.901,1,12.901,2.0,0,0,1,0,0,0,1,0,0,0,1,1,0,0,0,0,0,2,2.0,0
jordade01,DeAndre Jordan,train,-2.390046,2019,4,1,69.0,10.986,29.667,19.0,2.1,2.1,7.1,0.166,15.0,0.6742,2.261,13.072,1.058,0.609,2.217,11,819.0,9.57,28.2,19.4,83.5,7.7,28.3,31,83,265,11,0.0,0,0.35,0,0,-0.4,-0.1,-0.07,42.0,1.0,0.0,-15.703,77.806,39.766,15.0,-8.93,-9.2,-9.21,17.0,0.0,0.0,-21.397,62.775,60.49,15.0,1.0,19.113,1,19.113,1.0,0,0,1,0,0,0,1,0,1,0,0,1,0,0,0,0,0,2,2.0,0
jordade01,DeAndre Jordan,test,-3.756431,2026,2,1,12.0,4.417,16.583,15.7,-0.2,0.1,0.6,0.145,10.1,0.6712,0.917,6.333,0.833,0.333,0.75,18,1123.0,8.49,24.99,22.2,99.5,0.3,3.6,38,83,265,18,1.0,0,0.35,0,0,-4.26,-4.5,-4.5,26.0,0.0,0.0,-52.806,182.258,5.47,15.0,-4.26,-4.5,-4.5,26.0,0.0,0.0,-52.806,182.258,5.47,15.0,0.0,1.29,0,1.29,50.0,0,0,1,0,0,0,1,0,0,1,0,1,0,0,0,0,0,0,0.0,0
josepco01,Cory Joseph,train,-2.237266,2015,4,1,79.0,6.772,18.278,15.5,1.4,1.2,4.5,0.15,17.0,0.5644,2.38,2.43,0.215,0.582,0.848,4,204.0,5.21,14.87,1.9,8.3,2.1,8.3,24,74,200,4,1.0,0,0.25,0,2,2.45,3.3,3.07,49.0,1.0,0.0,-13.947,75.425,0.672,15.0,2.45,3.3,3.07,49.0,1.0,0.0,-13.947,75.425,0.672,15.0,1.0,6.202,1,6.202,9.0,0,0,1,0,0,0,1,0,0,0,1,0,0,1,0,0,0,2,2.0,0
josepco01,Cory Joseph,train,-2.174935,2019,3,1,82.0,6.549,25.159,11.0,-0.4,0.9,3.5,0.081,13.7,0.4736,3.915,3.402,0.268,1.146,0.976,8,528.0,6.94,21.51,3.9,21.8,1.6,10.0,28,74,200,8,0.0,0,0.3,0,1,-0.81,-1.1,-1.12,39.0,0.0,0.0,-2.169,92.25,11.789,15.0,2.76,3.4,3.33,48.0,1.0,0.0,-8.71,99.582,10.997,15.0,0.0,2.126,0,2.453,20.0,0,0,1,0,0,0,1,0,1,0,0,0,0,1,0,0,0,0,0.0,0
josepco01,Cory Joseph,train,-3.105775,2021,2,1,63.0,8.206,22.952,12.5,-1.8,0.1,2.1,0.07,16.3,0.5562,3.381,2.524,0.286,0.968,1.254,10,663.0,7.0,21.96,4.0,26.2,1.0,7.9,30,74,200,10,1.0,0,0.35,0,1,-4.38,-4.5,-4.47,20.0,0.0,0.0,-5.873,76.325,38.688,15.0,-4.38,-4.5,-4.47,20.0,0.0,0.0,-5.873,76.325,38.688,15.0,0.0,4.365,0,4.365,14.0,0,0,1,0,0,0,1,0,1,0,0,0,0,1,0,0,0,1,1.0,0
josepco01,Cory Joseph,test,-3.72648,2024,2,1,26.0,2.423,11.385,6.2,-4.7,-0.2,0.2,0.032,11.3,0.4696,1.615,1.154,0.115,0.154,0.462,13,816.0,6.93,21.67,4.0,30.7,0.0,4.5,33,74,200,13,0.0,0,0.35,0,1,1.48,2.1,2.02,47.0,1.0,0.0,-3.335,130.964,0.0,15.0,2.75,3.0,3.05,47.0,1.0,0.0,-10.658,127.077,17.801,15.0,0.0,2.126,0,2.673,15.0,0,0,1,0,0,0,1,0,0,1,0,0,0,1,0,0,0,1,0.0,0
juzanjo01,Johnny Juzang,test,-3.895887,2024,4,1,20.0,7.2,18.6,9.6,-3.7,-0.2,0.4,0.052,14.5,0.6198,1.15,1.8,0.1,0.2,0.65,2,38.0,6.08,15.89,-0.5,0.2,-0.5,0.2,23,79,226,1,1.0,0,0.25,0,0,-4.22,-4.9,-4.89,31.0,0.0,0.0,4.264,123.547,8.21,15.0,-4.22,-4.9,-4.89,31.0,0.0,0.0,4.264,123.547,8.21,15.0,0.0,1.266,0,1.266,28.0,0,0,1,0,0,1,0,0,0,1,0,0,0,0,0,1,0,0,0.0,1
kalkbry01,Ryan Kalkbrenner,test,-4.127859,2025,4,0,66.0,9.478,24.912,14.9,-0.1,0.7,3.2,0.104,19.0,0.559,1.722,3.879,0.354,0.721,1.148,0,0.0,9.05,23.27,0.0,0.0,0.0,0.0,23,85,256,0,1.0,0,0.25,0,0,-9.1,-9.3,-9.11,19.0,0.0,0.0,-26.835,152.437,14.987,15.0,-9.1,-9.3,-9.11,19.0,0.0,0.0,-26.835,152.437,14.987,15.0,0.0,2.66,0,2.66,21.0,0,0,1,0,0,0,0,1,0,1,0,0,0,0,0,0,1,0,0.0,0
kaminfr01,Frank Kaminsky,train,-3.266417,2015,2,0,66.0,9.478,24.912,14.9,-0.1,0.7,3.2,0.104,19.0,0.559,1.722,3.879,0.354,0.721,1.148,0,0.0,9.05,23.27,0.0,0.0,0.0,0.0,22,84,240,0,1.0,0,0.25,0,3,-3.44,-3.4,-3.17,33.0,0.0,0.0,-2.615,64.711,0.969,16.0,-3.44,-3.4,-3.17,33.0,0.0,0.0,-2.615,64.711,0.969,16.0,0.0,2.66,0,2.66,21.0,0,0,1,0,0,0,0,1,0,0,1,0,0,0,0,0,1,0,0.0,0
kanteen01,Enes Freedom,train,-1.386294,2015,4,1,75.0,15.507,28.467,20.3,-0.9,0.6,6.4,0.144,24.7,0.564,0.733,8.947,0.387,0.48,1.933,4,291.0,10.17,21.39,-0.5,12.6,-0.3,10.9,23,82,250,4,1.0,0,0.25,0,2,2.47,2.3,2.18,45.0,0.0,0.0,-16.642,77.876,0.915,15.0,2.47,2.3,2.18,45.0,0.0,0.0,-16.642,77.876,0.915,15.0,0.0,1.435,0,1.435,47.0,0,0,0,1,0,1,0,0,0,0,1,1,0,0,0,0,0,0,0.0,0
kellyry01,Ryan Kelly,train,-3.584507,2016,4,1,36.0,4.222,13.056,10.3,-3.5,-0.2,0.1,0.01,17.9,0.4399,0.556,3.361,0.278,0.361,0.5,3,147.0,6.5,20.51,-0.4,3.0,-0.4,3.0,25,83,230,3,0.0,0,0.25,0,1,1.62,1.7,1.71,45.0,1.0,0.0,-2.414,66.752,5.662,15.0,-8.92,-10.0,-9.56,17.0,0.0,0.0,-3.113,71.77,0.195,15.0,1.0,12.901,0,2.126,25.0,0,0,1,0,0,1,0,0,0,0,1,0,1,0,0,0,0,0,2.0,0
kellyry01,Ryan Kelly,train,-2.19646,2020,4,0,66.0,9.478,24.912,14.9,-0.1,0.7,3.2,0.104,19.0,0.559,1.722,3.879,0.354,0.721,1.148,4,163.0,6.02,19.17,-0.4,3.1,0.0,0.0,29,83,230,7,1.0,0,0.3,0,0,1.63,2.0,1.96,45.0,1.0,0.0,-5.452,112.347,2.245,15.0,1.63,2.0,1.96,45.0,1.0,0.0,-5.452,112.347,2.245,15.0,0.0,2.126,0,2.126,25.0,0,1,0,0,0,0,0,1,1,0,0,0,1,0,0,0,0,0,0.0,0
kellyry01,Ryan Kelly,test,-2.843921,2025,2,0,66.0,9.478,24.912,14.9,-0.1,0.7,3.2,0.104,19.0,0.559,1.722,3.879,0.354,0.721,1.148,4,163.0,6.02,19.17,-0.4,3.1,0.0,0.0,34,83,230,12,1.0,0,0.35,0,0,5.15,5.1,5.0,49.0,1.0,0.0,-96.138,198.848,3.706,15.0,5.15,5.1,5.0,49.0,1.0,0.0,-96.138,198.848,3.706,15.0,0.0,3.703,0,3.703,16.0,1,0,1,0,0,0,1,0,0,1,0,0,1,0,0,0,0,1,1.0,0
kennalu01,Luke Kennard,train,-2.102363,2020,3,1,28.0,15.786,32.929,14.4,-0.3,0.4,1.9,0.099,19.8,0.5893,4.107,3.5,0.214,0.429,1.536,3,164.0,9.84,23.31,1.2,7.0,1.2,7.0,24,77,206,3,0.0,0,0.25,0,1,6.66,6.3,6.44,49.0,1.0,0.0,-21.015,128.443,1.712,14.0,-4.38,-3.7,-3.56,20.0,0.0,0.0,-26.875,104.276,26.884,15.0,0.0,4.365,1,12.901,2.0,1,1,0,0,0,0,0,1,1,0,0,0,0,0,0,1,0,2,1.0,0
kennalu01,Luke Kennard,test,-3.30949,2026,2,1,78.0,8.359,21.551,13.5,0.1,0.9,4.5,0.128,13.5,0.6887,2.231,2.333,0.103,0.705,0.769,9,538.0,9.61,23.12,6.3,28.1,2.5,10.5,30,77,206,9,0.0,1,0.3,0,0,1.75,1.5,1.46,45.0,1.0,0.0,-53.15,162.374,25.493,15.0,1.68,1.8,1.76,53.0,1.0,0.0,-56.752,194.334,0.992,15.0,1.0,12.901,0,5.059,12.0,0,0,1,0,0,0,1,0,0,1,0,0,0,0,0,1,0,2,2.0,0
kesslwa01,Walker Kessler,test,-1.6593,2026,4,1,5.0,14.4,30.8,20.6,3.3,0.2,0.5,0.156,16.5,0.786,3.0,10.8,1.8,1.4,3.2,4,201.0,9.5,25.32,5.1,17.1,3.0,10.0,25,86,245,4,1.0,0,0.25,0,0,-8.05,-8.2,-8.43,22.0,0.0,0.0,-18.47,147.149,25.968,15.0,-8.05,-8.2,-8.43,22.0,0.0,0.0,-18.47,147.149,25.968,15.0,0.0,1.266,0,1.266,28.0,0,0,0,0,1,1,0,0,0,1,0,1,0,0,0,0,0,0,0.0,0
kiddgmi01,Michael Kidd-Gilchrist,train,-1.979866,2015,4,1,55.0,10.873,28.855,15.1,-0.5,0.6,3.8,0.115,18.4,0.519,1.4,7.564,0.691,0.545,1.145,3,195.0,8.97,26.23,0.3,9.0,0.3,9.0,22,78,230,3,1.0,0,0.25,0,1,-3.44,-3.4,-3.17,33.0,0.0,0.0,-2.615,64.711,0.969,16.0,-3.44,-3.4,-3.17,33.0,0.0,0.0,-2.615,64.711,0.969,16.0,0.0,2.66,0,2.66,21.0,0,1,0,0,0,0,0,1,0,0,1,0,0,0,1,0,0,0,0.0,0
kilpase01,Sean Kilpatrick,train,-4.342806,2015,2,1,4.0,5.5,18.0,10.0,-2.2,0.0,0.1,0.067,14.6,0.5055,1.0,1.5,0.0,0.75,0.5,1,4.0,5.5,18.0,0.0,0.1,0.0,0.1,25,76,210,0,0.0,0,0.25,0,0,1.13,0.9,0.79,45.0,1.0,0.0,-8.464,68.28,2.133,14.0,-3.07,-3.7,-3.55,30.0,0.0,0.0,-2.765,53.359,2.783,15.0,0.0,3.038,0,1.29,50.0,0,0,1,0,0,1,0,0,0,0,1,0,0,0,0,1,0,0,1.0,1
kilpase01,Sean Kilpatrick,train,-4.832497,2016,3,1,31.0,11.129,19.871,15.6,-2.2,0.0,1.0,0.078,23.8,0.576,0.935,1.806,0.065,0.387,1.0,2,35.0,10.49,19.66,0.0,1.1,0.0,1.1,26,76,210,1,0.0,0,0.25,0,0,-7.12,-7.7,-7.35,21.0,0.0,0.0,-11.451,51.713,28.791,15.0,-2.81,-3.3,-3.1,33.0,0.0,0.0,-1.449,60.187,11.262,15.0,0.0,3.038,1,19.113,1.0,1,0,1,0,0,1,0,0,0,0,1,0,0,0,0,1,0,2,1.0,1
kilpase01,Sean Kilpatrick,train,-3.897751,2018,3,1,52.0,6.346,12.308,11.6,-2.8,-0.1,0.1,0.007,24.9,0.5066,0.885,1.673,0.096,0.25,0.731,4,157.0,10.29,19.63,-0.2,2.6,-0.2,2.5,28,76,210,3,0.0,0,0.25,0,0,-6.84,-7.1,-7.04,27.0,0.0,0.0,8.987,63.827,26.279,15.0,0.15,0.1,0.04,42.0,0.0,0.0,-19.724,116.142,2.675,15.0,1.0,12.901,1,9.441,3.0,1,0,1,0,0,1,0,0,1,0,0,0,0,0,0,1,0,2,2.0,1
klebima01,Maxi Kleber,train,-4.505304,2017,2,0,66.0,9.478,24.912,14.9,-0.1,0.7,3.2,0.104,19.0,0.559,1.722,3.879,0.354,0.721,1.148,0,0.0,9.05,23.27,0.0,0.0,0.0,0.0,25,82,240,0,1.0,0,0.25,0,0,-2.53,-3.2,-2.93,33.0,0.0,0.0,-9.941,92.128,11.956,15.0,-2.53,-3.2,-2.93,33.0,0.0,0.0,-9.941,92.128,11.956,15.0,1.0,7.943,1,7.943,4.0,0,0,1,0,0,0,0,1,1,0,0,0,0,0,0,0,1,2,2.0,1
klebima01,Maxi Kleber,train,-2.50658,2019,4,1,71.0,6.831,21.155,13.1,0.4,0.9,3.5,0.112,13.5,0.5794,0.986,4.634,1.099,0.507,0.761,2,143.0,6.09,18.94,1.4,6.3,1.4,6.3,27,82,240,2,1.0,0,0.25,0,0,-0.87,-1.3,-1.28,33.0,0.0,0.0,14.109,73.674,14.086,15.0,-0.87,-1.3,-1.28,33.0,0.0,0.0,14.109,73.674,14.086,15.0,1.0,7.943,1,7.943,4.0,0,0,1,0,0,1,0,0,1,0,0,0,1,0,0,0,0,2,2.0,1
klebima01,Maxi Kleber,val,-2.514914,2022,3,1,59.0,6.966,24.576,11.0,-0.4,0.6,3.0,0.099,13.3,0.5371,1.153,5.932,0.983,0.508,0.797,5,326.0,7.08,22.67,3.8,17.0,2.4,10.7,30,82,240,5,1.0,0,0.25,0,0,3.12,3.4,3.3,52.0,1.0,0.0,-34.32,117.319,7.431,15.0,3.12,3.4,3.3,52.0,1.0,0.0,-34.32,117.319,7.431,15.0,1.0,7.943,1,7.943,4.0,0,1,0,0,0,0,0,1,1,0,0,0,1,0,0,0,0,2,2.0,1
knighbr03,Brandon Knight,train,-1.905758,2015,5,1,63.0,16.984,32.302,17.1,1.6,1.9,4.5,0.106,25.9,0.5425,5.238,3.873,0.159,1.429,3.0,4,276.0,15.24,32.35,2.0,9.7,2.3,8.4,24,74,182,4,1.0,0,0.25,0,0,-0.38,-0.9,-0.9,39.0,0.0,0.0,2.828,55.464,4.773,16.0,-0.38,-0.9,-0.9,39.0,0.0,0.0,2.828,55.464,4.773,16.0,0.0,5.059,0,5.059,12.0,0,1,0,0,0,0,0,1,0,0,1,0,0,1,0,0,0,2,2.0,0
knighna01,Nathan Knight,val,-4.167778,2022,2,1,37.0,3.73,7.216,18.7,-0.6,0.1,1.0,0.18,20.7,0.6031,0.595,2.297,0.216,0.189,0.486,2,70.0,3.74,7.8,0.0,1.4,0.0,1.4,25,80,253,2,1.0,0,0.25,0,1,2.53,2.6,2.63,46.0,1.0,0.0,-53.32,136.155,0.0,15.0,2.53,2.6,2.63,46.0,1.0,0.0,-53.32,136.155,0.0,15.0,0.0,3.703,0,3.703,16.0,0,0,1,0,0,1,0,0,1,0,0,0,1,0,0,0,0,1,1.0,1
knoxke01,Kevin Knox,val,-3.718883,2022,2,1,30.0,3.1,7.4,10.9,-4.1,-0.1,0.2,0.043,20.0,0.4911,0.333,1.467,0.067,0.133,0.233,4,212.0,7.73,18.91,-2.7,-0.3,-0.7,1.0,23,80,215,4,0.0,0,0.25,0,1,-7.36,-7.8,-7.72,23.0,0.0,0.0,-16.575,83.561,45.428,15.0,1.55,1.6,1.56,43.0,1.0,0.0,-20.359,132.773,0.0,15.0,1.0,6.144,0,4.365,14.0,0,0,1,0,0,0,1,0,1,0,0,0,0,0,1,0,0,1,2.0,0
kolekty01,Tyler Kolek,test,-4.128259,2024,4,0,66.0,9.478,24.912,14.9,-0.1,0.7,3.2,0.104,19.0,0.559,1.722,3.879,0.354,0.721,1.148,0,0.0,9.05,23.27,0.0,0.0,0.0,0.0,23,74,195,0,1.0,0,0.25,0,0,4.36,4.8,4.59,50.0,1.0,0.0,-26.935,160.343,2.613,15.0,4.36,4.8,4.59,50.0,1.0,0.0,-26.935,160.343,2.613,15.0,1.0,19.113,1,19.113,1.0,0,0,1,0,0,0,0,1,0,1,0,0,0,0,0,0,1,2,2.0,0
kolokch01,Christian Koloko,val,-4.259786,2022,3,0,66.0,9.478,24.912,14.9,-0.1,0.7,3.2,0.104,19.0,0.559,1.722,3.879,0.354,0.721,1.148,0,0.0,9.05,23.27,0.0,0.0,0.0,0.0,22,83,225,0,1.0,0,0.25,0,0,2.38,2.4,2.29,48.0,1.0,0.0,-37.026,130.912,2.776,15.0,2.38,2.4,2.29,48.0,1.0,0.0,-37.026,130.912,2.776,15.0,1.0,6.202,1,6.202,9.0,0,0,1,0,0,0,0,1,1,0,0,0,0,0,0,0,1,2,2.0,0
konchjo01,John Konchar,train,-3.881701,2020,4,1,19.0,2.842,9.526,18.0,4.5,0.3,0.7,0.186,10.3,0.7128,1.158,2.474,0.158,0.368,0.368,1,19.0,2.84,9.53,0.3,0.7,0.3,0.7,24,77,210,1,1.0,0,0.25,0,0,-0.91,-1.1,-1.07,34.0,0.0,0.0,-23.705,97.227,32.254,15.0,-0.91,-1.1,-1.07,34.0,0.0,0.0,-23.705,97.227,32.254,15.0,0.0,1.358,0,1.358,51.0,1,0,1,0,0,1,0,0,1,0,0,0,0,0,0,1,0,0,0.0,1
konchjo01,John Konchar,val,-3.066983,2022,3,1,72.0,4.847,17.944,14.0,1.5,1.2,4.2,0.156,9.9,0.6154,1.514,4.569,0.306,0.625,0.403,3,134.0,4.38,15.28,2.0,6.6,2.0,6.6,26,77,210,3,1.0,0,0.25,0,0,5.37,5.6,5.68,56.0,1.0,0.0,-3.58,98.319,17.675,15.0,5.37,5.6,5.68,56.0,1.0,0.0,-3.58,98.319,17.675,15.0,0.0,1.358,0,1.358,51.0,0,1,0,0,0,0,0,1,1,0,0,0,0,0,0,1,0,0,0.0,1
korkmfu01,Furkan Korkmaz,train,-4.167903,2019,2,1,48.0,5.812,14.146,11.5,-1.8,0.0,1.1,0.078,17.9,0.5277,1.083,2.229,0.042,0.604,0.521,2,62.0,4.87,12.24,-0.1,1.1,-0.1,1.1,22,79,202,2,1.0,0,0.25,0,0,2.25,2.6,2.7,51.0,1.0,0.0,-10.093,107.554,4.408,15.0,2.25,2.6,2.7,51.0,1.0,0.0,-10.093,107.554,4.408,15.0,1.0,6.228,1,6.228,5.0,0,0,1,0,0,1,0,0,1,0,0,0,0,0,0,1,0,2,2.0,0
korkmfu01,Furkan Korkmaz,train,-3.112751,2021,3,1,55.0,9.109,19.309,12.8,-0.1,0.5,2.0,0.09,20.5,0.5445,1.491,2.055,0.164,0.891,0.836,4,189.0,7.97,17.88,0.7,5.9,0.8,5.9,24,79,202,4,1.0,0,0.25,0,0,5.28,5.6,5.58,49.0,1.0,0.0,-38.648,144.302,1.865,15.0,5.28,5.6,5.58,49.0,1.0,0.0,-38.648,144.302,1.865,15.0,1.0,6.228,1,6.228,5.0,0,0,1,0,0,1,0,0,1,0,0,0,0,0,0,1,0,2,2.0,0
kornelu01,Luke Kornet,train,-3.881701,2019,2,1,46.0,7.0,17.043,14.8,2.0,0.8,1.4,0.086,17.9,0.5309,1.174,2.935,0.913,0.587,0.543,2,66.0,6.91,16.82,1.0,1.9,1.0,1.9,24,85,250,1,0.0,0,0.25,0,0,-8.32,-8.4,-8.41,22.0,0.0,0.0,-10.145,93.01,19.004,15.0,-8.93,-9.2,-9.21,17.0,0.0,0.0,-21.397,62.775,60.49,15.0,1.0,19.113,1,9.441,3.0,0,0,1,0,0,0,1,0,1,0,0,1,0,0,0,0,0,2,2.0,1
kornelu01,Luke Kornet,val,-3.995515,2022,2,1,15.0,2.0,6.867,16.6,-0.5,0.0,0.4,0.186,12.7,0.5061,0.6,1.933,0.2,0.2,0.0,5,148.0,5.45,14.32,1.4,4.1,0.4,2.2,27,85,250,4,0.0,0,0.25,0,0,7.02,7.5,7.28,51.0,1.0,0.0,-23.012,132.763,2.663,15.0,3.22,3.3,3.35,51.0,1.0,0.0,-48.249,152.275,6.719,15.0,0.0,1.586,1,4.899,9.0,0,0,1,0,0,1,0,0,1,0,0,1,0,0,0,0,0,2,0.0,1
kornelu01,Luke Kornet,test,-2.721211,2025,4,1,73.0,6.041,18.644,19.6,3.3,1.8,7.0,0.247,11.4,0.6833,1.603,5.315,0.973,0.493,0.425,8,353.0,5.22,14.92,5.1,19.5,3.7,15.4,30,85,250,7,0.0,0,0.3,0,0,-2.45,-2.8,-2.76,34.0,0.0,0.0,-22.221,155.232,7.577,15.0,8.28,9.5,9.11,61.0,1.0,0.0,-56.46,193.098,0.0,15.0,1.0,4.899,0,2.602,31.0,0,0,1,0,0,0,1,0,0,1,0,1,0,0,0,0,0,0,2.0,1
korveky01,Kyle Korver,train,-2.603629,2017,3,1,67.0,10.119,26.164,12.1,0.0,0.9,3.7,0.101,15.2,0.6355,1.642,2.776,0.313,0.507,1.03,12,875.0,10.31,27.16,16.3,57.7,4.5,15.3,36,79,212,14,1.0,0,0.35,0,0,2.87,3.3,3.18,51.0,1.0,0.0,-33.428,125.132,1.458,15.0,2.87,3.3,3.18,51.0,1.0,0.0,-33.428,125.132,1.458,15.0,0.0,2.088,0,2.088,19.0,0,0,1,0,0,0,1,0,1,0,0,0,0,0,0,1,0,1,1.0,0
koufoko01,Kosta Koufos,train,-2.141317,2015,4,1,81.0,5.173,16.642,14.2,-1.2,0.2,3.3,0.118,15.8,0.5298,0.457,5.259,0.778,0.358,0.852,7,424.0,5.38,15.28,1.7,17.5,1.6,13.3,26,84,245,7,1.0,0,0.3,0,1,-3.07,-3.9,-3.71,29.0,0.0,0.0,-12.26,73.062,1.115,15.0,-3.07,-3.9,-3.71,29.0,0.0,0.0,-12.26,73.062,1.115,15.0,0.0,2.453,0,2.453,20.0,0,0,1,0,0,0,1,0,0,0,1,1,0,0,0,0,0,0,0.0,0
krejcvi01,Vít Krejčí,train,-4.266347,2021,4,0,66.0,9.478,24.912,14.9,-0.1,0.7,3.2,0.104,19.0,0.559,1.722,3.879,0.354,0.721,1.148,0,0.0,9.05,23.27,0.0,0.0,0.0,0.0,21,80,195,0,1.0,0,0.25,0,0,-10.13,-10.5,-10.64,22.0,0.0,0.0,4.57,58.973,36.223,15.0,-10.13,-10.5,-10.64,22.0,0.0,0.0,4.57,58.973,36.223,15.0,0.0,1.435,0,1.435,47.0,0,0,1,0,0,1,0,0,1,0,0,0,0,0,0,0,1,0,0.0,0
krejcvi01,Vít Krejčí,test,-4.029543,2024,4,1,22.0,6.136,24.591,8.4,-3.7,-0.2,0.6,0.053,9.8,0.633,2.273,2.364,0.273,0.591,0.909,3,81.0,4.42,17.23,-0.9,1.3,-0.9,1.3,24,80,195,3,1.0,0,0.25,0,0,-2.38,-2.2,-2.18,36.0,0.0,0.0,-20.119,149.337,6.803,15.0,-2.38,-2.2,-2.18,36.0,0.0,0.0,-20.119,149.337,6.803,15.0,1.0,6.144,1,6.144,7.0,0,0,1,0,0,1,0,0,0,1,0,0,0,1,0,0,0,2,2.0,0
kuminjo01,Jonathan Kuminga,test,-1.888409,2025,2,1,47.0,15.298,24.34,15.7,-0.6,0.4,1.9,0.08,27.4,0.5354,2.213,4.617,0.447,0.809,1.511,4,258.0,12.5,21.98,1.4,11.9,1.3,8.9,23,79,225,4,1.0,0,0.25,0,1,3.56,3.3,3.3,48.0,1.0,0.0,-58.93,176.474,0.306,15.0,3.56,3.3,3.3,48.0,1.0,0.0,-58.93,176.474,0.306,15.0,1.0,4.749,1,4.749,10.0,0,0,1,0,0,1,0,0,0,1,0,0,1,0,0,0,0,2,2.0,0
kurucro01,Rodions Kurucs,train,-4.093059,2018,3,0,66.0,9.478,24.912,14.9,-0.1,0.7,3.2,0.104,19.0,0.559,1.722,3.879,0.354,0.721,1.148,0,0.0,9.05,23.27,0.0,0.0,0.0,0.0,20,81,228,0,1.0,0,0.25,0,0,-3.67,-3.7,-3.74,28.0,0.0,0.0,3.128,88.965,6.999,15.0,-3.67,-3.7,-3.74,28.0,0.0,0.0,3.128,88.965,6.999,15.0,1.0,19.113,1,19.113,1.0,0,0,1,0,0,0,0,1,1,0,0,0,0,0,0,0,1,2,2.0,0
kuzmaky01,Kyle Kuzma,train,-2.157239,2020,3,1,61.0,12.82,25.016,12.2,-2.6,-0.2,2.0,0.063,22.9,0.5311,1.311,4.475,0.426,0.459,1.492,3,208.0,16.02,30.0,1.0,8.9,1.0,8.9,25,80,221,3,1.0,1,0.25,0,1,6.28,5.7,5.79,52.0,1.0,1.0,-13.584,107.807,10.149,15.0,6.28,5.7,5.79,52.0,1.0,1.0,-13.584,107.807,10.149,15.0,1.0,12.901,1,12.901,2.0,1,1,0,0,0,0,0,1,1,0,0,0,1,0,0,0,0,2,2.0,0
kuzmaky01,Kyle Kuzma,val,-1.799294,2023,4,1,64.0,21.203,34.984,14.3,-1.7,0.2,0.9,0.019,27.9,0.5444,3.734,7.234,0.453,0.562,2.969,6,406.0,16.49,31.13,3.0,15.1,2.0,6.2,28,80,221,6,1.0,0,0.25,0,0,-1.06,-1.2,-1.21,35.0,0.0,0.0,-60.147,133.79,16.216,15.0,-1.06,-1.2,-1.21,35.0,0.0,0.0,-60.147,133.79,16.216,15.0,1.0,6.385,1,6.385,8.0,0,0,1,0,0,0,1,0,0,1,0,0,1,0,0,0,0,2,2.0,0
kuzmimi01,Mindaugas Kuzminskas,train,-3.46301,2016,2,0,66.0,9.478,24.912,14.9,-0.1,0.7,3.2,0.104,19.0,0.559,1.722,3.879,0.354,0.721,1.148,0,0.0,9.05,23.27,0.0,0.0,0.0,0.0,27,81,215,0,1.0,0,0.25,0,0,-2.74,-3.0,-2.73,32.0,0.0,0.0,10.188,59.283,0.529,12.0,-2.74,-3.0,-2.73,32.0,0.0,0.0,10.188,59.283,0.529,12.0,1.0,19.113,1,19.113,1.0,0,0,1,0,0,0,0,1,0,0,1,0,0,0,0,0,1,2,2.0,1
lambje01,Jeremy Lamb,train,-2.598905,2015,3,1,47.0,6.277,13.468,14.9,1.6,0.6,1.6,0.121,20.5,0.5379,0.936,2.277,0.128,0.447,0.574,3,148.0,6.97,15.66,1.3,5.1,1.3,5.1,23,77,180,3,1.0,0,0.25,0,0,-3.44,-3.4,-3.17,33.0,0.0,0.0,-2.615,64.711,0.969,16.0,-3.44,-3.4,-3.17,33.0,0.0,0.0,-2.615,64.711,0.969,16.0,0.0,2.66,0,2.66,21.0,1,1,0,0,0,0,0,1,0,0,1,0,0,0,0,1,0,0,0.0,0
lambje01,Jeremy Lamb,train,-2.341256,2019,3,1,79.0,15.291,28.481,17.3,1.2,1.8,5.3,0.113,22.5,0.5524,2.177,5.494,0.405,1.114,1.013,7,435.0,10.24,20.47,6.5,20.7,4.3,12.9,27,77,180,7,0.0,0,0.3,0,0,2.76,3.4,3.33,48.0,1.0,0.0,-8.71,99.582,10.997,15.0,-1.32,-1.1,-1.1,39.0,0.0,0.0,-22.803,121.81,0.0,15.0,0.0,2.66,0,2.126,25.0,0,0,1,0,0,0,1,0,1,0,0,0,0,0,0,1,0,0,0.0,0
landajo01,Jock Landale,train,-4.503053,2021,2,0,66.0,9.478,24.912,14.9,-0.1,0.7,3.2,0.104,19.0,0.559,1.722,3.879,0.354,0.721,1.148,0,0.0,9.05,23.27,0.0,0.0,0.0,0.0,26,83,255,0,1.0,0,0.25,0,0,-1.58,-1.8,-1.74,33.0,0.0,0.0,-41.011,103.942,24.805,15.0,-1.58,-1.8,-1.74,33.0,0.0,0.0,-41.011,103.942,24.805,15.0,0.0,2.602,0,2.602,31.0,0,0,1,0,0,0,0,1,1,0,0,0,0,0,0,0,1,0,0.0,1
landajo01,Jock Landale,val,-2.833368,2023,4,1,69.0,6.609,14.188,16.4,-1.1,0.2,2.7,0.132,19.3,0.595,0.986,4.058,0.435,0.232,0.855,2,123.0,5.86,12.75,0.4,4.2,0.4,4.2,28,83,255,2,0.0,0,0.25,0,0,-7.62,-7.9,-7.85,22.0,0.0,0.0,-14.642,48.379,88.279,15.0,2.08,2.1,2.07,45.0,1.0,0.0,-52.152,172.122,0.211,15.0,0.0,5.059,1,7.206,6.0,0,0,1,0,0,0,1,0,0,1,0,1,0,0,0,0,0,2,2.0,1
laravja01,Jake LaRavia,test,-3.249386,2025,2,1,66.0,6.939,20.439,12.6,0.2,0.8,2.9,0.103,14.4,0.5908,2.394,3.924,0.348,0.939,1.303,3,136.0,6.93,18.89,0.5,4.4,0.5,4.4,24,79,235,3,0.0,0,0.25,0,0,1.45,1.2,1.22,50.0,1.0,0.0,-60.198,182.746,5.515,15.0,0.58,0.5,0.48,40.0,0.0,0.0,-30.783,166.101,1.32,15.0,0.0,2.453,1,12.901,2.0,0,0,1,0,0,1,0,0,0,1,0,0,1,0,0,0,0,2,0.0,0
larkish01,Shane Larkin,train,-3.84303,2015,2,1,76.0,6.184,24.539,10.9,-2.8,-0.4,1.7,0.044,13.6,0.5039,2.974,2.316,0.118,1.224,1.092,2,124.0,4.85,18.98,-0.6,1.6,-0.6,1.6,23,71,175,2,1.0,0,0.25,0,0,-3.13,-3.0,-2.88,38.0,1.0,0.0,-28.983,88.025,0.404,15.0,-3.13,-3.0,-2.88,38.0,1.0,0.0,-28.983,88.025,0.404,15.0,1.0,19.113,1,19.113,1.0,0,0,1,0,0,1,0,0,0,0,1,0,0,1,0,0,0,2,2.0,0
larsspe01,Pelle Larsson,test,-4.358047,2024,3,0,66.0,9.478,24.912,14.9,-0.1,0.7,3.2,0.104,19.0,0.559,1.722,3.879,0.354,0.721,1.148,0,0.0,9.05,23.27,0.0,0.0,0.0,0.0,23,77,215,0,1.0,0,0.25,0,1,1.1,1.8,1.76,46.0,1.0,0.0,-44.734,172.894,1.802,15.0,1.1,1.8,1.76,46.0,1.0,0.0,-44.734,172.894,1.802,15.0,0.0,6.266,0,6.266,18.0,0,0,1,0,0,0,0,1,0,1,0,0,0,0,0,0,1,1,1.0,0
lauvejo01,Joffrey Lauvergne,train,-3.698449,2015,3,1,24.0,3.875,11.167,10.5,-5.6,-0.2,0.1,0.018,19.9,0.4589,0.542,3.208,0.417,0.333,0.917,1,24.0,3.88,11.17,-0.2,0.1,-0.2,0.1,24,83,260,0,1.0,0,0.25,0,1,-3.07,-3.7,-3.55,30.0,0.0,0.0,-2.765,53.359,2.783,15.0,-3.07,-3.7,-3.55,30.0,0.0,0.0,-2.765,53.359,2.783,15.0,0.0,3.038,0,3.038,17.0,1,0,1,0,0,1,0,0,0,0,1,1,0,0,0,0,0,1,1.0,0
lauvejo01,Joffrey Lauvergne,train,-4.132325,2017,2,1,70.0,5.357,14.0,12.6,-2.2,-0.1,1.5,0.073,18.5,0.5093,1.0,3.586,0.086,0.357,0.8,3,153.0,6.1,14.96,-0.2,3.9,-0.2,3.9,26,83,260,2,0.0,0,0.25,0,1,7.13,7.6,7.2,61.0,1.0,0.0,-14.229,104.867,3.505,15.0,0.03,0.4,0.43,41.0,1.0,0.0,0.967,92.681,0.494,15.0,1.0,9.441,0,2.602,31.0,0,0,1,0,0,0,1,0,1,0,0,1,0,0,0,0,0,0,2.0,0
lavinza01,Zach LaVine,train,-3.402229,2014,2,0,66.0,9.478,24.912,14.9,-0.1,0.7,3.2,0.104,19.0,0.559,1.722,3.879,0.354,0.721,1.148,0,0.0,9.05,23.27,0.0,0.0,0.0,0.0,19,77,200,0,1.0,0,0.25,0,3,0.28,0.3,0.28,42.0,1.0,0.0,-12.901,92.25,0.0,15.0,0.34,0.5,0.43,42.0,1.0,0.0,-12.901,92.929,0.0,15.0,0.0,3.703,0,3.703,16.0,0,0,1,0,0,0,0,1,0,0,1,0,0,0,0,0,1,1,1.0,0
lavinza01,Zach LaVine,train,-1.653273,2018,4,1,24.0,16.708,27.333,14.6,-2.3,-0.1,0.3,0.022,29.5,0.4987,3.0,3.917,0.167,1.0,1.792,4,230.0,13.99,28.7,-0.2,5.2,1.1,5.9,23,77,200,4,1.0,0,0.25,0,1,-6.84,-7.1,-7.04,27.0,0.0,0.0,8.987,63.827,26.279,15.0,-6.84,-7.1,-7.04,27.0,0.0,0.0,8.987,63.827,26.279,15.0,1.0,9.441,1,9.441,3.0,0,0,0,1,0,1,0,0,1,0,0,0,0,0,0,1,0,2,2.0,0
lavinza01,Zach LaVine,val,-1.055551,2022,5,1,67.0,24.403,34.746,20.0,2.4,2.6,5.8,0.12,28.8,0.6051,4.522,4.597,0.343,0.612,2.552,8,478.0,19.8,31.84,9.4,23.7,8.1,15.7,27,77,200,8,1.0,1,0.3,0,1,-0.38,-0.4,-0.39,46.0,1.0,0.0,-23.705,132.834,1.796,15.0,-0.38,-0.4,-0.39,46.0,1.0,0.0,-23.705,132.834,1.796,15.0,1.0,9.441,1,9.441,3.0,0,0,1,0,0,0,1,0,1,0,0,0,0,0,0,1,0,2,2.0,0
laymaja01,Jake Layman,train,-4.390664,2016,3,0,66.0,9.478,24.912,14.9,-0.1,0.7,3.2,0.104,19.0,0.559,1.722,3.879,0.354,0.721,1.148,0,0.0,9.05,23.27,0.0,0.0,0.0,0.0,22,80,209,0,1.0,0,0.25,0,0,0.98,0.8,0.83,44.0,1.0,0.0,3.438,48.302,14.185,15.0,0.98,0.8,0.83,44.0,1.0,0.0,3.438,48.302,14.185,15.0,0.0,2.511,0,2.511,23.0,0,0,1,0,0,0,0,1,0,0,1,0,0,0,0,0,1,0,0.0,0
laymaja01,Jake Layman,train,-3.366441,2019,3,1,71.0,7.62,18.69,13.5,-0.5,0.5,3.1,0.112,15.9,0.5942,0.746,3.056,0.423,0.437,0.648,3,141.0,4.63,12.31,0.1,2.7,0.1,2.7,25,80,209,3,1.0,0,0.25,0,0,4.43,4.2,4.2,53.0,1.0,0.0,-31.227,128.005,5.091,15.0,4.43,4.2,4.2,53.0,1.0,0.0,-31.227,128.005,5.091,15.0,0.0,2.511,0,2.511,23.0,0,0,0,0,1,1,0,0,1,0,0,0,0,0,1,0,0,0,0.0,0
leeco01,Courtney Lee,train,-2.059908,2016,4,1,79.0,9.633,29.544,11.5,-1.0,0.6,3.9,0.08,14.7,0.5507,1.722,2.595,0.354,1.076,0.911,8,600.0,9.62,27.33,6.3,30.1,3.0,13.4,31,77,215,8,0.0,0,0.3,0,0,-2.74,-3.0,-2.73,32.0,0.0,0.0,10.188,59.283,0.529,12.0,2.36,2.9,2.72,48.0,1.0,0.0,-10.427,78.341,0.191,15.0,0.0,2.66,1,19.113,1.0,0,0,1,0,0,0,1,0,0,0,1,0,0,0,0,1,0,2,0.0,0
leeda03,Damion Lee,train,-4.866399,2016,2,0,66.0,9.478,24.912,14.9,-0.1,0.7,3.2,0.104,19.0,0.559,1.722,3.879,0.354,0.721,1.148,0,0.0,9.05,23.27,0.0,0.0,0.0,0.0,24,78,210,0,1.0,0,0.25,0,1,2.84,3.2,3.21,48.0,1.0,0.0,-9.442,58.25,18.916,15.0,2.84,3.2,3.21,48.0,1.0,0.0,-9.442,58.25,18.916,15.0,1.0,4.899,1,4.899,9.0,0,0,1,0,0,0,0,1,0,0,1,0,0,0,0,0,1,2,2.0,1
leesa01,Saben Lee,train,-4.183748,2021,3,1,48.0,5.562,16.271,13.8,-2.0,0.0,1.5,0.092,17.0,0.5358,3.625,2.021,0.271,0.667,1.146,1,48.0,5.56,16.27,0.0,1.5,0.0,1.5,22,74,183,0,1.0,0,0.25,0,0,-4.38,-4.5,-4.47,20.0,0.0,0.0,-5.873,76.325,38.688,15.0,-4.38,-4.5,-4.47,20.0,0.0,0.0,-5.873,76.325,38.688,15.0,0.0,4.365,0,4.365,14.0,0,0,1,0,0,1,0,0,1,0,0,0,0,1,0,0,0,1,1.0,0
lenal01,Alex Len,train,-3.175593,2018,2,1,69.0,8.507,20.217,19.4,0.3,0.8,4.5,0.155,17.0,0.6119,1.188,7.507,0.884,0.391,1.13,5,335.0,7.23,19.87,-0.6,12.4,-0.3,8.8,25,84,250,5,0.0,0,0.25,0,0,-5.3,-5.6,-5.45,24.0,0.0,0.0,-1.015,67.426,32.682,15.0,-8.8,-9.4,-9.37,21.0,0.0,0.0,6.574,73.955,18.563,15.0,0.0,5.059,1,6.144,7.0,0,0,1,0,0,0,1,0,1,0,0,1,0,0,0,0,0,2,2.0,0
lenal01,Alex Len,train,-3.38063,2021,2,1,64.0,6.609,15.297,16.4,-0.1,0.5,2.7,0.132,16.3,0.6428,0.766,4.062,1.0,0.312,0.859,8,531.0,7.79,19.11,0.5,20.8,1.1,8.4,28,84,250,8,0.0,0,0.3,0,0,-3.45,-3.6,-3.68,31.0,0.0,0.0,2.318,93.806,11.396,15.0,-1.85,-1.8,-1.83,34.0,1.0,0.0,-51.632,125.335,4.334,15.0,1.0,6.385,0,2.453,20.0,0,0,1,0,0,0,1,0,1,0,0,1,0,0,0,0,0,0,2.0,0
leonaka01,Kawhi Leonard,train,-1.311452,2015,5,1,64.0,16.516,31.766,22.0,5.9,4.1,8.6,0.203,23.0,0.5665,2.516,7.203,0.75,2.312,1.516,4,252.0,12.29,28.97,12.0,28.0,9.9,22.5,24,78,225,4,1.0,0,0.25,0,2,6.34,6.5,6.2,55.0,1.0,0.0,-9.123,69.028,1.351,15.0,6.34,6.5,6.2,55.0,1.0,0.0,-9.123,69.028,1.351,15.0,0.0,2.602,0,2.602,31.0,0,0,1,0,0,1,0,0,0,0,1,0,0,0,1,0,0,0,0.0,0
leonaka01,Kawhi Leonard,train,-1.155156,2019,3,1,60.0,26.6,34.0,25.8,7.2,4.7,9.5,0.224,30.3,0.6062,3.317,7.317,0.4,1.767,2.017,8,467.0,17.67,30.84,31.1,65.7,12.4,24.0,28,78,225,8,0.0,1,0.3,0,1,1.09,0.9,0.85,48.0,1.0,0.0,-16.702,83.225,35.346,14.0,5.49,6.0,6.09,58.0,1.0,1.0,-47.819,135.46,1.971,15.0,1.0,6.202,1,12.901,2.0,0,0,1,0,0,0,1,0,1,0,0,0,0,0,1,0,0,2,2.0,0
leonaka01,Kawhi Leonard,train,-0.936466,2021,4,1,52.0,24.846,34.096,26.0,7.3,4.2,8.8,0.238,28.6,0.6225,5.173,6.481,0.404,1.558,2.019,10,576.0,19.24,31.29,40.4,83.2,14.0,27.0,30,78,225,10,1.0,0,0.35,0,0,6.02,6.4,6.18,47.0,1.0,0.0,-28.265,137.011,0.395,15.0,6.02,6.4,6.18,47.0,1.0,0.0,-28.265,137.011,0.395,15.0,1.0,12.901,1,12.901,2.0,0,0,1,0,0,0,1,0,1,0,0,0,0,0,1,0,0,2,2.0,0
leonaka01,Kawhi Leonard,test,-1.132394,2024,3,1,68.0,23.721,34.265,23.2,5.5,4.4,8.9,0.183,26.5,0.6262,3.588,6.118,0.868,1.632,1.75,12,696.0,20.02,31.76,48.3,99.2,7.9,16.0,33,78,225,13,1.0,0,0.35,0,0,3.41,3.4,3.28,51.0,1.0,0.0,-66.06,198.296,1.764,15.0,3.41,3.4,3.28,51.0,1.0,0.0,-66.06,198.296,1.764,15.0,1.0,12.901,1,12.901,2.0,1,1,0,0,0,0,0,1,0,1,0,0,0,0,1,0,0,2,2.0,0
leoname01,Meyers Leonard,train,-2.217537,2016,4,1,61.0,8.377,21.852,11.3,-1.7,0.1,2.2,0.079,17.4,0.5612,1.508,5.148,0.295,0.131,1.262,4,225.0,5.84,16.63,0.1,8.0,0.5,5.6,24,84,260,4,1.0,0,0.25,0,0,0.98,0.8,0.83,44.0,1.0,0.0,3.438,48.302,14.185,15.0,0.98,0.8,0.83,44.0,1.0,0.0,3.438,48.302,14.185,15.0,0.0,2.511,0,2.511,23.0,0,0,1,0,0,1,0,0,0,0,1,0,1,0,0,0,0,0,0.0,0
leuerjo01,Jon Leuer,train,-2.19344,2016,4,1,67.0,8.463,18.731,16.2,0.0,0.6,2.7,0.103,19.8,0.5554,1.075,5.567,0.448,0.567,1.119,5,253.0,5.65,13.69,1.1,7.6,1.0,6.0,27,82,228,5,0.0,0,0.25,0,0,0.43,0.6,0.61,44.0,1.0,0.0,-5.604,66.217,9.386,14.0,-6.32,-6.8,-6.66,23.0,0.0,0.0,-3.444,63.389,10.054,14.0,0.0,5.059,0,4.365,14.0,0,0,1,0,0,0,1,0,0,0,1,0,1,0,0,0,0,1,2.0,0
leverca01,Caris LeVert,train,-1.830431,2019,3,1,40.0,13.675,26.575,14.9,0.2,0.6,1.7,0.077,24.0,0.5092,3.9,3.775,0.35,1.05,1.725,3,168.0,11.15,24.79,1.5,5.8,1.5,5.8,25,79,205,3,1.0,0,0.25,0,0,-0.4,-0.1,-0.07,42.0,1.0,0.0,-15.703,77.806,39.766,15.0,-0.4,-0.1,-0.07,42.0,1.0,0.0,-15.703,77.806,39.766,15.0,1.0,19.113,1,19.113,1.0,0,1,0,0,0,0,0,1,1,0,0,0,0,0,1,0,0,2,2.0,0
leverca01,Caris LeVert,val,-2.140221,2023,2,1,74.0,12.122,30.23,12.4,-0.2,1.0,4.4,0.094,18.7,0.5462,3.878,3.811,0.324,0.973,1.568,7,392.0,14.15,28.06,4.3,16.3,2.3,9.0,29,79,205,7,1.0,0,0.3,0,0,5.23,5.5,5.38,51.0,1.0,0.0,-30.906,121.703,27.548,15.0,5.23,5.5,5.38,51.0,1.0,0.0,-30.906,121.703,27.548,15.0,0.0,2.088,0,2.088,19.0,0,0,1,0,0,0,1,0,0,1,0,0,0,0,0,1,0,1,1.0,0
leverca01,Caris LeVert,test,-2.370105,2025,2,1,64.0,12.125,24.938,15.2,0.9,1.2,4.0,0.12,19.4,0.5815,3.359,3.172,0.516,0.891,1.188,9,524.0,13.88,27.77,6.6,23.9,3.3,12.0,31,79,205,9,0.0,0,0.3,0,0,1.73,1.9,1.9,44.0,1.0,0.0,-1.22,133.99,7.819,15.0,-1.41,-1.1,-1.13,40.0,0.0,0.0,-33.831,161.256,7.126,15.0,1.0,6.144,0,4.365,14.0,0,0,1,0,0,0,1,0,0,1,0,0,0,0,0,1,0,1,2.0,0
liggide01,DeAndre Liggins,train,-4.449734,2018,2,1,58.0,1.741,12.483,6.0,-2.5,-0.1,0.5,0.033,7.9,0.4667,0.828,1.293,0.241,0.638,0.345,5,177.0,1.95,10.77,-0.1,1.6,-0.1,1.0,30,78,209,6,0.0,0,0.25,0,0,1.48,1.3,1.3,48.0,1.0,0.0,-21.192,115.907,2.906,15.0,-5.3,-5.6,-5.45,24.0,0.0,0.0,-1.015,67.426,32.682,15.0,1.0,6.144,0,1.29,50.0,1,0,1,0,0,0,1,0,1,0,0,0,0,0,0,1,0,0,2.0,0
lillada01,Damian Lillard,train,-1.213396,2015,5,1,82.0,20.976,35.671,20.7,4.7,4.9,10.6,0.174,26.9,0.5602,6.183,4.61,0.256,1.183,2.707,3,246.0,20.23,36.7,10.6,26.0,10.6,26.0,25,74,200,3,1.0,0,0.25,0,1,4.41,4.5,4.23,51.0,1.0,0.0,-10.845,72.965,0.03,16.0,4.41,4.5,4.23,51.0,1.0,0.0,-10.845,72.965,0.03,16.0,0.0,2.511,0,2.511,23.0,0,1,0,0,0,0,0,1,0,0,1,0,0,1,0,0,0,0,0.0,0
lillada01,Damian Lillard,train,-0.908442,2019,4,1,80.0,25.837,35.475,23.7,6.4,6.0,12.1,0.205,29.3,0.5876,6.888,4.638,0.425,1.1,2.65,7,549.0,23.51,36.26,32.0,70.3,17.1,35.1,29,74,200,7,1.0,0,0.35,1,1,4.43,4.2,4.2,53.0,1.0,0.0,-31.227,128.005,5.091,15.0,4.43,4.2,4.2,53.0,1.0,0.0,-31.227,128.005,5.091,15.0,0.0,2.511,0,2.511,23.0,0,1,0,0,0,0,0,1,1,0,0,0,0,1,0,0,0,0,0.0,0
lillada01,Damian Lillard,val,-0.882292,2022,2,1,29.0,23.966,36.414,18.5,1.3,0.9,1.7,0.077,29.3,0.5502,7.31,4.138,0.379,0.586,2.862,10,711.0,24.63,36.34,43.8,94.0,11.8,23.7,32,74,200,10,1.0,0,0.35,0,0,-8.55,-9.1,-8.88,27.0,0.0,0.0,-17.113,115.071,7.135,15.0,-8.55,-9.1,-8.88,27.0,0.0,0.0,-17.113,115.071,7.135,15.0,0.0,2.511,0,2.511,23.0,0,1,0,0,0,0,0,1,1,0,0,0,0,1,0,0,0,0,0.0,0
lillada01,Damian Lillard,test,-2.402088,2025,3,1,58.0,24.948,36.086,21.3,4.0,3.2,7.6,0.174,27.8,0.6211,7.069,4.69,0.172,1.207,2.793,13,900.0,25.11,36.24,54.6,118.3,10.8,24.3,35,74,200,13,0.0,1,0.35,0,0,-2.67,-3.0,-2.98,36.0,0.0,0.0,-36.26,165.519,1.568,15.0,2.12,2.5,2.48,48.0,1.0,0.0,-55.158,183.221,0.0,15.0,0.0,1.586,0,2.511,23.0,0,0,1,0,0,0,1,0,0,1,0,0,0,1,0,0,0,0,0.0,0
linje01,Jeremy Lin,train,-3.466879,2015,2,1,74.0,11.243,25.77,15.6,-0.4,0.8,2.7,0.068,21.9,0.5389,4.581,2.649,0.432,1.108,2.243,5,291.0,11.7,26.89,4.9,15.7,3.2,12.5,27,75,200,5,1.0,0,0.25,0,1,-3.44,-3.4,-3.17,33.0,0.0,0.0,-2.615,64.711,0.969,16.0,-3.44,-3.4,-3.17,33.0,0.0,0.0,-2.615,64.711,0.969,16.0,0.0,2.66,0,2.66,21.0,0,0,1,0,0,0,1,0,0,0,1,0,0,1,0,0,0,0,0.0,1
linje01,Jeremy Lin,train,-1.997977,2016,3,1,78.0,11.718,26.256,13.8,-0.9,0.5,3.5,0.082,22.2,0.5336,3.013,3.244,0.538,0.744,1.923,6,369.0,11.7,26.76,5.4,19.2,2.2,10.6,28,75,200,6,0.0,0,0.25,0,1,-7.12,-7.7,-7.35,21.0,0.0,0.0,-11.451,51.713,28.791,15.0,2.36,2.9,2.72,48.0,1.0,0.0,-10.427,78.341,0.191,15.0,0.0,2.66,1,19.113,1.0,0,0,1,0,0,0,1,0,0,0,1,0,0,0,0,1,0,2,0.0,1
littlna01,Nassir Little,val,-2.966899,2022,4,1,42.0,9.762,25.905,13.5,-1.4,0.2,1.7,0.075,15.8,0.5753,1.286,5.619,0.857,0.595,0.952,3,138.0,5.81,16.67,-0.1,3.4,-0.1,3.4,22,78,220,3,1.0,0,0.25,0,0,-8.55,-9.1,-8.88,27.0,0.0,0.0,-17.113,115.071,7.135,15.0,-8.55,-9.1,-8.88,27.0,0.0,0.0,-17.113,115.071,7.135,15.0,0.0,2.511,0,2.511,23.0,0,1,0,0,0,0,0,1,1,0,0,0,0,0,1,0,0,0,0.0,0
liveris01,Isaiah Livers,train,-4.325652,2021,3,0,66.0,9.478,24.912,14.9,-0.1,0.7,3.2,0.104,19.0,0.559,1.722,3.879,0.354,0.721,1.148,0,0.0,9.05,23.27,0.0,0.0,0.0,0.0,23,78,232,0,1.0,0,0.25,0,1,-4.38,-4.5,-4.47,20.0,0.0,0.0,-5.873,76.325,38.688,15.0,-4.38,-4.5,-4.47,20.0,0.0,0.0,-5.873,76.325,38.688,15.0,0.0,4.365,0,4.365,14.0,0,0,1,0,0,0,0,1,1,0,0,0,0,0,0,0,1,1,1.0,0
livinsh01,Shaun Livingston,train,-2.43157,2014,3,1,76.0,8.276,25.974,14.5,0.4,1.2,4.4,0.107,16.1,0.5507,3.224,3.237,0.408,1.224,1.382,8,436.0,6.92,22.81,3.5,15.5,1.8,8.3,29,79,192,10,1.0,0,0.35,0,0,0.28,0.3,0.28,42.0,1.0,0.0,-12.901,92.25,0.0,15.0,0.34,0.5,0.43,42.0,1.0,0.0,-12.901,92.929,0.0,15.0,1.0,4.749,1,4.749,10.0,0,0,1,0,0,0,1,0,0,0,1,0,0,1,0,0,0,2,2.0,0
livinsh01,Shaun Livingston,train,-2.529618,2017,3,1,76.0,5.118,17.697,10.1,-2.5,-0.2,2.6,0.093,13.0,0.568,1.829,1.987,0.263,0.5,0.816,11,668.0,6.52,21.37,4.6,26.0,1.1,10.5,32,79,192,13,1.0,0,0.35,0,0,11.35,11.6,11.63,67.0,1.0,1.0,-6.099,97.52,2.722,15.0,11.35,11.6,11.63,67.0,1.0,1.0,-6.099,97.52,2.722,15.0,1.0,4.749,1,4.749,10.0,0,0,1,0,0,0,1,0,1,0,0,0,0,1,0,0,0,2,2.0,0
looneke01,Kevon Looney,train,-4.104395,2015,2,0,66.0,9.478,24.912,14.9,-0.1,0.7,3.2,0.104,19.0,0.559,1.722,3.879,0.354,0.721,1.148,0,0.0,9.05,23.27,0.0,0.0,0.0,0.0,19,81,222,0,1.0,0,0.25,0,4,10.01,10.2,10.1,67.0,1.0,1.0,-17.326,71.881,0.704,15.0,10.01,10.2,10.1,67.0,1.0,1.0,-17.326,71.881,0.704,15.0,1.0,4.749,1,4.749,10.0,0,0,1,0,0,0,0,1,0,0,1,0,0,0,0,0,1,2,2.0,0
looneke01,Kevon Looney,train,-3.119166,2019,3,1,80.0,6.25,18.512,17.3,0.5,0.9,6.0,0.194,12.8,0.6358,1.538,5.213,0.662,0.575,0.637,4,204.0,4.47,14.01,1.3,10.3,1.3,10.2,23,81,222,3,1.0,1,0.25,0,2,6.42,6.4,6.46,57.0,1.0,0.0,-52.719,144.355,0.945,15.0,6.42,6.4,6.46,57.0,1.0,0.0,-52.719,144.355,0.945,15.0,1.0,4.749,1,4.749,10.0,0,0,1,0,0,1,0,0,1,0,0,1,0,0,0,0,0,2,2.0,0
looneke01,Kevon Looney,val,-2.802592,2022,3,1,82.0,5.988,21.122,15.7,0.9,1.3,6.8,0.188,12.2,0.5859,2.012,7.268,0.634,0.61,0.817,7,367.0,4.69,16.39,2.7,20.5,1.4,10.2,26,81,222,6,1.0,0,0.25,0,1,5.52,5.6,5.54,53.0,1.0,1.0,-71.611,175.192,0.667,15.0,5.52,5.6,5.54,53.0,1.0,1.0,-71.611,175.192,0.667,15.0,1.0,4.749,1,4.749,10.0,0,0,1,0,0,0,1,0,1,0,0,1,0,0,0,0,0,2,2.0,0
looneke01,Kevon Looney,test,-2.961704,2025,2,1,76.0,4.526,15.026,17.0,0.3,0.7,4.3,0.181,13.3,0.5349,1.553,6.079,0.487,0.605,0.513,10,599.0,4.97,17.21,6.2,37.5,3.5,17.0,29,81,222,9,0.0,0,0.3,0,1,-8.59,-9.5,-9.43,21.0,0.0,0.0,-42.378,167.934,2.715,15.0,3.56,3.3,3.3,48.0,1.0,0.0,-58.93,176.474,0.306,15.0,1.0,4.749,0,1.29,50.0,0,0,1,0,0,0,1,0,0,1,0,1,0,0,0,0,0,0,2.0,0
lopezbr01,Brook Lopez,train,-1.196068,2015,3,1,72.0,17.167,29.167,22.7,1.2,1.6,7.0,0.16,26.3,0.558,0.694,7.431,1.75,0.597,1.444,7,414.0,17.88,32.46,10.8,38.6,5.4,18.3,27,85,282,7,1.0,0,0.3,0,1,-3.13,-3.0,-2.88,38.0,1.0,0.0,-28.983,88.025,0.404,15.0,-3.13,-3.0,-2.88,38.0,1.0,0.0,-28.983,88.025,0.404,15.0,1.0,19.113,1,19.113,1.0,0,0,1,0,0,0,1,0,0,0,1,1,0,0,0,0,0,2,2.0,0
lopezbr01,Brook Lopez,train,-2.127682,2019,4,1,81.0,12.457,28.667,14.6,2.2,2.4,6.7,0.139,16.7,0.5974,1.21,4.889,2.21,0.63,1.012,11,717.0,17.31,30.93,19.0,60.2,6.1,15.4,31,85,282,11,1.0,0,0.35,0,1,8.04,8.6,8.87,60.0,1.0,0.0,-22.044,114.956,7.413,15.0,8.04,8.6,8.87,60.0,1.0,0.0,-22.044,114.956,7.413,15.0,0.0,1.586,0,1.586,38.0,0,0,1,0,0,0,1,0,1,0,0,1,0,0,0,0,0,0,0.0,0
lopezbr01,Brook Lopez,val,-1.734755,2023,2,1,78.0,15.885,30.423,18.4,2.1,2.5,8.0,0.162,19.3,0.6305,1.269,6.667,2.474,0.474,1.372,15,946.0,16.37,30.2,24.4,79.7,3.5,14.0,35,85,282,15,1.0,0,0.35,0,1,3.61,3.5,3.63,58.0,1.0,0.0,-58.194,179.802,0.211,15.0,3.61,3.5,3.63,58.0,1.0,0.0,-58.194,179.802,0.211,15.0,0.0,1.586,0,1.586,38.0,0,0,1,0,0,0,1,0,0,1,0,1,0,0,0,0,0,0,0.0,0
lopezbr01,Brook Lopez,test,-2.847259,2025,2,1,80.0,13.012,31.825,14.8,0.8,1.8,6.6,0.124,15.8,0.6236,1.788,5.013,1.85,0.625,1.05,17,1105.0,15.85,30.34,28.0,92.2,6.1,20.5,37,85,282,17,0.0,0,0.35,0,1,4.84,4.8,4.66,50.0,1.0,0.0,-34.082,166.987,3.734,15.0,2.12,2.5,2.48,48.0,1.0,0.0,-55.158,183.221,0.0,15.0,0.0,1.586,1,12.901,2.0,0,0,1,0,0,0,1,0,0,1,0,1,0,0,0,0,0,2,0.0,0
lopezro01,Robin Lopez,train,-1.645806,2015,4,1,59.0,9.593,27.763,16.2,0.1,0.9,5.1,0.149,15.5,0.5742,0.932,6.678,1.424,0.271,1.237,7,465.0,8.18,21.21,4.1,28.1,4.4,20.2,27,85,281,7,1.0,0,0.3,0,1,-9.5,-10.1,-9.32,17.0,0.0,0.0,-21.133,54.41,26.22,15.0,-9.5,-10.1,-9.32,17.0,0.0,0.0,-21.133,54.41,26.22,15.0,1.0,19.113,1,19.113,1.0,0,0,1,0,0,0,1,0,0,0,1,1,0,0,0,0,0,2,2.0,0
lopezro01,Robin Lopez,train,-3.106462,2019,2,1,74.0,9.514,21.703,15.9,-1.9,0.0,2.7,0.081,18.6,0.5975,1.203,3.865,1.054,0.149,1.297,11,766.0,9.06,23.04,4.9,42.8,-0.2,8.9,31,85,281,11,0.0,0,0.35,0,1,8.04,8.6,8.87,60.0,1.0,0.0,-22.044,114.956,7.413,15.0,-8.32,-8.4,-8.41,22.0,0.0,0.0,-10.145,93.01,19.004,15.0,1.0,9.441,0,1.586,38.0,0,0,1,0,0,0,1,0,1,0,0,1,0,0,0,0,0,0,2.0,0
loveke01,Kevin Love,train,-1.425097,2015,5,1,75.0,16.373,33.76,18.8,2.7,3.0,8.7,0.165,21.7,0.5616,2.24,9.747,0.52,0.68,1.627,7,439.0,18.72,32.95,21.1,55.7,11.1,24.1,27,82,251,7,1.0,0,0.3,0,1,4.08,4.8,4.48,53.0,1.0,0.0,-18.313,80.812,0.566,15.0,4.08,4.8,4.48,53.0,1.0,0.0,-18.313,80.812,0.566,15.0,0.0,2.088,0,2.088,19.0,0,1,0,0,0,0,0,1,0,0,1,0,1,0,0,0,0,1,1.0,0
loveke01,Kevin Love,train,-1.288106,2018,4,1,59.0,17.61,27.983,22.4,3.3,2.2,6.4,0.186,25.1,0.614,1.746,9.254,0.407,0.729,1.525,10,635.0,18.32,32.17,28.5,77.0,7.4,21.3,30,82,251,10,1.0,0,0.35,0,1,0.59,1.0,0.94,50.0,1.0,0.0,-41.302,135.777,0.203,15.0,0.59,1.0,0.94,50.0,1.0,0.0,-41.302,135.777,0.203,15.0,0.0,2.088,0,2.088,19.0,0,1,0,0,0,0,0,1,1,0,0,1,0,0,0,0,0,1,1.0,0
loveke01,Kevin Love,val,-3.54417,2023,2,1,62.0,8.21,20.0,13.1,0.6,0.8,2.6,0.101,19.2,0.5484,1.871,6.435,0.194,0.258,1.129,15,874.0,16.95,30.13,34.7,91.3,3.8,9.2,35,82,251,15,1.0,1,0.35,0,1,-0.13,-0.3,-0.32,44.0,1.0,0.0,-29.111,149.035,0.058,15.0,-0.13,-0.3,-0.32,44.0,1.0,0.0,-29.111,149.035,0.058,15.0,0.0,6.266,0,6.266,18.0,0,0,1,0,0,0,1,0,0,1,0,0,1,0,0,0,0,1,1.0,0
loveke01,Kevin Love,test,-3.559539,2024,2,1,55.0,8.818,16.8,18.5,3.6,1.3,3.3,0.171,21.9,0.5965,2.091,6.145,0.182,0.327,0.873,16,929.0,16.47,29.34,36.0,94.6,4.8,11.6,36,82,251,16,1.0,0,0.35,0,0,1.1,1.8,1.76,46.0,1.0,0.0,-44.734,172.894,1.802,15.0,1.1,1.8,1.76,46.0,1.0,0.0,-44.734,172.894,1.802,15.0,0.0,6.266,0,6.266,18.0,0,0,1,0,0,0,1,0,0,1,0,0,1,0,0,0,0,1,1.0,0
lowryky01,Kyle Lowry,train,-1.659259,2014,4,1,79.0,17.937,36.228,20.1,4.7,4.8,11.7,0.196,22.9,0.5671,7.418,4.671,0.19,1.532,2.456,8,506.0,11.74,28.75,15.2,41.0,9.6,22.2,28,72,196,8,1.0,0,0.3,0,1,0.28,0.3,0.28,42.0,1.0,0.0,-12.901,92.25,0.0,15.0,0.34,0.5,0.43,42.0,1.0,0.0,-12.901,92.929,0.0,15.0,1.0,6.202,1,6.202,9.0,0,0,1,0,0,0,1,0,0,0,1,0,0,1,0,0,0,2,2.0,0
lowryky01,Kyle Lowry,train,-1.089501,2017,3,1,60.0,22.4,37.4,22.9,6.1,4.6,10.1,0.216,24.9,0.623,6.95,4.767,0.317,1.467,2.883,11,713.0,14.25,30.94,28.6,69.8,13.4,28.8,31,72,196,11,1.0,0,0.35,0,0,3.65,4.5,4.21,51.0,1.0,0.0,-17.634,108.689,0.206,16.0,3.65,4.5,4.21,51.0,1.0,0.0,-17.634,108.689,0.206,16.0,1.0,6.202,1,6.202,9.0,0,0,1,0,0,0,1,0,1,0,0,0,0,1,0,0,0,2,2.0,0
lowryky01,Kyle Lowry,train,-1.37815,2021,3,1,46.0,17.196,34.804,16.5,1.6,1.5,4.1,0.123,21.4,0.5935,7.348,5.37,0.304,0.978,2.739,15,960.0,14.87,31.75,39.8,98.2,6.7,18.2,35,72,196,15,1.0,0,0.35,0,0,-0.54,-0.5,-0.47,27.0,0.0,0.0,-34.586,121.18,6.941,15.0,-0.54,-0.5,-0.47,27.0,0.0,0.0,-34.586,121.18,6.941,15.0,1.0,6.202,1,6.202,9.0,0,0,0,0,1,0,1,0,1,0,0,0,0,1,0,0,0,2,2.0,0
lylestr01,Trey Lyles,train,-3.419943,2015,2,0,66.0,9.478,24.912,14.9,-0.1,0.7,3.2,0.104,19.0,0.559,1.722,3.879,0.354,0.721,1.148,0,0.0,9.05,23.27,0.0,0.0,0.0,0.0,20,81,234,0,0.0,0,0.25,0,3,0.71,0.2,0.22,38.0,0.0,0.0,4.159,47.94,10.965,15.0,0.71,0.2,0.22,38.0,0.0,0.0,4.159,47.94,10.965,15.0,0.0,1.266,0,1.266,28.0,0,0,1,0,0,0,0,1,0,0,1,0,0,0,0,0,1,0,0.0,0
lylestr01,Trey Lyles,train,-2.987883,2019,2,1,64.0,8.531,17.5,12.7,-2.4,-0.1,1.2,0.051,23.4,0.5,1.359,3.844,0.359,0.469,1.062,4,288.0,7.63,17.54,1.0,8.2,0.9,5.9,24,81,234,4,0.0,0,0.25,0,1,1.8,1.7,1.68,48.0,1.0,0.0,-24.264,101.439,20.306,15.0,4.19,4.1,3.95,54.0,1.0,0.0,-17.26,117.238,0.346,15.0,0.0,3.038,0,2.602,31.0,0,0,1,0,0,0,1,0,1,0,0,0,1,0,0,0,0,0,1.0,0
lylestr01,Trey Lyles,train,-3.78023,2021,2,1,23.0,5.0,15.565,11.4,-1.8,0.0,0.6,0.08,12.9,0.5743,0.609,3.739,0.043,0.261,0.261,6,374.0,7.26,17.86,1.3,11.0,0.2,4.0,26,81,234,6,0.0,0,0.25,0,1,-4.38,-4.5,-4.47,20.0,0.0,0.0,-5.873,76.325,38.688,15.0,-1.58,-1.8,-1.74,33.0,0.0,0.0,-41.011,103.942,24.805,15.0,0.0,2.602,0,4.365,14.0,0,0,1,0,0,0,1,0,1,0,0,0,1,0,0,0,0,1,0.0,0
lylestr01,Trey Lyles,val,-2.833368,2023,2,1,74.0,7.595,16.851,14.2,-1.0,0.3,2.6,0.1,18.1,0.6075,0.892,4.054,0.419,0.365,0.865,8,523.0,7.77,18.1,2.3,17.1,1.0,6.7,28,81,234,8,1.0,0,0.3,0,0,2.3,2.6,2.65,48.0,1.0,0.0,-31.16,134.31,2.919,15.0,2.3,2.6,2.65,48.0,1.0,0.0,-31.16,134.31,2.919,15.0,0.0,2.453,0,2.453,20.0,0,0,1,0,0,0,1,0,0,1,0,0,1,0,0,0,0,0,0.0,0
macksh01,Shelvin Mack,train,-3.254904,2014,3,1,73.0,7.452,20.411,13.2,-1.1,0.3,2.3,0.074,19.0,0.5098,3.712,2.192,0.027,0.685,1.219,3,168.0,5.46,15.98,0.1,3.5,0.1,3.5,24,75,203,3,1.0,0,0.25,0,0,0.28,0.3,0.28,42.0,1.0,0.0,-12.901,92.25,0.0,15.0,0.34,0.5,0.43,42.0,1.0,0.0,-12.901,92.929,0.0,15.0,1.0,6.144,1,6.144,7.0,0,0,1,0,0,1,0,0,0,0,1,0,0,1,0,0,0,2,2.0,0
macksh01,Shelvin Mack,train,-2.804299,2017,2,1,55.0,7.818,21.909,10.9,-2.3,-0.1,1.4,0.056,19.6,0.5182,2.8,2.273,0.055,0.764,1.636,6,330.0,6.35,17.52,0.2,7.5,0.1,4.0,27,75,203,6,0.0,0,0.25,0,0,-6.61,-6.8,-6.57,29.0,0.0,0.0,-10.152,102.595,1.699,15.0,4.0,4.3,3.94,51.0,1.0,0.0,13.645,80.223,0.275,15.0,0.0,1.266,0,2.673,15.0,0,0,1,0,0,0,1,0,1,0,0,0,0,1,0,0,0,1,0.0,0
mahinia01,Ian Mahinmi,train,-1.772226,2016,4,1,71.0,9.296,25.577,16.6,0.9,1.4,6.2,0.164,15.7,0.6033,1.465,7.141,1.056,0.915,1.408,8,438.0,5.13,16.77,1.0,20.0,1.5,11.6,30,83,262,9,0.0,0,0.3,0,0,-0.5,-0.5,-0.5,41.0,0.0,0.0,-17.133,76.329,7.963,15.0,1.62,1.7,1.71,45.0,1.0,0.0,-2.414,66.752,5.662,15.0,0.0,2.126,1,6.385,8.0,0,0,1,0,0,0,1,0,0,0,1,1,0,0,0,0,0,2,0.0,0
maledth01,Théo Maledon,train,-4.016291,2020,3,0,66.0,9.478,24.912,14.9,-0.1,0.7,3.2,0.104,19.0,0.559,1.722,3.879,0.354,0.721,1.148,0,0.0,9.05,23.27,0.0,0.0,0.0,0.0,19,76,175,0,1.0,0,0.25,0,0,2.33,2.0,1.99,44.0,1.0,0.0,-30.58,131.676,1.736,15.0,2.33,2.0,1.99,44.0,1.0,0.0,-30.58,131.676,1.736,15.0,0.0,1.435,0,1.435,47.0,1,0,1,0,0,0,0,1,1,0,0,0,0,0,0,0,1,0,0.0,0
mamuksa01,Sandro Mamukelashvili,test,-4.074161,2025,2,1,61.0,6.311,11.164,19.7,2.3,0.7,2.2,0.155,20.8,0.628,0.787,3.066,0.279,0.361,0.426,4,191.0,5.19,11.51,1.0,5.2,0.8,4.1,26,81,240,4,0.0,1,0.25,0,1,-4.4,-4.3,-4.29,30.0,0.0,0.0,-37.908,154.303,16.406,15.0,-2.45,-2.8,-2.76,34.0,0.0,0.0,-22.221,155.232,7.577,15.0,0.0,2.602,1,6.202,9.0,0,0,1,0,0,1,0,0,0,1,0,0,1,0,0,0,0,2,0.0,0
mamuksa01,Sandro Mamukelashvili,test,-2.571506,2026,4,1,80.0,11.162,21.887,18.1,2.8,2.1,6.2,0.17,18.8,0.6374,1.887,4.938,0.512,0.8,0.838,5,271.0,6.96,14.58,3.1,11.4,3.0,9.4,27,81,240,5,0.0,1,0.25,0,0,1.68,1.8,1.76,53.0,1.0,0.0,-56.752,194.334,0.992,15.0,2.75,2.9,2.83,46.0,1.0,0.0,-40.319,184.296,2.674,15.0,1.0,6.202,1,12.901,2.0,0,0,1,0,0,0,1,0,0,1,0,1,0,0,0,0,0,2,2.0,0
mannte01,Terance Mann,train,-4.332629,2019,3,0,66.0,9.478,24.912,14.9,-0.1,0.7,3.2,0.104,19.0,0.559,1.722,3.879,0.354,0.721,1.148,0,0.0,9.05,23.27,0.0,0.0,0.0,0.0,23,78,215,0,1.0,0,0.25,0,1,1.09,0.9,0.85,48.0,1.0,0.0,-16.702,83.225,35.346,14.0,1.09,0.9,0.85,48.0,1.0,0.0,-16.702,83.225,35.346,14.0,1.0,12.901,1,12.901,2.0,0,0,1,0,0,0,0,1,1,0,0,0,0,0,0,0,1,2,2.0,0
mannte01,Terance Mann,train,-2.4196,2021,2,1,67.0,7.045,18.851,13.8,-0.2,0.6,3.7,0.141,15.1,0.603,1.552,3.612,0.194,0.433,0.597,2,108.0,5.29,15.05,0.6,4.5,0.6,4.5,25,78,215,2,1.0,0,0.25,0,0,6.02,6.4,6.18,47.0,1.0,0.0,-28.265,137.011,0.395,15.0,6.02,6.4,6.18,47.0,1.0,0.0,-28.265,137.011,0.395,15.0,1.0,12.901,1,12.901,2.0,0,1,0,0,0,0,0,1,1,0,0,0,0,0,0,1,0,2,2.0,0
mannte01,Terance Mann,test,-2.28961,2024,3,1,75.0,8.773,24.973,12.0,-1.5,0.2,4.2,0.108,13.6,0.6152,1.587,3.387,0.2,0.573,0.64,5,345.0,8.16,22.28,2.4,18.5,1.8,14.0,28,78,215,5,1.0,0,0.25,0,0,3.41,3.4,3.28,51.0,1.0,0.0,-66.06,198.296,1.764,15.0,3.41,3.4,3.28,51.0,1.0,0.0,-66.06,198.296,1.764,15.0,1.0,12.901,1,12.901,2.0,0,1,0,0,0,0,0,1,0,1,0,0,0,0,0,1,0,2,2.0,0
manntr01,Tre Mann,test,-2.961704,2025,3,1,13.0,14.077,24.538,13.3,-2.4,0.0,0.1,0.015,26.0,0.5375,3.0,2.923,0.308,0.538,1.923,4,181.0,9.43,21.3,-1.2,1.9,-0.4,1.8,24,76,178,4,1.0,0,0.25,0,0,-9.1,-9.3,-9.11,19.0,0.0,0.0,-26.835,152.437,14.987,15.0,-9.1,-9.3,-9.11,19.0,0.0,0.0,-26.835,152.437,14.987,15.0,0.0,2.66,0,2.66,21.0,0,0,1,0,0,0,1,0,0,1,0,0,0,1,0,0,0,0,0.0,0
marjabo01,Boban Marjanović,train,-2.598905,2016,3,1,54.0,5.5,9.407,27.7,4.3,0.8,3.4,0.321,22.8,0.6625,0.389,3.593,0.426,0.222,0.537,1,54.0,5.5,9.41,0.8,3.4,0.8,3.4,28,88,290,1,0.0,0,0.25,0,0,0.43,0.6,0.61,44.0,1.0,0.0,-5.604,66.217,9.386,14.0,10.28,11.3,10.63,67.0,1.0,0.0,-17.595,85.193,2.402,15.0,0.0,2.602,0,4.365,14.0,0,0,1,0,0,1,0,0,0,0,1,1,0,0,0,0,0,1,0.0,1
marjabo01,Boban Marjanović,train,-3.439868,2019,2,1,58.0,7.276,11.741,24.2,3.2,0.9,3.0,0.211,23.3,0.6643,0.931,4.569,0.466,0.276,1.017,4,186.0,6.16,9.78,2.7,9.6,1.9,6.2,31,88,290,4,0.0,0,0.25,0,0,-0.87,-1.3,-1.28,33.0,0.0,0.0,14.109,73.674,14.086,15.0,2.25,2.6,2.7,51.0,1.0,0.0,-10.093,107.554,4.408,15.0,1.0,6.228,1,7.943,4.0,0,0,1,0,0,1,0,0,1,0,0,1,0,0,0,0,0,2,2.0,1
marjabo01,Boban Marjanović,train,-3.469426,2021,2,1,33.0,4.727,8.212,22.6,-0.8,0.1,1.0,0.177,24.6,0.5623,0.303,3.879,0.182,0.061,0.364,6,263.0,6.05,9.55,3.1,12.4,1.3,5.8,33,88,290,6,1.0,0,0.25,0,0,2.26,2.4,2.26,42.0,1.0,0.0,-16.675,124.195,1.621,15.0,2.26,2.4,2.26,42.0,1.0,0.0,-16.675,124.195,1.621,15.0,1.0,7.943,1,7.943,4.0,0,0,1,0,0,0,1,0,1,0,0,1,0,0,0,0,0,2,2.0,1
markkla01,Lauri Markkanen,train,-1.8968,2021,4,1,51.0,13.627,25.824,15.2,0.1,0.7,3.0,0.109,20.2,0.6189,0.882,5.255,0.294,0.51,1.02,4,221.0,15.56,29.46,2.8,11.6,1.9,8.3,24,85,240,4,1.0,0,0.25,0,0,-0.94,-0.9,-0.89,31.0,0.0,0.0,-18.925,127.968,0.097,15.0,-0.94,-0.9,-0.89,31.0,0.0,0.0,-18.925,127.968,0.097,15.0,1.0,9.441,1,9.441,3.0,0,0,0,0,1,1,0,0,1,0,0,0,1,0,0,0,0,2,2.0,0
marshna01,Naji Marshall,test,-2.748609,2024,3,1,66.0,7.061,19.045,12.7,-0.7,0.4,2.6,0.099,16.3,0.5755,1.939,3.636,0.182,0.742,0.985,4,230.0,7.49,19.5,0.4,6.8,0.3,5.9,26,78,220,3,0.0,0,0.25,0,0,2.3,2.2,2.21,50.0,1.0,0.0,-39.3,162.283,2.348,15.0,4.46,4.5,4.41,49.0,1.0,0.0,-40.949,164.657,0.245,15.0,0.0,1.29,1,7.943,4.0,0,0,1,0,0,1,0,0,0,1,0,0,0,0,1,0,0,2,0.0,1
marshna01,Naji Marshall,test,-2.38183,2026,3,1,74.0,15.243,29.514,15.4,-0.6,0.8,4.3,0.095,20.5,0.5918,3.257,4.703,0.081,1.108,1.608,6,373.0,10.09,23.02,1.8,14.6,1.8,10.4,28,78,220,5,1.0,0,0.25,0,0,-5.33,-5.3,-5.51,26.0,0.0,0.0,-45.725,174.225,10.343,15.0,-5.33,-5.3,-5.51,26.0,0.0,0.0,-45.725,174.225,10.343,15.0,1.0,7.943,1,7.943,4.0,0,1,0,0,0,0,0,1,0,1,0,0,0,0,1,0,0,2,2.0,1
martica02,Caleb Martin,train,-4.356159,2019,3,0,66.0,9.478,24.912,14.9,-0.1,0.7,3.2,0.104,19.0,0.559,1.722,3.879,0.354,0.721,1.148,0,0.0,9.05,23.27,0.0,0.0,0.0,0.0,24,77,205,0,1.0,0,0.25,0,1,-1.32,-1.1,-1.1,39.0,0.0,0.0,-22.803,121.81,0.0,15.0,-1.32,-1.1,-1.1,39.0,0.0,0.0,-22.803,121.81,0.0,15.0,0.0,2.66,0,2.66,21.0,0,0,1,0,0,0,0,1,1,0,0,0,0,0,0,0,1,0,0.0,1
martica02,Caleb Martin,val,-2.900083,2022,3,1,60.0,9.183,22.867,14.8,1.1,1.1,4.0,0.14,16.3,0.611,1.067,3.833,0.5,0.967,0.867,3,131.0,7.07,19.14,0.9,5.0,0.9,5.0,27,77,205,3,1.0,1,0.25,0,1,4.23,4.6,4.45,53.0,1.0,0.0,-26.391,130.081,5.386,15.0,4.23,4.6,4.45,53.0,1.0,0.0,-26.391,130.081,5.386,15.0,0.0,6.266,0,6.266,18.0,0,0,1,0,0,1,0,0,1,0,0,0,0,0,1,0,0,1,1.0,1
martica02,Caleb Martin,test,-2.775638,2024,4,1,64.0,10.0,27.438,10.8,-2.0,0.0,2.4,0.066,17.3,0.5311,2.234,4.391,0.453,0.734,1.203,5,266.0,8.45,23.83,1.3,11.1,1.5,10.1,29,77,205,5,0.0,0,0.25,0,0,2.51,3.1,3.05,47.0,1.0,0.0,-45.888,161.97,2.568,15.0,1.1,1.8,1.76,46.0,1.0,0.0,-44.734,172.894,1.802,15.0,0.0,6.266,1,6.228,5.0,0,0,1,0,0,0,1,0,0,1,0,0,0,0,1,0,0,2,1.0,1
martico01,Cody Martin,train,-4.293855,2019,3,0,66.0,9.478,24.912,14.9,-0.1,0.7,3.2,0.104,19.0,0.559,1.722,3.879,0.354,0.721,1.148,0,0.0,9.05,23.27,0.0,0.0,0.0,0.0,24,78,205,0,1.0,0,0.25,0,0,-1.32,-1.1,-1.1,39.0,0.0,0.0,-22.803,121.81,0.0,15.0,-1.32,-1.1,-1.1,39.0,0.0,0.0,-22.803,121.81,0.0,15.0,0.0,2.66,0,2.66,21.0,0,0,1,0,0,0,0,1,1,0,0,0,0,0,0,0,1,0,0.0,0
martico01,Cody Martin,val,-2.758257,2022,4,1,71.0,7.662,26.282,12.7,-0.5,0.7,3.9,0.1,12.1,0.5786,2.521,4.014,0.451,1.239,0.859,3,171.0,5.78,21.16,0.7,6.0,0.7,6.0,27,78,205,3,1.0,0,0.25,0,0,0.53,0.4,0.44,43.0,0.0,0.0,-8.577,110.118,10.873,15.0,0.53,0.4,0.44,43.0,0.0,0.0,-8.577,110.118,10.873,15.0,0.0,2.66,0,2.66,21.0,0,0,1,0,0,1,0,0,1,0,0,0,0,0,1,0,0,0,0.0,0
martija01,Jarell Martin,train,-4.017384,2015,2,0,66.0,9.478,24.912,14.9,-0.1,0.7,3.2,0.104,19.0,0.559,1.722,3.879,0.354,0.721,1.148,0,0.0,9.05,23.27,0.0,0.0,0.0,0.0,21,82,239,0,1.0,0,0.25,0,2,3.62,3.5,3.24,55.0,1.0,0.0,-12.611,73.989,0.771,15.0,3.62,3.5,3.24,55.0,1.0,0.0,-12.611,73.989,0.771,15.0,0.0,1.358,0,1.358,51.0,0,0,1,0,0,0,0,1,0,0,1,0,0,0,0,0,1,0,0.0,0
martike03,Kelan Martin,train,-4.238376,2020,2,1,31.0,6.355,15.968,9.2,-4.3,-0.3,0.2,0.019,17.8,0.5061,0.742,3.097,0.29,0.226,0.645,1,31.0,6.36,15.97,-0.3,0.2,-0.3,0.2,25,77,230,1,0.0,0,0.25,0,0,1.63,2.0,1.96,45.0,1.0,0.0,-5.452,112.347,2.245,15.0,-4.02,-4.1,-4.3,19.0,0.0,0.0,-27.108,113.824,19.185,14.0,0.0,3.703,0,2.126,25.0,1,0,1,0,0,0,1,0,1,0,0,0,0,0,1,0,0,0,1.0,1
martike04,KJ Martin,train,-4.265731,2020,4,0,66.0,9.478,24.912,14.9,-0.1,0.7,3.2,0.104,19.0,0.559,1.722,3.879,0.354,0.721,1.148,0,0.0,9.05,23.27,0.0,0.0,0.0,0.0,19,78,215,0,1.0,0,0.25,0,1,3.13,2.8,2.96,44.0,1.0,0.0,-42.455,124.041,2.846,15.0,3.13,2.8,2.96,44.0,1.0,0.0,-42.455,124.041,2.846,15.0,1.0,7.206,1,7.206,6.0,1,0,1,0,0,0,0,1,1,0,0,0,0,0,0,0,1,2,2.0,0
martity01,Tyrese Martin,val,-4.502685,2022,2,0,66.0,9.478,24.912,14.9,-0.1,0.7,3.2,0.104,19.0,0.559,1.722,3.879,0.354,0.721,1.148,0,0.0,9.05,23.27,0.0,0.0,0.0,0.0,23,78,215,0,1.0,0,0.25,0,1,1.55,1.6,1.56,43.0,1.0,0.0,-20.359,132.773,0.0,15.0,1.55,1.6,1.56,43.0,1.0,0.0,-20.359,132.773,0.0,15.0,1.0,6.144,1,6.144,7.0,0,0,1,0,0,0,0,1,1,0,0,0,0,0,0,0,1,2,2.0,0
masonfr01,Frank Mason III,train,-4.26436,2017,3,0,66.0,9.478,24.912,14.9,-0.1,0.7,3.2,0.104,19.0,0.559,1.722,3.879,0.354,0.721,1.148,0,0.0,9.05,23.27,0.0,0.0,0.0,0.0,23,71,190,0,1.0,0,0.25,0,0,-3.29,-4.0,-3.88,32.0,0.0,0.0,-1.524,87.859,7.808,15.0,-3.29,-4.0,-3.88,32.0,0.0,0.0,-1.524,87.859,7.808,15.0,0.0,2.453,0,2.453,20.0,0,0,1,0,0,0,0,1,1,0,0,0,0,0,0,0,1,0,0.0,0
matkoka01,Karlo Matković,test,-4.358047,2024,3,0,66.0,9.478,24.912,14.9,-0.1,0.7,3.2,0.104,19.0,0.559,1.722,3.879,0.354,0.721,1.148,0,0.0,9.05,23.27,0.0,0.0,0.0,0.0,23,82,231,0,1.0,0,0.25,0,1,4.46,4.5,4.41,49.0,1.0,0.0,-40.949,164.657,0.245,15.0,4.46,4.5,4.41,49.0,1.0,0.0,-40.949,164.657,0.245,15.0,0.0,1.29,0,1.29,50.0,0,0,1,0,0,1,0,0,0,1,0,0,0,0,0,0,1,0,0.0,0
matthwe02,Wesley Matthews,train,-1.386294,2015,4,1,60.0,15.933,33.733,16.1,3.1,2.6,6.2,0.147,19.8,0.5859,2.317,3.7,0.167,1.283,1.35,6,441.0,14.27,32.24,10.9,35.7,6.8,19.1,29,77,220,6,1.0,0,0.25,0,2,3.36,3.1,2.9,50.0,1.0,0.0,-11.95,72.184,2.831,16.0,3.36,3.1,2.9,50.0,1.0,0.0,-11.95,72.184,2.831,16.0,1.0,7.943,1,7.943,4.0,0,0,1,0,0,0,1,0,0,0,1,0,0,0,0,1,0,2,2.0,1
matthwe02,Wesley Matthews,train,-3.725648,2019,2,1,69.0,12.174,30.304,10.3,-1.8,0.1,2.7,0.062,17.8,0.5457,2.319,2.464,0.246,0.783,1.319,10,724.0,13.67,32.57,13.0,47.8,1.5,8.4,33,77,220,10,0.0,0,0.35,0,1,8.04,8.6,8.87,60.0,1.0,0.0,-22.044,114.956,7.413,15.0,2.76,3.4,3.33,48.0,1.0,0.0,-8.71,99.582,10.997,15.0,0.0,2.126,0,1.586,38.0,0,0,1,0,0,0,1,0,1,0,0,0,0,0,1,0,0,0,0.0,1
maxeyty01,Tyrese Maxey,test,-1.237887,2024,5,1,70.0,25.943,37.514,19.8,3.1,3.4,8.1,0.148,28.0,0.5728,6.186,3.686,0.471,0.986,1.657,4,266.0,18.17,30.93,6.6,22.7,6.5,20.8,24,74,200,4,1.0,0,0.25,0,0,2.51,3.1,3.05,47.0,1.0,0.0,-45.888,161.97,2.568,15.0,2.51,3.1,3.05,47.0,1.0,0.0,-45.888,161.97,2.568,15.0,1.0,6.228,1,6.228,5.0,0,0,1,0,0,1,0,0,0,1,0,0,0,1,0,0,0,2,2.0,0
mbahalu01,Luc Mbah a Moute,train,-3.733885,2016,2,1,75.0,3.08,16.987,7.3,-2.6,-0.2,1.6,0.06,9.4,0.4977,0.4,2.28,0.253,0.587,0.453,8,541.0,6.3,23.29,0.5,20.1,-0.8,3.7,30,80,230,8,1.0,0,0.3,0,1,4.13,4.5,4.28,53.0,1.0,0.0,-29.998,94.554,1.586,15.0,4.13,4.5,4.28,53.0,1.0,0.0,-29.998,94.554,1.586,15.0,1.0,12.901,1,12.901,2.0,0,0,1,0,0,0,1,0,0,0,1,0,1,0,0,0,0,2,2.0,0
mcadoja01,James Michael McAdoo,train,-4.931692,2015,2,1,15.0,4.133,9.133,17.7,-2.3,0.0,0.5,0.175,19.4,0.5636,0.133,2.467,0.6,0.333,0.4,1,15.0,4.13,9.13,0.0,0.5,0.0,0.5,22,81,230,0,1.0,0,0.25,0,0,10.01,10.2,10.1,67.0,1.0,1.0,-17.326,71.881,0.704,15.0,10.01,10.2,10.1,67.0,1.0,1.0,-17.326,71.881,0.704,15.0,1.0,4.749,1,4.749,10.0,1,0,1,0,0,1,0,0,0,0,1,0,1,0,0,0,0,2,2.0,1
mcbrimi01,Miles McBride,train,-4.357545,2021,3,0,66.0,9.478,24.912,14.9,-0.1,0.7,3.2,0.104,19.0,0.559,1.722,3.879,0.354,0.721,1.148,0,0.0,9.05,23.27,0.0,0.0,0.0,0.0,21,74,195,0,1.0,0,0.25,0,1,2.13,2.4,2.31,41.0,1.0,0.0,7.17,81.511,20.459,15.0,2.13,2.4,2.31,41.0,1.0,0.0,7.17,81.511,20.459,15.0,1.0,19.113,1,19.113,1.0,0,0,1,0,0,0,0,1,1,0,0,0,0,0,0,0,1,2,2.0,0
mcbrimi01,Miles McBride,val,-3.479497,2023,3,1,64.0,3.469,11.875,8.4,-2.3,-0.1,0.7,0.044,14.6,0.4754,1.125,0.781,0.125,0.578,0.391,2,104.0,2.99,10.88,-0.3,0.9,-0.3,0.9,23,74,195,2,1.0,0,0.25,0,0,2.99,3.0,2.93,47.0,1.0,0.0,-26.609,149.994,0.27,15.0,2.99,3.0,2.93,47.0,1.0,0.0,-26.609,149.994,0.27,15.0,1.0,19.113,1,19.113,1.0,1,1,0,0,0,0,0,1,0,1,0,0,0,1,0,0,0,2,2.0,0
mccaija01,Jared McCain,test,-3.364354,2024,4,0,66.0,9.478,24.912,14.9,-0.1,0.7,3.2,0.104,19.0,0.559,1.722,3.879,0.354,0.721,1.148,0,0.0,9.05,23.27,0.0,0.0,0.0,0.0,20,75,195,0,1.0,0,0.25,0,1,2.51,3.1,3.05,47.0,1.0,0.0,-45.888,161.97,2.568,15.0,2.51,3.1,3.05,47.0,1.0,0.0,-45.888,161.97,2.568,15.0,1.0,6.228,1,6.228,5.0,0,0,1,0,0,0,0,1,0,1,0,0,0,0,0,0,1,2,2.0,0
mccawpa01,Patrick McCaw,train,-4.873319,2016,2,0,66.0,9.478,24.912,14.9,-0.1,0.7,3.2,0.104,19.0,0.559,1.722,3.879,0.354,0.721,1.148,0,0.0,9.05,23.27,0.0,0.0,0.0,0.0,21,79,181,0,1.0,0,0.25,0,0,10.38,10.7,10.76,73.0,1.0,0.0,-34.731,88.869,6.909,15.0,10.38,10.7,10.76,73.0,1.0,0.0,-34.731,88.869,6.909,15.0,1.0,4.749,1,4.749,10.0,0,0,1,0,0,0,0,1,0,0,1,0,0,0,0,0,1,2,2.0,0
mccawpa01,Patrick McCaw,train,-3.525075,2018,2,1,57.0,4.018,16.86,7.4,-4.1,-0.5,0.6,0.03,12.8,0.4772,1.421,1.439,0.175,0.754,0.719,2,128.0,3.99,15.9,-0.6,2.3,-0.6,2.3,23,79,181,2,0.0,0,0.25,0,0,0.59,1.0,0.94,50.0,1.0,0.0,-41.302,135.777,0.203,15.0,5.79,5.9,5.98,58.0,1.0,1.0,-37.75,132.955,2.417,15.0,1.0,4.749,0,2.088,19.0,1,0,0,1,0,1,0,0,1,0,0,0,0,0,0,1,0,1,2.0,0
mccawpa01,Patrick McCaw,train,-3.306337,2019,2,1,29.0,2.552,13.69,7.5,-3.0,-0.1,0.5,0.06,9.4,0.5316,1.0,1.655,0.069,0.793,0.586,3,157.0,3.73,15.49,-0.7,2.8,-0.7,2.8,24,79,181,3,0.0,0,0.25,0,0,5.49,6.0,6.09,58.0,1.0,1.0,-47.819,135.46,1.971,15.0,-9.39,-9.9,-9.61,19.0,0.0,0.0,-21.831,122.179,1.521,15.0,0.0,2.088,1,6.202,9.0,0,0,1,0,0,1,0,0,1,0,0,0,0,0,0,1,0,2,1.0,0
mccolcj01,CJ McCollum,train,-1.318914,2016,4,1,80.0,20.825,34.75,17.7,1.3,2.3,6.0,0.104,27.1,0.5443,4.263,3.237,0.287,1.212,2.45,3,180.0,12.73,23.49,2.5,8.0,2.5,8.0,25,75,190,2,1.0,0,0.25,0,0,0.98,0.8,0.83,44.0,1.0,0.0,3.438,48.302,14.185,15.0,0.98,0.8,0.83,44.0,1.0,0.0,3.438,48.302,14.185,15.0,0.0,2.511,0,2.511,23.0,0,1,0,0,0,0,0,1,0,0,1,0,0,0,0,1,0,0,0.0,0
mccolcj01,CJ McCollum,train,-1.186074,2019,3,1,70.0,20.971,33.929,17.0,1.0,1.8,5.6,0.113,25.5,0.5529,2.957,4.029,0.4,0.786,1.514,6,411.0,17.83,29.98,9.5,27.8,7.0,19.8,28,75,190,5,1.0,0,0.25,0,0,4.43,4.2,4.2,53.0,1.0,0.0,-31.227,128.005,5.091,15.0,4.43,4.2,4.2,53.0,1.0,0.0,-31.227,128.005,5.091,15.0,0.0,2.511,0,2.511,23.0,0,1,0,0,0,0,0,1,1,0,0,0,0,0,0,1,0,0,0.0,0
mccolcj01,CJ McCollum,val,-1.447073,2022,2,1,62.0,22.097,34.597,18.3,1.9,2.1,3.6,0.081,27.5,0.553,5.081,4.339,0.355,1.129,2.048,9,590.0,19.22,31.57,15.6,40.2,6.1,12.4,31,75,190,8,1.0,0,0.3,0,0,-0.84,-1.0,-0.99,36.0,1.0,0.0,-22.25,132.605,0.57,15.0,-0.84,-1.0,-0.99,36.0,1.0,0.0,-22.25,132.605,0.57,15.0,0.0,1.29,0,1.29,50.0,0,1,0,0,0,0,0,1,1,0,0,0,0,1,0,0,0,0,0.0,0
mccontj01,T.J. McConnell,train,-3.439868,2019,2,1,76.0,6.355,19.342,13.4,-0.9,0.4,2.9,0.095,15.0,0.5548,3.395,2.289,0.224,1.039,1.197,4,314.0,6.4,22.02,2.1,12.4,1.8,10.5,27,73,190,4,0.0,0,0.25,0,0,2.76,3.4,3.33,48.0,1.0,0.0,-8.71,99.582,10.997,15.0,2.25,2.6,2.7,51.0,1.0,0.0,-10.093,107.554,4.408,15.0,1.0,6.228,0,2.126,25.0,0,0,1,0,0,1,0,0,1,0,0,0,0,1,0,0,0,0,2.0,1
mccontj01,T.J. McConnell,train,-2.593957,2021,4,1,69.0,8.638,26.029,16.9,1.4,1.5,4.8,0.128,15.3,0.583,6.609,3.71,0.333,1.855,1.957,6,454.0,6.76,22.11,4.4,20.5,2.7,11.0,29,73,190,6,1.0,0,0.25,0,0,-0.13,0.0,-0.04,34.0,0.0,0.0,-19.866,125.044,3.961,15.0,-0.13,0.0,-0.04,34.0,0.0,0.0,-19.866,125.044,3.961,15.0,0.0,2.126,0,2.126,25.0,0,0,1,0,0,0,1,0,1,0,0,0,0,1,0,0,0,0,0.0,1
mccontj01,T.J. McConnell,test,-2.620777,2024,4,1,71.0,10.239,18.183,20.9,3.0,1.6,3.9,0.145,23.7,0.586,5.493,2.69,0.113,1.014,1.521,9,627.0,7.46,21.54,7.5,28.8,3.1,8.3,32,73,190,9,1.0,0,0.35,0,0,2.75,3.0,3.05,47.0,1.0,0.0,-10.658,127.077,17.801,15.0,2.75,3.0,3.05,47.0,1.0,0.0,-10.658,127.077,17.801,15.0,0.0,2.126,0,2.126,25.0,0,1,0,0,0,0,0,1,0,1,0,0,0,1,0,0,0,0,0.0,1
mcculch01,Chris McCullough,train,-4.095774,2015,2,0,66.0,9.478,24.912,14.9,-0.1,0.7,3.2,0.104,19.0,0.559,1.722,3.879,0.354,0.721,1.148,0,0.0,9.05,23.27,0.0,0.0,0.0,0.0,20,83,200,0,1.0,0,0.25,0,2,-3.13,-3.0,-2.88,38.0,1.0,0.0,-28.983,88.025,0.404,15.0,-3.13,-3.0,-2.88,38.0,1.0,0.0,-28.983,88.025,0.404,15.0,1.0,19.113,1,19.113,1.0,0,0,1,0,0,0,0,1,0,0,1,0,0,0,0,0,1,2,2.0,0
mcdanja01,Jalen McDaniels,train,-4.265731,2019,4,0,66.0,9.478,24.912,14.9,-0.1,0.7,3.2,0.104,19.0,0.559,1.722,3.879,0.354,0.721,1.148,0,0.0,9.05,23.27,0.0,0.0,0.0,0.0,21,81,205,0,1.0,0,0.25,0,1,-1.32,-1.1,-1.1,39.0,0.0,0.0,-22.803,121.81,0.0,15.0,-1.32,-1.1,-1.1,39.0,0.0,0.0,-22.803,121.81,0.0,15.0,0.0,2.66,0,2.66,21.0,0,0,1,0,0,0,0,1,1,0,0,0,0,0,0,0,1,0,0.0,0
mcdanja01,Jalen McDaniels,val,-3.380252,2023,2,1,80.0,9.438,23.913,11.8,-2.1,-0.1,2.7,0.068,17.2,0.557,1.625,4.325,0.425,1.038,1.163,4,198.0,7.73,20.23,-0.6,6.1,-0.5,5.6,25,81,205,4,0.0,0,0.25,0,0,1.59,1.5,1.48,41.0,0.0,0.0,-25.605,144.097,5.164,15.0,4.37,4.4,4.32,54.0,1.0,0.0,-40.737,149.167,0.405,15.0,1.0,6.228,1,6.202,9.0,0,0,1,0,0,1,0,0,0,1,0,0,0,0,1,0,0,2,2.0,0
mcdanja02,Jaden McDaniels,val,-1.680074,2023,5,1,79.0,12.063,30.582,12.0,-1.2,0.5,4.4,0.087,15.8,0.6114,1.873,3.886,0.962,0.937,1.418,3,212.0,9.56,27.03,-0.5,8.2,-0.5,8.2,23,81,185,3,1.0,0,0.25,0,0,-0.22,-0.1,-0.04,42.0,1.0,0.0,-51.252,141.489,1.836,15.0,-0.22,-0.1,-0.04,42.0,1.0,0.0,-51.252,141.489,1.836,15.0,0.0,3.703,0,3.703,16.0,0,1,0,0,0,0,0,1,0,1,0,0,0,0,1,0,0,1,1.0,0
mcdankj01,K.J. McDaniels,train,-3.066768,2015,2,1,62.0,7.855,21.806,10.6,-2.8,-0.3,0.6,0.021,19.3,0.4944,1.161,3.226,1.129,0.71,1.694,1,62.0,7.86,21.81,-0.3,0.6,-0.3,0.6,22,78,205,1,1.0,0,0.25,0,1,3.82,3.6,3.44,56.0,1.0,0.0,-10.985,71.005,3.046,16.0,3.82,3.6,3.44,56.0,1.0,0.0,-10.985,71.005,3.046,16.0,1.0,7.206,1,7.206,6.0,0,0,1,0,0,1,0,0,0,0,1,0,0,0,0,1,0,2,2.0,0
mcderdo01,Doug McDermott,train,-3.298298,2014,2,0,66.0,9.478,24.912,14.9,-0.1,0.7,3.2,0.104,19.0,0.559,1.722,3.879,0.354,0.721,1.148,0,0.0,9.05,23.27,0.0,0.0,0.0,0.0,22,79,225,0,1.0,0,0.25,0,2,0.28,0.3,0.28,42.0,1.0,0.0,-12.901,92.25,0.0,15.0,0.34,0.5,0.43,42.0,1.0,0.0,-12.901,92.929,0.0,15.0,1.0,9.441,1,9.441,3.0,0,0,1,0,0,0,0,1,0,0,1,0,0,0,0,0,1,2,2.0,0
mcderdo01,Doug McDermott,train,-2.631258,2018,3,1,81.0,7.778,21.827,10.4,-2.2,-0.1,2.3,0.062,15.0,0.5794,0.975,2.469,0.198,0.235,0.691,4,264.0,7.94,20.67,-0.9,7.7,-0.6,7.7,26,79,225,4,0.0,0,0.25,0,0,1.18,1.4,1.38,48.0,1.0,0.0,5.431,90.081,3.581,15.0,-2.7,-3.2,-3.04,24.0,0.0,0.0,13.946,77.926,7.221,15.0,1.0,7.943,0,2.126,25.0,0,0,1,0,0,0,1,0,1,0,0,0,0,0,1,0,0,0,2.0,0
mcderdo01,Doug McDermott,train,-2.083131,2021,3,1,66.0,13.621,24.53,15.6,-0.6,0.6,3.8,0.113,20.0,0.6348,1.288,3.348,0.091,0.303,0.803,7,476.0,8.97,20.57,0.6,17.7,1.5,10.0,29,79,225,7,1.0,0,0.3,0,0,-0.13,0.0,-0.04,34.0,0.0,0.0,-19.866,125.044,3.961,15.0,-0.13,0.0,-0.04,34.0,0.0,0.0,-19.866,125.044,3.961,15.0,0.0,2.126,0,2.126,25.0,0,0,0,0,1,0,1,0,1,0,0,0,1,0,0,0,0,0,0.0,0
mcgeeja01,JaVale McGee,train,-3.281644,2019,2,1,75.0,11.96,22.28,21.8,1.4,1.4,5.9,0.169,20.2,0.6336,0.693,7.547,1.973,0.627,1.44,11,633.0,8.01,17.38,5.4,31.9,2.5,12.1,31,84,270,11,1.0,1,0.35,0,1,-1.33,-1.7,-1.72,37.0,0.0,0.0,-3.465,90.827,14.507,15.0,-1.33,-1.7,-1.72,37.0,0.0,0.0,-3.465,90.827,14.507,15.0,1.0,12.901,1,12.901,2.0,0,0,1,0,0,0,1,0,1,0,0,1,0,0,0,0,0,2,2.0,0
mcgeeja01,JaVale McGee,val,-3.071198,2022,3,1,74.0,9.189,15.838,22.6,0.8,0.8,4.9,0.201,22.8,0.651,0.568,6.703,1.095,0.297,1.324,14,821.0,7.96,17.03,7.1,42.5,1.7,10.6,34,84,270,14,0.0,0,0.35,0,0,3.12,3.4,3.3,52.0,1.0,0.0,-34.32,117.319,7.431,15.0,6.94,7.5,7.5,64.0,1.0,0.0,-21.328,129.977,3.765,15.0,0.0,5.059,1,7.943,4.0,0,0,1,0,0,0,1,0,1,0,0,1,0,0,0,0,0,2,2.0,0
mcgruro01,Rodney McGruder,train,-4.727136,2016,3,0,66.0,9.478,24.912,14.9,-0.1,0.7,3.2,0.104,19.0,0.559,1.722,3.879,0.354,0.721,1.148,0,0.0,9.05,23.27,0.0,0.0,0.0,0.0,25,76,205,0,1.0,0,0.25,0,0,1.5,1.7,1.65,48.0,1.0,0.0,-14.62,82.539,2.08,15.0,1.5,1.7,1.65,48.0,1.0,0.0,-14.62,82.539,2.08,15.0,0.0,6.266,0,6.266,18.0,0,0,1,0,0,0,0,1,0,0,1,0,0,0,0,0,1,1,1.0,1
mcgruro01,Rodney McGruder,train,-3.083194,2019,3,1,66.0,7.621,23.485,9.4,-2.3,-0.1,1.9,0.059,15.4,0.5105,1.697,3.606,0.182,0.545,0.97,3,162.0,6.73,23.55,0.0,5.6,0.0,5.6,28,76,205,3,1.0,0,0.25,0,0,1.09,0.9,0.85,48.0,1.0,0.0,-16.702,83.225,35.346,14.0,1.09,0.9,0.85,48.0,1.0,0.0,-16.702,83.225,35.346,14.0,1.0,12.901,1,12.901,2.0,0,0,1,0,0,1,0,0,1,0,0,0,0,0,0,1,0,2,2.0,1
mckinal01,Alfonzo McKinnie,train,-4.505304,2017,2,0,66.0,9.478,24.912,14.9,-0.1,0.7,3.2,0.104,19.0,0.559,1.722,3.879,0.354,0.721,1.148,0,0.0,9.05,23.27,0.0,0.0,0.0,0.0,25,79,215,0,1.0,0,0.25,0,0,3.65,4.5,4.21,51.0,1.0,0.0,-17.634,108.689,0.206,16.0,3.65,4.5,4.21,51.0,1.0,0.0,-17.634,108.689,0.206,16.0,1.0,6.202,1,6.202,9.0,0,0,1,0,0,0,0,1,1,0,0,0,0,0,0,0,1,2,2.0,1
mckinal01,Alfonzo McKinnie,train,-4.238425,2018,2,1,14.0,1.5,3.786,10.1,-3.0,0.0,0.1,0.091,16.0,0.6434,0.071,0.5,0.071,0.071,0.214,1,14.0,1.5,3.79,0.0,0.1,0.0,0.1,26,79,215,1,0.0,0,0.25,0,0,5.79,5.9,5.98,58.0,1.0,1.0,-37.75,132.955,2.417,15.0,7.29,7.9,7.78,59.0,1.0,0.0,-20.863,115.391,1.192,15.0,1.0,6.202,1,4.749,10.0,0,0,1,0,0,1,0,0,1,0,0,0,0,0,1,0,0,2,2.0,1
mckinal01,Alfonzo McKinnie,train,-4.091051,2020,4,1,40.0,4.55,14.825,8.7,-5.3,-0.5,0.2,0.016,15.2,0.4929,0.35,2.825,0.2,0.575,0.65,3,126.0,4.29,13.09,-0.9,2.4,-0.9,2.4,28,79,215,3,1.0,0,0.25,0,0,-7.77,-7.9,-7.89,19.0,0.0,0.0,-26.136,129.174,2.865,15.0,-7.77,-7.9,-7.89,19.0,0.0,0.0,-26.136,129.174,2.865,15.0,0.0,2.088,0,2.088,19.0,1,0,1,0,0,1,0,0,1,0,0,0,0,0,1,0,0,1,1.0,1
mclaujo01,Jordan McLaughlin,train,-3.95208,2021,3,1,51.0,5.02,18.392,12.0,-1.7,0.1,1.2,0.061,13.7,0.5016,3.784,2.118,0.118,1.0,1.0,2,81.0,5.99,18.86,0.4,2.8,0.4,2.8,25,71,185,2,1.0,0,0.25,0,0,-5.25,-5.5,-5.56,23.0,0.0,0.0,-50.055,128.98,0.685,14.0,-5.25,-5.5,-5.56,23.0,0.0,0.0,-50.055,128.98,0.685,14.0,0.0,3.703,0,3.703,16.0,0,0,1,0,0,1,0,0,1,0,0,0,0,1,0,0,0,1,1.0,1
mclembe01,Ben McLemore,train,-2.922708,2017,2,1,61.0,8.115,19.279,9.8,-4.2,-0.6,0.4,0.016,20.1,0.5381,0.836,2.115,0.098,0.475,1.016,4,293.0,9.36,25.52,-2.6,4.0,-1.5,3.2,24,75,195,4,0.0,0,0.25,0,0,0.96,0.6,0.49,43.0,1.0,0.0,-16.727,108.352,2.518,15.0,-3.29,-4.0,-3.88,32.0,0.0,0.0,-1.524,87.859,7.808,15.0,0.0,2.453,0,1.358,51.0,0,0,1,0,0,0,1,0,1,0,0,0,0,0,0,1,0,0,0.0,0
mclembe01,Ben McLemore,train,-3.927164,2019,2,1,19.0,3.947,8.316,10.5,-3.5,-0.1,0.2,0.061,19.4,0.5413,0.211,0.895,0.158,0.316,0.263,6,368.0,8.8,23.71,-3.2,4.7,-1.2,1.1,26,75,195,6,0.0,0,0.25,0,0,4.96,4.8,4.77,53.0,1.0,0.0,-27.003,120.918,1.017,15.0,-0.81,-1.1,-1.12,39.0,0.0,0.0,-2.169,92.25,11.789,15.0,0.0,2.453,1,7.206,6.0,0,0,1,0,0,0,1,0,1,0,0,0,0,0,0,1,0,2,0.0,0
mcrobjo01,Josh McRoberts,train,-2.4103,2014,4,1,78.0,8.474,30.256,13.8,2.0,2.3,6.5,0.132,13.4,0.5477,4.269,4.782,0.59,0.744,1.064,7,350.0,5.73,19.98,4.5,17.0,2.6,10.1,27,82,240,7,1.0,0,0.3,0,1,0.28,0.3,0.28,42.0,1.0,0.0,-12.901,92.25,0.0,15.0,0.34,0.5,0.43,42.0,1.0,0.0,-12.901,92.929,0.0,15.0,0.0,6.266,0,6.266,18.0,0,0,1,0,0,0,1,0,0,0,1,0,1,0,0,0,0,1,1.0,0
meeksjo01,Jodie Meeks,train,-2.30839,2014,3,1,77.0,15.701,33.195,14.7,-0.1,1.2,4.5,0.085,19.1,0.6012,1.792,2.519,0.052,1.442,1.442,5,355.0,9.68,24.35,3.2,17.6,2.1,11.6,27,76,210,5,1.0,0,0.25,0,1,0.28,0.3,0.28,42.0,1.0,0.0,-12.901,92.25,0.0,15.0,0.34,0.5,0.43,42.0,1.0,0.0,-12.901,92.929,0.0,15.0,0.0,4.365,0,4.365,14.0,0,0,1,0,0,0,1,0,0,0,1,0,0,0,0,1,0,1,1.0,0
meeksjo01,Jodie Meeks,train,-3.387098,2017,2,1,36.0,9.083,20.5,13.1,-1.8,0.1,1.1,0.072,19.4,0.5666,1.25,2.139,0.111,0.944,1.0,8,454.0,9.8,23.98,3.8,21.9,0.6,4.3,30,76,210,8,0.0,0,0.3,0,1,1.36,1.9,1.8,49.0,1.0,0.0,-8.195,100.786,1.552,15.0,-6.61,-6.8,-6.57,29.0,0.0,0.0,-10.152,102.595,1.699,15.0,0.0,2.673,1,6.385,8.0,0,0,1,0,0,0,1,0,1,0,0,0,0,0,0,1,0,2,1.0,0
mejrisa01,Salah Mejri,train,-4.471639,2015,3,0,66.0,9.478,24.912,14.9,-0.1,0.7,3.2,0.104,19.0,0.559,1.722,3.879,0.354,0.721,1.148,0,0.0,9.05,23.27,0.0,0.0,0.0,0.0,29,86,235,0,1.0,0,0.25,0,0,3.36,3.1,2.9,50.0,1.0,0.0,-11.95,72.184,2.831,16.0,3.36,3.1,2.9,50.0,1.0,0.0,-11.95,72.184,2.831,16.0,1.0,7.943,1,7.943,4.0,0,0,1,0,0,0,0,1,0,0,1,0,0,0,0,0,1,2,2.0,1
mellini01,Nicolò Melli,train,-3.306337,2019,2,0,66.0,9.478,24.912,14.9,-0.1,0.7,3.2,0.104,19.0,0.559,1.722,3.879,0.354,0.721,1.148,0,0.0,9.05,23.27,0.0,0.0,0.0,0.0,28,81,236,0,1.0,0,0.25,0,0,-1.1,-1.2,-1.33,33.0,0.0,0.0,-14.204,98.806,15.722,15.0,-1.1,-1.2,-1.33,33.0,0.0,0.0,-14.204,98.806,15.722,15.0,0.0,1.29,0,1.29,50.0,0,0,1,0,0,0,0,1,1,0,0,0,0,0,0,0,1,0,0.0,1
meltode01,De'Anthony Melton,train,-4.445541,2018,2,0,66.0,9.478,24.912,14.9,-0.1,0.7,3.2,0.104,19.0,0.559,1.722,3.879,0.354,0.721,1.148,0,0.0,9.05,23.27,0.0,0.0,0.0,0.0,20,74,200,0,1.0,0,0.25,0,1,-8.8,-9.4,-9.37,21.0,0.0,0.0,6.574,73.955,18.563,15.0,-8.8,-9.4,-9.37,21.0,0.0,0.0,6.574,73.955,18.563,15.0,0.0,5.059,0,5.059,12.0,0,0,1,0,0,0,0,1,1,0,0,0,0,0,0,0,1,2,2.0,0
meltode01,De'Anthony Melton,train,-2.535072,2020,4,1,60.0,7.583,19.45,13.5,-0.2,0.5,1.7,0.07,19.2,0.5008,2.917,3.667,0.333,1.283,1.4,2,110.0,6.41,19.55,0.3,1.7,0.3,1.7,22,74,200,2,1.0,0,0.25,0,1,-0.91,-1.1,-1.07,34.0,0.0,0.0,-23.705,97.227,32.254,15.0,-0.91,-1.1,-1.07,34.0,0.0,0.0,-23.705,97.227,32.254,15.0,0.0,1.358,0,1.358,51.0,1,0,1,0,0,1,0,0,1,0,0,0,0,1,0,0,0,0,0.0,0
meltode01,De'Anthony Melton,test,-3.857885,2025,2,1,6.0,10.333,20.167,13.3,-0.8,0.0,0.2,0.079,23.5,0.5389,2.833,3.333,0.333,1.167,1.667,7,356.0,9.08,22.88,5.3,14.1,2.3,6.5,27,74,200,7,0.0,1,0.3,0,1,3.56,3.3,3.3,48.0,1.0,0.0,-58.93,176.474,0.306,15.0,-6.95,-7.3,-7.11,26.0,0.0,0.0,-38.248,112.077,58.409,15.0,1.0,19.113,1,4.749,10.0,0,0,1,0,0,0,1,0,0,1,0,0,0,0,0,1,0,2,2.0,0
meltode01,De'Anthony Melton,test,-3.30949,2026,2,1,49.0,12.286,22.959,13.4,-2.5,-0.1,0.7,0.03,25.4,0.5179,2.551,3.224,0.408,1.571,1.857,8,405.0,9.46,22.89,5.2,14.8,0.6,3.0,28,74,200,8,1.0,1,0.3,0,0,-0.34,-0.6,-0.56,37.0,0.0,0.0,-79.576,204.851,0.264,15.0,-0.34,-0.6,-0.56,37.0,0.0,0.0,-79.576,204.851,0.264,15.0,1.0,4.749,1,4.749,10.0,0,0,1,0,0,0,1,0,0,1,0,0,0,1,0,0,0,2,2.0,0
merrisa01,Sam Merrill,train,-4.51031,2020,2,0,66.0,9.478,24.912,14.9,-0.1,0.7,3.2,0.104,19.0,0.559,1.722,3.879,0.354,0.721,1.148,0,0.0,9.05,23.27,0.0,0.0,0.0,0.0,24,76,205,0,1.0,0,0.25,0,0,9.41,9.5,10.08,56.0,1.0,0.0,-21.09,120.509,9.721,15.0,9.41,9.5,10.08,56.0,1.0,0.0,-21.09,120.509,9.721,15.0,0.0,1.586,0,1.586,38.0,1,0,1,0,0,0,0,1,1,0,0,0,0,0,0,0,1,0,0.0,0
merrisa01,Sam Merrill,val,-4.167778,2022,2,1,6.0,4.167,9.667,7.5,-5.6,-0.1,0.0,0.0,19.6,0.4852,0.667,1.167,0.0,0.0,0.333,2,36.0,3.17,8.08,0.0,0.5,0.0,0.5,26,76,205,2,0.0,0,0.25,0,0,-5.26,-5.4,-5.46,30.0,0.0,0.0,-20.163,126.382,3.036,15.0,5.37,5.6,5.68,56.0,1.0,0.0,-3.58,98.319,17.675,15.0,0.0,1.358,0,2.453,20.0,0,0,1,0,0,1,0,0,1,0,0,0,0,0,0,1,0,0,0.0,0
merrisa01,Sam Merrill,test,-2.789853,2025,4,1,71.0,7.169,19.732,11.1,0.3,0.8,3.3,0.113,14.3,0.5827,1.521,2.211,0.197,0.746,0.493,5,173.0,6.55,16.3,1.5,6.8,1.5,6.3,29,76,205,5,1.0,0,0.25,0,0,8.81,9.5,9.54,64.0,1.0,0.0,-37.624,169.371,0.491,15.0,8.81,9.5,9.54,64.0,1.0,0.0,-37.624,169.371,0.491,15.0,0.0,2.088,0,2.088,19.0,0,0,1,0,0,0,1,0,0,1,0,0,0,0,0,1,0,1,1.0,0
metuch01,Chimezie Metu,train,-4.361323,2018,3,0,66.0,9.478,24.912,14.9,-0.1,0.7,3.2,0.104,19.0,0.559,1.722,3.879,0.354,0.721,1.148,0,0.0,9.05,23.27,0.0,0.0,0.0,0.0,21,82,225,0,1.0,0,0.25,0,1,2.89,3.1,2.89,47.0,1.0,0.0,-18.532,113.237,2.916,15.0,2.89,3.1,2.89,47.0,1.0,0.0,-18.532,113.237,2.916,15.0,0.0,2.602,0,2.602,31.0,0,0,1,0,0,0,0,1,1,0,0,0,0,0,0,0,1,0,0.0,0
metuch01,Chimezie Metu,train,-4.125426,2020,3,1,18.0,3.222,5.833,22.2,1.7,0.1,0.3,0.137,23.7,0.6077,0.556,1.833,0.333,0.167,0.556,2,47.0,2.32,5.32,-0.1,0.0,-0.1,0.0,23,82,225,2,0.0,0,0.25,0,1,-1.59,-2.0,-2.04,31.0,0.0,0.0,-7.726,112.819,4.046,15.0,-0.65,-1.1,-1.11,32.0,0.0,0.0,-27.045,111.915,11.917,15.0,0.0,2.602,0,2.453,20.0,1,0,1,0,0,1,0,0,1,0,0,1,0,0,0,0,0,0,0.0,0
micicva01,Vasilije Micić,val,-2.851871,2023,3,0,66.0,9.478,24.912,14.9,-0.1,0.7,3.2,0.104,19.0,0.559,1.722,3.879,0.354,0.721,1.148,0,0.0,9.05,23.27,0.0,0.0,0.0,0.0,29,75,188,0,0.0,0,0.25,0,1,0.96,1.0,1.09,40.0,0.0,0.0,-31.783,98.157,50.333,15.0,-5.89,-6.1,-6.24,27.0,0.0,0.0,-22.395,104.845,19.828,15.0,0.0,2.66,0,1.435,47.0,0,0,1,0,0,0,1,0,0,1,0,0,0,0,0,0,1,0,0.0,0
middlkh01,Khris Middleton,train,-1.609438,2015,5,1,79.0,13.354,30.101,15.6,1.6,2.2,6.7,0.135,19.9,0.5626,2.304,4.392,0.139,1.544,1.43,3,188.0,11.76,28.26,2.0,10.3,2.0,10.3,24,79,222,3,1.0,0,0.25,0,3,-0.09,0.5,0.43,41.0,1.0,0.0,7.951,44.56,10.554,16.0,-0.09,0.5,0.43,41.0,1.0,0.0,7.951,44.56,10.554,16.0,0.0,1.586,0,1.586,38.0,0,0,1,0,0,1,0,0,0,0,1,0,0,0,1,0,0,0,0.0,0
middlkh01,Khris Middleton,train,-1.123099,2019,5,1,77.0,18.273,31.078,16.5,0.8,1.7,6.1,0.122,25.1,0.5577,4.299,5.987,0.091,1.039,2.26,7,455.0,15.67,31.71,7.5,31.0,3.6,14.6,28,79,222,7,1.0,0,0.3,0,2,8.04,8.6,8.87,60.0,1.0,0.0,-22.044,114.956,7.413,15.0,8.04,8.6,8.87,60.0,1.0,0.0,-22.044,114.956,7.413,15.0,0.0,1.586,0,1.586,38.0,0,0,1,0,0,0,1,0,1,0,0,0,0,0,1,0,0,0,0.0,0
middlkh01,Khris Middleton,val,-1.478822,2023,3,1,33.0,15.061,24.273,17.4,0.8,0.6,1.9,0.114,27.4,0.5511,4.939,4.242,0.152,0.697,2.152,11,684.0,17.01,31.42,14.8,52.5,4.4,13.6,32,79,222,11,1.0,1,0.35,0,1,3.61,3.5,3.63,58.0,1.0,0.0,-58.194,179.802,0.211,15.0,3.61,3.5,3.63,58.0,1.0,0.0,-58.194,179.802,0.211,15.0,0.0,1.586,0,1.586,38.0,0,0,1,0,0,0,1,0,0,1,0,0,0,0,1,0,0,0,0.0,0
middlkh01,Khris Middleton,test,-3.366601,2026,3,1,63.0,10.159,22.841,10.9,-4.4,-0.9,0.3,0.01,20.6,0.5335,2.794,3.667,0.143,0.651,1.714,14,839.0,16.14,30.11,15.7,58.2,0.9,5.7,35,79,222,14,1.0,0,0.35,0,0,-5.33,-5.3,-5.51,26.0,0.0,0.0,-45.725,174.225,10.343,15.0,-5.33,-5.3,-5.51,26.0,0.0,0.0,-45.725,174.225,10.343,15.0,1.0,7.943,1,7.943,4.0,0,0,0,0,1,0,1,0,0,1,0,0,0,0,1,0,0,2,2.0,0
milescj01,C.J. Miles,train,-2.642313,2014,4,1,51.0,9.863,19.294,16.0,2.4,1.1,2.5,0.122,22.0,0.569,1.02,2.02,0.294,0.902,0.863,9,505.0,8.9,19.5,2.9,15.6,2.2,6.6,27,78,220,9,1.0,0,0.3,0,2,0.28,0.3,0.28,42.0,1.0,0.0,-12.901,92.25,0.0,15.0,0.34,0.5,0.43,42.0,1.0,0.0,-12.901,92.929,0.0,15.0,0.0,2.126,0,2.126,25.0,0,0,1,0,0,0,1,0,0,0,1,0,0,0,0,1,0,0,0.0,0
milescj01,C.J. Miles,train,-2.475795,2017,3,1,76.0,10.724,23.368,13.8,0.5,1.1,4.0,0.108,18.4,0.5924,0.632,3.013,0.329,0.605,0.526,12,715.0,9.8,20.88,6.2,26.3,3.3,10.7,30,78,220,12,0.0,0,0.35,0,1,3.65,4.5,4.21,51.0,1.0,0.0,-17.634,108.689,0.206,16.0,-0.64,-0.2,-0.22,42.0,1.0,0.0,0.141,85.614,8.388,15.0,0.0,2.126,1,6.202,9.0,0,0,1,0,0,0,1,0,1,0,0,0,0,0,1,0,0,2,0.0,0
milleda01,Darius Miller,train,-4.195459,2014,2,1,45.0,4.444,16.067,9.0,-2.8,-0.1,0.8,0.053,12.8,0.5499,0.956,1.156,0.2,0.533,0.489,2,97.0,3.28,14.61,-0.2,1.3,-0.2,1.3,24,78,225,2,1.0,0,0.25,0,0,0.28,0.3,0.28,42.0,1.0,0.0,-12.901,92.25,0.0,15.0,0.34,0.5,0.43,42.0,1.0,0.0,-12.901,92.929,0.0,15.0,0.0,1.29,0,1.29,50.0,0,0,1,0,0,0,1,0,0,0,1,0,0,0,1,0,0,0,0.0,0
milleda01,Darius Miller,train,-2.729022,2019,2,1,69.0,8.217,25.464,8.4,-2.9,-0.4,1.6,0.044,13.4,0.5502,2.116,1.855,0.333,0.58,0.855,5,253.0,6.02,20.4,-0.6,5.8,-0.3,4.6,29,78,225,7,1.0,0,0.3,0,0,-1.1,-1.2,-1.33,33.0,0.0,0.0,-14.204,98.806,15.722,15.0,-1.1,-1.2,-1.33,33.0,0.0,0.0,-14.204,98.806,15.722,15.0,0.0,1.29,0,1.29,50.0,0,0,1,0,0,0,1,0,1,0,0,0,0,0,1,0,0,0,0.0,0
millejo02,Jordan Miller,test,-3.507215,2026,3,1,60.0,9.967,22.083,15.9,0.2,0.8,3.5,0.127,18.0,0.6282,2.267,3.033,0.183,0.75,1.05,3,105.0,7.27,16.89,0.7,4.0,0.7,4.0,26,77,194,3,1.0,0,0.25,0,0,0.96,1.2,1.13,42.0,0.0,0.0,-44.407,189.853,0.264,15.0,0.96,1.2,1.13,42.0,0.0,0.0,-44.407,189.853,0.264,15.0,1.0,12.901,1,12.901,2.0,0,0,1,0,0,1,0,0,0,1,0,0,0,0,1,0,0,2,2.0,0
millele01,Leonard Miller,val,-4.180441,2023,4,0,66.0,9.478,24.912,14.9,-0.1,0.7,3.2,0.104,19.0,0.559,1.722,3.879,0.354,0.721,1.148,0,0.0,9.05,23.27,0.0,0.0,0.0,0.0,20,82,220,0,1.0,0,0.25,0,1,-0.22,-0.1,-0.04,42.0,1.0,0.0,-51.252,141.489,1.836,15.0,-0.22,-0.1,-0.04,42.0,1.0,0.0,-51.252,141.489,1.836,15.0,0.0,3.703,0,3.703,16.0,0,0,1,0,0,0,0,1,0,1,0,0,0,0,0,0,1,1,1.0,0
millemi01,Mike Miller,train,-3.116334,2014,2,1,82.0,7.061,20.817,12.5,0.4,1.0,3.9,0.11,14.7,0.6191,1.585,2.524,0.061,0.317,0.939,9,562.0,10.83,28.19,12.8,35.2,2.2,8.3,34,80,218,14,1.0,0,0.35,0,1,0.28,0.3,0.28,42.0,1.0,0.0,-12.901,92.25,0.0,15.0,0.34,0.5,0.43,42.0,1.0,0.0,-12.901,92.929,0.0,15.0,0.0,2.088,0,2.088,19.0,0,0,1,0,0,0,1,0,0,0,1,0,0,0,1,0,0,1,1.0,0
millemi01,Mike Miller,train,-3.628524,2016,2,1,47.0,1.34,7.936,6.5,-2.6,0.0,0.3,0.039,9.3,0.5081,0.851,1.128,0.085,0.277,0.362,11,661.0,9.47,25.59,12.6,35.9,0.8,4.6,36,80,218,16,1.0,0,0.35,0,0,-2.81,-3.3,-3.1,33.0,0.0,0.0,-1.449,60.187,11.262,15.0,-2.81,-3.3,-3.1,33.0,0.0,0.0,-1.449,60.187,11.262,15.0,0.0,3.038,0,3.038,17.0,0,0,1,0,0,0,1,0,0,0,1,0,0,0,1,0,0,1,1.0,0
millspa01,Paul Millsap,train,-1.249435,2015,3,1,73.0,16.685,32.74,20.0,3.4,3.3,8.3,0.167,23.8,0.5648,3.055,7.808,0.945,1.781,2.274,9,687.0,13.48,28.67,19.6,62.9,9.1,22.6,30,79,257,9,1.0,0,0.3,0,2,4.75,5.8,5.43,60.0,1.0,0.0,4.736,57.245,1.084,15.0,4.75,5.8,5.43,60.0,1.0,0.0,4.736,57.245,1.084,15.0,1.0,6.144,1,6.144,7.0,0,0,1,0,0,0,1,0,0,0,1,0,1,0,0,0,0,2,2.0,0
millspa01,Paul Millsap,train,-1.178332,2017,2,1,69.0,18.058,33.957,17.9,2.1,2.4,6.4,0.131,24.4,0.5416,3.652,7.725,0.899,1.304,2.29,11,837.0,14.21,29.49,26.1,79.4,9.8,24.8,32,79,257,11,0.0,0,0.35,0,1,0.7,0.5,0.51,40.0,0.0,0.0,11.561,78.416,4.166,15.0,-1.23,-0.8,-0.85,43.0,1.0,0.0,-1.421,92.929,2.635,15.0,1.0,6.144,0,3.038,17.0,0,0,1,0,0,0,1,0,1,0,0,0,1,0,0,0,0,1,2.0,0
millspa02,Patty Mills,train,-2.677829,2014,3,1,81.0,10.198,18.852,18.7,4.0,2.3,5.6,0.176,22.6,0.5883,1.84,2.086,0.111,0.84,0.778,5,229.0,7.27,14.26,3.0,8.7,3.0,8.0,26,74,180,4,1.0,0,0.25,0,1,0.28,0.3,0.28,42.0,1.0,0.0,-12.901,92.25,0.0,15.0,0.34,0.5,0.43,42.0,1.0,0.0,-12.901,92.929,0.0,15.0,0.0,2.602,0,2.602,31.0,0,0,1,0,0,1,0,0,0,0,1,0,0,1,0,0,0,0,0.0,0
millspa02,Patty Mills,train,-2.111152,2017,4,1,80.0,9.488,21.925,15.2,1.6,1.6,5.1,0.14,19.5,0.5783,3.5,1.762,0.037,0.812,1.262,8,441.0,7.86,16.97,6.5,20.0,3.5,11.3,29,74,180,7,1.0,0,0.3,0,1,7.13,7.6,7.2,61.0,1.0,0.0,-14.229,104.867,3.505,15.0,7.13,7.6,7.2,61.0,1.0,0.0,-14.229,104.867,3.505,15.0,0.0,2.602,0,2.602,31.0,0,0,1,0,0,0,1,0,1,0,0,0,0,1,0,0,0,0,0.0,0
millspa02,Patty Mills,train,-2.924613,2021,2,1,68.0,10.824,24.779,11.8,-1.2,0.4,2.2,0.063,18.4,0.5703,2.382,1.706,0.044,0.618,0.971,12,739.0,8.93,19.85,9.0,32.6,2.0,8.5,33,74,180,11,0.0,0,0.35,0,1,4.24,4.5,4.5,48.0,1.0,0.0,-59.41,164.541,2.389,15.0,-1.58,-1.8,-1.74,33.0,0.0,0.0,-41.011,103.942,24.805,15.0,0.0,2.602,1,19.113,1.0,0,0,1,0,0,0,1,0,1,0,0,0,0,1,0,0,0,2,0.0,0
millspa02,Patty Mills,val,-2.924383,2022,2,1,81.0,11.395,28.963,10.4,-1.7,0.2,2.8,0.057,16.4,0.5628,2.259,1.926,0.21,0.63,0.901,13,820.0,9.17,20.75,9.2,35.4,1.4,7.8,34,74,180,12,1.0,0,0.35,0,0,0.82,0.8,0.78,44.0,1.0,0.0,-60.406,157.844,11.438,15.0,0.82,0.8,0.78,44.0,1.0,0.0,-60.406,157.844,11.438,15.0,1.0,19.113,1,19.113,1.0,0,0,1,0,0,0,1,0,1,0,0,0,0,0,0,1,0,2,2.0,0
miltosh01,Shake Milton,val,-3.303371,2023,2,1,76.0,8.382,20.618,12.7,-2.0,0.0,2.9,0.089,18.5,0.5749,3.158,2.513,0.171,0.329,1.237,5,254.0,9.32,20.79,0.1,9.8,0.0,7.4,27,77,205,5,0.0,0,0.25,0,0,-0.22,-0.1,-0.04,42.0,1.0,0.0,-51.252,141.489,1.836,15.0,4.37,4.4,4.32,54.0,1.0,0.0,-40.737,149.167,0.405,15.0,1.0,6.228,0,3.703,16.0,0,0,1,0,0,0,1,0,0,1,0,0,0,0,0,1,0,1,2.0,0
miltosh01,Shake Milton,test,-3.8296,2024,3,1,48.0,4.5,12.104,9.2,-3.7,-0.3,0.6,0.05,18.7,0.4987,1.25,1.562,0.125,0.396,0.646,6,302.0,8.56,19.41,-0.2,10.4,-0.4,5.2,28,77,205,6,1.0,0,0.25,0,0,4.36,4.8,4.59,50.0,1.0,0.0,-26.935,160.343,2.613,15.0,4.36,4.8,4.59,50.0,1.0,0.0,-26.935,160.343,2.613,15.0,1.0,19.113,1,19.113,1.0,0,0,0,0,1,0,1,0,0,1,0,0,0,0,0,1,0,2,2.0,0
minotjo01,Josh Minott,val,-4.266488,2022,4,0,66.0,9.478,24.912,14.9,-0.1,0.7,3.2,0.104,19.0,0.559,1.722,3.879,0.354,0.721,1.148,0,0.0,9.05,23.27,0.0,0.0,0.0,0.0,20,80,205,0,1.0,0,0.25,0,2,2.53,2.6,2.63,46.0,1.0,0.0,-53.32,136.155,0.0,15.0,2.53,2.6,2.63,46.0,1.0,0.0,-53.32,136.155,0.0,15.0,0.0,3.703,0,3.703,16.0,0,0,1,0,0,0,0,1,1,0,0,0,0,0,0,0,1,1,1.0,0
minotjo01,Josh Minott,test,-4.132887,2025,2,1,46.0,2.587,6.0,15.5,2.2,0.3,0.9,0.157,17.2,0.6049,0.391,1.022,0.261,0.326,0.239,3,93.0,2.31,4.98,0.5,1.6,0.5,1.6,23,80,205,3,0.0,0,0.25,0,1,8.28,9.5,9.11,61.0,1.0,0.0,-56.46,193.098,0.0,15.0,5.15,5.1,5.0,49.0,1.0,0.0,-96.138,198.848,3.706,15.0,0.0,3.703,1,4.899,9.0,0,0,1,0,0,1,0,0,0,1,0,0,0,0,1,0,0,2,1.0,0
minotjo01,Josh Minott,test,-3.632378,2026,2,1,49.0,7.429,17.02,16.0,2.5,1.0,2.4,0.138,16.8,0.6527,0.939,3.224,0.49,0.898,0.878,4,142.0,4.08,9.13,1.5,4.0,1.5,3.7,24,80,205,4,1.0,0,0.25,0,0,-9.7,-10.3,-9.99,20.0,0.0,0.0,3.687,126.082,24.878,15.0,-9.7,-10.3,-9.99,20.0,0.0,0.0,3.687,126.082,24.878,15.0,1.0,19.113,1,19.113,1.0,0,0,1,0,0,1,0,0,0,1,0,0,1,0,0,0,0,2,2.0,0
mirotni01,Nikola Mirotić,train,-2.433376,2014,3,0,66.0,9.478,24.912,14.9,-0.1,0.7,3.2,0.104,19.0,0.559,1.722,3.879,0.354,0.721,1.148,0,0.0,9.05,23.27,0.0,0.0,0.0,0.0,23,82,250,0,1.0,0,0.25,0,0,0.28,0.3,0.28,42.0,1.0,0.0,-12.901,92.25,0.0,15.0,0.34,0.5,0.43,42.0,1.0,0.0,-12.901,92.929,0.0,15.0,1.0,9.441,1,9.441,3.0,0,0,1,0,0,1,0,0,0,0,1,0,0,0,0,0,1,2,2.0,0
mitchaj01,Ajay Mitchell,test,-3.976434,2025,3,1,36.0,6.5,16.583,12.0,-1.6,0.1,1.5,0.121,16.2,0.5868,1.778,1.889,0.111,0.694,0.806,1,36.0,6.5,16.58,0.1,1.5,0.1,1.5,23,76,190,1,1.0,0,0.25,0,0,12.7,12.8,12.87,68.0,1.0,1.0,-25.414,162.209,3.792,15.0,12.7,12.8,12.87,68.0,1.0,1.0,-25.414,162.209,3.792,15.0,0.0,1.435,0,1.435,47.0,0,0,1,0,0,1,0,0,0,1,0,0,0,0,0,1,0,0,0.0,0
mitchda01,Davion Mitchell,test,-2.556238,2025,2,1,74.0,7.946,27.392,10.2,-2.6,-0.3,3.0,0.071,13.6,0.5731,4.905,2.257,0.216,0.973,1.73,4,301.0,7.57,22.1,-1.9,5.9,-1.0,5.8,27,72,202,4,1.0,0,0.25,0,0,0.11,0.6,0.56,37.0,1.0,0.0,-38.763,173.088,0.0,15.0,0.11,0.6,0.56,37.0,1.0,0.0,-38.763,173.088,0.0,15.0,0.0,6.266,0,6.266,18.0,0,0,1,0,0,1,0,0,0,1,0,0,0,1,0,0,0,1,1.0,0
mitchdo01,Donovan Mitchell,train,-1.237876,2020,5,1,69.0,23.986,34.261,18.8,1.9,2.3,5.4,0.11,30.8,0.5577,4.261,4.406,0.203,1.014,2.667,3,225.0,22.67,33.78,6.7,15.6,6.7,15.6,24,74,215,3,0.0,1,0.35,1,1,2.52,2.4,2.47,44.0,1.0,0.0,-18.073,118.918,8.294,15.0,2.52,2.4,2.47,44.0,1.0,0.0,-18.073,118.918,8.294,15.0,0.0,1.266,0,1.266,28.0,1,1,0,0,0,0,0,1,1,0,0,0,0,0,0,1,0,0,0.0,0
mitchdo01,Donovan Mitchell,test,-1.126991,2024,3,1,55.0,26.6,35.309,22.1,5.8,3.9,6.4,0.158,31.4,0.5952,6.055,5.091,0.545,1.836,2.8,7,468.0,24.83,34.21,22.0,44.3,12.5,22.5,28,74,215,7,1.0,1,0.3,0,1,1.98,2.5,2.41,48.0,1.0,0.0,-32.23,160.093,4.119,15.0,1.98,2.5,2.41,48.0,1.0,0.0,-32.23,160.093,4.119,15.0,0.0,2.088,0,2.088,19.0,0,1,0,0,0,0,0,1,0,1,0,0,0,0,0,1,0,1,1.0,0
mitchdo01,Donovan Mitchell,test,-1.009688,2026,4,1,70.0,27.886,33.457,22.9,5.1,4.2,8.2,0.168,32.2,0.613,5.686,4.514,0.286,1.486,2.829,9,609.0,25.08,33.8,29.4,60.1,11.3,22.2,30,74,215,9,1.0,1,0.35,0,0,3.78,4.1,4.11,52.0,1.0,0.0,-71.535,211.98,0.425,15.0,3.78,4.1,4.11,52.0,1.0,0.0,-71.535,211.98,0.425,15.0,0.0,2.088,0,2.088,19.0,0,1,0,0,0,0,0,1,0,1,0,0,0,0,0,1,0,1,1.0,0
monkma01,Malik Monk,val,-2.544339,2022,2,1,76.0,13.789,28.145,14.4,-0.5,0.8,3.6,0.081,20.1,0.5972,2.868,3.368,0.382,0.803,1.605,5,309.0,10.28,20.38,0.1,5.6,0.7,5.3,24,75,200,5,0.0,0,0.25,0,0,-5.26,-5.4,-5.46,30.0,0.0,0.0,-20.163,126.382,3.036,15.0,-3.08,-3.0,-3.05,33.0,0.0,0.0,-48.448,147.504,8.53,15.0,1.0,12.901,0,2.453,20.0,0,0,1,0,0,0,1,0,1,0,0,0,0,0,0,1,0,0,2.0,0
monkma01,Malik Monk,test,-1.975676,2024,4,1,72.0,15.417,26.0,16.0,0.6,1.2,3.5,0.09,25.9,0.5645,5.139,2.944,0.542,0.625,2.083,7,458.0,11.63,21.59,2.3,12.3,3.0,10.3,26,75,200,7,1.0,1,0.3,0,0,2.29,1.7,1.74,46.0,0.0,0.0,-12.673,145.124,3.569,15.0,2.29,1.7,1.74,46.0,0.0,0.0,-12.673,145.124,3.569,15.0,0.0,2.453,0,2.453,20.0,0,0,1,0,0,0,1,0,0,1,0,0,0,0,0,1,0,0,0.0,0
monrogr01,Greg Monroe,train,-1.407469,2015,3,1,69.0,15.913,30.971,21.2,2.0,2.1,6.8,0.153,23.9,0.5485,2.058,10.203,0.493,1.13,2.159,5,378.0,14.31,31.26,10.1,32.2,6.1,18.6,25,83,265,5,1.0,0,0.25,0,1,-0.09,0.5,0.43,41.0,1.0,0.0,7.951,44.56,10.554,16.0,-0.09,0.5,0.43,41.0,1.0,0.0,7.951,44.56,10.554,16.0,0.0,1.586,0,1.586,38.0,0,0,1,0,0,0,1,0,0,0,1,0,1,0,0,0,0,0,0.0,0
mooreet01,E'Twaun Moore,train,-4.164369,2014,2,1,79.0,6.316,19.063,11.1,-1.6,0.2,1.7,0.054,16.4,0.5135,1.418,1.722,0.165,0.759,0.696,3,192.0,6.23,18.33,0.1,2.1,0.1,2.1,25,75,191,3,1.0,0,0.25,0,0,0.28,0.3,0.28,42.0,1.0,0.0,-12.901,92.25,0.0,15.0,0.34,0.5,0.43,42.0,1.0,0.0,-12.901,92.929,0.0,15.0,1.0,9.441,1,9.441,3.0,0,0,1,0,0,1,0,0,0,0,1,0,0,0,0,1,0,2,2.0,0
mooreet01,E'Twaun Moore,train,-2.404749,2016,4,1,59.0,7.508,21.407,11.4,-1.9,0.0,1.8,0.068,15.9,0.5477,1.678,2.254,0.305,0.627,0.898,5,307.0,5.83,17.22,0.2,4.7,0.3,4.3,27,75,191,5,0.0,0,0.25,0,0,-3.56,-3.9,-3.79,30.0,0.0,0.0,-11.426,80.165,1.261,18.0,-1.46,-1.5,-1.48,42.0,0.0,0.0,-32.184,101.851,0.333,18.0,1.0,9.441,0,1.29,50.0,0,0,1,0,0,0,1,0,0,0,1,0,0,0,0,1,0,0,2.0,0
moranja01,Ja Morant,val,-1.237877,2022,5,1,57.0,27.439,33.14,24.4,6.1,3.9,6.7,0.17,33.7,0.5752,6.737,5.702,0.386,1.158,3.439,3,187.0,21.18,32.17,5.9,13.7,5.9,13.7,23,74,174,3,1.0,0,0.35,1,0,5.37,5.6,5.68,56.0,1.0,0.0,-3.58,98.319,17.675,15.0,5.37,5.6,5.68,56.0,1.0,0.0,-3.58,98.319,17.675,15.0,0.0,1.358,0,1.358,51.0,0,1,0,0,0,0,0,1,1,0,0,0,0,1,0,0,0,0,0.0,0
moreler01,Eric Moreland,train,-4.39691,2014,3,0,66.0,9.478,24.912,14.9,-0.1,0.7,3.2,0.104,19.0,0.559,1.722,3.879,0.354,0.721,1.148,0,0.0,9.05,23.27,0.0,0.0,0.0,0.0,23,82,238,0,1.0,0,0.25,0,0,0.28,0.3,0.28,42.0,1.0,0.0,-12.901,92.25,0.0,15.0,0.34,0.5,0.43,42.0,1.0,0.0,-12.901,92.929,0.0,15.0,0.0,2.453,0,2.453,20.0,0,0,1,0,0,0,0,1,0,0,1,0,0,0,0,0,1,0,0.0,1
moreler01,Eric Moreland,train,-3.993566,2017,3,0,66.0,9.478,24.912,14.9,-0.1,0.7,3.2,0.104,19.0,0.559,1.722,3.879,0.354,0.721,1.148,2,11.0,0.91,4.55,0.0,0.0,0.0,0.0,26,82,238,3,0.0,0,0.25,0,0,2.87,3.3,3.18,51.0,1.0,0.0,-33.428,125.132,1.458,15.0,-1.29,-1.1,-1.12,37.0,0.0,0.0,-13.759,102.503,5.399,15.0,0.0,4.365,0,2.088,19.0,0,0,1,0,0,1,0,0,1,0,0,0,1,0,0,0,0,1,1.0,1
morrima02,Markieff Morris,train,-2.169054,2014,4,1,81.0,13.765,26.58,18.4,1.0,1.6,6.4,0.143,23.2,0.5638,1.778,5.988,0.63,0.84,1.815,3,226.0,9.96,23.08,1.6,9.6,1.6,9.6,25,81,245,3,1.0,0,0.25,0,0,0.28,0.3,0.28,42.0,1.0,0.0,-12.901,92.25,0.0,15.0,0.34,0.5,0.43,42.0,1.0,0.0,-12.901,92.929,0.0,15.0,0.0,5.059,0,5.059,12.0,0,1,0,0,0,0,0,1,0,0,1,0,1,0,0,0,0,2,2.0,0
morrima02,Markieff Morris,train,-3.504788,2019,2,1,58.0,9.431,21.897,11.7,-2.7,-0.2,1.6,0.06,19.1,0.5215,1.362,4.569,0.379,0.621,0.931,8,579.0,11.62,25.97,3.0,23.7,0.5,9.0,30,81,245,8,0.0,0,0.3,0,0,-0.56,-0.2,-0.24,41.0,1.0,0.0,-23.127,116.292,7.189,15.0,3.56,3.3,3.4,49.0,1.0,0.0,-45.603,138.162,4.707,14.0,0.0,1.435,0,4.365,14.0,0,0,1,0,0,0,1,0,1,0,0,0,1,0,0,0,0,1,0.0,0
morrima03,Marcus Morris,train,-2.639057,2014,4,1,82.0,9.707,21.951,14.8,0.5,1.1,4.2,0.112,19.9,0.552,1.073,3.89,0.22,0.878,1.159,3,176.0,8.14,19.6,0.9,5.8,0.9,5.8,25,80,218,3,1.0,0,0.25,0,0,0.28,0.3,0.28,42.0,1.0,0.0,-12.901,92.25,0.0,15.0,0.34,0.5,0.43,42.0,1.0,0.0,-12.901,92.929,0.0,15.0,0.0,5.059,0,5.059,12.0,0,1,0,0,0,0,0,1,0,0,1,0,0,0,1,0,0,2,2.0,0
morrima03,Marcus Morris,train,-1.920043,2020,4,1,62.0,16.661,31.226,14.3,-0.1,0.9,3.6,0.089,21.9,0.5696,1.387,5.016,0.484,0.758,1.565,9,607.0,12.07,26.99,6.1,30.4,2.2,11.3,31,80,218,9,1.0,0,0.3,0,0,6.66,6.3,6.44,49.0,1.0,0.0,-21.015,128.443,1.712,14.0,6.66,6.3,6.44,49.0,1.0,0.0,-21.015,128.443,1.712,14.0,1.0,12.901,1,12.901,2.0,1,0,1,0,0,0,1,0,1,0,0,0,1,0,0,0,0,2,2.0,0
morrimo01,Monte Morris,train,-4.183285,2018,3,1,3.0,3.333,8.333,27.1,9.4,0.1,0.2,0.384,13.7,0.7267,2.333,0.667,0.0,1.0,0.333,1,3.0,3.33,8.33,0.1,0.2,0.1,0.2,23,74,183,1,1.0,0,0.25,0,0,1.57,1.5,1.48,46.0,0.0,0.0,-7.422,101.779,4.736,16.0,1.57,1.5,1.48,46.0,0.0,0.0,-7.422,101.779,4.736,16.0,0.0,3.038,0,3.038,17.0,0,0,1,0,0,1,0,0,1,0,0,0,0,1,0,0,0,1,1.0,0
morrimo01,Monte Morris,train,-2.496844,2020,3,1,73.0,9.041,22.411,14.9,-0.2,0.7,3.8,0.111,17.5,0.5453,3.493,1.877,0.233,0.753,0.726,3,158.0,9.63,22.98,2.5,10.2,2.5,10.2,25,74,183,3,1.0,0,0.25,0,0,2.35,2.1,2.11,46.0,1.0,0.0,-22.714,128.613,1.621,15.0,2.35,2.1,2.11,46.0,1.0,0.0,-22.714,128.613,1.621,15.0,0.0,3.038,0,3.038,17.0,1,1,0,0,0,0,0,1,1,0,0,0,0,1,0,0,0,1,1.0,0
morroan01,Anthony Morrow,train,-2.940193,2014,3,1,76.0,8.368,18.763,13.9,-0.9,0.4,2.4,0.081,19.4,0.5696,0.776,1.842,0.158,0.5,0.671,6,373.0,10.42,23.68,2.4,14.3,0.4,4.8,29,77,210,6,1.0,0,0.25,0,0,0.28,0.3,0.28,42.0,1.0,0.0,-12.901,92.25,0.0,15.0,0.34,0.5,0.43,42.0,1.0,0.0,-12.901,92.929,0.0,15.0,0.0,1.435,0,1.435,47.0,0,0,1,0,0,0,1,0,0,0,1,0,0,0,0,1,0,0,0.0,1
mozgoti01,Timofey Mozgov,train,-1.772226,2016,4,1,76.0,6.25,17.447,14.6,-1.4,0.2,3.7,0.134,16.1,0.5926,0.434,4.434,0.75,0.289,0.934,6,369.0,6.88,18.21,0.8,16.3,1.4,13.9,30,85,275,6,0.0,0,0.25,0,0,-8.92,-10.0,-9.56,17.0,0.0,0.0,-3.113,71.77,0.195,15.0,5.45,6.4,6.0,57.0,1.0,1.0,-37.976,106.998,0.031,15.0,0.0,2.088,1,12.901,2.0,0,0,1,0,0,0,1,0,0,0,1,1,0,0,0,0,0,2,1.0,1
mudiaem01,Emmanuel Mudiay,train,-3.094764,2015,2,0,66.0,9.478,24.912,14.9,-0.1,0.7,3.2,0.104,19.0,0.559,1.722,3.879,0.354,0.721,1.148,0,0.0,9.05,23.27,0.0,0.0,0.0,0.0,19,75,200,0,1.0,0,0.25,0,2,-3.07,-3.7,-3.55,30.0,0.0,0.0,-2.765,53.359,2.783,15.0,-3.07,-3.7,-3.55,30.0,0.0,0.0,-2.765,53.359,2.783,15.0,0.0,3.038,0,3.038,17.0,0,0,1,0,0,0,0,1,0,0,1,0,0,0,0,0,1,1,1.0,0
muhamsh01,Shabazz Muhammad,train,-4.074293,2017,2,1,78.0,9.897,19.436,14.9,-2.4,-0.1,2.7,0.085,21.5,0.5663,0.449,2.821,0.077,0.282,0.718,4,235.0,9.74,18.53,0.1,7.7,0.3,7.4,25,77,225,4,1.0,0,0.25,0,0,-0.64,-1.2,-1.11,31.0,0.0,0.0,22.576,59.495,10.111,14.0,-0.64,-1.2,-1.11,31.0,0.0,0.0,22.576,59.495,10.111,14.0,0.0,3.703,0,3.703,16.0,0,0,1,0,0,0,1,0,1,0,0,0,0,0,1,0,0,1,1.0,0
murrade01,Dejounte Murray,train,-4.081081,2016,4,0,66.0,9.478,24.912,14.9,-0.1,0.7,3.2,0.104,19.0,0.559,1.722,3.879,0.354,0.721,1.148,0,0.0,9.05,23.27,0.0,0.0,0.0,0.0,20,76,180,0,1.0,0,0.25,0,2,10.28,11.3,10.63,67.0,1.0,0.0,-17.595,85.193,2.402,15.0,10.28,11.3,10.63,67.0,1.0,0.0,-17.595,85.193,2.402,15.0,0.0,2.602,0,2.602,31.0,0,0,1,0,0,0,0,1,0,0,1,0,0,0,0,0,1,0,0.0,0
murrade01,Dejounte Murray,train,-1.920043,2019,4,0,66.0,9.478,24.912,14.9,-0.1,0.7,3.2,0.104,19.0,0.559,1.722,3.879,0.354,0.721,1.148,2,119.0,6.59,17.35,0.9,3.2,0.9,3.2,23,76,180,3,1.0,0,0.25,0,0,1.8,1.7,1.68,48.0,1.0,0.0,-24.264,101.439,20.306,15.0,1.8,1.7,1.68,48.0,1.0,0.0,-24.264,101.439,20.306,15.0,0.0,2.602,0,2.602,31.0,0,1,0,0,0,0,0,1,1,0,0,0,0,1,0,0,0,0,0.0,0
murrade01,Dejounte Murray,val,-1.593826,2023,4,1,74.0,20.473,36.392,17.0,1.0,2.1,4.7,0.084,24.4,0.5401,6.054,5.257,0.257,1.514,2.162,6,394.0,13.98,27.79,9.9,21.1,8.0,15.3,27,76,180,7,1.0,1,0.3,0,0,0.32,0.3,0.29,41.0,1.0,0.0,-25.479,149.028,0.106,15.0,0.32,0.3,0.29,41.0,1.0,0.0,-25.479,149.028,0.106,15.0,1.0,6.144,1,6.144,7.0,0,1,0,0,0,0,0,1,0,1,0,0,0,0,0,1,0,2,2.0,0
murraja01,Jamal Murray,train,-1.025742,2019,5,1,75.0,18.227,32.627,16.0,0.6,1.6,5.1,0.1,24.9,0.5377,4.84,4.227,0.36,0.893,2.107,3,238.0,14.83,28.47,2.7,11.9,2.7,11.9,22,76,215,3,1.0,0,0.25,0,0,4.19,4.1,3.95,54.0,1.0,0.0,-17.26,117.238,0.346,15.0,4.19,4.1,3.95,54.0,1.0,0.0,-17.26,117.238,0.346,15.0,0.0,3.038,0,3.038,17.0,0,1,0,0,0,0,0,1,1,0,0,0,0,1,0,0,0,1,1.0,0
murraja01,Jamal Murray,test,-1.090623,2024,4,1,59.0,21.186,31.542,20.7,4.1,2.9,5.9,0.152,27.9,0.5858,6.508,4.102,0.661,0.966,2.119,7,469.0,17.46,30.66,10.6,31.8,4.7,11.0,27,76,215,8,1.0,0,0.3,0,0,5.23,5.5,5.26,57.0,1.0,0.0,-48.73,176.89,0.0,15.0,5.23,5.5,5.26,57.0,1.0,0.0,-48.73,176.89,0.0,15.0,0.0,3.038,0,3.038,17.0,0,1,0,0,0,0,0,1,0,1,0,0,0,1,0,0,0,1,1.0,0
muscami01,Mike Muscala,train,-2.986621,2017,2,1,70.0,6.214,17.671,14.4,1.1,1.0,3.4,0.132,14.8,0.5956,1.357,3.429,0.586,0.429,0.786,4,190.0,4.75,13.26,1.3,7.1,1.5,6.9,26,82,240,3,1.0,0,0.25,0,4,-1.23,-0.8,-0.85,43.0,1.0,0.0,-1.421,92.929,2.635,15.0,-1.23,-0.8,-0.85,43.0,1.0,0.0,-1.421,92.929,2.635,15.0,1.0,6.144,1,6.144,7.0,0,0,1,0,0,1,0,0,1,0,0,1,0,0,0,0,0,2,2.0,0
muscami01,Mike Muscala,train,-3.927164,2019,2,1,64.0,7.016,20.406,10.8,-1.1,0.3,2.5,0.092,14.3,0.5635,1.188,3.812,0.594,0.344,0.75,6,307.0,5.72,15.91,2.2,12.0,1.9,8.3,28,82,240,5,0.0,1,0.25,0,3,3.56,3.3,3.4,49.0,1.0,0.0,-45.603,138.162,4.707,14.0,-1.33,-1.7,-1.72,37.0,0.0,0.0,-3.465,90.827,14.507,15.0,1.0,12.901,0,1.435,47.0,0,0,1,0,0,0,1,0,1,0,0,0,1,0,0,0,0,0,2.0,0
muscami01,Mike Muscala,train,-3.469426,2021,2,1,35.0,9.686,18.429,14.7,-0.1,0.3,1.3,0.097,20.0,0.5993,0.8,3.771,0.314,0.229,0.6,8,389.0,5.97,15.69,2.8,14.6,0.9,5.1,30,82,240,7,1.0,0,0.3,0,2,-10.13,-10.5,-10.64,22.0,0.0,0.0,4.57,58.973,36.223,15.0,-10.13,-10.5,-10.64,22.0,0.0,0.0,4.57,58.973,36.223,15.0,0.0,1.435,0,1.435,47.0,0,0,1,0,0,0,1,0,1,0,0,1,0,0,0,0,0,0,0.0,0
muscami01,Mike Muscala,val,-3.564732,2022,2,1,43.0,8.0,13.767,19.7,5.0,1.1,2.1,0.17,20.9,0.6299,0.512,3.0,0.605,0.419,0.326,9,432.0,6.17,15.5,3.9,16.7,1.7,4.7,31,82,240,8,1.0,0,0.3,0,1,-7.9,-8.2,-8.1,24.0,0.0,0.0,21.901,47.135,33.723,15.0,-7.9,-8.2,-8.1,24.0,0.0,0.0,21.901,47.135,33.723,15.0,0.0,1.435,0,1.435,47.0,0,0,1,0,0,0,1,0,1,0,0,1,0,0,0,0,0,0,0.0,0
mykhasv01,Svi Mykhailiuk,train,-4.252124,2018,2,0,66.0,9.478,24.912,14.9,-0.1,0.7,3.2,0.104,19.0,0.559,1.722,3.879,0.354,0.721,1.148,0,0.0,9.05,23.27,0.0,0.0,0.0,0.0,21,79,205,0,0.0,0,0.25,0,2,-1.44,-1.5,-1.55,35.0,0.0,0.0,-6.027,93.849,8.329,15.0,-0.26,-0.1,-0.15,39.0,0.0,0.0,-19.805,113.041,5.857,15.0,0.0,4.365,1,12.901,2.0,0,0,1,0,0,0,0,1,1,0,0,0,0,0,0,0,1,2,1.0,0
mykhasv01,Svi Mykhailiuk,train,-4.131628,2021,2,1,66.0,8.47,20.061,10.4,-2.6,-0.2,0.3,0.011,20.0,0.5294,1.667,2.47,0.182,0.773,1.333,3,164.0,7.29,18.47,-0.5,1.8,-0.5,1.8,24,79,205,3,0.0,1,0.25,0,1,-0.54,-0.5,-0.47,27.0,0.0,0.0,-34.586,121.18,6.941,15.0,-10.13,-10.5,-10.64,22.0,0.0,0.0,4.57,58.973,36.223,15.0,0.0,1.435,1,6.202,9.0,0,0,1,0,0,0,1,0,1,0,0,0,0,0,1,0,0,2,0.0,0
mykhasv01,Svi Mykhailiuk,test,-3.62075,2024,4,1,41.0,3.951,10.073,11.7,-1.8,0.0,0.9,0.105,16.1,0.5746,0.854,1.244,0.024,0.268,0.293,6,293.0,6.26,15.79,-0.5,4.3,0.0,2.5,27,79,205,6,0.0,0,0.25,0,0,-4.22,-4.9,-4.89,31.0,0.0,0.0,4.264,123.547,8.21,15.0,10.75,11.6,11.34,64.0,1.0,1.0,-52.738,184.845,0.093,15.0,1.0,4.899,0,1.266,28.0,0,0,1,0,0,0,1,0,0,1,0,0,0,0,1,0,0,0,2.0,0
naderab01,Abdel Nader,train,-4.269156,2017,3,0,66.0,9.478,24.912,14.9,-0.1,0.7,3.2,0.104,19.0,0.559,1.722,3.879,0.354,0.721,1.148,0,0.0,9.05,23.27,0.0,0.0,0.0,0.0,24,77,225,0,1.0,0,0.25,0,1,2.25,2.8,2.63,53.0,1.0,0.0,1.108,91.485,1.55,15.0,2.25,2.8,2.63,53.0,1.0,0.0,1.108,91.485,1.55,15.0,1.0,4.899,1,4.899,9.0,0,0,1,0,0,1,0,0,1,0,0,0,0,0,0,0,1,2,2.0,0
naderab01,Abdel Nader,train,-3.989821,2021,2,1,24.0,6.667,14.792,13.4,0.0,0.2,0.7,0.095,19.0,0.6048,0.792,2.583,0.375,0.417,0.792,4,188.0,4.74,12.97,-0.2,2.8,0.2,2.9,28,77,225,4,1.0,0,0.25,0,0,5.67,5.9,5.82,51.0,1.0,0.0,-21.146,126.33,0.785,15.0,5.67,5.9,5.82,51.0,1.0,0.0,-21.146,126.33,0.785,15.0,0.0,5.059,0,5.059,12.0,0,0,1,0,0,1,0,0,1,0,0,0,0,0,1,0,0,2,2.0,0
nancela02,Larry Nance Jr.,train,-4.082981,2015,2,0,66.0,9.478,24.912,14.9,-0.1,0.7,3.2,0.104,19.0,0.559,1.722,3.879,0.354,0.721,1.148,0,0.0,9.05,23.27,0.0,0.0,0.0,0.0,22,78,245,0,1.0,0,0.25,0,2,-6.17,-7.2,-6.84,21.0,0.0,0.0,-7.309,59.483,10.891,16.0,-6.17,-7.2,-6.84,21.0,0.0,0.0,-7.309,59.483,10.891,16.0,1.0,12.901,1,12.901,2.0,0,0,1,0,0,0,0,1,0,0,1,0,0,0,0,0,1,2,2.0,0
nancela02,Larry Nance Jr.,train,-2.276718,2018,4,1,66.0,8.682,21.53,20.2,2.4,1.6,5.8,0.196,15.9,0.6053,1.242,6.848,0.576,1.333,0.773,3,192.0,7.14,21.51,2.8,11.5,2.8,11.5,25,78,245,3,1.0,0,0.25,0,0,0.59,1.0,0.94,50.0,1.0,0.0,-41.302,135.777,0.203,15.0,0.59,1.0,0.94,50.0,1.0,0.0,-41.302,135.777,0.203,15.0,0.0,2.088,0,2.088,19.0,0,1,0,0,0,0,0,1,1,0,0,1,0,0,0,0,0,1,1.0,0
nancela02,Larry Nance Jr.,val,-2.53419,2022,2,1,46.0,6.978,22.609,14.4,-0.1,0.5,2.3,0.106,12.8,0.5899,1.761,5.391,0.435,0.935,0.804,7,396.0,8.11,24.06,7.4,24.4,2.6,8.0,29,78,245,7,1.0,0,0.3,0,0,-0.84,-1.0,-0.99,36.0,1.0,0.0,-22.25,132.605,0.57,15.0,-0.84,-1.0,-0.99,36.0,1.0,0.0,-22.25,132.605,0.57,15.0,0.0,1.29,0,1.29,50.0,0,1,0,0,0,0,0,1,1,0,0,0,1,0,0,0,0,0,0.0,0
nancepe01,Pete Nance,test,-4.163784,2026,2,1,47.0,5.404,15.681,11.6,-2.3,-0.1,1.1,0.072,13.5,0.6387,1.021,2.66,0.298,0.298,0.553,3,68.0,4.34,13.26,-0.3,1.2,-0.3,1.2,26,81,225,2,1.0,0,0.25,0,0,-6.12,-6.4,-6.21,32.0,0.0,0.0,-26.608,151.772,29.483,15.0,-6.12,-6.4,-6.21,32.0,0.0,0.0,-26.608,151.772,29.483,15.0,0.0,1.586,0,1.586,38.0,0,0,1,0,0,1,0,0,0,1,0,0,1,0,0,0,0,0,0.0,1
napiesh01,Shabazz Napier,train,-3.909094,2014,2,0,66.0,9.478,24.912,14.9,-0.1,0.7,3.2,0.104,19.0,0.559,1.722,3.879,0.354,0.721,1.148,0,0.0,9.05,23.27,0.0,0.0,0.0,0.0,23,72,175,0,1.0,0,0.25,0,2,0.28,0.3,0.28,42.0,1.0,0.0,-12.901,92.25,0.0,15.0,0.34,0.5,0.43,42.0,1.0,0.0,-12.901,92.929,0.0,15.0,0.0,6.266,0,6.266,18.0,0,0,1,0,0,0,0,1,0,0,1,0,0,0,0,0,1,1,1.0,0
nelsoja01,Jameer Nelson,train,-3.116334,2014,2,1,68.0,12.059,32.044,13.9,-1.1,0.5,2.8,0.062,20.1,0.5149,7.0,3.397,0.074,0.765,2.441,9,572.0,13.1,30.47,11.3,40.5,1.7,8.4,32,72,190,10,1.0,0,0.35,0,0,0.28,0.3,0.28,42.0,1.0,0.0,-12.901,92.25,0.0,15.0,0.34,0.5,0.43,42.0,1.0,0.0,-12.901,92.929,0.0,15.0,1.0,7.943,1,7.943,4.0,0,0,1,0,0,0,1,0,0,0,1,0,0,1,0,0,0,2,2.0,0
nelsoja01,Jameer Nelson,train,-2.737038,2015,3,1,63.0,8.302,22.333,12.1,-1.0,0.4,1.4,0.048,19.5,0.503,4.016,2.317,0.095,0.746,1.73,10,635.0,12.63,29.66,11.7,41.9,1.3,6.3,33,72,190,11,1.0,0,0.35,0,0,-3.07,-3.7,-3.55,30.0,0.0,0.0,-2.765,53.359,2.783,15.0,-3.07,-3.7,-3.55,30.0,0.0,0.0,-2.765,53.359,2.783,15.0,0.0,3.038,0,3.038,17.0,0,0,1,0,0,0,1,0,0,0,1,0,0,1,0,0,0,1,1.0,0
nembhan01,Andrew Nembhard,val,-4.054356,2022,4,0,66.0,9.478,24.912,14.9,-0.1,0.7,3.2,0.104,19.0,0.559,1.722,3.879,0.354,0.721,1.148,0,0.0,9.05,23.27,0.0,0.0,0.0,0.0,22,76,191,0,1.0,0,0.25,0,0,-3.26,-3.5,-3.48,25.0,0.0,0.0,-23.676,122.438,13.652,15.0,-3.26,-3.5,-3.48,25.0,0.0,0.0,-23.676,122.438,13.652,15.0,0.0,2.126,0,2.126,25.0,0,0,1,0,0,0,0,1,1,0,0,0,0,0,0,0,1,0,0.0,0
nembhan01,Andrew Nembhard,test,-2.06817,2024,3,1,68.0,9.206,24.956,11.3,-2.2,-0.1,2.0,0.057,16.0,0.5726,4.118,2.074,0.088,0.926,1.485,2,143.0,9.34,26.36,-0.7,3.2,-0.7,3.2,24,76,191,2,1.0,0,0.25,0,0,2.75,3.0,3.05,47.0,1.0,0.0,-10.658,127.077,17.801,15.0,2.75,3.0,3.05,47.0,1.0,0.0,-10.658,127.077,17.801,15.0,0.0,2.126,0,2.126,25.0,0,1,0,0,0,0,0,1,0,1,0,0,0,1,0,0,0,0,0.0,0
nesmiaa01,Aaron Nesmith,val,-2.547938,2023,3,1,73.0,10.11,24.877,10.5,-3.0,-0.4,2.0,0.053,16.8,0.5655,1.342,3.795,0.466,0.753,1.027,3,171.0,6.74,17.89,-0.9,3.5,-0.9,3.5,24,77,215,3,1.0,0,0.25,0,0,-2.91,-3.1,-3.18,35.0,0.0,0.0,1.51,110.311,11.835,15.0,-2.91,-3.1,-3.18,35.0,0.0,0.0,1.51,110.311,11.835,15.0,0.0,2.126,0,2.126,25.0,0,1,0,0,0,0,0,1,0,1,0,0,0,0,1,0,0,0,0.0,0
nesmiaa01,Aaron Nesmith,test,-2.13102,2025,2,1,45.0,12.022,24.933,14.6,-0.5,0.4,2.9,0.124,17.4,0.6531,1.2,3.956,0.378,0.778,0.822,5,288.0,8.92,21.44,0.3,10.5,0.8,9.0,26,77,215,5,1.0,0,0.25,0,0,1.68,2.2,2.23,50.0,1.0,0.0,-30.645,166.84,2.531,15.0,1.68,2.2,2.23,50.0,1.0,0.0,-30.645,166.84,2.531,15.0,0.0,2.126,0,2.126,25.0,0,1,0,0,0,0,0,1,0,1,0,0,0,0,1,0,0,0,0.0,0
netora01,Raul Neto,train,-4.353856,2015,3,0,66.0,9.478,24.912,14.9,-0.1,0.7,3.2,0.104,19.0,0.559,1.722,3.879,0.354,0.721,1.148,0,0.0,9.05,23.27,0.0,0.0,0.0,0.0,23,74,180,0,0.0,0,0.25,0,0,0.71,0.2,0.22,38.0,0.0,0.0,4.159,47.94,10.965,15.0,0.71,0.2,0.22,38.0,0.0,0.0,4.159,47.94,10.965,15.0,0.0,1.266,0,1.266,28.0,0,0,1,0,0,1,0,0,0,0,1,0,0,0,0,0,1,0,0.0,0
netora01,Raul Neto,train,-3.83523,2018,2,1,41.0,4.463,12.146,11.9,-1.4,0.1,0.9,0.087,18.3,0.5499,1.829,1.195,0.098,0.317,0.878,3,162.0,4.69,14.46,0.3,3.4,0.3,3.4,26,74,180,3,0.0,0,0.25,0,0,4.47,4.5,4.3,48.0,1.0,0.0,-7.769,103.838,3.024,15.0,4.47,4.5,4.3,48.0,1.0,0.0,-7.769,103.838,3.024,15.0,0.0,1.266,0,1.266,28.0,0,0,1,0,0,1,0,0,1,0,0,0,0,1,0,0,0,0,0.0,0
niangge01,Georges Niang,train,-4.727136,2016,3,0,66.0,9.478,24.912,14.9,-0.1,0.7,3.2,0.104,19.0,0.559,1.722,3.879,0.354,0.721,1.148,0,0.0,9.05,23.27,0.0,0.0,0.0,0.0,23,78,230,0,1.0,0,0.25,0,0,1.62,1.7,1.71,45.0,1.0,0.0,-2.414,66.752,5.662,15.0,1.62,1.7,1.71,45.0,1.0,0.0,-2.414,66.752,5.662,15.0,0.0,2.126,0,2.126,25.0,0,0,1,0,0,0,0,1,0,0,1,0,0,0,0,0,1,0,0.0,0
niangge01,Georges Niang,train,-4.124935,2018,3,1,9.0,1.0,3.556,9.2,-4.0,0.0,0.0,0.0,20.9,0.3788,0.333,1.0,0.0,0.222,0.333,2,32.0,0.94,3.91,-0.2,-0.3,-0.2,-0.3,25,78,230,2,0.0,0,0.25,0,0,4.47,4.5,4.3,48.0,1.0,0.0,-7.769,103.838,3.024,15.0,4.47,4.5,4.3,48.0,1.0,0.0,-7.769,103.838,3.024,15.0,0.0,1.266,0,1.266,28.0,0,0,1,0,0,1,0,0,1,0,0,0,1,0,0,0,0,0,0.0,0
niangge01,Georges Niang,train,-3.513228,2021,2,1,72.0,6.944,16.028,11.4,-0.3,0.5,2.6,0.108,17.4,0.6022,0.819,2.444,0.111,0.347,0.708,5,229.0,5.05,11.87,1.0,5.4,1.2,5.7,28,78,230,5,0.0,0,0.25,0,0,5.28,5.6,5.58,49.0,1.0,0.0,-38.648,144.302,1.865,15.0,8.97,9.3,9.25,52.0,1.0,0.0,-29.859,135.162,0.77,15.0,0.0,1.266,1,6.228,5.0,0,0,1,0,0,0,1,0,1,0,0,0,1,0,0,0,0,2,0.0,0
niangge01,Georges Niang,val,-2.772743,2023,3,1,78.0,8.167,19.385,10.9,-1.4,0.2,2.5,0.079,17.0,0.6104,0.987,2.372,0.179,0.385,0.692,7,383.0,6.51,15.58,1.2,10.7,0.7,7.9,30,78,230,7,0.0,0,0.3,0,0,5.23,5.5,5.38,51.0,1.0,0.0,-30.906,121.703,27.548,15.0,4.37,4.4,4.32,54.0,1.0,0.0,-40.737,149.167,0.405,15.0,1.0,6.228,0,2.088,19.0,0,0,1,0,0,0,1,0,0,1,0,0,1,0,0,0,0,1,2.0,0
nichoan01,Andrew Nicholson,train,-2.673013,2016,4,1,56.0,6.857,14.696,14.8,-1.1,0.2,1.6,0.093,20.4,0.567,0.446,3.589,0.393,0.179,0.732,4,247.0,6.48,15.13,-1.3,4.0,-1.1,2.3,27,81,250,4,0.0,0,0.25,0,0,-0.5,-0.5,-0.5,41.0,0.0,0.0,-17.133,76.329,7.963,15.0,-1.68,-1.7,-1.62,35.0,0.0,0.0,5.537,61.109,3.354,15.0,0.0,2.673,1,6.385,8.0,0,0,1,0,0,0,1,0,0,0,1,0,1,0,0,0,0,2,1.0,0
noahjo01,Joakim Noah,train,-1.646282,2016,4,1,29.0,4.276,21.897,14.1,1.6,0.6,1.1,0.083,14.2,0.4058,3.793,8.793,1.0,0.621,1.793,9,572.0,9.31,29.45,19.8,57.3,7.9,17.9,31,83,230,9,0.0,0,0.3,0,0,-2.74,-3.0,-2.73,32.0,0.0,0.0,10.188,59.283,0.529,12.0,-1.46,-1.5,-1.48,42.0,0.0,0.0,-32.184,101.851,0.333,18.0,1.0,9.441,1,19.113,1.0,0,0,1,0,0,0,1,0,0,0,1,1,0,0,0,0,0,2,2.0,0
noelne01,Nerlens Noel,train,-3.995079,2018,2,1,30.0,4.367,15.733,16.2,0.5,0.3,1.3,0.132,13.8,0.5583,0.667,5.6,0.733,1.033,0.867,4,223.0,9.27,25.99,3.4,12.3,2.4,8.3,24,82,220,4,0.0,1,0.25,0,1,3.42,3.5,3.41,48.0,1.0,0.0,-35.299,130.478,2.442,15.0,-2.7,-3.2,-3.04,24.0,0.0,0.0,13.946,77.926,7.221,15.0,1.0,7.943,0,1.435,47.0,0,0,1,0,0,1,0,0,1,0,0,1,0,0,0,0,0,0,2.0,0
noelne01,Nerlens Noel,train,-2.496844,2021,3,1,64.0,5.062,24.172,14.8,1.4,1.3,5.2,0.161,9.2,0.6383,0.719,6.375,2.203,1.094,1.016,7,425.0,7.57,22.41,7.3,26.7,3.9,14.4,27,82,220,7,1.0,0,0.3,0,0,2.13,2.4,2.31,41.0,1.0,0.0,7.17,81.511,20.459,15.0,2.13,2.4,2.31,41.0,1.0,0.0,7.17,81.511,20.459,15.0,1.0,19.113,1,19.113,1.0,0,0,1,0,0,0,1,0,1,0,0,1,0,0,0,0,0,2,2.0,0
noguelu01,Lucas Nogueira,train,-3.556379,2014,2,0,66.0,9.478,24.912,14.9,-0.1,0.7,3.2,0.104,19.0,0.559,1.722,3.879,0.354,0.721,1.148,0,0.0,9.05,23.27,0.0,0.0,0.0,0.0,22,84,241,0,1.0,0,0.25,0,2,0.28,0.3,0.28,42.0,1.0,0.0,-12.901,92.25,0.0,15.0,0.34,0.5,0.43,42.0,1.0,0.0,-12.901,92.929,0.0,15.0,1.0,6.202,1,6.202,9.0,0,0,1,0,0,1,0,0,0,0,1,0,0,0,0,0,1,2,2.0,0
nowelja01,Jaylen Nowell,train,-6.147919,2019,3,0,66.0,9.478,24.912,14.9,-0.1,0.7,3.2,0.104,19.0,0.559,1.722,3.879,0.354,0.721,1.148,0,0.0,9.05,23.27,0.0,0.0,0.0,0.0,20,76,201,0,1.0,0,0.25,0,1,-1.02,-1.5,-1.5,36.0,0.0,0.0,-19.994,117.381,2.967,16.0,-1.02,-1.5,-1.5,36.0,0.0,0.0,-19.994,117.381,2.967,16.0,0.0,3.703,0,3.703,16.0,0,0,1,0,0,0,0,1,1,0,0,0,0,0,0,0,1,1,1.0,0
nowitdi01,Dirk Nowitzki,train,-2.023902,2014,3,1,80.0,21.688,32.85,23.6,5.0,4.7,10.9,0.199,26.9,0.6031,2.7,6.225,0.562,0.912,1.462,9,666.0,23.54,35.49,44.6,104.7,9.9,23.5,36,84,245,15,1.0,0,0.35,0,1,0.28,0.3,0.28,42.0,1.0,0.0,-12.901,92.25,0.0,15.0,0.34,0.5,0.43,42.0,1.0,0.0,-12.901,92.929,0.0,15.0,1.0,7.943,1,7.943,4.0,0,0,1,0,0,0,1,0,0,0,1,0,1,0,0,0,0,2,2.0,0
ntilila01,Frank Ntilikina,train,-4.075085,2021,2,1,33.0,2.697,9.758,7.7,-1.7,0.0,0.5,0.075,13.6,0.512,0.576,0.939,0.121,0.545,0.333,4,211.0,5.47,19.52,-2.6,-0.3,-1.3,0.6,23,76,200,4,0.0,0,0.25,0,0,2.26,2.4,2.26,42.0,1.0,0.0,-16.675,124.195,1.621,15.0,2.13,2.4,2.31,41.0,1.0,0.0,7.17,81.511,20.459,15.0,1.0,19.113,1,7.943,4.0,0,0,1,0,0,0,1,0,1,0,0,0,0,1,0,0,0,2,2.0,0
nunnke01,Kendrick Nunn,train,-3.088058,2021,2,1,56.0,14.571,29.464,14.2,-0.5,0.6,2.9,0.084,20.9,0.5961,2.643,3.196,0.25,0.929,1.429,2,123.0,14.96,29.37,0.5,4.9,0.5,4.9,26,75,190,2,0.0,1,0.25,0,1,2.77,2.8,2.79,42.0,1.0,0.0,-29.404,129.325,7.599,15.0,-0.06,0.0,0.03,40.0,1.0,0.0,-26.432,126.767,5.565,15.0,0.0,6.266,1,12.901,2.0,0,0,1,0,0,0,1,0,1,0,0,0,0,1,0,0,0,2,1.0,1
nurkiju01,Jusuf Nurkić,train,-3.556379,2014,2,0,66.0,9.478,24.912,14.9,-0.1,0.7,3.2,0.104,19.0,0.559,1.722,3.879,0.354,0.721,1.148,0,0.0,9.05,23.27,0.0,0.0,0.0,0.0,20,83,290,0,1.0,0,0.25,0,2,0.28,0.3,0.28,42.0,1.0,0.0,-12.901,92.25,0.0,15.0,0.34,0.5,0.43,42.0,1.0,0.0,-12.901,92.929,0.0,15.0,0.0,3.038,0,3.038,17.0,0,0,1,0,0,0,0,1,0,0,1,0,0,0,0,0,1,1,1.0,0
nurkiju01,Jusuf Nurkić,train,-2.138781,2018,4,1,79.0,14.329,26.43,19.2,0.0,1.1,4.7,0.108,26.4,0.5284,1.81,8.962,1.405,0.81,2.316,4,238.0,10.43,21.55,1.2,8.7,1.4,7.1,24,83,290,4,1.0,0,0.25,0,0,2.6,2.7,2.6,49.0,1.0,0.0,-20.172,114.017,5.248,15.0,2.6,2.7,2.6,49.0,1.0,0.0,-20.172,114.017,5.248,15.0,0.0,2.511,0,2.511,23.0,0,0,1,0,0,1,0,0,1,0,0,1,0,0,0,0,0,0,0.0,0
nurkiju01,Jusuf Nurkić,val,-1.955295,2022,4,1,56.0,15.036,28.196,20.0,0.3,0.9,3.6,0.109,23.6,0.5864,2.804,11.054,0.607,1.107,2.554,8,411.0,12.2,23.88,6.1,23.4,2.1,6.9,28,83,290,8,1.0,0,0.3,0,0,-8.55,-9.1,-8.88,27.0,0.0,0.0,-17.113,115.071,7.135,15.0,-8.55,-9.1,-8.88,27.0,0.0,0.0,-17.113,115.071,7.135,15.0,0.0,2.511,0,2.511,23.0,0,0,1,0,0,0,1,0,1,0,0,1,0,0,0,0,0,0,0.0,0
nurkiju01,Jusuf Nurkić,test,-2.73856,2026,2,1,41.0,10.902,26.415,16.4,1.1,0.9,1.5,0.066,19.3,0.5482,4.78,10.366,0.537,1.268,2.463,12,631.0,11.79,24.45,9.5,34.9,2.7,8.8,32,83,290,12,1.0,0,0.35,0,0,-8.05,-8.2,-8.43,22.0,0.0,0.0,-18.47,147.149,25.968,15.0,-8.05,-8.2,-8.43,22.0,0.0,0.0,-18.47,147.149,25.968,15.0,0.0,1.266,0,1.266,28.0,0,0,1,0,0,0,1,0,0,1,0,1,0,0,0,0,0,0,0.0,0
nwabada01,David Nwaba,train,-4.959902,2017,2,1,20.0,6.0,19.85,12.2,-2.2,0.0,0.8,0.097,11.8,0.6112,0.7,3.15,0.35,0.65,0.55,1,20.0,6.0,19.85,0.0,0.8,0.0,0.8,24,77,219,0,1.0,0,0.25,0,2,-6.29,-7.0,-6.88,26.0,0.0,0.0,-0.061,85.64,8.565,15.0,-6.29,-7.0,-6.88,26.0,0.0,0.0,-0.061,85.64,8.565,15.0,1.0,12.901,1,12.901,2.0,1,0,1,0,0,1,0,0,1,0,0,0,0,0,0,1,0,2,2.0,1
nwabada01,David Nwaba,train,-4.133016,2019,2,1,51.0,6.549,19.294,12.5,-2.1,0.0,1.4,0.068,14.6,0.5578,1.059,3.196,0.333,0.706,0.569,3,141.0,7.16,21.47,-0.2,4.6,-0.2,4.6,26,77,219,2,0.0,0,0.25,0,1,-0.4,-0.1,-0.07,42.0,1.0,0.0,-15.703,77.806,39.766,15.0,-9.39,-9.9,-9.61,19.0,0.0,0.0,-21.831,122.179,1.521,15.0,0.0,2.088,1,19.113,1.0,0,0,1,0,0,0,1,0,1,0,0,0,0,0,1,0,0,2,1.0,1
nwabada01,David Nwaba,train,-3.112751,2021,3,1,30.0,9.2,22.633,14.4,-0.8,0.2,1.3,0.092,16.6,0.5566,1.033,3.933,0.7,1.0,0.567,5,191.0,7.27,20.81,0.2,6.7,0.4,3.5,28,77,219,4,1.0,0,0.25,0,0,-7.5,-7.8,-7.9,17.0,0.0,0.0,-20.393,121.883,6.204,15.0,-7.5,-7.8,-7.9,17.0,0.0,0.0,-20.393,121.883,6.204,15.0,1.0,7.206,1,7.206,6.0,0,0,1,0,0,1,0,0,1,0,0,0,0,0,1,0,0,2,2.0,1
nworajo01,Jordan Nwora,train,-4.51031,2020,2,0,66.0,9.478,24.912,14.9,-0.1,0.7,3.2,0.104,19.0,0.559,1.722,3.879,0.354,0.721,1.148,0,0.0,9.05,23.27,0.0,0.0,0.0,0.0,22,80,225,0,1.0,0,0.25,0,0,9.41,9.5,10.08,56.0,1.0,0.0,-21.09,120.509,9.721,15.0,9.41,9.5,10.08,56.0,1.0,0.0,-21.09,120.509,9.721,15.0,0.0,1.586,0,1.586,38.0,1,0,1,0,0,0,0,1,1,0,0,0,0,0,0,0,1,0,0.0,0
nworajo01,Jordan Nwora,val,-3.752785,2022,2,1,62.0,7.855,19.113,9.9,-4.1,-0.6,0.6,0.024,19.4,0.5063,0.952,3.565,0.274,0.403,0.919,2,92.0,7.15,15.86,-0.5,1.0,-0.5,1.0,24,80,225,2,1.0,0,0.25,0,0,3.22,3.3,3.35,51.0,1.0,0.0,-48.249,152.275,6.719,15.0,3.22,3.3,3.35,51.0,1.0,0.0,-48.249,152.275,6.719,15.0,0.0,1.586,0,1.586,38.0,0,0,1,0,0,1,0,0,1,0,0,0,0,0,1,0,0,0,0.0,0
obryajo01,Johnny O'Bryant,train,-4.354887,2014,3,0,66.0,9.478,24.912,14.9,-0.1,0.7,3.2,0.104,19.0,0.559,1.722,3.879,0.354,0.721,1.148,0,0.0,9.05,23.27,0.0,0.0,0.0,0.0,21,81,257,0,1.0,0,0.25,0,0,0.28,0.3,0.28,42.0,1.0,0.0,-12.901,92.25,0.0,15.0,0.34,0.5,0.43,42.0,1.0,0.0,-12.901,92.929,0.0,15.0,0.0,1.586,0,1.586,38.0,0,0,1,0,0,0,0,1,0,0,1,0,0,0,0,0,1,0,0.0,0
obryajo01,Johnny O'Bryant,train,-4.764477,2017,2,1,11.0,3.455,7.273,14.9,-2.4,0.0,0.1,0.06,21.1,0.5821,0.545,1.727,0.091,0.0,0.545,3,111.0,3.04,11.76,-1.5,-0.1,-1.5,-0.1,24,81,257,3,0.0,0,0.25,0,0,-0.07,0.2,0.2,36.0,0.0,0.0,-7.893,100.201,1.835,15.0,0.7,0.5,0.51,40.0,0.0,0.0,11.561,78.416,4.166,15.0,0.0,3.038,0,2.66,21.0,1,0,1,0,0,1,0,0,1,0,0,0,1,0,0,0,0,0,1.0,0
ojelese01,Semi Ojeleye,train,-4.238384,2017,3,0,66.0,9.478,24.912,14.9,-0.1,0.7,3.2,0.104,19.0,0.559,1.722,3.879,0.354,0.721,1.148,0,0.0,9.05,23.27,0.0,0.0,0.0,0.0,23,78,240,0,1.0,0,0.25,0,1,2.25,2.8,2.63,53.0,1.0,0.0,1.108,91.485,1.55,15.0,2.25,2.8,2.63,53.0,1.0,0.0,1.108,91.485,1.55,15.0,1.0,4.899,1,4.899,9.0,0,0,1,0,0,0,0,1,1,0,0,0,0,0,0,0,1,2,2.0,0
okafoja01,Jahlil Okafor,train,-2.704129,2015,2,0,66.0,9.478,24.912,14.9,-0.1,0.7,3.2,0.104,19.0,0.559,1.722,3.879,0.354,0.721,1.148,0,0.0,9.05,23.27,0.0,0.0,0.0,0.0,20,82,270,0,1.0,0,0.25,0,3,-9.04,-9.3,-8.98,18.0,0.0,0.0,2.599,34.387,22.445,16.0,-9.04,-9.3,-8.98,18.0,0.0,0.0,2.599,34.387,22.445,16.0,1.0,6.228,1,6.228,5.0,0,0,1,0,0,0,0,1,0,0,1,0,0,0,0,0,1,2,2.0,0
okafoja01,Jahlil Okafor,train,-3.996987,2020,2,1,30.0,8.1,15.567,18.3,-0.2,0.2,1.3,0.134,19.9,0.6419,1.233,4.233,0.733,0.233,1.267,5,220.0,11.0,20.36,0.1,6.5,0.3,4.1,25,82,270,5,0.0,0,0.25,0,0,-4.38,-3.7,-3.56,20.0,0.0,0.0,-26.875,104.276,26.884,15.0,-0.55,-1.2,-1.29,30.0,0.0,0.0,-8.486,117.626,0.0,16.0,0.0,1.29,0,4.365,14.0,1,0,1,0,0,0,1,0,1,0,0,1,0,0,0,0,0,1,0.0,0
okoboel01,Elie Okobo,train,-4.263685,2018,3,0,66.0,9.478,24.912,14.9,-0.1,0.7,3.2,0.104,19.0,0.559,1.722,3.879,0.354,0.721,1.148,0,0.0,9.05,23.27,0.0,0.0,0.0,0.0,21,75,190,0,1.0,0,0.25,0,0,-8.8,-9.4,-9.37,21.0,0.0,0.0,6.574,73.955,18.563,15.0,-8.8,-9.4,-9.37,21.0,0.0,0.0,6.574,73.955,18.563,15.0,0.0,5.059,0,5.059,12.0,0,0,1,0,0,0,0,1,1,0,0,0,0,0,0,0,1,2,2.0,0
okogijo01,Josh Okogie,val,-3.853284,2023,2,1,72.0,7.347,18.75,13.3,-0.2,0.6,2.8,0.1,17.7,0.5306,1.458,3.486,0.472,0.778,0.875,5,316.0,6.59,20.15,-0.6,8.2,0.1,4.8,25,76,213,5,1.0,1,0.25,0,1,2.08,2.1,2.07,45.0,1.0,0.0,-52.152,172.122,0.211,15.0,2.08,2.1,2.07,45.0,1.0,0.0,-52.152,172.122,0.211,15.0,0.0,5.059,0,5.059,12.0,0,0,1,0,0,0,1,0,0,1,0,0,0,0,0,1,0,2,2.0,0
okogijo01,Josh Okogie,test,-2.866392,2024,2,1,60.0,4.617,16.0,12.0,-0.5,0.4,2.1,0.105,13.0,0.5521,1.067,2.567,0.4,0.8,0.6,6,376.0,6.27,19.49,-0.2,10.3,0.9,5.6,26,76,213,6,1.0,0,0.25,0,0,3.08,3.0,3.06,49.0,1.0,0.0,-59.2,188.29,3.041,16.0,3.08,3.0,3.06,49.0,1.0,0.0,-59.2,188.29,3.041,16.0,0.0,5.059,0,5.059,12.0,0,0,1,0,0,0,1,0,0,1,0,0,0,0,0,1,0,2,2.0,0
okogijo01,Josh Okogie,test,-3.344696,2026,2,1,78.0,4.526,17.359,9.9,-1.2,0.3,2.7,0.096,11.3,0.5441,0.885,2.564,0.205,0.808,0.526,8,494.0,6.06,18.84,0.7,14.3,1.3,6.1,28,76,213,8,0.0,0,0.3,0,0,-8.05,-8.2,-8.43,22.0,0.0,0.0,-18.47,147.149,25.968,15.0,4.87,5.4,5.22,52.0,1.0,0.0,-46.765,194.771,0.0,15.0,1.0,7.206,0,1.266,28.0,0,0,1,0,0,0,1,0,0,1,0,0,0,0,0,1,0,0,2.0,0
okongon01,Onyeka Okongwu,val,-2.205316,2023,4,1,80.0,9.887,23.113,19.4,0.8,1.3,7.1,0.184,15.1,0.6781,1.012,7.2,1.337,0.7,1.012,3,178.0,7.93,19.34,2.1,13.2,2.1,13.2,23,82,240,2,1.0,0,0.25,0,0,0.32,0.3,0.29,41.0,1.0,0.0,-25.479,149.028,0.106,15.0,0.32,0.3,0.29,41.0,1.0,0.0,-25.479,149.028,0.106,15.0,1.0,6.144,1,6.144,7.0,0,1,0,0,0,0,0,1,0,1,0,1,0,0,0,0,0,2,2.0,0
okorois01,Isaac Okoro,test,-2.547938,2024,3,1,69.0,9.377,27.348,11.4,-1.1,0.4,4.2,0.107,13.9,0.5988,1.913,2.986,0.493,0.826,0.783,4,279.0,8.5,27.57,-0.5,13.5,1.2,12.6,23,76,225,4,1.0,0,0.25,0,0,1.98,2.5,2.41,48.0,1.0,0.0,-32.23,160.093,4.119,15.0,1.98,2.5,2.41,48.0,1.0,0.0,-32.23,160.093,4.119,15.0,0.0,2.088,0,2.088,19.0,0,0,1,0,0,1,0,0,0,1,0,0,0,0,1,0,0,1,1.0,0
okpalkz01,KZ Okpala,train,-4.356159,2019,3,0,66.0,9.478,24.912,14.9,-0.1,0.7,3.2,0.104,19.0,0.559,1.722,3.879,0.354,0.721,1.148,0,0.0,9.05,23.27,0.0,0.0,0.0,0.0,20,80,215,0,1.0,0,0.25,0,0,-0.45,-0.3,-0.23,39.0,0.0,0.0,-24.393,122.642,0.474,15.0,-0.45,-0.3,-0.23,39.0,0.0,0.0,-24.393,122.642,0.474,15.0,0.0,6.266,0,6.266,18.0,0,0,1,0,0,0,0,1,1,0,0,0,0,0,0,0,1,1,1.0,0
okpalkz01,KZ Okpala,val,-4.131877,2022,2,1,21.0,3.667,11.619,10.4,-2.8,-0.1,0.5,0.098,14.4,0.5214,0.667,1.952,0.333,0.19,0.238,3,63.0,2.79,11.38,-0.7,0.7,-0.7,0.7,23,80,215,3,0.0,0,0.25,0,0,-5.26,-5.4,-5.46,30.0,0.0,0.0,-20.163,126.382,3.036,15.0,-7.9,-8.2,-8.1,24.0,0.0,0.0,21.901,47.135,33.723,15.0,0.0,1.435,0,2.453,20.0,0,0,1,0,0,1,0,0,1,0,0,0,1,0,0,0,0,0,0.0,0
oladivi01,Victor Oladipo,train,-1.539702,2016,4,1,72.0,16.014,33.042,16.7,1.7,2.3,4.9,0.099,22.9,0.5344,3.917,4.792,0.75,1.611,2.125,3,224.0,15.85,33.21,3.7,9.7,3.7,9.7,24,75,213,3,0.0,0,0.25,0,1,7.09,7.5,7.28,55.0,1.0,0.0,-24.713,93.765,0.0,15.0,-1.68,-1.7,-1.62,35.0,0.0,0.0,5.537,61.109,3.354,15.0,0.0,2.673,0,1.435,47.0,0,1,0,0,0,0,0,1,0,0,1,0,0,0,0,1,0,0,1.0,0
oladivi01,Victor Oladipo,val,-2.609221,2022,2,1,8.0,12.375,21.625,16.8,1.3,0.1,0.4,0.111,25.1,0.6084,3.5,2.875,0.125,0.625,2.0,9,462.0,17.43,32.77,10.9,25.0,0.0,0.8,30,75,213,9,1.0,1,0.3,0,1,4.23,4.6,4.45,53.0,1.0,0.0,-26.391,130.081,5.386,15.0,4.23,4.6,4.45,53.0,1.0,0.0,-26.391,130.081,5.386,15.0,0.0,6.266,0,6.266,18.0,0,0,1,0,0,0,1,0,1,0,0,0,0,0,0,1,0,1,1.0,0
olynyke01,Kelly Olynyk,train,-2.07033,2017,4,1,75.0,9.04,20.507,15.3,0.3,0.9,4.1,0.128,19.0,0.6031,1.973,4.813,0.387,0.573,1.28,4,278.0,9.45,20.7,3.4,14.7,3.1,11.8,26,84,240,4,0.0,0,0.25,0,1,0.77,1.1,1.06,41.0,0.0,0.0,-7.677,96.524,5.297,15.0,2.25,2.8,2.63,53.0,1.0,0.0,1.108,91.485,1.55,15.0,1.0,4.899,0,6.266,18.0,0,0,1,0,0,1,0,0,1,0,0,1,0,0,0,0,0,1,2.0,0
olynyke01,Kelly Olynyk,train,-2.204492,2021,3,1,70.0,13.5,28.529,16.4,1.2,1.6,5.1,0.123,19.7,0.6105,2.9,6.986,0.6,1.129,1.8,8,570.0,10.14,22.18,9.1,33.7,3.8,13.5,30,84,240,8,0.0,0,0.3,0,0,-4.38,-4.5,-4.47,20.0,0.0,0.0,-5.873,76.325,38.688,15.0,-7.5,-7.8,-7.9,17.0,0.0,0.0,-20.393,121.883,6.204,15.0,1.0,7.206,0,4.365,14.0,0,0,1,0,0,0,1,0,1,0,0,0,1,0,0,0,0,1,2.0,0
olynyke01,Kelly Olynyk,test,-2.466626,2024,2,1,78.0,9.769,22.551,17.4,1.8,1.7,4.9,0.134,17.5,0.6612,4.449,5.269,0.385,0.949,1.949,11,756.0,10.26,22.63,12.7,44.5,3.6,10.8,33,84,240,11,1.0,0,0.35,0,0,-6.45,-6.5,-6.44,25.0,0.0,0.0,-25.866,138.558,21.309,15.0,-6.45,-6.5,-6.44,25.0,0.0,0.0,-25.866,138.558,21.309,15.0,1.0,6.202,1,6.202,9.0,1,1,0,0,0,0,0,1,0,1,0,1,0,0,0,0,0,2,2.0,0
onealro01,Royce O'Neale,train,-4.35967,2017,3,0,66.0,9.478,24.912,14.9,-0.1,0.7,3.2,0.104,19.0,0.559,1.722,3.879,0.354,0.721,1.148,0,0.0,9.05,23.27,0.0,0.0,0.0,0.0,24,78,226,0,0.0,0,0.25,0,0,4.0,4.3,3.94,51.0,1.0,0.0,13.645,80.223,0.275,15.0,4.0,4.3,3.94,51.0,1.0,0.0,13.645,80.223,0.275,15.0,0.0,1.266,0,1.266,28.0,0,0,1,0,0,0,0,1,1,0,0,0,0,0,0,0,1,0,0.0,1
onealro01,Royce O'Neale,train,-2.524964,2020,4,1,71.0,6.338,28.859,9.5,0.9,1.5,4.3,0.101,9.6,0.5781,2.535,5.479,0.451,0.831,0.859,3,222.0,5.49,21.94,2.6,10.0,2.6,10.0,27,78,226,3,0.0,0,0.25,0,0,2.52,2.4,2.47,44.0,1.0,0.0,-18.073,118.918,8.294,15.0,2.52,2.4,2.47,44.0,1.0,0.0,-18.073,118.918,8.294,15.0,0.0,1.266,0,1.266,28.0,1,1,0,0,0,0,0,1,1,0,0,0,0,0,1,0,0,0,0.0,1
onealro01,Royce O'Neale,test,-2.594458,2024,4,1,79.0,7.696,24.734,11.1,0.0,1.0,3.4,0.084,13.9,0.5483,2.772,4.772,0.557,0.747,0.924,7,525.0,6.79,26.44,7.5,27.4,3.2,11.8,31,78,226,7,1.0,0,0.3,0,0,3.08,3.0,3.06,49.0,1.0,0.0,-59.2,188.29,3.041,16.0,3.08,3.0,3.06,49.0,1.0,0.0,-59.2,188.29,3.041,16.0,0.0,5.059,0,5.059,12.0,0,0,1,0,0,0,1,0,0,1,0,0,0,0,1,0,0,2,2.0,1
onimi01,Miye Oni,train,-4.356159,2019,3,0,66.0,9.478,24.912,14.9,-0.1,0.7,3.2,0.104,19.0,0.559,1.722,3.879,0.354,0.721,1.148,0,0.0,9.05,23.27,0.0,0.0,0.0,0.0,22,77,206,0,0.0,0,0.25,0,0,5.28,5.2,5.26,50.0,1.0,0.0,-12.969,113.394,0.0,15.0,5.28,5.2,5.26,50.0,1.0,0.0,-12.969,113.394,0.0,15.0,0.0,1.266,0,1.266,28.0,0,0,1,0,0,0,0,1,1,0,0,0,0,0,0,0,1,0,0.0,0
oquinky01,Kyle O'Quinn,train,-2.862201,2015,4,1,51.0,5.765,16.157,14.8,-0.3,0.4,1.6,0.093,17.7,0.5504,1.157,3.902,0.765,0.608,1.078,3,177.0,5.4,14.97,1.0,5.5,1.0,5.5,25,81,250,3,0.0,0,0.25,0,1,-5.87,-6.1,-5.72,25.0,0.0,0.0,4.234,41.312,14.705,15.0,-9.5,-10.1,-9.32,17.0,0.0,0.0,-21.133,54.41,26.22,15.0,1.0,19.113,0,2.673,15.0,0,0,0,0,1,1,0,0,0,0,1,0,1,0,0,0,0,1,2.0,0
osmande01,Cedi Osman,train,-2.641075,2019,4,1,76.0,13.039,32.158,11.5,-3.2,-0.8,1.5,0.029,18.6,0.5365,2.566,4.697,0.145,0.789,1.5,2,137.0,8.97,22.74,-0.9,2.4,-0.9,2.4,24,79,230,2,1.0,0,0.25,0,0,-9.39,-9.9,-9.61,19.0,0.0,0.0,-21.831,122.179,1.521,15.0,-9.39,-9.9,-9.61,19.0,0.0,0.0,-21.831,122.179,1.521,15.0,0.0,2.088,0,2.088,19.0,0,1,0,0,0,0,0,1,1,0,0,0,0,0,1,0,0,1,1.0,0
oubreke01,Kelly Oubre Jr.,train,-3.573003,2015,2,0,66.0,9.478,24.912,14.9,-0.1,0.7,3.2,0.104,19.0,0.559,1.722,3.879,0.354,0.721,1.148,0,0.0,9.05,23.27,0.0,0.0,0.0,0.0,20,80,203,0,1.0,0,0.25,0,3,0.17,0.7,0.72,46.0,1.0,0.0,-11.353,72.953,0.55,16.0,0.17,0.7,0.72,46.0,1.0,0.0,-11.353,72.953,0.55,16.0,1.0,6.385,1,6.385,8.0,0,0,1,0,0,0,0,1,0,0,1,0,0,0,0,0,1,2,2.0,0
oubreke01,Kelly Oubre Jr.,train,-1.984581,2019,2,1,69.0,15.174,28.043,15.2,-1.2,0.4,2.2,0.055,23.2,0.5514,1.217,4.71,0.855,1.217,1.493,4,292.0,9.37,22.06,-0.4,8.3,0.1,7.9,24,80,203,4,1.0,0,0.25,0,1,-8.61,-9.2,-9.34,19.0,0.0,0.0,-6.585,68.854,39.6,15.0,-8.61,-9.2,-9.34,19.0,0.0,0.0,-6.585,68.854,39.6,15.0,0.0,5.059,0,5.059,12.0,0,0,1,0,0,1,0,0,1,0,0,0,0,0,1,0,0,2,2.0,0
oubreke01,Kelly Oubre Jr.,train,-2.19646,2021,2,1,55.0,15.436,30.673,13.3,-1.9,0.0,2.2,0.063,22.1,0.5294,1.327,5.982,0.764,1.036,1.273,6,403.0,11.49,24.97,0.3,14.3,1.1,8.2,26,80,203,6,0.0,0,0.25,0,1,-1.94,-1.9,-1.93,33.0,0.0,0.0,2.006,98.277,8.857,15.0,1.1,1.0,1.06,39.0,0.0,0.0,-66.685,168.454,0.889,15.0,1.0,4.749,0,2.66,21.0,0,0,1,0,0,0,1,0,1,0,0,0,0,0,1,0,0,0,2.0,0
oubreke01,Kelly Oubre Jr.,test,-2.847816,2024,2,1,68.0,15.426,30.221,13.5,-2.3,-0.1,3.0,0.07,22.4,0.5352,1.485,5.015,0.691,1.132,1.279,9,595.0,13.09,26.33,0.8,22.3,0.5,8.0,29,80,203,9,1.0,1,0.3,0,1,2.51,3.1,3.05,47.0,1.0,0.0,-45.888,161.97,2.568,15.0,2.51,3.1,3.05,47.0,1.0,0.0,-45.888,161.97,2.568,15.0,1.0,6.228,1,6.228,5.0,0,0,1,0,0,0,1,0,0,1,0,0,0,0,1,0,0,2,2.0,0
oubreke01,Kelly Oubre Jr.,test,-3.026242,2026,2,1,50.0,14.1,31.48,13.0,-1.4,0.2,2.7,0.082,18.2,0.58,1.6,5.04,0.48,1.36,1.38,11,705.0,13.33,27.4,0.9,27.6,0.0,8.3,31,80,203,11,0.0,0,0.35,0,0,-7.64,-7.9,-7.99,19.0,0.0,0.0,-37.253,183.115,4.44,15.0,-0.27,-0.1,-0.18,45.0,1.0,0.0,-45.251,192.382,1.124,15.0,1.0,6.228,0,2.126,25.0,0,0,1,0,0,0,1,0,0,1,0,0,0,0,1,0,0,0,2.0,0
parkeja01,Jabari Parker,train,-2.52676,2014,2,0,66.0,9.478,24.912,14.9,-0.1,0.7,3.2,0.104,19.0,0.559,1.722,3.879,0.354,0.721,1.148,0,0.0,9.05,23.27,0.0,0.0,0.0,0.0,19,79,245,0,1.0,0,0.25,0,4,0.28,0.3,0.28,42.0,1.0,0.0,-12.901,92.25,0.0,15.0,0.34,0.5,0.43,42.0,1.0,0.0,-12.901,92.929,0.0,15.0,0.0,1.586,0,1.586,38.0,0,0,1,0,0,0,0,1,0,0,1,0,0,0,0,0,1,0,0.0,0
parkeja01,Jabari Parker,train,-2.820829,2019,2,1,64.0,14.531,26.938,15.5,-1.5,0.2,1.4,0.039,24.6,0.5603,2.375,6.578,0.469,0.719,2.359,5,247.0,15.08,29.72,1.9,11.5,1.6,6.6,24,79,245,5,0.0,1,0.25,0,1,-6.06,-5.8,-6.02,29.0,0.0,0.0,-1.704,62.167,41.406,15.0,-3.3,-2.8,-2.9,32.0,0.0,0.0,-24.722,115.804,7.697,15.0,1.0,6.385,1,6.144,7.0,0,0,1,0,0,0,1,0,1,0,0,0,1,0,0,0,0,2,2.0,0
parketo01,Tony Parker,train,-3.01425,2018,2,1,55.0,7.655,19.473,12.7,-3.3,-0.3,1.4,0.063,20.5,0.4984,3.545,1.727,0.018,0.509,1.236,13,884.0,16.45,30.46,23.5,83.2,0.7,10.2,36,74,185,17,0.0,0,0.35,0,0,0.07,0.3,0.26,36.0,0.0,0.0,-21.078,117.228,0.0,14.0,2.89,3.1,2.89,47.0,1.0,0.0,-18.532,113.237,2.916,15.0,0.0,2.602,0,2.66,21.0,0,0,1,0,0,0,1,0,1,0,0,0,0,1,0,0,0,0,0.0,0
parsoch01,Chandler Parsons,train,-1.411965,2014,3,1,74.0,16.568,37.608,15.9,1.7,2.6,7.6,0.131,19.3,0.5654,4.027,5.527,0.392,1.189,1.946,3,213.0,14.09,34.48,6.7,18.0,6.7,18.0,26,81,230,3,1.0,0,0.25,0,0,0.28,0.3,0.28,42.0,1.0,0.0,-12.901,92.25,0.0,15.0,0.34,0.5,0.43,42.0,1.0,0.0,-12.901,92.929,0.0,15.0,1.0,7.943,1,7.943,4.0,0,0,1,0,0,1,0,0,0,0,1,0,0,0,1,0,0,2,2.0,0
parsoch01,Chandler Parsons,train,-1.382509,2016,4,1,61.0,13.721,29.492,16.2,2.0,1.8,4.3,0.115,20.5,0.5887,2.77,4.672,0.344,0.754,1.557,5,340.0,14.34,33.32,10.5,27.8,6.4,17.4,28,81,230,5,0.0,0,0.25,0,0,-2.14,-2.4,-2.24,42.0,1.0,0.0,-15.477,76.017,7.365,16.0,-0.02,-0.3,-0.3,42.0,1.0,0.0,-4.044,71.199,1.898,15.0,1.0,7.943,0,1.358,51.0,0,0,1,0,0,0,1,0,0,0,1,0,0,0,1,0,0,0,2.0,0
pascher01,Eric Paschall,train,-4.356159,2019,3,0,66.0,9.478,24.912,14.9,-0.1,0.7,3.2,0.104,19.0,0.559,1.722,3.879,0.354,0.721,1.148,0,0.0,9.05,23.27,0.0,0.0,0.0,0.0,23,78,255,0,1.0,0,0.25,0,0,6.42,6.4,6.46,57.0,1.0,0.0,-52.719,144.355,0.945,15.0,6.42,6.4,6.46,57.0,1.0,0.0,-52.719,144.355,0.945,15.0,1.0,4.749,1,4.749,10.0,0,0,1,0,0,0,0,1,1,0,0,0,0,0,0,0,1,2,2.0,0
pattepa01,Patrick Patterson,train,-2.344108,2014,3,1,65.0,8.538,23.585,14.6,0.5,1.0,3.8,0.119,17.2,0.5334,1.2,5.262,0.569,0.846,1.0,4,252.0,8.37,22.46,2.1,11.9,1.6,9.5,25,80,235,4,1.0,0,0.25,0,1,0.28,0.3,0.28,42.0,1.0,0.0,-12.901,92.25,0.0,15.0,0.34,0.5,0.43,42.0,1.0,0.0,-12.901,92.929,0.0,15.0,1.0,6.202,1,6.202,9.0,0,0,1,0,0,1,0,0,0,0,1,0,1,0,0,0,0,2,2.0,0
pattepa01,Patrick Patterson,train,-2.899832,2017,3,1,65.0,6.846,24.6,10.8,0.1,0.8,3.3,0.099,12.5,0.5422,1.169,4.508,0.354,0.615,0.585,7,477.0,7.85,23.97,6.3,24.9,4.2,13.0,28,80,235,7,0.0,0,0.3,0,1,1.14,0.8,0.76,47.0,1.0,0.0,1.823,86.981,4.359,15.0,3.65,4.5,4.21,51.0,1.0,0.0,-17.634,108.689,0.206,16.0,1.0,6.202,0,1.435,47.0,0,0,1,0,0,0,1,0,1,0,0,0,1,0,0,0,0,0,2.0,0
paulbr01,Brandon Paul,train,-4.866399,2016,2,0,66.0,9.478,24.912,14.9,-0.1,0.7,3.2,0.104,19.0,0.559,1.722,3.879,0.354,0.721,1.148,0,0.0,9.05,23.27,0.0,0.0,0.0,0.0,25,76,200,0,1.0,0,0.25,0,0,-9.92,-10.4,-10.23,10.0,0.0,0.0,4.499,31.052,31.373,15.0,-9.92,-10.4,-10.23,10.0,0.0,0.0,4.499,31.052,31.373,15.0,1.0,6.228,1,6.228,5.0,0,0,1,0,0,0,0,1,0,0,1,0,0,0,0,0,1,2,2.0,1
paulch01,Chris Paul,train,-1.077975,2013,5,1,70.0,16.943,33.357,26.4,8.8,6.4,13.9,0.286,22.6,0.5941,9.686,3.743,0.143,2.414,2.271,8,555.0,18.58,36.54,51.2,103.1,19.2,40.5,28,72,175,8,1.0,0,0.3,0,1,0.28,0.3,0.28,42.0,1.0,0.0,-12.901,92.25,0.0,15.0,0.34,0.5,0.43,42.0,1.0,0.0,-12.901,92.929,0.0,15.0,1.0,12.901,1,12.901,2.0,0,1,0,0,0,0,0,1,0,0,1,0,0,1,0,0,0,2,2.0,0
paulch01,Chris Paul,train,-0.936685,2018,4,1,58.0,18.638,31.845,24.4,7.1,4.2,10.2,0.265,24.5,0.6037,7.879,5.397,0.241,1.655,2.207,13,892.0,18.71,35.31,79.6,164.9,15.4,33.5,33,72,175,13,1.0,0,0.35,0,1,8.21,8.6,8.48,65.0,1.0,0.0,-19.178,114.484,3.787,15.0,8.21,8.6,8.48,65.0,1.0,0.0,-19.178,114.484,3.787,15.0,1.0,7.206,1,7.206,6.0,0,0,1,0,0,0,1,0,1,0,0,0,0,1,0,0,0,2,2.0,0
paulch01,Chris Paul,train,-1.320991,2021,4,1,70.0,16.414,31.414,21.4,4.6,3.6,9.2,0.201,22.6,0.5993,8.886,4.457,0.271,1.414,2.229,16,1090.0,18.33,34.64,89.5,189.6,9.9,24.7,36,72,175,16,1.0,0,0.35,0,0,5.67,5.9,5.82,51.0,1.0,0.0,-21.146,126.33,0.785,15.0,5.67,5.9,5.82,51.0,1.0,0.0,-21.146,126.33,0.785,15.0,0.0,5.059,0,5.059,12.0,0,0,1,0,0,0,1,0,1,0,0,0,0,1,0,0,0,2,2.0,0
paynead01,Adreian Payne,train,-3.504947,2014,2,0,66.0,9.478,24.912,14.9,-0.1,0.7,3.2,0.104,19.0,0.559,1.722,3.879,0.354,0.721,1.148,0,0.0,9.05,23.27,0.0,0.0,0.0,0.0,23,82,237,0,1.0,0,0.25,0,2,0.28,0.3,0.28,42.0,1.0,0.0,-12.901,92.25,0.0,15.0,0.34,0.5,0.43,42.0,1.0,0.0,-12.901,92.929,0.0,15.0,1.0,6.144,1,6.144,7.0,0,0,1,0,0,0,0,1,0,0,1,0,0,0,0,0,1,2,2.0,0
payneca01,Cameron Payne,train,-3.523365,2015,2,0,66.0,9.478,24.912,14.9,-0.1,0.7,3.2,0.104,19.0,0.559,1.722,3.879,0.354,0.721,1.148,0,0.0,9.05,23.27,0.0,0.0,0.0,0.0,21,74,183,0,1.0,0,0.25,0,3,2.47,2.3,2.18,45.0,0.0,0.0,-16.642,77.876,0.915,15.0,2.47,2.3,2.18,45.0,0.0,0.0,-16.642,77.876,0.915,15.0,0.0,1.435,0,1.435,47.0,0,0,1,0,0,0,0,1,0,0,1,0,0,0,0,0,1,0,0.0,0
payneca01,Cameron Payne,train,-4.077446,2019,2,1,40.0,6.25,17.8,11.5,-3.0,-0.2,0.5,0.034,17.6,0.5186,2.65,1.8,0.225,0.7,1.125,4,153.0,5.97,16.04,-0.3,2.4,-0.5,1.0,25,74,183,4,0.0,0,0.25,0,1,5.49,6.0,6.09,58.0,1.0,1.0,-47.819,135.46,1.971,15.0,-9.39,-9.9,-9.61,19.0,0.0,0.0,-21.831,122.179,1.521,15.0,0.0,2.088,1,6.202,9.0,0,0,1,0,0,1,0,0,1,0,0,0,0,1,0,0,0,2,1.0,0
payneca01,Cameron Payne,train,-2.876362,2021,3,1,60.0,8.417,17.983,17.4,3.1,1.4,3.6,0.16,19.8,0.6017,3.617,2.4,0.267,0.6,1.0,6,221.0,6.81,16.81,1.3,6.5,1.4,4.6,27,74,183,6,1.0,0,0.25,0,0,5.67,5.9,5.82,51.0,1.0,0.0,-21.146,126.33,0.785,15.0,5.67,5.9,5.82,51.0,1.0,0.0,-21.146,126.33,0.785,15.0,0.0,5.059,0,5.059,12.0,0,0,1,0,0,0,1,0,1,0,0,0,0,1,0,0,0,2,2.0,0
paytoel01,Elfrid Payton,train,-3.248078,2014,2,0,66.0,9.478,24.912,14.9,-0.1,0.7,3.2,0.104,19.0,0.559,1.722,3.879,0.354,0.721,1.148,0,0.0,9.05,23.27,0.0,0.0,0.0,0.0,20,75,195,0,1.0,0,0.25,0,3,0.28,0.3,0.28,42.0,1.0,0.0,-12.901,92.25,0.0,15.0,0.34,0.5,0.43,42.0,1.0,0.0,-12.901,92.929,0.0,15.0,0.0,2.673,0,2.673,15.0,0,0,1,0,0,0,0,1,0,0,1,0,0,0,0,0,1,1,1.0,0
paytoel01,Elfrid Payton,train,-2.61319,2019,2,1,42.0,10.619,29.762,14.0,-1.4,0.2,1.5,0.058,18.3,0.5016,7.619,5.238,0.405,1.048,2.667,5,342.0,11.11,29.54,3.6,13.2,2.7,8.7,25,75,195,5,0.0,0,0.25,0,1,-8.93,-9.2,-9.21,17.0,0.0,0.0,-21.397,62.775,60.49,15.0,-1.1,-1.2,-1.33,33.0,0.0,0.0,-14.204,98.806,15.722,15.0,0.0,1.29,1,19.113,1.0,0,0,1,0,0,0,1,0,1,0,0,0,0,1,0,0,0,2,0.0,0
paytoga02,Gary Payton II,train,-4.321671,2016,2,0,66.0,9.478,24.912,14.9,-0.1,0.7,3.2,0.104,19.0,0.559,1.722,3.879,0.354,0.721,1.148,0,0.0,9.05,23.27,0.0,0.0,0.0,0.0,24,74,195,0,0.0,0,0.25,0,1,0.34,0.2,0.2,41.0,1.0,0.0,-18.387,75.205,13.182,15.0,-3.98,-4.4,-4.18,33.0,0.0,0.0,-0.58,68.656,1.923,15.0,0.0,1.586,1,7.206,6.0,0,0,1,0,0,0,0,1,0,0,1,0,0,0,0,0,1,2,0.0,1
paytoga02,Gary Payton II,train,-4.989101,2017,2,1,6.0,3.333,16.5,4.5,-6.5,-0.1,-0.2,-0.097,15.8,0.4132,2.167,2.0,0.667,0.5,1.667,1,6.0,3.33,16.5,-0.1,-0.2,-0.1,-0.2,25,74,195,0,1.0,0,0.25,0,1,-0.45,-0.2,-0.18,42.0,1.0,0.0,1.467,89.532,3.145,15.0,-0.45,-0.2,-0.18,42.0,1.0,0.0,1.467,89.532,3.145,15.0,0.0,1.586,0,1.586,38.0,1,0,1,0,0,1,0,0,1,0,0,0,0,1,0,0,0,0,0.0,1
paytoga02,Gary Payton II,val,-2.652259,2022,3,1,71.0,7.07,17.577,17.8,3.7,1.8,5.2,0.2,14.3,0.6793,0.901,3.479,0.31,1.352,0.563,6,142.0,5.21,14.48,1.8,6.1,1.9,6.0,30,74,195,5,0.0,1,0.25,0,1,-8.55,-9.1,-8.88,27.0,0.0,0.0,-17.113,115.071,7.135,15.0,5.52,5.6,5.54,53.0,1.0,1.0,-71.611,175.192,0.667,15.0,1.0,4.749,0,2.511,23.0,0,0,1,0,0,0,1,0,1,0,0,0,0,0,0,1,0,0,2.0,1
peavymi01,Micah Peavy,test,-4.265798,2025,4,0,66.0,9.478,24.912,14.9,-0.1,0.7,3.2,0.104,19.0,0.559,1.722,3.879,0.354,0.721,1.148,0,0.0,9.05,23.27,0.0,0.0,0.0,0.0,24,79,215,0,1.0,0,0.25,0,0,-8.59,-9.5,-9.43,21.0,0.0,0.0,-42.378,167.934,2.715,15.0,-8.59,-9.5,-9.43,21.0,0.0,0.0,-42.378,167.934,2.715,15.0,0.0,1.29,0,1.29,50.0,0,0,1,0,0,0,0,1,0,1,0,0,0,0,0,0,1,0,0.0,0
pendano01,Noah Penda,test,-4.242512,2025,4,0,66.0,9.478,24.912,14.9,-0.1,0.7,3.2,0.104,19.0,0.559,1.722,3.879,0.354,0.721,1.148,0,0.0,9.05,23.27,0.0,0.0,0.0,0.0,20,79,215,0,1.0,0,0.25,0,0,-0.7,-0.2,-0.12,41.0,1.0,0.0,-12.371,152.959,0.0,15.0,-0.7,-0.2,-0.12,41.0,1.0,0.0,-12.371,152.959,0.0,15.0,0.0,2.673,0,2.673,15.0,0,0,1,0,0,0,0,1,0,1,0,0,0,0,0,0,1,1,1.0,0
phillju01,Julian Phillips,val,-4.204773,2023,4,0,66.0,9.478,24.912,14.9,-0.1,0.7,3.2,0.104,19.0,0.559,1.722,3.879,0.354,0.721,1.148,0,0.0,9.05,23.27,0.0,0.0,0.0,0.0,20,78,198,0,1.0,0,0.25,0,1,1.37,1.3,1.29,40.0,0.0,0.0,-29.439,145.549,3.872,15.0,1.37,1.3,1.29,40.0,0.0,0.0,-29.439,145.549,3.872,15.0,1.0,9.441,1,9.441,3.0,0,0,1,0,0,0,0,1,0,1,0,0,0,0,0,0,1,2,2.0,0
pickeja02,Jalen Pickett,val,-4.191318,2023,4,0,66.0,9.478,24.912,14.9,-0.1,0.7,3.2,0.104,19.0,0.559,1.722,3.879,0.354,0.721,1.148,0,0.0,9.05,23.27,0.0,0.0,0.0,0.0,24,74,202,0,1.0,0,0.25,0,1,3.04,3.4,3.33,53.0,1.0,1.0,-45.946,160.688,0.0,15.0,3.04,3.4,3.33,53.0,1.0,1.0,-45.946,160.688,0.0,15.0,0.0,3.038,0,3.038,17.0,0,0,1,0,0,0,0,1,0,1,0,0,0,0,0,0,1,1,1.0,0
piercpa01,Paul Pierce,train,-2.453148,2014,2,1,75.0,13.467,27.973,16.8,1.6,1.9,5.2,0.119,22.4,0.5952,2.373,4.64,0.413,1.147,2.04,9,651.0,19.88,34.82,33.2,78.9,8.7,19.4,37,79,235,15,1.0,0,0.35,0,0,0.28,0.3,0.28,42.0,1.0,0.0,-12.901,92.25,0.0,15.0,0.34,0.5,0.43,42.0,1.0,0.0,-12.901,92.929,0.0,15.0,1.0,6.385,1,6.385,8.0,0,0,1,0,0,0,1,0,0,0,1,0,0,0,1,0,0,2,2.0,0
piercpa01,Paul Pierce,train,-2.988142,2015,3,1,73.0,11.89,26.219,15.2,1.5,1.7,5.5,0.138,19.9,0.5799,1.973,4.027,0.329,0.63,1.26,10,724.0,19.08,33.95,34.9,84.4,7.2,17.9,38,79,235,16,1.0,0,0.35,0,0,6.8,6.9,6.59,56.0,1.0,0.0,-19.845,77.555,3.075,15.0,6.8,6.9,6.59,56.0,1.0,0.0,-19.845,77.555,3.075,15.0,1.0,12.901,1,12.901,2.0,0,0,1,0,0,0,1,0,0,0,1,0,0,0,1,0,0,2,2.0,0
plowdda01,Daeqwon Plowden,test,-4.198403,2026,2,1,32.0,10.75,26.375,10.7,-4.4,-0.5,0.8,0.045,16.4,0.5723,1.281,3.031,0.219,0.719,0.812,2,38.0,10.18,24.11,-0.5,1.0,-0.5,1.0,28,76,216,1,1.0,0,0.25,0,0,-9.58,-10.1,-10.0,22.0,0.0,0.0,-59.206,187.272,0.396,15.0,-9.58,-10.1,-10.0,22.0,0.0,0.0,-59.206,187.272,0.396,15.0,0.0,2.453,0,2.453,20.0,0,0,1,0,0,1,0,0,0,1,0,0,0,0,0,1,0,0,0.0,1
plumlma01,Mason Plumlee,train,-1.981099,2017,3,1,81.0,10.395,26.519,18.1,2.0,2.2,6.0,0.134,18.1,0.5576,3.506,7.469,1.136,0.852,1.654,4,315.0,8.98,23.02,6.0,21.6,5.0,16.9,27,84,254,4,1.0,0,0.25,0,0,0.7,0.5,0.51,40.0,0.0,0.0,11.561,78.416,4.166,15.0,0.7,0.5,0.51,40.0,0.0,0.0,11.561,78.416,4.166,15.0,0.0,3.038,0,3.038,17.0,0,0,1,0,0,1,0,0,1,0,0,1,0,0,0,0,0,1,1.0,0
plumlma01,Mason Plumlee,train,-2.586061,2020,3,1,61.0,7.164,17.328,18.8,2.0,1.1,3.4,0.154,18.0,0.6134,2.525,5.197,0.623,0.541,1.344,7,532.0,8.32,21.57,9.8,34.4,3.8,12.8,30,84,254,7,0.0,0,0.3,0,0,-4.38,-3.7,-3.56,20.0,0.0,0.0,-26.875,104.276,26.884,15.0,2.35,2.1,2.11,46.0,1.0,0.0,-22.714,128.613,1.621,15.0,0.0,3.038,0,4.365,14.0,1,0,1,0,0,0,1,0,1,0,0,1,0,0,0,0,0,1,1.0,0
plumlmi01,Miles Plumlee,train,-2.019086,2016,4,1,61.0,5.148,14.262,17.4,-1.5,0.1,2.2,0.121,15.5,0.6063,0.262,3.803,0.82,0.344,0.656,4,228.0,5.56,17.91,0.7,8.8,0.8,8.8,28,83,249,4,1.0,0,0.25,0,0,-3.98,-4.4,-4.18,33.0,0.0,0.0,-0.58,68.656,1.923,15.0,-3.98,-4.4,-4.18,33.0,0.0,0.0,-0.58,68.656,1.923,15.0,0.0,1.586,0,1.586,38.0,0,0,1,0,0,1,0,0,0,0,1,1,0,0,0,0,0,0,0.0,0
poeltja01,Jakob Poeltl,train,-2.523578,2020,3,1,66.0,5.636,17.742,19.1,2.5,1.3,4.0,0.164,13.2,0.6122,1.758,5.682,1.439,0.561,0.818,4,279.0,5.47,16.47,3.3,16.3,3.5,14.7,25,84,253,4,1.0,0,0.25,0,1,-0.65,-1.1,-1.11,32.0,0.0,0.0,-27.045,111.915,11.917,15.0,-0.65,-1.1,-1.11,32.0,0.0,0.0,-27.045,111.915,11.917,15.0,0.0,2.602,0,2.602,31.0,1,0,1,0,0,1,0,0,1,0,0,1,0,0,0,0,0,0,0.0,0
poeltja01,Jakob Poeltl,val,-1.942395,2023,4,1,72.0,12.458,26.472,21.0,1.9,1.9,6.0,0.151,18.2,0.6349,2.736,9.069,1.194,0.917,1.736,7,488.0,8.06,21.14,8.2,34.9,4.9,18.6,28,84,253,7,1.0,1,0.3,0,1,1.59,1.5,1.48,41.0,0.0,0.0,-25.605,144.097,5.164,15.0,1.59,1.5,1.48,41.0,0.0,0.0,-25.605,144.097,5.164,15.0,1.0,6.202,1,6.202,9.0,0,0,1,0,0,0,1,0,0,1,0,1,0,0,0,0,0,2,2.0,0
poeltja01,Jakob Poeltl,test,-1.798316,2025,3,1,57.0,14.456,29.579,20.0,2.0,1.7,5.5,0.157,18.7,0.6414,2.772,9.596,1.246,1.158,1.947,9,595.0,8.93,22.39,10.8,44.2,4.5,15.3,30,84,253,9,1.0,0,0.35,0,0,-4.4,-4.3,-4.29,30.0,0.0,0.0,-37.908,154.303,16.406,15.0,-4.4,-4.3,-4.29,30.0,0.0,0.0,-37.908,154.303,16.406,15.0,1.0,6.202,1,6.202,9.0,0,1,0,0,0,0,0,1,0,1,0,1,0,0,0,0,0,2,2.0,0
poolejo01,Jordan Poole,val,-1.447073,2022,4,1,76.0,18.487,30.039,16.1,1.0,1.7,6.0,0.126,26.0,0.5979,4.0,3.421,0.303,0.789,2.461,3,184.0,13.7,24.7,0.6,6.7,0.6,6.7,23,76,194,3,1.0,0,0.25,0,0,5.52,5.6,5.54,53.0,1.0,1.0,-71.611,175.192,0.667,15.0,5.52,5.6,5.54,53.0,1.0,1.0,-71.611,175.192,0.667,15.0,1.0,4.749,1,4.749,10.0,0,1,0,0,0,0,0,1,1,0,0,0,0,0,0,1,0,2,2.0,0
portecr01,Craig Porter Jr.,val,-4.217198,2023,4,0,66.0,9.478,24.912,14.9,-0.1,0.7,3.2,0.104,19.0,0.559,1.722,3.879,0.354,0.721,1.148,0,0.0,9.05,23.27,0.0,0.0,0.0,0.0,23,73,180,0,1.0,0,0.25,0,1,5.23,5.5,5.38,51.0,1.0,0.0,-30.906,121.703,27.548,15.0,5.23,5.5,5.38,51.0,1.0,0.0,-30.906,121.703,27.548,15.0,0.0,2.088,0,2.088,19.0,0,0,1,0,0,0,0,1,0,1,0,0,0,0,0,0,1,1,1.0,1
porteke02,Kevin Porter Jr.,val,-2.149009,2022,4,1,61.0,15.557,31.262,13.5,-1.6,0.2,0.8,0.02,24.1,0.5314,6.164,4.377,0.361,1.131,3.148,3,137.0,13.71,28.5,-0.6,1.1,-0.6,1.1,22,77,203,3,1.0,0,0.25,0,2,-8.26,-8.3,-8.48,20.0,0.0,0.0,-19.652,112.769,17.808,15.0,-8.26,-8.3,-8.48,20.0,0.0,0.0,-19.652,112.769,17.808,15.0,1.0,7.206,1,7.206,6.0,0,1,0,0,0,0,0,1,1,0,0,0,0,1,0,0,0,2,2.0,0
porteke02,Kevin Porter Jr.,test,-4.07454,2024,2,0,66.0,9.478,24.912,14.9,-0.1,0.7,3.2,0.104,19.0,0.559,1.722,3.879,0.354,0.721,1.148,4,196.0,15.35,30.24,0.7,4.0,1.5,3.7,24,77,203,5,0.0,0,0.25,0,2,3.41,3.4,3.28,51.0,1.0,0.0,-66.06,198.296,1.764,15.0,7.36,7.4,7.41,57.0,1.0,0.0,-24.482,127.645,32.857,15.0,0.0,1.435,1,12.901,2.0,0,0,1,0,0,0,1,0,0,1,0,0,0,1,0,0,0,2,0.0,0
porteke02,Kevin Porter Jr.,test,-3.381014,2025,2,1,75.0,10.28,19.76,15.4,-0.6,0.5,2.2,0.071,25.4,0.5307,3.413,3.707,0.173,1.08,1.813,5,271.0,13.94,27.34,1.2,6.2,1.8,5.1,25,77,203,6,0.0,1,0.25,0,1,2.12,2.5,2.48,48.0,1.0,0.0,-55.158,183.221,0.0,15.0,12.7,12.8,12.87,68.0,1.0,1.0,-25.414,162.209,3.792,15.0,0.0,1.435,0,1.586,38.0,0,0,1,0,0,0,1,0,0,1,0,0,0,0,0,1,0,0,0.0,0
portemi01,Michael Porter Jr.,train,-1.276246,2021,5,1,61.0,19.049,31.344,20.6,3.1,2.5,6.9,0.173,21.7,0.6633,1.148,7.295,0.885,0.656,1.262,2,116.0,14.43,24.27,3.3,9.8,3.3,9.8,23,82,218,2,1.0,0,0.25,0,0,4.82,5.0,4.93,47.0,1.0,0.0,-22.681,126.468,2.111,15.0,4.82,5.0,4.93,47.0,1.0,0.0,-22.681,126.468,2.111,15.0,0.0,3.038,0,3.038,17.0,0,1,0,0,0,0,0,1,1,0,0,0,0,0,1,0,0,1,1.0,0
porteot01,Otto Porter Jr.,train,-1.314208,2017,4,1,80.0,13.438,32.562,17.3,3.3,3.5,9.4,0.173,15.1,0.6284,1.512,6.425,0.525,1.45,0.55,4,266.0,9.28,24.93,5.6,17.7,5.9,17.7,24,80,198,4,1.0,0,0.25,0,2,1.36,1.9,1.8,49.0,1.0,0.0,-8.195,100.786,1.552,15.0,1.36,1.9,1.8,49.0,1.0,0.0,-8.195,100.786,1.552,15.0,1.0,6.385,1,6.385,8.0,0,0,0,1,0,1,0,0,1,0,0,0,0,0,1,0,0,2,2.0,0
porteot01,Otto Porter Jr.,val,-3.001043,2022,2,1,63.0,8.175,22.159,15.9,3.1,1.8,4.9,0.168,15.0,0.5815,1.492,5.746,0.46,1.079,0.587,9,504.0,10.59,25.95,12.6,36.0,2.4,7.0,29,80,198,9,0.0,1,0.3,0,1,2.38,2.4,2.29,48.0,1.0,0.0,-37.026,130.912,2.776,15.0,5.52,5.6,5.54,53.0,1.0,1.0,-71.611,175.192,0.667,15.0,1.0,4.749,1,6.202,9.0,0,0,1,0,0,0,1,0,1,0,0,0,1,0,0,0,0,2,2.0,0
portibo01,Bobby Portis,train,-3.897838,2015,2,0,66.0,9.478,24.912,14.9,-0.1,0.7,3.2,0.104,19.0,0.559,1.722,3.879,0.354,0.721,1.148,0,0.0,9.05,23.27,0.0,0.0,0.0,0.0,20,81,250,0,1.0,0,0.25,0,6,2.54,3.2,3.0,50.0,1.0,0.0,-4.368,67.099,0.333,15.0,2.54,3.2,3.0,50.0,1.0,0.0,-4.368,67.099,0.333,15.0,1.0,9.441,1,9.441,3.0,0,0,1,0,0,0,0,1,0,0,1,0,0,0,0,0,1,2,2.0,0
portibo01,Bobby Portis,train,-3.384299,2020,2,1,66.0,10.121,21.106,14.6,-1.1,0.3,1.9,0.065,21.4,0.5302,1.485,5.121,0.273,0.485,1.106,5,315.0,10.21,20.43,1.1,10.9,1.4,7.0,25,81,250,5,0.0,0,0.25,0,3,9.41,9.5,10.08,56.0,1.0,0.0,-21.09,120.509,9.721,15.0,-6.72,-6.5,-6.45,21.0,0.0,0.0,-0.916,100.073,9.983,15.0,1.0,19.113,0,1.586,38.0,1,0,1,0,0,0,1,0,1,0,0,0,1,0,0,0,0,0,2.0,0
portibo01,Bobby Portis,train,-3.228161,2021,2,1,66.0,11.424,20.788,19.9,1.5,1.2,4.8,0.168,20.9,0.5983,1.076,7.061,0.394,0.788,0.848,6,381.0,10.42,20.5,2.3,15.7,1.4,8.3,26,81,250,6,1.0,0,0.25,0,2,5.57,5.8,5.89,46.0,1.0,1.0,-24.084,126.409,6.815,15.0,5.57,5.8,5.89,46.0,1.0,1.0,-24.084,126.409,6.815,15.0,0.0,1.586,0,1.586,38.0,0,0,1,0,0,0,1,0,1,0,0,1,0,0,0,0,0,0,0.0,0
portibo01,Bobby Portis,val,-2.320578,2022,4,1,72.0,14.611,28.167,17.7,0.2,1.1,5.5,0.13,21.3,0.5713,1.194,9.125,0.708,0.736,1.25,7,453.0,11.08,21.72,3.4,21.2,2.6,12.2,27,81,250,7,1.0,1,0.3,0,1,3.22,3.3,3.35,51.0,1.0,0.0,-48.249,152.275,6.719,15.0,3.22,3.3,3.35,51.0,1.0,0.0,-48.249,152.275,6.719,15.0,0.0,1.586,0,1.586,38.0,0,0,1,0,0,0,1,0,1,0,0,1,0,0,0,0,0,0,0.0,0
portibo01,Bobby Portis,test,-2.365618,2025,3,1,49.0,13.878,25.388,17.7,0.2,0.7,2.7,0.104,24.1,0.5422,2.122,8.388,0.531,0.714,1.163,10,654.0,11.95,22.79,5.9,33.9,2.5,12.7,30,81,250,10,1.0,1,0.35,0,0,2.12,2.5,2.48,48.0,1.0,0.0,-55.158,183.221,0.0,15.0,2.12,2.5,2.48,48.0,1.0,0.0,-55.158,183.221,0.0,15.0,0.0,1.586,0,1.586,38.0,0,0,1,0,0,0,1,0,0,1,0,0,1,0,0,0,0,0,0.0,0
porzikr01,Kristaps Porziņģis,train,-2.807476,2015,2,0,66.0,9.478,24.912,14.9,-0.1,0.7,3.2,0.104,19.0,0.559,1.722,3.879,0.354,0.721,1.148,0,0.0,9.05,23.27,0.0,0.0,0.0,0.0,20,86,240,0,1.0,0,0.25,0,3,-9.5,-10.1,-9.32,17.0,0.0,0.0,-21.133,54.41,26.22,15.0,-9.5,-10.1,-9.32,17.0,0.0,0.0,-21.133,54.41,26.22,15.0,1.0,19.113,1,19.113,1.0,0,0,1,0,0,0,0,1,0,0,1,0,0,0,0,0,1,2,2.0,0
porzikr01,Kristaps Porziņģis,train,-1.237893,2019,5,0,66.0,9.478,24.912,14.9,-0.1,0.7,3.2,0.104,19.0,0.559,1.722,3.879,0.354,0.721,1.148,3,186.0,17.81,30.99,4.3,12.1,2.8,7.7,24,86,240,4,1.0,1,0.25,0,1,-0.87,-1.3,-1.28,33.0,0.0,0.0,14.109,73.674,14.086,15.0,-0.87,-1.3,-1.28,33.0,0.0,0.0,14.109,73.674,14.086,15.0,1.0,7.943,1,7.943,4.0,0,0,1,0,0,1,0,0,1,0,0,0,1,0,0,0,0,2,2.0,0
porzikr01,Kristaps Porziņģis,val,-1.544636,2023,2,1,65.0,23.154,32.615,23.1,4.3,3.4,7.7,0.174,27.4,0.6265,2.677,8.4,1.538,0.892,2.108,7,402.0,19.59,31.11,13.1,34.9,7.0,17.6,28,86,240,8,0.0,0,0.3,0,0,6.38,6.5,6.52,57.0,1.0,0.0,-53.141,176.703,0.093,15.0,-1.06,-1.2,-1.21,35.0,0.0,0.0,-60.147,133.79,16.216,15.0,1.0,6.385,1,4.899,9.0,0,1,0,0,0,0,0,1,0,1,0,1,0,0,0,0,0,2,2.0,0
porzikr01,Kristaps Porziņģis,test,-2.236033,2026,2,1,32.0,16.656,24.031,19.6,1.9,0.8,2.4,0.15,27.3,0.5825,2.531,5.219,1.188,0.562,1.281,10,533.0,19.46,30.35,19.0,50.5,5.9,15.6,31,86,240,11,1.0,1,0.35,0,0,-0.34,-0.6,-0.56,37.0,0.0,0.0,-79.576,204.851,0.264,15.0,-0.34,-0.6,-0.56,37.0,0.0,0.0,-79.576,204.851,0.264,15.0,1.0,4.749,1,4.749,10.0,0,1,0,0,0,0,0,1,0,1,0,1,0,0,0,0,0,2,2.0,0
postqu01,Quinten Post,test,-2.83387,2026,3,1,67.0,7.657,17.299,13.0,-1.1,0.3,1.9,0.079,18.8,0.5601,1.403,4.015,0.522,0.388,0.836,2,109.0,7.83,16.93,0.7,3.6,0.7,3.6,26,84,238,2,0.0,0,0.25,0,0,-5.83,-5.9,-6.01,25.0,0.0,0.0,-3.003,133.187,24.463,15.0,-0.34,-0.6,-0.56,37.0,0.0,0.0,-79.576,204.851,0.264,15.0,1.0,4.749,0,1.358,51.0,0,0,0,1,0,1,0,0,0,1,0,0,1,0,0,0,0,0,2.0,0
poweldw01,Dwight Powell,train,-4.537209,2014,2,0,66.0,9.478,24.912,14.9,-0.1,0.7,3.2,0.104,19.0,0.559,1.722,3.879,0.354,0.721,1.148,0,0.0,9.05,23.27,0.0,0.0,0.0,0.0,23,82,240,0,1.0,0,0.25,0,2,0.28,0.3,0.28,42.0,1.0,0.0,-12.901,92.25,0.0,15.0,0.34,0.5,0.43,42.0,1.0,0.0,-12.901,92.929,0.0,15.0,0.0,2.088,0,2.088,19.0,0,0,1,0,0,0,0,1,0,0,1,0,0,0,0,0,1,1,1.0,0
poweldw01,Dwight Powell,train,-2.294736,2019,3,1,77.0,10.584,21.584,20.4,2.9,2.1,7.5,0.217,17.2,0.6817,1.455,5.338,0.649,0.571,0.87,5,331.0,7.53,17.81,5.2,22.4,4.6,18.7,28,82,240,5,1.0,0,0.25,0,1,-0.87,-1.3,-1.28,33.0,0.0,0.0,14.109,73.674,14.086,15.0,-0.87,-1.3,-1.28,33.0,0.0,0.0,14.109,73.674,14.086,15.0,1.0,7.943,1,7.943,4.0,0,1,0,0,0,0,0,1,1,0,0,1,0,0,0,0,0,2,2.0,0
poweldw01,Dwight Powell,val,-3.526515,2023,3,1,76.0,6.658,19.184,15.5,-1.2,0.3,5.1,0.168,12.6,0.7378,0.908,4.132,0.342,0.632,0.855,9,587.0,7.55,19.04,8.3,43.1,2.2,17.1,32,82,240,9,1.0,1,0.3,0,1,-0.14,0.1,0.07,38.0,0.0,0.0,-56.435,172.026,1.36,15.0,-0.14,0.1,0.07,38.0,0.0,0.0,-56.435,172.026,1.36,15.0,1.0,7.943,1,7.943,4.0,0,0,1,0,0,0,1,0,0,1,0,1,0,0,0,0,0,2,2.0,0
powelno01,Norman Powell,train,-4.414943,2015,3,0,66.0,9.478,24.912,14.9,-0.1,0.7,3.2,0.104,19.0,0.559,1.722,3.879,0.354,0.721,1.148,0,0.0,9.05,23.27,0.0,0.0,0.0,0.0,22,75,215,0,1.0,0,0.25,0,0,2.45,3.3,3.07,49.0,1.0,0.0,-13.947,75.425,0.672,15.0,2.45,3.3,3.07,49.0,1.0,0.0,-13.947,75.425,0.672,15.0,1.0,6.202,1,6.202,9.0,0,0,1,0,0,0,0,1,0,0,1,0,0,0,0,0,1,2,2.0,0
powelno01,Norman Powell,train,-1.831817,2021,5,1,69.0,18.594,31.957,16.2,0.4,1.3,4.7,0.102,22.6,0.6185,1.87,3.116,0.261,1.188,1.725,6,376.0,10.43,21.18,3.7,16.7,3.2,11.7,28,75,215,6,1.0,0,0.25,0,0,1.81,1.8,1.79,42.0,1.0,0.0,-26.308,125.357,4.98,14.0,1.81,1.8,1.79,42.0,1.0,0.0,-26.308,125.357,4.98,14.0,0.0,2.511,0,2.511,23.0,0,0,1,0,0,0,1,0,1,0,0,0,0,0,0,1,0,0,0.0,0
powelno01,Norman Powell,test,-2.043596,2026,2,1,58.0,21.741,29.603,17.5,1.6,1.5,4.0,0.112,27.2,0.6092,2.466,3.5,0.241,1.103,1.914,11,675.0,13.95,24.67,9.1,36.4,3.9,13.4,33,75,215,11,0.0,0,0.35,0,0,-5.09,-5.1,-5.21,31.0,0.0,0.0,-33.026,166.164,16.917,15.0,2.35,2.2,2.33,43.0,0.0,0.0,-43.305,159.828,26.643,15.0,0.0,6.266,1,9.441,3.0,0,0,1,0,0,0,1,0,0,1,0,0,0,0,0,1,0,2,1.0,0
poythal01,Alex Poythress,train,-4.456297,2017,2,1,6.0,10.667,26.167,13.2,-2.9,0.0,0.3,0.092,16.9,0.5479,0.833,4.833,0.333,0.5,0.5,1,6.0,10.67,26.17,0.0,0.3,0.0,0.3,24,81,235,0,1.0,0,0.25,0,0,-0.64,-0.2,-0.22,42.0,1.0,0.0,0.141,85.614,8.388,15.0,-0.64,-0.2,-0.22,42.0,1.0,0.0,0.141,85.614,8.388,15.0,0.0,2.126,0,2.126,25.0,1,0,1,0,0,1,0,0,1,0,0,0,1,0,0,0,0,0,0.0,1
pricero01,Ronnie Price,train,-3.628524,2016,2,1,62.0,5.339,19.532,9.6,-1.8,0.1,1.4,0.055,13.7,0.5171,2.371,1.597,0.21,1.194,1.129,11,530.0,3.78,13.51,-1.6,3.8,-0.2,2.0,33,74,190,11,0.0,0,0.35,0,0,7.09,7.5,7.28,55.0,1.0,0.0,-24.713,93.765,0.0,15.0,-6.32,-6.8,-6.66,23.0,0.0,0.0,-3.444,63.389,10.054,14.0,0.0,5.059,0,1.435,47.0,0,0,1,0,0,0,1,0,0,0,1,0,0,1,0,0,0,0,2.0,1
prigipa01,Pablo Prigioni,train,-4.43596,2016,2,1,59.0,2.458,13.949,10.2,-0.4,0.3,1.5,0.087,11.0,0.4817,2.203,1.932,0.017,0.898,0.831,4,270.0,3.5,16.91,2.4,10.4,1.7,7.2,39,75,185,4,0.0,0,0.25,0,0,0.34,0.2,0.2,41.0,1.0,0.0,-18.387,75.205,13.182,15.0,4.13,4.5,4.28,53.0,1.0,0.0,-29.998,94.554,1.586,15.0,1.0,12.901,1,7.206,6.0,0,0,1,0,0,1,0,0,0,0,1,0,0,1,0,0,0,2,2.0,1
princta02,Taurean Prince,train,-2.156952,2019,2,1,55.0,13.491,28.218,11.9,-2.0,0.0,1.5,0.046,19.5,0.5752,2.145,3.618,0.345,0.964,1.818,3,196.0,11.4,25.49,0.6,4.6,0.6,4.6,25,78,218,3,0.0,0,0.25,0,1,-0.4,-0.1,-0.07,42.0,1.0,0.0,-15.703,77.806,39.766,15.0,-6.06,-5.8,-6.02,29.0,0.0,0.0,-1.704,62.167,41.406,15.0,1.0,6.144,1,19.113,1.0,0,1,0,0,0,0,0,1,1,0,0,0,0,0,1,0,0,2,2.0,0
princta02,Taurean Prince,val,-2.927678,2022,2,1,69.0,7.275,17.058,12.4,-0.9,0.3,2.2,0.09,17.0,0.5891,0.986,2.522,0.333,0.681,0.768,6,370.0,10.54,24.15,0.5,8.4,-0.1,3.8,28,78,218,6,1.0,0,0.3,0,1,2.53,2.6,2.63,46.0,1.0,0.0,-53.32,136.155,0.0,15.0,2.53,2.6,2.63,46.0,1.0,0.0,-53.32,136.155,0.0,15.0,0.0,3.703,0,3.703,16.0,0,1,0,0,0,0,0,1,1,0,0,0,1,0,0,0,0,1,1.0,0
princta02,Taurean Prince,test,-3.771385,2025,2,1,80.0,8.2,27.075,9.8,-1.7,0.1,3.5,0.078,12.5,0.6129,1.938,3.587,0.188,0.95,1.025,9,582.0,9.87,24.75,-0.2,15.1,-0.7,6.7,31,78,218,9,1.0,1,0.3,0,1,2.12,2.5,2.48,48.0,1.0,0.0,-55.158,183.221,0.0,15.0,2.12,2.5,2.48,48.0,1.0,0.0,-55.158,183.221,0.0,15.0,0.0,1.586,0,1.586,38.0,0,0,1,0,0,0,1,0,0,1,0,0,0,0,1,0,0,0,0.0,0
pritcpa01,Payton Pritchard,val,-2.930931,2023,4,1,48.0,5.625,13.396,10.3,-3.4,-0.2,0.6,0.045,19.8,0.5356,1.333,1.833,0.021,0.292,0.833,3,185.0,6.61,15.74,1.2,6.2,1.2,6.2,25,73,195,3,1.0,0,0.25,0,0,6.38,6.5,6.52,57.0,1.0,0.0,-53.141,176.703,0.093,15.0,6.38,6.5,6.52,57.0,1.0,0.0,-53.141,176.703,0.093,15.0,1.0,4.899,1,4.899,9.0,0,1,0,0,0,0,0,1,0,1,0,0,0,1,0,0,0,2,2.0,0
proctty01,Tyrese Proctor,test,-4.265267,2025,4,0,66.0,9.478,24.912,14.9,-0.1,0.7,3.2,0.104,19.0,0.559,1.722,3.879,0.354,0.721,1.148,0,0.0,9.05,23.27,0.0,0.0,0.0,0.0,21,76,185,0,1.0,0,0.25,0,0,8.81,9.5,9.54,64.0,1.0,0.0,-37.624,169.371,0.491,15.0,8.81,9.5,9.54,64.0,1.0,0.0,-37.624,169.371,0.491,15.0,0.0,2.088,0,2.088,19.0,0,0,1,0,0,0,0,1,0,1,0,0,0,0,0,0,1,1,1.0,0
queentr01,Trevelin Queen,val,-4.238077,2022,2,1,10.0,4.3,7.4,18.2,1.9,0.1,0.1,0.065,23.9,0.6185,0.4,1.6,0.1,0.5,0.7,1,10.0,4.3,7.4,0.1,0.1,0.1,0.1,25,77,190,1,0.0,0,0.25,0,0,2.57,2.7,2.61,51.0,1.0,0.0,-44.015,145.134,0.116,15.0,-8.26,-8.3,-8.48,20.0,0.0,0.0,-19.652,112.769,17.808,15.0,1.0,7.206,1,6.228,5.0,0,0,1,0,0,0,1,0,1,0,0,0,0,0,0,1,0,2,2.0,1
quetane01,Neemias Queta,val,-4.166121,2023,2,1,5.0,2.4,5.8,17.0,-3.4,0.0,0.1,0.166,16.1,0.6073,0.2,2.2,0.4,0.0,0.2,2,20.0,2.85,7.45,-0.1,0.2,-0.1,0.2,24,84,248,2,0.0,0,0.25,0,2,2.3,2.6,2.65,48.0,1.0,0.0,-31.16,134.31,2.919,15.0,6.38,6.5,6.52,57.0,1.0,0.0,-53.141,176.703,0.093,15.0,1.0,4.899,0,2.453,20.0,0,0,1,0,0,1,0,0,0,1,0,1,0,0,0,0,0,0,2.0,0
quetane01,Neemias Queta,test,-4.073147,2024,3,1,28.0,5.5,11.893,22.9,1.5,0.3,1.8,0.259,16.9,0.662,0.714,4.357,0.75,0.464,0.464,3,48.0,4.4,10.04,0.2,2.0,0.2,2.0,25,84,248,3,1.0,0,0.25,0,1,10.75,11.6,11.34,64.0,1.0,1.0,-52.738,184.845,0.093,15.0,10.75,11.6,11.34,64.0,1.0,1.0,-52.738,184.845,0.093,15.0,1.0,4.899,1,4.899,9.0,0,0,1,0,0,1,0,0,0,1,0,1,0,0,0,0,0,2,2.0,0
quetane01,Neemias Queta,test,-2.592708,2026,4,1,76.0,10.211,25.342,20.3,2.8,2.4,9.0,0.224,14.7,0.6736,1.658,8.368,1.316,0.789,0.987,5,186.0,6.97,17.59,2.9,14.2,3.0,14.0,27,84,248,5,1.0,0,0.25,0,0,7.37,8.1,7.7,56.0,1.0,0.0,-39.879,187.416,0.469,15.0,7.37,8.1,7.7,56.0,1.0,0.0,-39.879,187.416,0.469,15.0,1.0,4.899,1,4.899,9.0,0,1,0,0,0,0,0,1,0,1,0,1,0,0,0,0,0,2,2.0,0
quickim01,Immanuel Quickley,test,-1.390486,2024,5,1,68.0,17.0,29.191,16.7,1.3,1.7,4.7,0.114,23.8,0.577,4.868,3.809,0.147,0.735,1.485,4,291.0,13.67,25.34,5.7,18.8,4.8,15.6,25,74,190,4,1.0,0,0.25,0,0,-6.45,-6.5,-6.44,25.0,0.0,0.0,-25.866,138.558,21.309,15.0,-6.45,-6.5,-6.44,25.0,0.0,0.0,-25.866,138.558,21.309,15.0,1.0,6.202,1,6.202,9.0,0,0,1,0,0,1,0,0,0,1,0,0,0,0,0,1,0,2,2.0,0
rabbiv01,Ivan Rabb,train,-4.320956,2017,3,0,66.0,9.478,24.912,14.9,-0.1,0.7,3.2,0.104,19.0,0.559,1.722,3.879,0.354,0.721,1.148,0,0.0,9.05,23.27,0.0,0.0,0.0,0.0,20,82,220,0,1.0,0,0.25,0,0,0.96,0.6,0.49,43.0,1.0,0.0,-16.727,108.352,2.518,15.0,0.96,0.6,0.49,43.0,1.0,0.0,-16.727,108.352,2.518,15.0,0.0,1.358,0,1.358,51.0,0,0,1,0,0,0,0,1,1,0,0,0,0,0,0,0,1,0,0.0,0
randlch01,Chasson Randle,train,-4.5665,2017,3,1,26.0,5.269,11.5,13.6,-1.7,0.0,0.7,0.112,19.7,0.5859,1.308,1.231,0.077,0.346,0.731,1,26.0,5.27,11.5,0.0,0.7,0.0,0.7,24,74,185,0,0.0,0,0.25,0,0,-5.83,-5.7,-5.7,28.0,0.0,0.0,5.139,61.657,24.16,16.0,-3.87,-3.8,-3.67,31.0,0.0,0.0,-8.47,79.596,6.018,14.0,1.0,19.113,1,6.228,5.0,1,0,1,0,0,1,0,0,1,0,0,0,0,1,0,0,0,2,2.0,1
randlch01,Chasson Randle,train,-4.91077,2017,2,1,26.0,5.269,11.5,13.6,-1.7,0.0,0.7,0.112,19.7,0.5859,1.308,1.231,0.077,0.346,0.731,1,26.0,5.27,11.5,0.0,0.7,0.0,0.7,24,74,185,0,1.0,0,0.25,0,0,-3.87,-3.8,-3.67,31.0,0.0,0.0,-8.47,79.596,6.018,14.0,-3.87,-3.8,-3.67,31.0,0.0,0.0,-8.47,79.596,6.018,14.0,1.0,19.113,1,19.113,1.0,1,0,1,0,0,1,0,0,1,0,0,0,0,1,0,0,0,2,2.0,1
randlju01,Julius Randle,train,-3.024118,2014,2,0,66.0,9.478,24.912,14.9,-0.1,0.7,3.2,0.104,19.0,0.559,1.722,3.879,0.354,0.721,1.148,0,0.0,9.05,23.27,0.0,0.0,0.0,0.0,20,81,250,0,1.0,0,0.25,0,4,0.28,0.3,0.28,42.0,1.0,0.0,-12.901,92.25,0.0,15.0,0.34,0.5,0.43,42.0,1.0,0.0,-12.901,92.929,0.0,15.0,1.0,12.901,1,12.901,2.0,0,0,1,0,0,0,0,1,0,0,1,0,0,0,0,0,1,2,2.0,0
randlju01,Julius Randle,train,-2.44327,2018,2,1,82.0,16.134,26.707,19.9,0.6,1.4,6.6,0.145,25.3,0.6063,2.561,7.976,0.549,0.524,2.598,4,238.0,13.53,27.82,1.3,11.6,1.3,11.7,24,81,250,4,0.0,0,0.25,0,2,1.48,1.3,1.3,48.0,1.0,0.0,-21.192,115.907,2.906,15.0,-1.44,-1.5,-1.55,35.0,0.0,0.0,-6.027,93.849,8.329,15.0,1.0,12.901,0,1.29,50.0,0,0,1,0,0,0,1,0,1,0,0,1,0,0,0,0,0,0,2.0,0
randlju01,Julius Randle,train,-1.662498,2019,3,1,73.0,21.438,30.575,20.9,1.5,2.0,6.1,0.131,27.8,0.6004,3.137,8.685,0.616,0.712,2.849,5,311.0,15.38,28.47,3.3,17.7,4.0,16.2,25,81,250,5,0.0,0,0.25,0,1,-8.93,-9.2,-9.21,17.0,0.0,0.0,-21.397,62.775,60.49,15.0,-1.1,-1.2,-1.33,33.0,0.0,0.0,-14.204,98.806,15.722,15.0,0.0,1.29,1,19.113,1.0,0,0,1,0,0,0,1,0,1,0,0,0,1,0,0,0,0,2,0.0,0
randlju01,Julius Randle,train,-1.440847,2021,4,1,71.0,24.113,37.563,19.7,3.8,3.9,7.8,0.14,29.3,0.567,6.014,10.183,0.254,0.901,3.394,7,446.0,17.36,30.5,8.1,28.2,6.8,16.6,27,81,250,7,1.0,1,0.3,0,1,2.13,2.4,2.31,41.0,1.0,0.0,7.17,81.511,20.459,15.0,2.13,2.4,2.31,41.0,1.0,0.0,7.17,81.511,20.459,15.0,1.0,19.113,1,19.113,1.0,0,1,0,0,0,0,0,1,1,0,0,0,1,0,0,0,0,2,2.0,0
randlju01,Julius Randle,test,-1.534587,2025,3,1,69.0,18.667,32.261,17.5,1.3,1.8,6.2,0.134,25.0,0.5928,4.681,7.058,0.232,0.681,2.841,11,710.0,19.04,32.03,17.0,49.4,7.3,18.1,31,81,250,11,1.0,1,0.35,0,0,5.15,5.1,5.0,49.0,1.0,0.0,-96.138,198.848,3.706,15.0,5.15,5.1,5.0,49.0,1.0,0.0,-96.138,198.848,3.706,15.0,0.0,3.703,0,3.703,16.0,0,0,1,0,0,0,1,0,0,1,0,0,1,0,0,0,0,1,1.0,0
randoza01,Zach Randolph,train,-1.94591,2014,2,1,79.0,17.367,34.241,18.3,-0.1,1.3,6.4,0.114,26.1,0.5096,2.532,10.063,0.291,0.684,2.316,9,600.0,18.75,34.66,12.8,49.6,3.2,16.4,33,81,250,13,1.0,0,0.35,0,0,0.28,0.3,0.28,42.0,1.0,0.0,-12.901,92.25,0.0,15.0,0.34,0.5,0.43,42.0,1.0,0.0,-12.901,92.929,0.0,15.0,0.0,1.358,0,1.358,51.0,0,1,0,0,0,0,0,1,0,0,1,0,1,0,0,0,0,0,0.0,0
randoza01,Zach Randolph,train,-2.111152,2017,2,1,73.0,14.082,24.466,18.5,-0.5,0.7,3.2,0.086,29.2,0.49,1.671,8.192,0.137,0.521,1.356,12,812.0,17.81,33.13,16.3,64.3,3.5,14.7,36,81,250,16,0.0,0,0.35,0,0,-3.29,-4.0,-3.88,32.0,0.0,0.0,-1.524,87.859,7.808,15.0,0.96,0.6,0.49,43.0,1.0,0.0,-16.727,108.352,2.518,15.0,0.0,1.358,0,2.453,20.0,0,0,1,0,0,0,1,0,1,0,0,0,1,0,0,0,0,0,0.0,0
raynama01,Maxime Raynaud,test,-4.356418,2025,3,0,66.0,9.478,24.912,14.9,-0.1,0.7,3.2,0.104,19.0,0.559,1.722,3.879,0.354,0.721,1.148,0,0.0,9.05,23.27,0.0,0.0,0.0,0.0,22,85,250,0,1.0,0,0.25,0,0,0.58,0.5,0.48,40.0,0.0,0.0,-30.783,166.101,1.32,15.0,0.58,0.5,0.48,40.0,0.0,0.0,-30.783,166.101,1.32,15.0,0.0,2.453,0,2.453,20.0,0,0,1,0,0,0,0,1,0,1,0,0,0,0,0,0,1,0,0.0,0
reaveau01,Austin Reaves,train,-4.503053,2021,2,0,66.0,9.478,24.912,14.9,-0.1,0.7,3.2,0.104,19.0,0.559,1.722,3.879,0.354,0.721,1.148,0,0.0,9.05,23.27,0.0,0.0,0.0,0.0,23,77,197,0,1.0,0,0.25,0,1,2.77,2.8,2.79,42.0,1.0,0.0,-29.404,129.325,7.599,15.0,2.77,2.8,2.79,42.0,1.0,0.0,-29.404,129.325,7.599,15.0,1.0,12.901,1,12.901,2.0,0,0,1,0,0,0,0,1,1,0,0,0,0,0,0,0,1,2,2.0,1
reaveau01,Austin Reaves,val,-2.313273,2023,4,1,64.0,13.016,28.797,14.9,0.7,1.2,5.4,0.141,16.2,0.6866,3.359,3.016,0.297,0.516,1.547,2,125.0,10.22,26.09,1.2,8.3,1.2,8.3,25,77,197,2,1.0,1,0.25,0,1,0.43,0.6,0.57,43.0,1.0,0.0,-56.412,164.963,2.45,15.0,0.43,0.6,0.57,43.0,1.0,0.0,-56.412,164.963,2.45,15.0,1.0,12.901,1,12.901,2.0,0,0,1,0,0,1,0,0,0,1,0,0,0,0,0,1,0,2,2.0,1
reaveau01,Austin Reaves,test,-1.303692,2026,4,1,51.0,23.275,34.549,20.2,2.8,2.1,5.6,0.153,26.7,0.6415,5.49,4.706,0.392,1.098,2.961,5,331.0,15.83,30.82,7.5,27.4,6.3,19.1,28,77,197,5,1.0,1,0.25,0,0,1.68,1.8,1.76,53.0,1.0,0.0,-56.752,194.334,0.992,15.0,1.68,1.8,1.76,53.0,1.0,0.0,-56.752,194.334,0.992,15.0,1.0,12.901,1,12.901,2.0,0,0,1,0,0,0,1,0,0,1,0,0,0,0,0,1,0,2,2.0,1
reddica01,Cam Reddish,val,-4.0734,2023,2,1,40.0,9.675,24.75,10.6,-3.4,-0.4,0.9,0.044,17.1,0.5609,1.425,2.2,0.35,0.975,1.175,4,173.0,10.32,24.87,-1.3,1.9,-0.4,2.3,24,79,230,4,0.0,0,0.25,0,1,0.43,0.6,0.57,43.0,1.0,0.0,-56.412,164.963,2.45,15.0,-3.96,-4.0,-4.01,33.0,0.0,0.0,-27.826,136.161,8.372,15.0,0.0,2.511,1,12.901,2.0,0,0,1,0,0,0,1,0,0,1,0,0,0,0,1,0,0,2,0.0,0
redicjj01,JJ Redick,train,-2.108634,2019,2,1,76.0,18.053,31.303,15.1,0.2,1.3,5.9,0.119,21.9,0.6022,2.711,2.447,0.224,0.421,1.329,13,836.0,12.9,25.91,15.3,58.9,4.4,17.3,35,75,200,13,0.0,0,0.35,0,0,-1.1,-1.2,-1.33,33.0,0.0,0.0,-14.204,98.806,15.722,15.0,2.25,2.6,2.7,51.0,1.0,0.0,-10.093,107.554,4.408,15.0,1.0,6.228,0,1.29,50.0,0,0,1,0,0,0,1,0,1,0,0,0,0,0,0,1,0,0,2.0,0
reedda01,Davon Reed,train,-4.264958,2017,4,0,66.0,9.478,24.912,14.9,-0.1,0.7,3.2,0.104,19.0,0.559,1.722,3.879,0.354,0.721,1.148,0,0.0,9.05,23.27,0.0,0.0,0.0,0.0,22,77,206,0,1.0,0,0.25,0,0,-5.14,-5.6,-5.63,24.0,0.0,0.0,9.088,72.522,12.534,15.0,-5.14,-5.6,-5.63,24.0,0.0,0.0,9.088,72.522,12.534,15.0,0.0,5.059,0,5.059,12.0,0,0,1,0,0,0,0,1,1,0,0,0,0,0,0,0,1,2,2.0,0
reedda01,Davon Reed,val,-4.131877,2022,2,1,48.0,4.354,13.917,12.2,-0.3,0.3,1.6,0.115,12.1,0.6235,1.104,2.25,0.188,0.5,0.333,3,79.0,3.59,12.11,0.0,1.4,0.3,1.6,27,77,206,4,1.0,0,0.25,0,0,2.16,2.4,2.3,48.0,1.0,0.0,-26.55,135.434,0.192,15.0,2.16,2.4,2.3,48.0,1.0,0.0,-26.55,135.434,0.192,15.0,0.0,3.038,0,3.038,17.0,0,0,1,0,0,1,0,0,1,0,0,0,0,0,0,1,0,1,1.0,0
reedpa01,Paul Reed,val,-2.851871,2023,3,1,69.0,4.159,10.942,19.2,-0.1,0.4,2.8,0.178,16.4,0.62,0.391,3.797,0.739,0.667,0.652,3,133.0,3.69,9.28,0.7,4.7,0.7,4.7,24,81,210,2,1.0,0,0.25,0,0,4.37,4.4,4.32,54.0,1.0,0.0,-40.737,149.167,0.405,15.0,4.37,4.4,4.32,54.0,1.0,0.0,-40.737,149.167,0.405,15.0,1.0,6.228,1,6.228,5.0,0,0,0,1,0,1,0,0,0,1,0,1,0,0,0,0,0,2,2.0,0
reedpa01,Paul Reed,test,-3.341866,2025,2,1,45.0,4.089,9.733,18.6,2.9,0.5,1.6,0.175,18.0,0.5733,0.978,2.733,0.556,0.867,0.578,5,260.0,4.9,12.55,2.1,11.4,1.8,9.5,26,81,210,4,1.0,0,0.25,0,0,1.73,1.9,1.9,44.0,1.0,0.0,-1.22,133.99,7.819,15.0,1.73,1.9,1.9,44.0,1.0,0.0,-1.22,133.99,7.819,15.0,0.0,4.365,0,4.365,14.0,0,0,1,0,0,1,0,0,0,1,0,1,0,0,0,0,0,1,1.0,0
reedwi02,Willie Reed,train,-4.496025,2016,2,1,39.0,4.667,10.923,19.2,-0.5,0.2,1.2,0.135,18.1,0.5789,0.256,3.128,0.769,0.154,0.41,1,39.0,4.67,10.92,0.2,1.2,0.2,1.2,26,83,245,1,0.0,0,0.25,0,1,1.5,1.7,1.65,48.0,1.0,0.0,-14.62,82.539,2.08,15.0,-7.12,-7.7,-7.35,21.0,0.0,0.0,-11.451,51.713,28.791,15.0,1.0,19.113,0,6.266,18.0,0,0,1,0,0,0,1,0,0,0,1,1,0,0,0,0,0,1,2.0,1
reevean01,Antonio Reeves,test,-4.358047,2024,3,0,66.0,9.478,24.912,14.9,-0.1,0.7,3.2,0.104,19.0,0.559,1.722,3.879,0.354,0.721,1.148,0,0.0,9.05,23.27,0.0,0.0,0.0,0.0,24,77,205,0,1.0,0,0.25,0,0,4.46,4.5,4.41,49.0,1.0,0.0,-40.949,164.657,0.245,15.0,4.46,4.5,4.41,49.0,1.0,0.0,-40.949,164.657,0.245,15.0,0.0,1.29,0,1.29,50.0,0,0,1,0,0,0,0,1,0,1,0,0,0,0,0,0,1,0,0.0,0
reidna01,Naz Reid,val,-2.306776,2023,3,1,68.0,11.485,18.397,18.5,1.0,1.0,3.0,0.115,24.8,0.617,1.132,4.897,0.779,0.618,1.353,4,245.0,10.09,17.58,2.2,10.2,2.2,9.4,24,81,264,4,1.0,1,0.25,0,1,-0.22,-0.1,-0.04,42.0,1.0,0.0,-51.252,141.489,1.836,15.0,-0.22,-0.1,-0.04,42.0,1.0,0.0,-51.252,141.489,1.836,15.0,0.0,3.703,0,3.703,16.0,0,1,0,0,0,0,0,1,0,1,0,1,0,0,0,0,0,1,1.0,1
reidna01,Naz Reid,test,-1.822269,2025,5,1,80.0,14.225,27.5,15.8,1.6,2.0,5.7,0.124,21.5,0.5771,2.263,6.0,0.9,0.725,1.35,6,406.0,11.57,20.87,5.9,20.8,4.7,13.6,26,81,264,6,1.0,1,0.25,0,0,5.15,5.1,5.0,49.0,1.0,0.0,-96.138,198.848,3.706,15.0,5.15,5.1,5.0,49.0,1.0,0.0,-96.138,198.848,3.706,15.0,0.0,3.703,0,3.703,16.0,0,0,1,0,0,0,1,0,0,1,0,1,0,0,0,0,0,1,1.0,1
richajo01,Josh Richardson,train,-4.471639,2015,3,0,66.0,9.478,24.912,14.9,-0.1,0.7,3.2,0.104,19.0,0.559,1.722,3.879,0.354,0.721,1.148,0,0.0,9.05,23.27,0.0,0.0,0.0,0.0,22,77,200,0,1.0,0,0.25,0,2,-2.92,-2.8,-2.6,37.0,0.0,0.0,-12.901,75.085,0.882,16.0,-2.92,-2.8,-2.6,37.0,0.0,0.0,-12.901,75.085,0.882,16.0,0.0,6.266,0,6.266,18.0,0,0,1,0,0,0,0,1,0,0,1,0,0,0,0,0,1,1,1.0,0
richajo01,Josh Richardson,train,-2.272312,2017,4,1,53.0,10.17,30.453,10.7,-1.1,0.4,2.2,0.065,16.8,0.4928,2.642,3.17,0.736,1.132,1.226,2,105.0,8.38,25.91,0.9,4.7,0.9,4.7,24,77,200,2,1.0,0,0.25,0,2,0.77,1.1,1.06,41.0,0.0,0.0,-7.677,96.524,5.297,15.0,0.77,1.1,1.06,41.0,0.0,0.0,-7.677,96.524,5.297,15.0,0.0,6.266,0,6.266,18.0,0,1,0,0,0,0,0,1,1,0,0,0,0,0,0,1,0,1,1.0,0
richajo01,Josh Richardson,val,-3.824247,2023,2,1,65.0,10.062,23.538,12.3,-1.2,0.3,1.8,0.056,18.4,0.5546,2.677,2.692,0.308,1.062,1.323,8,503.0,11.78,28.95,5.6,25.5,1.3,7.7,30,77,200,8,0.0,1,0.3,0,1,-0.13,-0.3,-0.32,44.0,1.0,0.0,-29.111,149.035,0.058,15.0,1.63,1.9,1.89,42.0,0.0,0.0,-30.435,147.34,0.0,15.0,0.0,1.29,0,6.266,18.0,0,0,1,0,0,0,1,0,0,1,0,0,0,0,0,1,0,1,0.0,0
richani01,Nick Richards,train,-4.332629,2020,3,0,66.0,9.478,24.912,14.9,-0.1,0.7,3.2,0.104,19.0,0.559,1.722,3.879,0.354,0.721,1.148,0,0.0,9.05,23.27,0.0,0.0,0.0,0.0,23,83,245,0,1.0,0,0.25,0,0,-7.03,-7.0,-6.75,23.0,0.0,0.0,-18.173,96.23,26.402,13.0,-7.03,-7.0,-6.75,23.0,0.0,0.0,-18.173,96.23,26.402,13.0,0.0,2.66,0,2.66,21.0,1,0,1,0,0,0,0,1,1,0,0,0,0,0,0,0,1,0,0.0,0
richani01,Nick Richards,val,-3.336396,2023,3,1,65.0,8.185,18.723,18.3,-1.3,0.2,4.2,0.166,15.6,0.676,0.585,6.4,1.092,0.169,0.908,3,133.0,5.24,12.38,0.0,5.2,0.0,5.2,26,83,245,3,1.0,0,0.25,0,0,-5.89,-6.1,-6.24,27.0,0.0,0.0,-22.395,104.845,19.828,15.0,-5.89,-6.1,-6.24,27.0,0.0,0.0,-22.395,104.845,19.828,15.0,0.0,2.66,0,2.66,21.0,1,1,0,0,0,0,0,1,0,1,0,1,0,0,0,0,0,0,0.0,0
richawi02,Will Richard,test,-4.265798,2025,4,0,66.0,9.478,24.912,14.9,-0.1,0.7,3.2,0.104,19.0,0.559,1.722,3.879,0.354,0.721,1.148,0,0.0,9.05,23.27,0.0,0.0,0.0,0.0,23,75,206,0,1.0,0,0.25,0,0,3.56,3.3,3.3,48.0,1.0,0.0,-58.93,176.474,0.306,15.0,3.56,3.3,3.3,48.0,1.0,0.0,-58.93,176.474,0.306,15.0,1.0,4.749,1,4.749,10.0,0,0,1,0,0,0,0,1,0,1,0,0,0,0,0,0,1,2,2.0,0
riverau01,Austin Rivers,train,-3.06984,2015,2,1,76.0,6.974,20.566,10.3,-2.8,-0.3,1.5,0.046,17.9,0.4806,2.039,2.0,0.184,0.632,0.855,3,206.0,6.98,20.97,-2.3,1.0,-2.3,1.0,23,76,200,3,1.0,0,0.25,0,2,6.8,6.9,6.59,56.0,1.0,0.0,-19.845,77.555,3.075,15.0,6.8,6.9,6.59,56.0,1.0,0.0,-19.845,77.555,3.075,15.0,1.0,12.901,1,12.901,2.0,0,0,1,0,0,1,0,0,0,0,1,0,0,0,0,1,0,2,2.0,0
riverau01,Austin Rivers,train,-2.073894,2016,3,1,67.0,8.851,21.851,11.1,-2.7,-0.2,1.9,0.062,19.4,0.5229,1.478,1.94,0.134,0.716,0.91,4,273.0,7.44,21.19,-2.5,2.9,-1.0,4.0,24,76,200,4,1.0,0,0.25,0,2,4.13,4.5,4.28,53.0,1.0,0.0,-29.998,94.554,1.586,15.0,4.13,4.5,4.28,53.0,1.0,0.0,-29.998,94.554,1.586,15.0,1.0,12.901,1,12.901,2.0,0,0,1,0,0,0,1,0,0,0,1,0,0,0,0,1,0,2,2.0,0
riverau01,Austin Rivers,train,-3.872852,2019,2,1,76.0,8.132,26.684,7.7,-4.3,-1.1,1.2,0.028,14.5,0.5034,2.197,2.132,0.303,0.618,0.895,7,484.0,9.21,24.63,-3.3,9.0,-0.8,6.1,27,76,200,7,1.0,1,0.3,0,1,4.96,4.8,4.77,53.0,1.0,0.0,-27.003,120.918,1.017,15.0,4.96,4.8,4.77,53.0,1.0,0.0,-27.003,120.918,1.017,15.0,1.0,7.206,1,7.206,6.0,0,0,1,0,0,0,1,0,1,0,0,0,0,0,0,1,0,2,2.0,0
riverau01,Austin Rivers,train,-3.491162,2020,3,1,68.0,8.765,23.441,10.4,-2.5,-0.2,2.4,0.072,15.6,0.542,1.662,2.574,0.147,0.721,0.735,8,552.0,9.15,24.49,-3.5,11.4,-0.9,6.0,28,76,200,8,0.0,0,0.3,0,0,-6.72,-6.5,-6.45,21.0,0.0,0.0,-0.916,100.073,9.983,15.0,3.13,2.8,2.96,44.0,1.0,0.0,-42.455,124.041,2.846,15.0,1.0,7.206,1,19.113,1.0,1,0,1,0,0,0,1,0,1,0,0,0,0,0,0,1,0,2,2.0,0
roberan03,Andre Roberson,train,-2.293474,2017,3,1,79.0,6.608,30.076,9.6,-1.0,0.6,4.2,0.085,10.1,0.5099,1.0,5.101,1.0,1.19,0.646,4,256.0,4.54,21.93,2.0,10.5,2.0,9.7,26,79,210,4,1.0,0,0.25,0,0,1.14,0.8,0.76,47.0,1.0,0.0,1.823,86.981,4.359,15.0,1.14,0.8,0.76,47.0,1.0,0.0,1.823,86.981,4.359,15.0,0.0,1.435,0,1.435,47.0,0,0,1,0,0,1,0,0,1,0,0,0,0,0,1,0,0,0,0.0,0
roberbr01,Brian Roberts,train,-3.116334,2014,2,1,72.0,9.403,23.153,13.4,-1.7,0.1,2.2,0.063,20.0,0.5293,3.25,1.889,0.097,0.597,1.319,2,150.0,8.21,19.94,0.6,4.4,0.6,4.4,29,73,173,2,1.0,0,0.25,0,0,0.28,0.3,0.28,42.0,1.0,0.0,-12.901,92.25,0.0,15.0,0.34,0.5,0.43,42.0,1.0,0.0,-12.901,92.929,0.0,15.0,0.0,2.66,0,2.66,21.0,0,0,1,0,0,0,1,0,0,0,1,0,0,1,0,0,0,0,0.0,1
robindu01,Duncan Robinson,train,-1.831817,2021,5,1,72.0,13.083,31.417,11.0,-1.0,0.6,3.7,0.079,16.6,0.628,1.764,3.472,0.278,0.597,1.125,3,160.0,12.34,28.68,1.8,9.2,1.8,9.2,27,79,215,3,1.0,0,0.25,0,1,-0.06,0.0,0.03,40.0,1.0,0.0,-26.432,126.767,5.565,15.0,-0.06,0.0,0.03,40.0,1.0,0.0,-26.432,126.767,5.565,15.0,0.0,6.266,0,6.266,18.0,0,0,1,0,0,1,0,0,1,0,0,0,0,0,1,0,0,1,1.0,1
robindu01,Duncan Robinson,test,-2.333095,2025,3,1,74.0,11.041,24.135,11.8,-1.7,0.1,2.7,0.073,19.2,0.5952,2.378,2.257,0.081,0.541,1.162,7,423.0,11.34,26.04,2.7,19.9,0.2,6.8,31,79,215,7,1.0,0,0.3,0,0,0.11,0.6,0.56,37.0,1.0,0.0,-38.763,173.088,0.0,15.0,0.11,0.6,0.56,37.0,1.0,0.0,-38.763,173.088,0.0,15.0,0.0,6.266,0,6.266,18.0,0,0,0,0,1,0,1,0,0,1,0,0,0,0,1,0,0,1,1.0,1
robingl02,Glenn Robinson III,train,-4.183957,2015,3,1,35.0,2.086,7.457,8.5,-5.4,-0.2,0.1,0.018,14.9,0.4706,0.314,1.114,0.029,0.171,0.314,1,35.0,2.09,7.46,-0.2,0.1,-0.2,0.1,21,78,222,1,1.0,0,0.25,0,0,-0.23,0.3,0.28,38.0,0.0,0.0,-12.934,74.799,0.0,15.0,-0.23,0.3,0.28,38.0,0.0,0.0,-12.934,74.799,0.0,15.0,0.0,2.126,0,2.126,25.0,0,0,1,0,0,0,1,0,0,0,1,0,0,0,0,1,0,0,0.0,0
robinje02,Jeremiah Robinson-Earl,train,-4.042887,2021,4,0,66.0,9.478,24.912,14.9,-0.1,0.7,3.2,0.104,19.0,0.559,1.722,3.879,0.354,0.721,1.148,0,0.0,9.05,23.27,0.0,0.0,0.0,0.0,21,81,240,0,1.0,0,0.25,0,1,-10.13,-10.5,-10.64,22.0,0.0,0.0,4.57,58.973,36.223,15.0,-10.13,-10.5,-10.64,22.0,0.0,0.0,4.57,58.973,36.223,15.0,0.0,1.435,0,1.435,47.0,0,0,1,0,0,0,0,1,1,0,0,0,0,0,0,0,1,0,0.0,0
robinmi01,Mitchell Robinson,train,-4.174737,2018,3,0,66.0,9.478,24.912,14.9,-0.1,0.7,3.2,0.104,19.0,0.559,1.722,3.879,0.354,0.721,1.148,0,0.0,9.05,23.27,0.0,0.0,0.0,0.0,20,84,240,0,1.0,0,0.25,0,1,-3.53,-3.6,-3.56,29.0,0.0,0.0,-5.312,98.086,6.319,15.0,-3.53,-3.6,-3.56,29.0,0.0,0.0,-5.312,98.086,6.319,15.0,1.0,19.113,1,19.113,1.0,0,0,1,0,0,0,0,1,1,0,0,0,0,0,0,0,1,2,2.0,0
robinmi01,Mitchell Robinson,val,-2.109445,2022,4,1,72.0,8.472,25.667,20.7,2.2,2.0,8.5,0.221,11.4,0.7217,0.528,8.569,1.847,0.806,0.833,4,230.0,8.44,23.8,6.1,24.8,4.5,18.7,24,84,240,4,1.0,0,0.25,0,0,-0.01,-0.1,-0.12,37.0,0.0,0.0,-5.982,108.416,9.981,15.0,-0.01,-0.1,-0.12,37.0,0.0,0.0,-5.982,108.416,9.981,15.0,1.0,19.113,1,19.113,1.0,0,0,1,0,0,1,0,0,1,0,0,1,0,0,0,0,0,2,2.0,0
robinmi01,Mitchell Robinson,test,-2.376445,2026,3,1,60.0,5.667,19.583,21.1,3.5,1.6,5.8,0.237,10.7,0.6764,0.867,8.75,1.167,0.933,0.683,8,397.0,7.5,23.42,10.2,40.9,2.4,9.6,28,84,240,8,0.0,1,0.3,0,0,7.37,8.1,7.7,56.0,1.0,0.0,-39.879,187.416,0.469,15.0,6.05,6.5,6.33,53.0,1.0,1.0,-55.177,207.454,0.073,15.0,1.0,19.113,1,4.899,9.0,0,0,1,0,0,0,1,0,0,1,0,1,0,0,0,0,0,2,2.0,0
robinor01,Orlando Robinson,val,-4.239865,2023,2,1,31.0,3.742,13.71,13.4,-2.1,0.0,1.1,0.124,12.4,0.5651,0.806,4.065,0.387,0.387,0.516,1,31.0,3.74,13.71,0.0,1.1,0.0,1.1,23,82,235,1,1.0,0,0.25,0,0,-0.13,-0.3,-0.32,44.0,1.0,0.0,-29.111,149.035,0.058,15.0,-0.13,-0.3,-0.32,44.0,1.0,0.0,-29.111,149.035,0.058,15.0,0.0,6.266,0,6.266,18.0,0,0,1,0,0,1,0,0,0,1,0,1,0,0,0,0,0,1,1.0,1
robinth01,Thomas Robinson,train,-4.233607,2015,2,1,54.0,5.704,14.778,15.3,-2.0,0.0,1.5,0.09,20.2,0.5022,0.611,5.611,0.37,0.593,1.093,3,194.0,5.05,14.06,-1.2,3.0,-1.2,3.0,24,82,237,3,1.0,0,0.25,0,0,-3.13,-3.0,-2.88,38.0,1.0,0.0,-28.983,88.025,0.404,15.0,-3.13,-3.0,-2.88,38.0,1.0,0.0,-28.983,88.025,0.404,15.0,1.0,19.113,1,19.113,1.0,0,0,1,0,0,1,0,0,0,0,1,0,1,0,0,0,0,2,2.0,0
robyis01,Isaiah Roby,train,-4.222628,2019,3,0,66.0,9.478,24.912,14.9,-0.1,0.7,3.2,0.104,19.0,0.559,1.722,3.879,0.354,0.721,1.148,0,0.0,9.05,23.27,0.0,0.0,0.0,0.0,21,78,230,0,0.0,0,0.25,0,1,-0.87,-1.3,-1.28,33.0,0.0,0.0,14.109,73.674,14.086,15.0,3.56,3.3,3.4,49.0,1.0,0.0,-45.603,138.162,4.707,14.0,0.0,1.435,1,7.943,4.0,0,0,1,0,0,0,0,1,1,0,0,0,0,0,0,0,1,2,0.0,0
roddyda01,David Roddy,val,-3.63961,2022,4,0,66.0,9.478,24.912,14.9,-0.1,0.7,3.2,0.104,19.0,0.559,1.722,3.879,0.354,0.721,1.148,0,0.0,9.05,23.27,0.0,0.0,0.0,0.0,21,77,255,0,1.0,0,0.25,0,2,5.37,5.6,5.68,56.0,1.0,0.0,-3.58,98.319,17.675,15.0,5.37,5.6,5.68,56.0,1.0,0.0,-3.58,98.319,17.675,15.0,0.0,1.358,0,1.358,51.0,0,0,1,0,0,0,0,1,1,0,0,0,0,0,0,0,1,0,0.0,0
rolliry01,Ryan Rollins,val,-4.35586,2022,3,0,66.0,9.478,24.912,14.9,-0.1,0.7,3.2,0.104,19.0,0.559,1.722,3.879,0.354,0.721,1.148,0,0.0,9.05,23.27,0.0,0.0,0.0,0.0,20,75,180,0,1.0,0,0.25,0,0,5.52,5.6,5.54,53.0,1.0,1.0,-71.611,175.192,0.667,15.0,5.52,5.6,5.54,53.0,1.0,1.0,-71.611,175.192,0.667,15.0,1.0,4.749,1,4.749,10.0,0,0,1,0,0,0,0,1,1,0,0,0,0,0,0,0,1,2,2.0,0
rolliry01,Ryan Rollins,test,-3.654851,2025,3,1,56.0,6.232,14.643,14.0,-0.5,0.3,1.7,0.1,18.4,0.6001,1.857,1.929,0.304,0.75,0.946,3,81.0,5.14,11.85,0.3,1.7,0.3,1.7,23,75,180,3,1.0,1,0.25,0,0,2.12,2.5,2.48,48.0,1.0,0.0,-55.158,183.221,0.0,15.0,2.12,2.5,2.48,48.0,1.0,0.0,-55.158,183.221,0.0,15.0,0.0,1.586,0,1.586,38.0,0,0,1,0,0,0,1,0,0,1,0,0,0,1,0,0,0,0,0.0,0
rondora01,Rajon Rondo,train,-1.927419,2016,2,1,72.0,11.931,35.236,16.9,1.0,1.9,4.6,0.087,18.8,0.5065,11.653,6.042,0.139,1.958,3.861,10,645.0,10.96,32.87,21.2,51.1,3.0,7.3,30,73,180,10,0.0,0,0.35,0,1,-1.46,-1.5,-1.48,42.0,0.0,0.0,-32.184,101.851,0.333,18.0,-2.32,-2.4,-2.48,33.0,0.0,0.0,-2.671,71.734,0.938,15.0,0.0,2.453,1,9.441,3.0,0,0,1,0,0,0,1,0,0,0,1,0,0,1,0,0,0,2,0.0,0
rondora01,Rajon Rondo,train,-3.740974,2019,2,1,46.0,9.217,29.761,12.1,-1.5,0.2,1.3,0.046,17.4,0.4734,7.978,5.283,0.152,1.239,2.761,13,825.0,10.38,31.66,22.8,58.3,1.6,7.2,33,73,180,13,1.0,1,0.35,0,1,-1.33,-1.7,-1.72,37.0,0.0,0.0,-3.465,90.827,14.507,15.0,-1.33,-1.7,-1.72,37.0,0.0,0.0,-3.465,90.827,14.507,15.0,1.0,12.901,1,12.901,2.0,0,0,1,0,0,0,1,0,1,0,0,0,0,1,0,0,0,2,2.0,0
rondora01,Rajon Rondo,train,-2.677728,2020,2,1,48.0,7.125,20.5,12.4,-1.4,0.2,1.4,0.068,18.7,0.4942,5.0,2.958,0.042,0.833,1.896,14,873.0,10.21,31.05,23.0,59.7,1.1,6.3,34,73,180,14,0.0,0,0.35,0,0,-7.71,-7.6,-7.97,20.0,0.0,0.0,-3.203,82.576,29.766,15.0,6.28,5.7,5.79,52.0,1.0,1.0,-13.584,107.807,10.149,15.0,1.0,12.901,1,6.144,7.0,1,0,1,0,0,0,1,0,1,0,0,0,0,1,0,0,0,2,2.0,0
rosede01,Derrick Rose,train,-2.677728,2019,2,1,51.0,17.98,27.294,19.5,1.4,1.2,3.0,0.103,27.3,0.5568,4.314,2.745,0.235,0.608,1.608,10,546.0,18.83,33.16,15.0,37.2,1.3,5.8,31,75,200,11,0.0,0,0.35,0,1,-0.56,-0.2,-0.24,41.0,1.0,0.0,-23.127,116.292,7.189,15.0,-1.02,-1.5,-1.5,36.0,0.0,0.0,-19.994,117.381,2.967,16.0,0.0,3.703,0,4.365,14.0,0,0,1,0,0,0,1,0,1,0,0,0,0,1,0,0,0,1,1.0,0
rosede01,Derrick Rose,train,-2.046661,2021,3,1,50.0,14.68,25.58,18.3,1.9,1.3,3.1,0.116,25.8,0.5503,4.18,2.6,0.38,0.98,1.56,12,646.0,18.45,32.01,17.7,42.8,3.9,8.6,33,75,200,13,1.0,0,0.35,0,1,2.13,2.4,2.31,41.0,1.0,0.0,7.17,81.511,20.459,15.0,2.13,2.4,2.31,41.0,1.0,0.0,7.17,81.511,20.459,15.0,1.0,19.113,1,19.113,1.0,0,0,1,0,0,0,1,0,1,0,0,0,0,1,0,0,0,2,2.0,0
rosede01,Derrick Rose,val,-3.726491,2023,2,1,27.0,5.63,12.519,10.1,-3.7,-0.1,0.0,0.0,23.6,0.4626,1.704,1.481,0.185,0.259,0.815,14,699.0,17.71,30.98,18.3,44.2,1.9,4.5,35,75,200,15,0.0,0,0.35,0,0,3.6,3.9,3.94,51.0,1.0,0.0,-4.102,123.017,3.102,15.0,2.99,3.0,2.93,47.0,1.0,0.0,-26.609,149.994,0.27,15.0,1.0,19.113,0,1.358,51.0,0,0,1,0,0,0,1,0,0,1,0,0,0,1,0,0,0,0,2.0,0
rosste01,Terrence Ross,train,-2.19344,2015,3,1,82.0,9.841,25.512,11.2,-1.4,0.3,2.4,0.055,18.3,0.5189,1.049,2.756,0.305,0.646,0.841,3,236.0,9.12,23.26,1.2,7.5,1.2,7.5,24,78,206,3,1.0,0,0.25,0,0,2.45,3.3,3.07,49.0,1.0,0.0,-13.947,75.425,0.672,15.0,2.45,3.3,3.07,49.0,1.0,0.0,-13.947,75.425,0.672,15.0,1.0,6.202,1,6.202,9.0,1,1,0,0,0,0,0,1,0,0,1,0,0,0,1,0,0,2,2.0,0
rosste01,Terrence Ross,train,-2.089942,2019,4,1,81.0,15.099,26.543,15.4,0.8,1.5,4.3,0.096,23.9,0.5608,1.667,3.457,0.358,0.889,1.111,7,492.0,10.49,24.27,4.5,19.2,2.3,8.1,28,78,206,7,1.0,0,0.3,0,0,0.28,0.8,0.71,42.0,1.0,0.0,-15.892,112.687,1.984,15.0,0.28,0.8,0.71,42.0,1.0,0.0,-15.892,112.687,1.984,15.0,0.0,2.673,0,2.673,15.0,0,0,1,0,0,0,1,0,1,0,0,0,0,0,0,1,0,1,1.0,0
roziete01,Terry Rozier,train,-3.625234,2015,2,0,66.0,9.478,24.912,14.9,-0.1,0.7,3.2,0.104,19.0,0.559,1.722,3.879,0.354,0.721,1.148,0,0.0,9.05,23.27,0.0,0.0,0.0,0.0,21,73,190,0,1.0,0,0.25,0,2,-0.4,0.2,0.16,40.0,1.0,0.0,2.662,52.905,7.498,15.0,-0.4,0.2,0.16,40.0,1.0,0.0,2.662,52.905,7.498,15.0,1.0,4.899,1,4.899,9.0,0,0,1,0,0,0,0,1,0,0,1,0,0,0,0,0,1,2,2.0,0
roziete01,Terry Rozier,train,-1.75347,2019,3,1,79.0,8.962,22.671,12.9,-0.2,0.8,3.2,0.086,18.6,0.5008,2.924,3.886,0.266,0.861,0.861,4,272.0,7.68,19.97,2.8,9.9,3.1,10.2,25,73,190,4,0.0,0,0.25,0,0,-1.32,-1.1,-1.1,39.0,0.0,0.0,-22.803,121.81,0.0,15.0,3.9,4.4,4.44,49.0,1.0,0.0,-26.926,125.327,0.178,15.0,1.0,4.899,0,2.66,21.0,0,0,1,0,0,1,0,0,1,0,0,0,0,1,0,0,0,0,2.0,0
roziete01,Terry Rozier,train,-1.636737,2021,4,1,69.0,20.391,34.536,17.1,1.6,2.2,5.2,0.105,24.4,0.5753,4.246,4.377,0.377,1.261,1.855,6,404.0,11.46,24.7,5.8,18.1,3.8,11.4,27,73,190,6,1.0,0,0.3,0,0,-1.94,-1.9,-1.93,33.0,0.0,0.0,2.006,98.277,8.857,15.0,-1.94,-1.9,-1.93,33.0,0.0,0.0,2.006,98.277,8.857,15.0,0.0,2.66,0,2.66,21.0,0,1,0,0,0,0,0,1,1,0,0,0,0,0,0,1,0,0,0.0,0
rubiori01,Ricky Rubio,train,-1.627456,2014,4,1,82.0,9.524,32.171,15.4,1.2,2.1,5.9,0.107,16.4,0.4915,8.585,4.171,0.134,2.329,2.695,3,180.0,10.14,31.85,4.5,10.9,4.5,10.9,24,74,190,3,1.0,0,0.25,0,0,0.28,0.3,0.28,42.0,1.0,0.0,-12.901,92.25,0.0,15.0,0.34,0.5,0.43,42.0,1.0,0.0,-12.901,92.929,0.0,15.0,0.0,3.703,0,3.703,16.0,0,1,0,0,0,0,0,1,0,0,1,0,0,1,0,0,0,1,1.0,0
rubiori01,Ricky Rubio,train,-1.859418,2019,3,1,68.0,12.706,27.926,14.0,-0.2,0.9,3.7,0.094,22.7,0.5203,6.118,3.574,0.147,1.338,2.647,8,498.0,11.09,30.86,11.4,32.3,4.3,15.1,29,74,190,8,0.0,0,0.3,0,0,-8.61,-9.2,-9.34,19.0,0.0,0.0,-6.585,68.854,39.6,15.0,5.28,5.2,5.26,50.0,1.0,0.0,-12.969,113.394,0.0,15.0,0.0,1.266,0,5.059,12.0,0,0,1,0,0,0,1,0,1,0,0,0,0,1,0,0,0,2,0.0,0
rubiori01,Ricky Rubio,val,-3.001586,2022,3,1,34.0,13.088,28.529,14.0,0.2,0.5,1.3,0.064,24.9,0.4876,6.618,4.147,0.206,1.441,2.647,11,665.0,11.13,30.27,13.4,41.6,2.0,9.3,32,74,190,11,0.0,0,0.35,0,0,2.04,2.2,2.12,44.0,0.0,0.0,-20.724,129.666,3.472,15.0,-3.26,-3.5,-3.48,25.0,0.0,0.0,-23.676,122.438,13.652,15.0,0.0,2.126,0,2.088,19.0,0,0,1,0,0,0,1,0,1,0,0,0,0,1,0,0,0,1,0.0,0
rudezda01,Damjan Rudež,train,-4.026383,2014,2,0,66.0,9.478,24.912,14.9,-0.1,0.7,3.2,0.104,19.0,0.559,1.722,3.879,0.354,0.721,1.148,0,0.0,9.05,23.27,0.0,0.0,0.0,0.0,28,82,228,0,1.0,0,0.25,0,0,0.28,0.3,0.28,42.0,1.0,0.0,-12.901,92.25,0.0,15.0,0.34,0.5,0.43,42.0,1.0,0.0,-12.901,92.929,0.0,15.0,0.0,2.126,0,2.126,25.0,0,0,1,0,0,0,0,1,0,0,1,0,0,0,0,0,1,0,0.0,1
ruperra01,Rayan Rupert,val,-4.35701,2023,3,0,66.0,9.478,24.912,14.9,-0.1,0.7,3.2,0.104,19.0,0.559,1.722,3.879,0.354,0.721,1.148,0,0.0,9.05,23.27,0.0,0.0,0.0,0.0,19,79,205,0,1.0,0,0.25,0,1,-3.96,-4.0,-4.01,33.0,0.0,0.0,-27.826,136.161,8.372,15.0,-3.96,-4.0,-4.01,33.0,0.0,0.0,-27.826,136.161,8.372,15.0,0.0,2.511,0,2.511,23.0,0,0,1,0,0,0,0,1,0,1,0,0,0,0,0,0,1,0,0.0,0
rushbr01,Brandon Rush,train,-3.961844,2014,2,1,38.0,2.079,11.0,4.1,-5.6,-0.4,-0.4,-0.046,12.3,0.4284,0.632,1.158,0.237,0.132,0.526,6,329.0,8.26,24.95,1.8,9.1,1.2,3.1,29,78,220,6,1.0,1,0.25,0,1,0.28,0.3,0.28,42.0,1.0,0.0,-12.901,92.25,0.0,15.0,0.34,0.5,0.43,42.0,1.0,0.0,-12.901,92.929,0.0,15.0,1.0,4.749,1,4.749,10.0,0,0,1,0,0,0,1,0,0,0,1,0,0,0,0,1,0,2,2.0,0
russeda01,D'Angelo Russell,train,-2.599837,2015,2,0,66.0,9.478,24.912,14.9,-0.1,0.7,3.2,0.104,19.0,0.559,1.722,3.879,0.354,0.721,1.148,0,0.0,9.05,23.27,0.0,0.0,0.0,0.0,19,75,193,0,1.0,0,0.25,0,4,-6.17,-7.2,-6.84,21.0,0.0,0.0,-7.309,59.483,10.891,16.0,-6.17,-7.2,-6.84,21.0,0.0,0.0,-7.309,59.483,10.891,16.0,1.0,12.901,1,12.901,2.0,0,0,1,0,0,0,0,1,0,0,1,0,0,0,0,0,1,2,2.0,0
russeda01,D'Angelo Russell,train,-1.316752,2019,4,1,81.0,21.136,30.222,19.4,3.4,3.4,5.0,0.098,31.9,0.5326,6.951,3.889,0.247,1.235,3.123,4,272.0,16.52,28.5,4.2,6.7,4.3,6.7,23,75,193,4,1.0,0,0.25,0,2,-0.4,-0.1,-0.07,42.0,1.0,0.0,-15.703,77.806,39.766,15.0,-0.4,-0.1,-0.07,42.0,1.0,0.0,-15.703,77.806,39.766,15.0,1.0,19.113,1,19.113,1.0,0,0,0,0,1,1,0,0,1,0,0,0,0,1,0,0,0,2,2.0,0
russeda01,D'Angelo Russell,val,-2.022438,2023,2,1,71.0,17.789,32.451,16.3,1.5,2.0,5.1,0.106,22.7,0.6054,6.155,3.028,0.408,0.986,2.62,8,495.0,17.71,29.86,10.1,19.6,4.5,11.1,27,75,193,8,1.0,1,0.3,0,2,0.43,0.6,0.57,43.0,1.0,0.0,-56.412,164.963,2.45,15.0,0.43,0.6,0.57,43.0,1.0,0.0,-56.412,164.963,2.45,15.0,1.0,12.901,1,12.901,2.0,0,0,1,0,0,0,1,0,0,1,0,0,0,1,0,0,0,2,2.0,0
russeda01,D'Angelo Russell,test,-3.278986,2025,2,1,58.0,12.621,25.517,14.0,-0.4,0.6,1.9,0.062,24.0,0.5215,5.121,2.793,0.397,0.966,1.862,10,629.0,17.28,29.8,12.5,26.6,4.4,12.1,29,75,193,10,0.0,0,0.35,0,1,-0.74,-1.2,-1.2,39.0,0.0,0.0,-46.559,172.078,2.329,15.0,-6.95,-7.3,-7.11,26.0,0.0,0.0,-38.248,112.077,58.409,15.0,1.0,19.113,1,7.943,4.0,0,0,1,0,0,0,1,0,0,1,0,0,0,1,0,0,0,2,2.0,0
sabondo01,Domantas Sabonis,train,-1.73512,2019,4,1,74.0,14.095,24.838,21.9,3.1,2.4,7.6,0.198,23.5,0.6298,2.865,9.324,0.405,0.649,2.162,3,229.0,10.41,23.06,1.8,13.1,1.8,13.1,23,82,240,3,1.0,0,0.25,0,0,2.76,3.4,3.33,48.0,1.0,0.0,-8.71,99.582,10.997,15.0,2.76,3.4,3.33,48.0,1.0,0.0,-8.71,99.582,10.997,15.0,0.0,2.126,0,2.126,25.0,0,1,0,0,0,0,0,1,1,0,0,1,0,0,0,0,0,0,0.0,0
sampsja02,JaKarr Sampson,train,-4.39691,2014,3,0,66.0,9.478,24.912,14.9,-0.1,0.7,3.2,0.104,19.0,0.559,1.722,3.879,0.354,0.721,1.148,0,0.0,9.05,23.27,0.0,0.0,0.0,0.0,21,79,214,0,1.0,0,0.25,0,0,0.28,0.3,0.28,42.0,1.0,0.0,-12.901,92.25,0.0,15.0,0.34,0.5,0.43,42.0,1.0,0.0,-12.901,92.929,0.0,15.0,1.0,6.228,1,6.228,5.0,0,0,1,0,0,0,0,1,0,0,1,0,0,0,0,0,1,2,2.0,1
sampsja02,JaKarr Sampson,train,-5.022851,2016,2,1,73.0,5.123,15.89,8.3,-5.4,-1.0,0.1,0.004,16.6,0.5045,0.63,2.603,0.452,0.315,0.959,2,147.0,5.17,15.58,-1.6,0.7,-1.6,0.7,23,79,214,2,1.0,0,0.25,0,0,-2.81,-3.3,-3.1,33.0,0.0,0.0,-1.449,60.187,11.262,15.0,-2.81,-3.3,-3.1,33.0,0.0,0.0,-1.449,60.187,11.262,15.0,0.0,3.038,0,3.038,17.0,1,0,1,0,0,1,0,0,0,0,1,0,0,0,1,0,0,1,1.0,1
sandeko01,Kobe Sanders,test,-4.099718,2026,4,1,68.0,7.279,19.868,10.0,-2.9,-0.3,1.4,0.05,16.3,0.5973,1.603,2.25,0.147,0.721,1.191,1,68.0,7.28,19.87,-0.3,1.4,-0.3,1.4,24,80,207,1,1.0,0,0.25,0,0,0.96,1.2,1.13,42.0,0.0,0.0,-44.407,189.853,0.264,15.0,0.96,1.2,1.13,42.0,0.0,0.0,-44.407,189.853,0.264,15.0,1.0,12.901,1,12.901,2.0,0,0,1,0,0,1,0,0,0,1,0,0,0,0,0,1,0,2,2.0,0
santogu01,Gui Santos,val,-4.374368,2023,3,0,66.0,9.478,24.912,14.9,-0.1,0.7,3.2,0.104,19.0,0.559,1.722,3.879,0.354,0.721,1.148,0,0.0,9.05,23.27,0.0,0.0,0.0,0.0,21,79,185,0,1.0,0,0.25,0,1,1.66,1.7,1.8,44.0,1.0,0.0,-75.666,188.444,0.058,15.0,1.66,1.7,1.8,44.0,1.0,0.0,-75.666,188.444,0.058,15.0,1.0,4.749,1,4.749,10.0,1,0,1,0,0,1,0,0,0,1,0,0,0,0,0,0,1,2,2.0,0
santogu01,Gui Santos,test,-3.622328,2026,3,1,68.0,9.191,20.515,14.2,-0.6,0.5,2.7,0.093,18.7,0.6094,2.338,3.912,0.324,0.897,1.5,3,147.0,6.35,15.98,0.7,5.1,0.7,5.1,24,79,185,3,1.0,1,0.25,0,0,-0.34,-0.6,-0.56,37.0,0.0,0.0,-79.576,204.851,0.264,15.0,-0.34,-0.6,-0.56,37.0,0.0,0.0,-79.576,204.851,0.264,15.0,1.0,4.749,1,4.749,10.0,1,1,0,0,0,0,0,1,0,1,0,0,1,0,0,0,0,2,2.0,0
saricda01,Dario Šarić,train,-3.681925,2016,2,0,66.0,9.478,24.912,14.9,-0.1,0.7,3.2,0.104,19.0,0.559,1.722,3.879,0.354,0.721,1.148,0,0.0,9.05,23.27,0.0,0.0,0.0,0.0,22,82,225,0,1.0,0,0.25,0,3,-9.92,-10.4,-10.23,10.0,0.0,0.0,4.499,31.052,31.373,15.0,-9.92,-10.4,-10.23,10.0,0.0,0.0,4.499,31.052,31.373,15.0,1.0,6.228,1,6.228,5.0,0,0,1,0,0,1,0,0,0,0,1,0,0,0,0,0,1,2,2.0,0
saricda01,Dario Šarić,train,-2.495407,2020,3,1,66.0,10.667,24.727,14.2,-0.4,0.7,3.6,0.106,17.8,0.5923,1.864,6.152,0.242,0.561,1.333,4,306.0,12.23,26.45,2.6,14.7,2.8,13.7,26,82,225,4,1.0,0,0.25,0,1,0.56,0.3,0.22,34.0,0.0,0.0,-11.997,98.37,22.767,15.0,0.56,0.3,0.22,34.0,0.0,0.0,-11.997,98.37,22.767,15.0,0.0,5.059,0,5.059,12.0,1,0,1,0,0,1,0,0,1,0,0,0,1,0,0,0,0,2,2.0,0
saricda01,Dario Šarić,test,-3.279071,2024,2,1,64.0,8.047,17.156,15.3,1.0,0.9,2.8,0.122,19.5,0.6003,2.25,4.422,0.156,0.484,1.219,7,477.0,10.6,22.79,3.6,20.9,1.0,4.5,30,82,225,8,0.0,1,0.3,0,1,5.23,5.5,5.26,57.0,1.0,0.0,-48.73,176.89,0.0,15.0,2.77,2.6,2.61,46.0,0.0,0.0,-88.827,206.815,0.0,15.0,1.0,4.749,0,3.038,17.0,0,0,1,0,0,0,1,0,0,1,0,1,0,0,0,0,0,1,2.0,0
satorto01,Tomáš Satoranský,train,-2.390046,2019,3,1,80.0,8.863,27.05,14.1,-0.7,0.7,4.7,0.104,14.1,0.5904,4.987,3.487,0.163,1.025,1.5,3,210.0,6.6,21.55,1.9,10.3,1.9,10.3,28,79,210,3,1.0,0,0.25,0,0,-3.3,-2.8,-2.9,32.0,0.0,0.0,-24.722,115.804,7.697,15.0,-3.3,-2.8,-2.9,32.0,0.0,0.0,-24.722,115.804,7.697,15.0,1.0,6.385,1,6.385,8.0,0,0,1,0,0,1,0,0,1,0,0,0,0,1,0,0,0,2,2.0,0
schofad01,Admiral Schofield,train,-4.356159,2019,3,0,66.0,9.478,24.912,14.9,-0.1,0.7,3.2,0.104,19.0,0.559,1.722,3.879,0.354,0.721,1.148,0,0.0,9.05,23.27,0.0,0.0,0.0,0.0,22,77,241,0,1.0,0,0.25,0,1,-3.3,-2.8,-2.9,32.0,0.0,0.0,-24.722,115.804,7.697,15.0,-3.3,-2.8,-2.9,32.0,0.0,0.0,-24.722,115.804,7.697,15.0,1.0,6.385,1,6.385,8.0,0,0,1,0,0,0,0,1,1,0,0,0,0,0,0,0,1,2,2.0,0
schrode01,Dennis Schröder,train,-1.733858,2016,4,1,80.0,10.988,20.262,15.5,-0.8,0.5,2.2,0.065,28.8,0.5104,4.362,2.55,0.113,0.875,2.288,3,206.0,8.88,18.34,-0.2,4.0,-0.2,4.0,23,73,175,3,1.0,0,0.25,0,0,3.49,3.7,3.61,48.0,1.0,0.0,-1.408,71.333,0.075,15.0,3.49,3.7,3.61,48.0,1.0,0.0,-1.408,71.333,0.075,15.0,1.0,6.144,1,6.144,7.0,0,1,0,0,0,0,0,1,0,0,1,0,0,1,0,0,0,2,2.0,0
schrode01,Dennis Schröder,val,-2.370027,2023,2,1,66.0,12.576,30.091,11.5,-2.9,-0.4,2.8,0.068,18.6,0.5454,4.515,2.5,0.152,0.758,1.697,10,687.0,14.03,26.83,2.8,26.3,0.0,9.5,30,73,175,10,0.0,0,0.35,0,0,1.59,1.5,1.48,41.0,0.0,0.0,-25.605,144.097,5.164,15.0,0.43,0.6,0.57,43.0,1.0,0.0,-56.412,164.963,2.45,15.0,1.0,12.901,1,6.202,9.0,0,0,1,0,0,0,1,0,0,1,0,0,0,1,0,0,0,2,2.0,0
schrode01,Dennis Schröder,test,-2.345842,2025,3,1,75.0,13.067,28.067,12.7,-2.2,-0.1,3.2,0.073,21.6,0.5314,5.387,2.64,0.16,0.88,1.893,12,842.0,13.94,27.34,2.8,32.8,-0.4,9.3,32,73,175,12,1.0,0,0.35,0,0,1.73,1.9,1.9,44.0,1.0,0.0,-1.22,133.99,7.819,15.0,1.73,1.9,1.9,44.0,1.0,0.0,-1.22,133.99,7.819,15.0,0.0,4.365,0,4.365,14.0,0,0,0,0,1,0,1,0,0,1,0,0,0,1,0,0,0,1,1.0,0
scottmi01,Mike Scott,train,-2.940193,2014,3,1,80.0,9.588,18.525,15.3,-1.6,0.1,2.6,0.084,23.5,0.559,0.938,3.55,0.087,0.375,0.988,2,120.0,7.92,15.48,0.0,3.5,0.0,3.5,26,79,237,2,1.0,0,0.25,0,0,0.28,0.3,0.28,42.0,1.0,0.0,-12.901,92.25,0.0,15.0,0.34,0.5,0.43,42.0,1.0,0.0,-12.901,92.929,0.0,15.0,1.0,6.144,1,6.144,7.0,0,0,1,0,0,1,0,0,0,0,1,0,1,0,0,0,0,2,2.0,0
scottmi01,Mike Scott,train,-3.103396,2019,2,1,79.0,5.81,17.658,8.6,-2.5,-0.2,1.6,0.055,14.4,0.5282,0.835,3.494,0.165,0.329,0.557,7,436.0,7.14,16.34,0.7,13.4,-0.3,4.0,31,79,237,7,1.0,0,0.3,0,0,2.25,2.6,2.7,51.0,1.0,0.0,-10.093,107.554,4.408,15.0,2.25,2.6,2.7,51.0,1.0,0.0,-10.093,107.554,4.408,15.0,1.0,6.228,1,6.228,5.0,0,0,1,0,0,0,1,0,1,0,0,0,1,0,0,0,0,2,2.0,0
sefolth01,Thabo Sefolosha,train,-2.757872,2014,3,1,61.0,6.279,25.967,10.4,0.3,0.9,3.0,0.091,11.9,0.5171,1.541,3.607,0.279,1.295,0.902,8,551.0,5.8,23.38,7.9,24.2,4.0,11.6,30,78,215,8,1.0,0,0.3,0,0,0.28,0.3,0.28,42.0,1.0,0.0,-12.901,92.25,0.0,15.0,0.34,0.5,0.43,42.0,1.0,0.0,-12.901,92.929,0.0,15.0,0.0,4.749,0,1.435,47.0,0,0,0,0,1,0,1,0,0,0,1,0,0,0,0,1,0,0,1.0,0
seldewa01,Wayne Selden,train,-4.952734,2017,2,1,14.0,5.071,16.857,6.9,-5.5,-0.2,0.1,0.02,15.3,0.5245,0.929,1.143,0.071,0.429,0.857,1,14.0,5.07,16.86,-0.2,0.1,-0.2,0.1,23,76,232,0,0.0,0,0.25,0,1,0.96,0.6,0.49,43.0,1.0,0.0,-16.727,108.352,2.518,15.0,-1.69,-2.2,-2.1,34.0,0.0,0.0,-7.275,94.323,7.095,15.0,0.0,1.29,0,1.358,51.0,1,0,1,0,0,1,0,0,1,0,0,0,0,0,0,1,0,0,0.0,1
seldewa01,Wayne Selden,train,-4.238384,2017,2,1,14.0,5.071,16.857,6.9,-5.5,-0.2,0.1,0.02,15.3,0.5245,0.929,1.143,0.071,0.429,0.857,1,14.0,5.07,16.86,-0.2,0.1,-0.2,0.1,23,76,232,0,0.0,0,0.25,0,0,0.96,0.6,0.49,43.0,1.0,0.0,-16.727,108.352,2.518,15.0,-1.69,-2.2,-2.1,34.0,0.0,0.0,-7.275,94.323,7.095,15.0,0.0,1.29,0,1.358,51.0,0,0,1,0,0,1,0,0,1,0,0,0,0,0,0,1,0,0,0.0,1
sessira01,Ramon Sessions,train,-3.390394,2014,2,1,83.0,12.301,26.675,16.0,-0.8,0.7,4.3,0.093,22.7,0.5392,4.096,2.446,0.108,0.59,1.783,7,467.0,11.74,25.83,5.0,22.7,2.1,10.9,28,75,190,6,1.0,0,0.25,0,1,0.28,0.3,0.28,42.0,1.0,0.0,-12.901,92.25,0.0,15.0,0.34,0.5,0.43,42.0,1.0,0.0,-12.901,92.929,0.0,15.0,0.0,2.453,0,2.453,20.0,0,0,1,0,0,0,1,0,0,0,1,0,0,1,0,0,0,0,0.0,0
sextoco01,Collin Sexton,val,-1.941814,2022,4,1,11.0,16.0,28.727,11.2,-4.1,-0.2,-0.1,-0.015,27.9,0.5233,2.091,3.273,0.0,0.909,2.818,4,218.0,19.98,32.93,-0.9,5.3,0.9,5.9,23,75,190,4,1.0,0,0.25,0,0,2.04,2.2,2.12,44.0,0.0,0.0,-20.724,129.666,3.472,15.0,2.04,2.2,2.12,44.0,0.0,0.0,-20.724,129.666,3.472,15.0,0.0,2.088,0,2.088,19.0,0,0,0,0,1,1,0,0,1,0,0,0,0,0,0,1,0,1,1.0,0
sextoco01,Collin Sexton,test,-2.874692,2026,2,1,68.0,15.441,23.735,17.4,0.6,1.1,3.9,0.116,25.9,0.6146,3.279,2.279,0.147,1.118,2.074,8,475.0,18.33,28.99,3.0,19.6,3.7,11.8,27,75,190,8,0.0,1,0.3,0,0,1.68,1.8,1.76,53.0,1.0,0.0,-56.752,194.334,0.992,15.0,-5.09,-5.1,-5.21,31.0,0.0,0.0,-33.026,166.164,16.917,15.0,1.0,9.441,1,12.901,2.0,0,0,1,0,0,0,1,0,0,1,0,0,0,0,0,1,0,2,2.0,0
shamela01,Landry Shamet,test,-3.345529,2026,4,1,51.0,9.314,22.961,11.2,-0.3,0.5,2.6,0.107,15.7,0.5976,1.412,1.804,0.176,0.608,0.588,8,449.0,8.44,21.29,0.4,15.7,0.0,3.9,29,77,190,8,1.0,1,0.3,0,0,6.05,6.5,6.33,53.0,1.0,1.0,-55.177,207.454,0.073,15.0,6.05,6.5,6.33,53.0,1.0,1.0,-55.177,207.454,0.073,15.0,1.0,19.113,1,19.113,1.0,0,0,1,0,0,0,1,0,0,1,0,0,0,0,0,1,0,2,2.0,0
sharpda01,Day'Ron Sharpe,test,-3.208564,2025,2,1,50.0,7.94,18.16,19.7,0.9,0.7,2.7,0.143,19.9,0.5679,1.82,6.6,0.84,0.82,1.26,4,191.0,6.48,14.51,1.1,8.4,1.2,7.2,24,82,265,4,1.0,0,0.25,0,2,-6.95,-7.3,-7.11,26.0,0.0,0.0,-38.248,112.077,58.409,15.0,-6.95,-7.3,-7.11,26.0,0.0,0.0,-38.248,112.077,58.409,15.0,1.0,19.113,1,19.113,1.0,0,0,1,0,0,0,1,0,0,1,0,1,0,0,0,0,0,2,2.0,0
sharpda01,Day'Ron Sharpe,test,-2.83387,2026,2,1,62.0,8.71,18.71,20.5,1.4,1.0,3.5,0.145,19.9,0.6385,2.339,6.661,0.419,1.081,1.71,5,253.0,7.02,15.54,2.1,11.9,2.2,9.1,25,82,265,5,1.0,0,0.25,0,0,-9.7,-10.3,-9.99,20.0,0.0,0.0,3.687,126.082,24.878,15.0,-9.7,-10.3,-9.99,20.0,0.0,0.0,3.687,126.082,24.878,15.0,1.0,19.113,1,19.113,1.0,0,0,1,0,0,0,1,0,0,1,0,1,0,0,0,0,0,2,2.0,0
sheadja01,Jamal Shead,test,-4.233879,2024,3,0,66.0,9.478,24.912,14.9,-0.1,0.7,3.2,0.104,19.0,0.559,1.722,3.879,0.354,0.721,1.148,0,0.0,9.05,23.27,0.0,0.0,0.0,0.0,22,73,200,0,1.0,0,0.25,0,1,-6.45,-6.5,-6.44,25.0,0.0,0.0,-25.866,138.558,21.309,15.0,-6.45,-6.5,-6.44,25.0,0.0,0.0,-25.866,138.558,21.309,15.0,1.0,6.202,1,6.202,9.0,0,0,1,0,0,0,0,1,0,1,0,0,0,0,0,0,1,2,2.0,0
shumpim01,Iman Shumpert,train,-1.94591,2015,4,1,62.0,8.0,24.919,11.4,-0.9,0.4,1.5,0.047,17.4,0.4968,2.177,3.613,0.258,1.306,1.468,4,240.0,7.75,25.87,1.1,7.8,0.9,5.4,25,77,212,4,1.0,0,0.25,0,1,4.08,4.8,4.48,53.0,1.0,0.0,-18.313,80.812,0.566,15.0,4.08,4.8,4.48,53.0,1.0,0.0,-18.313,80.812,0.566,15.0,0.0,2.088,0,2.088,19.0,0,0,1,0,0,1,0,0,0,0,1,0,0,0,0,1,0,1,1.0,0
siakapa01,Pascal Siakam,train,-1.159675,2019,4,1,80.0,16.925,31.85,18.7,2.4,2.8,9.3,0.175,20.8,0.6281,3.1,6.862,0.65,0.912,1.925,3,216.0,10.06,23.55,4.1,15.6,4.1,15.6,25,80,245,3,1.0,0,0.25,0,0,5.49,6.0,6.09,58.0,1.0,1.0,-47.819,135.46,1.971,15.0,5.49,6.0,6.09,58.0,1.0,1.0,-47.819,135.46,1.971,15.0,1.0,6.202,1,6.202,9.0,0,1,0,0,0,0,0,1,1,0,0,0,1,0,0,0,0,2,2.0,0
siakapa01,Pascal Siakam,test,-1.090646,2024,4,1,80.0,21.712,33.212,19.7,1.9,2.7,6.9,0.125,25.3,0.6009,4.275,7.062,0.312,0.787,1.762,8,551.0,17.69,31.01,17.2,48.0,9.7,22.8,30,80,245,8,1.0,0,0.3,0,0,2.75,3.0,3.05,47.0,1.0,0.0,-10.658,127.077,17.801,15.0,2.75,3.0,3.05,47.0,1.0,0.0,-10.658,127.077,17.801,15.0,0.0,2.126,0,2.126,25.0,0,0,1,0,0,0,1,0,0,1,0,0,1,0,0,0,0,0,0.0,0
simmobe01,Ben Simmons,train,-1.12479,2019,5,1,79.0,16.924,34.177,20.0,3.6,3.8,8.2,0.146,22.1,0.5822,7.722,8.823,0.772,1.418,3.468,2,160.0,16.35,33.95,8.3,17.4,8.3,17.4,23,82,240,2,1.0,0,0.25,0,0,2.25,2.6,2.7,51.0,1.0,0.0,-10.093,107.554,4.408,15.0,2.25,2.6,2.7,51.0,1.0,0.0,-10.093,107.554,4.408,15.0,1.0,6.228,1,6.228,5.0,0,1,0,0,0,0,0,1,1,0,0,0,0,1,0,0,0,2,2.0,0
simmojo02,Jonathon Simmons,train,-4.60517,2015,2,0,66.0,9.478,24.912,14.9,-0.1,0.7,3.2,0.104,19.0,0.559,1.722,3.879,0.354,0.721,1.148,0,0.0,9.05,23.27,0.0,0.0,0.0,0.0,26,78,195,0,1.0,0,0.25,0,0,6.34,6.5,6.2,55.0,1.0,0.0,-9.123,69.028,1.351,15.0,6.34,6.5,6.2,55.0,1.0,0.0,-9.123,69.028,1.351,15.0,0.0,2.602,0,2.602,31.0,0,0,1,0,0,0,0,1,0,0,1,0,0,0,0,0,1,0,0.0,1
simonan01,Anfernee Simons,val,-1.59862,2022,4,1,57.0,17.333,29.491,15.3,-0.7,0.5,1.9,0.054,24.8,0.5825,3.877,2.649,0.105,0.526,2.018,4,211.0,10.16,20.73,-0.2,4.0,-0.1,3.9,23,75,200,4,1.0,0,0.25,0,0,-8.55,-9.1,-8.88,27.0,0.0,0.0,-17.113,115.071,7.135,15.0,-8.55,-9.1,-8.88,27.0,0.0,0.0,-17.113,115.071,7.135,15.0,0.0,2.511,0,2.511,23.0,0,0,1,0,0,1,0,0,1,0,0,0,0,0,0,1,0,0,0.0,0
simonan01,Anfernee Simons,test,-3.320003,2026,2,1,55.0,14.273,24.945,14.4,-0.1,0.7,2.9,0.101,23.6,0.5756,2.436,2.455,0.145,0.491,1.236,8,444.0,14.91,26.56,2.9,15.8,2.6,9.3,27,75,200,8,0.0,1,0.3,0,0,-0.27,-0.1,-0.18,45.0,1.0,0.0,-45.251,192.382,1.124,15.0,-5.09,-5.1,-5.21,31.0,0.0,0.0,-33.026,166.164,16.917,15.0,1.0,9.441,1,6.228,5.0,0,0,1,0,0,0,1,0,0,1,0,0,0,0,0,1,0,2,2.0,0
simsje01,Jericho Sims,val,-4.182684,2022,3,1,41.0,2.195,13.537,11.6,-1.7,0.0,1.5,0.13,6.9,0.6741,0.512,4.122,0.537,0.268,0.488,1,41.0,2.19,13.54,0.0,1.5,0.0,1.5,24,82,250,1,1.0,0,0.25,0,2,-0.01,-0.1,-0.12,37.0,0.0,0.0,-5.982,108.416,9.981,15.0,-0.01,-0.1,-0.12,37.0,0.0,0.0,-5.982,108.416,9.981,15.0,1.0,19.113,1,19.113,1.0,0,0,1,0,0,1,0,0,1,0,0,0,1,0,0,0,0,2,2.0,0
simsje01,Jericho Sims,test,-4.074161,2025,2,1,53.0,1.849,11.925,10.0,-3.0,-0.2,1.3,0.099,7.6,0.6387,0.623,3.717,0.358,0.189,0.623,4,191.0,2.4,13.53,0.1,6.9,0.1,5.4,27,82,250,4,1.0,0,0.25,0,1,2.12,2.5,2.48,48.0,1.0,0.0,-55.158,183.221,0.0,15.0,2.12,2.5,2.48,48.0,1.0,0.0,-55.158,183.221,0.0,15.0,0.0,1.586,0,1.586,38.0,0,0,1,0,0,1,0,0,0,1,0,1,0,0,0,0,0,0,0.0,0
singlky01,Kyle Singler,train,-2.690351,2015,4,1,80.0,6.0,21.788,8.5,-2.1,0.0,2.0,0.055,13.2,0.5119,1.062,2.425,0.263,0.588,0.688,3,244.0,8.13,26.12,-0.3,8.7,-0.3,8.7,27,80,228,3,1.0,0,0.25,0,0,2.47,2.3,2.18,45.0,0.0,0.0,-16.642,77.876,0.915,15.0,2.47,2.3,2.18,45.0,0.0,0.0,-16.642,77.876,0.915,15.0,0.0,1.435,0,1.435,47.0,0,0,1,0,0,1,0,0,0,0,1,0,0,0,1,0,0,0,0.0,0
smartma01,Marcus Smart,train,-2.933714,2014,2,0,66.0,9.478,24.912,14.9,-0.1,0.7,3.2,0.104,19.0,0.559,1.722,3.879,0.354,0.721,1.148,0,0.0,9.05,23.27,0.0,0.0,0.0,0.0,20,75,220,0,1.0,0,0.25,0,3,0.28,0.3,0.28,42.0,1.0,0.0,-12.901,92.25,0.0,15.0,0.34,0.5,0.43,42.0,1.0,0.0,-12.901,92.929,0.0,15.0,1.0,4.899,1,4.899,9.0,0,0,1,0,0,0,0,1,0,0,1,0,0,0,0,0,1,2,2.0,0
smartma01,Marcus Smart,train,-2.058738,2018,4,1,54.0,10.185,29.889,10.8,-1.2,0.3,1.9,0.057,19.4,0.4795,4.796,3.5,0.426,1.315,2.389,4,261.0,9.45,28.69,1.8,10.9,1.1,8.0,24,75,220,4,1.0,0,0.25,0,1,3.23,3.7,3.59,55.0,1.0,0.0,-15.983,114.826,0.25,16.0,3.23,3.7,3.59,55.0,1.0,0.0,-15.983,114.826,0.25,16.0,1.0,4.899,1,4.899,9.0,0,0,1,0,0,1,0,0,1,0,0,0,0,0,0,1,0,2,2.0,0
smartma01,Marcus Smart,train,-1.86663,2021,4,1,48.0,13.062,32.938,13.8,-0.3,0.7,3.3,0.1,18.4,0.5393,5.688,3.479,0.479,1.5,2.0,7,449.0,10.19,29.37,5.6,24.0,3.8,13.1,27,75,220,7,1.0,0,0.3,0,1,1.32,1.5,1.46,36.0,1.0,0.0,-21.628,127.474,3.294,15.0,1.32,1.5,1.46,36.0,1.0,0.0,-21.628,127.474,3.294,15.0,1.0,4.899,1,4.899,9.0,0,1,0,0,0,0,0,1,1,0,0,0,0,1,0,0,0,2,2.0,0
smartma01,Marcus Smart,test,-3.381014,2025,2,1,34.0,8.971,20.0,12.4,-1.5,0.1,0.7,0.049,20.6,0.5291,3.206,2.118,0.265,1.147,1.588,11,635.0,10.61,29.49,7.7,34.2,0.6,4.6,31,75,220,11,0.0,1,0.35,0,1,1.45,1.2,1.22,50.0,1.0,0.0,-60.198,182.746,5.515,15.0,-12.14,-12.3,-12.44,18.0,0.0,0.0,-71.09,162.582,7.021,15.0,1.0,6.385,1,12.901,2.0,0,0,1,0,0,0,1,0,0,1,0,0,0,1,0,0,0,2,2.0,0
smartma01,Marcus Smart,test,-3.30949,2026,2,1,62.0,9.339,28.532,9.9,-2.2,-0.1,2.0,0.054,15.4,0.5434,2.984,2.774,0.371,1.403,1.484,12,697.0,10.49,29.4,7.6,36.2,0.0,2.9,32,75,220,12,0.0,1,0.35,0,0,4.87,5.4,5.22,52.0,1.0,0.0,-46.765,194.771,0.0,15.0,1.68,1.8,1.76,53.0,1.0,0.0,-56.752,194.334,0.992,15.0,1.0,12.901,1,7.206,6.0,0,0,1,0,0,0,1,0,0,1,0,0,0,0,0,1,0,2,2.0,0
smithdr01,Dru Smith,test,-4.072895,2025,3,1,14.0,6.214,19.143,13.3,2.1,0.3,0.7,0.125,13.8,0.6563,1.643,2.571,0.429,1.5,1.214,3,38.0,4.47,14.66,0.4,1.3,0.4,1.3,28,74,203,3,1.0,0,0.25,0,0,0.11,0.6,0.56,37.0,1.0,0.0,-38.763,173.088,0.0,15.0,0.11,0.6,0.56,37.0,1.0,0.0,-38.763,173.088,0.0,15.0,0.0,6.266,0,6.266,18.0,0,0,1,0,0,1,0,0,0,1,0,0,0,0,0,1,0,1,1.0,1
smithis01,Ish Smith,train,-2.753055,2016,3,1,77.0,12.623,29.078,14.9,-1.6,0.2,1.3,0.028,23.9,0.4653,6.519,3.961,0.312,1.143,2.273,6,323.0,5.78,16.31,-0.2,2.0,0.3,2.2,28,72,175,6,0.0,0,0.25,0,0,0.43,0.6,0.61,44.0,1.0,0.0,-5.604,66.217,9.386,14.0,-9.92,-10.4,-10.23,10.0,0.0,0.0,4.499,31.052,31.373,15.0,1.0,6.228,0,4.365,14.0,0,0,1,0,0,0,1,0,0,0,1,0,0,1,0,0,0,1,2.0,1
smithis01,Ish Smith,train,-3.192877,2021,2,1,44.0,6.705,21.0,11.6,-1.5,0.1,1.1,0.057,15.8,0.4735,3.909,3.409,0.295,0.727,0.932,11,654.0,7.73,20.23,2.3,14.2,0.4,4.7,33,72,175,11,0.0,0,0.35,0,0,-1.94,-1.9,-1.93,33.0,0.0,0.0,2.006,98.277,8.857,15.0,-1.85,-1.8,-1.83,34.0,1.0,0.0,-51.632,125.335,4.334,15.0,1.0,6.385,0,2.66,21.0,0,0,1,0,0,0,1,0,1,0,0,0,0,1,0,0,0,0,2.0,1
smithja04,Jalen Smith,val,-3.199428,2022,3,1,51.0,9.216,18.137,18.4,-0.5,0.3,2.8,0.145,20.3,0.5951,0.471,6.02,0.804,0.294,0.824,2,78.0,6.71,13.86,0.1,2.9,0.1,2.9,22,80,215,2,1.0,1,0.25,0,1,-3.26,-3.5,-3.48,25.0,0.0,0.0,-23.676,122.438,13.652,15.0,-3.26,-3.5,-3.48,25.0,0.0,0.0,-23.676,122.438,13.652,15.0,0.0,2.126,0,2.126,25.0,0,0,1,0,0,1,0,0,1,0,0,0,1,0,0,0,0,0,0.0,0
smithja04,Jalen Smith,test,-2.748609,2024,3,1,61.0,9.852,17.164,20.7,2.4,1.2,4.0,0.183,19.4,0.6818,1.033,5.525,0.623,0.279,0.721,4,207.0,8.53,16.46,1.3,9.2,1.5,9.1,24,80,215,4,0.0,0,0.25,0,0,-1.77,-1.4,-1.44,39.0,0.0,0.0,-30.328,162.193,2.136,15.0,2.75,3.0,3.05,47.0,1.0,0.0,-10.658,127.077,17.801,15.0,0.0,2.126,1,9.441,3.0,0,0,1,0,0,1,0,0,0,1,0,1,0,0,0,0,0,2,0.0,0
smithjr01,J.R. Smith,train,-1.888058,2016,4,1,77.0,12.403,30.675,12.4,0.5,1.5,5.5,0.112,18.0,0.5419,1.688,2.818,0.273,1.052,0.766,11,763.0,13.45,27.11,15.8,44.2,4.1,12.9,31,78,225,12,1.0,0,0.35,0,0,5.45,6.4,6.0,57.0,1.0,1.0,-37.976,106.998,0.031,15.0,5.45,6.4,6.0,57.0,1.0,1.0,-37.976,106.998,0.031,15.0,0.0,2.088,0,2.088,19.0,0,0,1,0,0,0,1,0,0,0,1,0,0,0,0,1,0,1,1.0,0
smithni01,Nick Smith Jr.,val,-3.761446,2023,4,0,66.0,9.478,24.912,14.9,-0.1,0.7,3.2,0.104,19.0,0.559,1.722,3.879,0.354,0.721,1.148,0,0.0,9.05,23.27,0.0,0.0,0.0,0.0,19,74,185,0,1.0,0,0.25,0,2,-5.89,-6.1,-6.24,27.0,0.0,0.0,-22.395,104.845,19.828,15.0,-5.89,-6.1,-6.24,27.0,0.0,0.0,-22.395,104.845,19.828,15.0,0.0,2.66,0,2.66,21.0,0,0,1,0,0,0,0,1,0,1,0,0,0,0,0,0,1,0,0.0,0
snellto01,Tony Snell,train,-2.153712,2017,4,1,80.0,8.537,29.2,9.7,-1.7,0.2,3.4,0.07,12.1,0.6028,1.2,3.1,0.175,0.688,0.688,4,293.0,6.15,21.43,-0.4,7.8,-0.2,6.2,26,78,213,4,1.0,0,0.25,0,1,-0.45,-0.2,-0.18,42.0,1.0,0.0,1.467,89.532,3.145,15.0,-0.45,-0.2,-0.18,42.0,1.0,0.0,1.467,89.532,3.145,15.0,0.0,1.586,0,1.586,38.0,0,0,1,0,0,1,0,0,1,0,0,0,0,0,0,1,0,0,0.0,0
speigma01,Marreese Speights,train,-4.18714,2016,2,1,72.0,7.111,11.556,17.1,-3.7,-0.4,1.8,0.104,29.7,0.5058,0.847,3.319,0.472,0.264,0.917,8,571.0,7.84,15.2,-1.6,21.0,-0.8,7.9,29,82,255,8,0.0,0,0.3,0,1,4.13,4.5,4.28,53.0,1.0,0.0,-29.998,94.554,1.586,15.0,10.38,10.7,10.76,73.0,1.0,0.0,-34.731,88.869,6.909,15.0,1.0,4.749,1,12.901,2.0,0,0,1,0,0,0,1,0,0,0,1,1,0,0,0,0,0,2,2.0,0
spencca01,Cam Spencer,test,-4.085634,2025,4,1,25.0,4.24,10.08,14.2,0.5,0.2,0.8,0.152,15.4,0.5865,1.36,1.2,0.04,0.36,0.24,1,25.0,4.24,10.08,0.2,0.8,0.2,0.8,25,75,205,1,1.0,0,0.25,0,0,4.79,4.7,4.85,48.0,1.0,0.0,-27.227,155.85,8.015,15.0,4.79,4.7,4.85,48.0,1.0,0.0,-27.227,155.85,8.015,15.0,0.0,1.358,0,1.358,51.0,0,0,1,0,0,1,0,0,0,1,0,0,0,0,0,1,0,0,0.0,0
stausni01,Nik Stauskas,train,-3.110981,2014,2,0,66.0,9.478,24.912,14.9,-0.1,0.7,3.2,0.104,19.0,0.559,1.722,3.879,0.354,0.721,1.148,0,0.0,9.05,23.27,0.0,0.0,0.0,0.0,21,78,205,0,1.0,0,0.25,0,2,0.28,0.3,0.28,42.0,1.0,0.0,-12.901,92.25,0.0,15.0,0.34,0.5,0.43,42.0,1.0,0.0,-12.901,92.929,0.0,15.0,0.0,2.453,0,2.453,20.0,0,0,1,0,0,0,0,1,0,0,1,0,0,0,0,0,1,0,0.0,0
stephla01,Lance Stephenson,train,-1.946941,2014,2,1,78.0,13.846,35.282,14.7,1.3,2.3,7.4,0.129,19.4,0.5645,4.603,7.154,0.09,0.692,2.692,4,210.0,9.1,26.6,3.1,12.4,3.3,12.6,24,78,230,3,1.0,0,0.25,0,1,0.28,0.3,0.28,42.0,1.0,0.0,-12.901,92.25,0.0,15.0,0.34,0.5,0.43,42.0,1.0,0.0,-12.901,92.929,0.0,15.0,0.0,2.66,0,2.66,21.0,0,0,1,0,0,1,0,0,0,0,1,0,0,0,0,1,0,0,0.0,0
stephla01,Lance Stephenson,train,-3.187514,2017,2,1,18.0,6.778,20.056,9.6,-4.0,-0.2,0.1,0.013,18.7,0.4852,3.278,2.889,0.167,0.278,1.444,7,358.0,8.68,24.84,2.2,13.8,-0.9,1.4,27,78,230,6,0.0,0,0.25,0,1,-0.64,-0.2,-0.22,42.0,1.0,0.0,0.141,85.614,8.388,15.0,-0.64,-1.2,-1.11,31.0,0.0,0.0,22.576,59.495,10.111,14.0,0.0,3.703,0,2.126,25.0,1,0,1,0,0,0,1,0,1,0,0,0,0,0,0,1,0,0,1.0,0
strusma01,Max Strus,train,-4.185695,2021,2,1,39.0,6.051,13.0,12.1,-2.2,0.0,0.9,0.085,18.3,0.5973,0.615,1.051,0.051,0.282,0.205,2,41.0,5.88,12.51,0.0,0.9,0.0,0.9,25,77,215,2,1.0,0,0.25,0,0,-0.06,0.0,0.03,40.0,1.0,0.0,-26.432,126.767,5.565,15.0,-0.06,0.0,0.03,40.0,1.0,0.0,-26.432,126.767,5.565,15.0,0.0,6.266,0,6.266,18.0,0,0,1,0,0,1,0,0,1,0,0,0,0,0,1,0,0,1,1.0,1
strusma01,Max Strus,val,-2.167142,2023,4,1,80.0,11.537,28.4,10.8,-1.7,0.2,3.4,0.072,17.6,0.5566,2.138,3.225,0.15,0.525,0.875,4,189.0,9.97,23.13,1.4,7.9,1.4,7.9,27,77,215,4,0.0,0,0.25,0,0,5.23,5.5,5.38,51.0,1.0,0.0,-30.906,121.703,27.548,15.0,-0.13,-0.3,-0.32,44.0,1.0,0.0,-29.111,149.035,0.058,15.0,0.0,6.266,0,2.088,19.0,0,0,1,0,0,1,0,0,0,1,0,0,0,0,1,0,0,1,1.0,1
sumneed01,Edmond Sumner,train,-3.960264,2019,2,1,23.0,2.87,9.13,7.6,-5.3,-0.2,0.1,0.023,17.6,0.4426,0.435,1.043,0.217,0.522,0.435,2,24.0,2.83,8.83,-0.2,0.1,-0.2,0.1,24,76,190,1,1.0,0,0.25,0,1,2.76,3.4,3.33,48.0,1.0,0.0,-8.71,99.582,10.997,15.0,2.76,3.4,3.33,48.0,1.0,0.0,-8.71,99.582,10.997,15.0,0.0,2.126,0,2.126,25.0,0,0,1,0,0,1,0,0,1,0,0,0,0,1,0,0,0,0,0.0,0
sumneed01,Edmond Sumner,val,-4.07318,2022,2,0,66.0,9.478,24.912,14.9,-0.1,0.7,3.2,0.104,19.0,0.559,1.722,3.879,0.354,0.721,1.148,4,108.0,5.73,14.07,-0.5,1.9,-0.3,1.8,27,76,190,4,1.0,0,0.25,0,0,0.82,0.8,0.78,44.0,1.0,0.0,-60.406,157.844,11.438,15.0,0.82,0.8,0.78,44.0,1.0,0.0,-60.406,157.844,11.438,15.0,1.0,19.113,1,19.113,1.0,0,0,1,0,0,1,0,0,1,0,0,0,0,1,0,0,0,2,2.0,0
tateja01,Jae'Sean Tate,train,-4.300589,2020,2,0,66.0,9.478,24.912,14.9,-0.1,0.7,3.2,0.104,19.0,0.559,1.722,3.879,0.354,0.721,1.148,0,0.0,9.05,23.27,0.0,0.0,0.0,0.0,25,76,230,0,1.0,0,0.25,0,2,3.13,2.8,2.96,44.0,1.0,0.0,-42.455,124.041,2.846,15.0,3.13,2.8,2.96,44.0,1.0,0.0,-42.455,124.041,2.846,15.0,1.0,7.206,1,7.206,6.0,1,0,1,0,0,0,0,1,1,0,0,0,0,0,0,0,1,2,2.0,1
tateja01,Jae'Sean Tate,val,-2.82053,2022,3,1,78.0,11.782,26.359,14.3,-1.8,0.1,3.0,0.07,19.6,0.5673,2.846,5.385,0.526,0.923,1.782,2,148.0,11.57,27.7,0.4,6.8,0.4,6.8,27,76,230,2,1.0,0,0.25,0,1,-8.26,-8.3,-8.48,20.0,0.0,0.0,-19.652,112.769,17.808,15.0,-8.26,-8.3,-8.48,20.0,0.0,0.0,-19.652,112.769,17.808,15.0,1.0,7.206,1,7.206,6.0,0,0,1,0,0,1,0,0,1,0,0,0,1,0,0,0,0,2,2.0,1
tatumja01,Jayson Tatum,train,-1.237876,2020,5,1,66.0,23.439,34.318,20.4,4.0,3.4,6.9,0.146,28.6,0.5672,3.03,6.97,0.864,1.409,2.348,3,225.0,17.34,31.84,6.5,19.0,6.5,19.0,22,80,210,3,1.0,1,0.35,1,0,5.83,6.3,6.31,48.0,1.0,0.0,-10.007,117.6,1.547,15.0,5.83,6.3,6.31,48.0,1.0,0.0,-10.007,117.6,1.547,15.0,1.0,4.899,1,4.899,9.0,1,1,0,0,0,0,0,1,1,0,0,0,1,0,0,0,0,2,2.0,0
tatumja01,Jayson Tatum,test,-0.90119,2024,5,1,74.0,26.851,35.743,22.3,5.1,4.7,10.4,0.189,30.2,0.6041,4.919,8.122,0.581,1.014,2.541,7,513.0,23.1,34.23,24.5,56.0,14.6,30.5,26,80,210,7,1.0,1,0.35,1,0,10.75,11.6,11.34,64.0,1.0,1.0,-52.738,184.845,0.093,15.0,10.75,11.6,11.34,64.0,1.0,1.0,-52.738,184.845,0.093,15.0,1.0,4.899,1,4.899,9.0,0,1,0,0,0,0,0,1,0,1,0,0,1,0,0,0,0,2,2.0,0
taylois01,Isaiah Taylor,train,-4.866399,2016,2,0,66.0,9.478,24.912,14.9,-0.1,0.7,3.2,0.104,19.0,0.559,1.722,3.879,0.354,0.721,1.148,0,0.0,9.05,23.27,0.0,0.0,0.0,0.0,22,75,170,0,1.0,0,0.25,0,0,0.34,0.2,0.2,41.0,1.0,0.0,-18.387,75.205,13.182,15.0,0.34,0.2,0.2,41.0,1.0,0.0,-18.387,75.205,13.182,15.0,1.0,7.206,1,7.206,6.0,0,0,1,0,0,0,0,1,0,0,1,0,0,0,0,0,1,2,2.0,1
taylois01,Isaiah Taylor,train,-4.596059,2017,3,1,4.0,0.75,13.0,0.3,-7.8,-0.1,0.0,0.0,6.4,0.1904,0.75,0.75,0.25,0.25,0.0,1,4.0,0.75,13.0,-0.1,0.0,-0.1,0.0,23,75,170,0,1.0,0,0.25,0,0,5.84,5.7,5.77,55.0,1.0,0.0,3.175,87.527,3.442,15.0,5.84,5.7,5.77,55.0,1.0,0.0,3.175,87.527,3.442,15.0,1.0,7.206,1,7.206,6.0,1,0,1,0,0,1,0,0,1,0,0,0,0,1,0,0,0,2,2.0,1
taylois01,Isaiah Taylor,train,-4.207401,2017,2,1,4.0,0.75,13.0,0.3,-7.8,-0.1,0.0,0.0,6.4,0.1904,0.75,0.75,0.25,0.25,0.0,1,4.0,0.75,13.0,-0.1,0.0,-0.1,0.0,23,75,170,0,0.0,0,0.25,0,0,-1.23,-0.8,-0.85,43.0,1.0,0.0,-1.421,92.929,2.635,15.0,5.84,5.7,5.77,55.0,1.0,0.0,3.175,87.527,3.442,15.0,1.0,7.206,1,6.144,7.0,0,0,1,0,0,1,0,0,1,0,0,0,0,1,0,0,0,2,2.0,1
taylois01,Isaiah Taylor,train,-4.167903,2019,2,0,66.0,9.478,24.912,14.9,-0.1,0.7,3.2,0.104,19.0,0.559,1.722,3.879,0.354,0.721,1.148,2,71.0,6.31,17.17,-0.8,0.6,-0.8,0.6,25,75,170,2,0.0,0,0.25,0,0,5.49,6.0,6.09,58.0,1.0,1.0,-47.819,135.46,1.971,15.0,-9.39,-9.9,-9.61,19.0,0.0,0.0,-21.831,122.179,1.521,15.0,0.0,2.088,1,6.202,9.0,0,0,1,0,0,1,0,0,1,0,0,0,0,1,0,0,0,2,1.0,1
taylote01,Terry Taylor,val,-4.166121,2023,2,1,31.0,2.871,8.516,11.0,-4.1,-0.1,0.3,0.055,14.2,0.5574,0.323,1.516,0.194,0.097,0.29,2,64.0,6.36,15.28,0.1,2.7,0.1,2.7,24,77,230,1,0.0,0,0.25,0,0,1.37,1.3,1.29,40.0,0.0,0.0,-29.439,145.549,3.872,15.0,-2.91,-3.1,-3.18,35.0,0.0,0.0,1.51,110.311,11.835,15.0,0.0,2.126,1,9.441,3.0,0,0,1,0,0,1,0,0,0,1,0,0,1,0,0,0,0,2,0.0,1
teaguje01,Jeff Teague,train,-1.65162,2017,3,1,82.0,15.293,32.402,19.2,2.2,2.8,8.1,0.146,22.1,0.5744,7.793,4.024,0.39,1.22,2.634,8,600.0,12.58,26.96,12.3,41.3,7.5,21.7,29,75,195,8,0.0,0,0.3,0,1,-0.64,-1.2,-1.11,31.0,0.0,0.0,22.576,59.495,10.111,14.0,-0.64,-0.2,-0.22,42.0,1.0,0.0,0.141,85.614,8.388,15.0,0.0,2.126,0,3.703,16.0,0,0,1,0,0,0,1,0,1,0,0,0,0,1,0,0,0,1,0.0,0
teletmi01,Mirza Teletović,train,-2.19344,2016,3,1,79.0,12.215,21.342,16.2,1.3,1.4,3.8,0.108,23.4,0.5709,1.127,3.823,0.266,0.405,1.063,4,244.0,8.66,18.33,2.2,7.9,2.1,7.0,31,81,242,4,0.0,0,0.25,0,0,-3.98,-4.4,-4.18,33.0,0.0,0.0,-0.58,68.656,1.923,15.0,-6.32,-6.8,-6.66,23.0,0.0,0.0,-3.444,63.389,10.054,14.0,0.0,5.059,0,1.586,38.0,0,0,1,0,0,1,0,0,0,0,1,0,1,0,0,0,0,0,2.0,1
templga01,Garrett Temple,train,-4.104945,2014,2,1,75.0,1.84,8.507,7.8,-3.0,-0.2,0.3,0.023,14.3,0.4315,0.96,0.907,0.147,0.467,0.56,4,177.0,3.35,13.32,-0.7,1.5,-0.3,1.5,28,77,195,4,1.0,0,0.25,0,3,0.28,0.3,0.28,42.0,1.0,0.0,-12.901,92.25,0.0,15.0,0.34,0.5,0.43,42.0,1.0,0.0,-12.901,92.929,0.0,15.0,1.0,6.385,1,6.385,8.0,0,0,1,0,0,1,0,0,0,0,1,0,0,0,0,1,0,2,2.0,1
templga01,Garrett Temple,train,-2.465373,2016,3,1,80.0,7.275,24.387,9.3,-2.1,0.0,2.7,0.066,14.0,0.5196,1.75,2.65,0.225,0.863,0.8,6,309.0,4.46,16.32,-0.2,5.7,0.3,4.5,30,77,195,6,0.0,0,0.25,0,2,-2.32,-2.4,-2.48,33.0,0.0,0.0,-2.671,71.734,0.938,15.0,-0.5,-0.5,-0.5,41.0,0.0,0.0,-17.133,76.329,7.963,15.0,1.0,6.385,0,2.453,20.0,0,0,1,0,0,0,1,0,0,0,1,0,0,0,1,0,0,0,2.0,1
templga01,Garrett Temple,train,-3.081898,2021,3,1,56.0,7.554,27.286,8.2,-3.0,-0.4,1.6,0.05,13.1,0.5248,2.214,2.857,0.536,0.768,1.036,11,632.0,6.46,21.65,-0.3,15.3,-0.4,6.2,35,77,195,11,1.0,0,0.35,0,0,-0.94,-0.9,-0.89,31.0,0.0,0.0,-18.925,127.968,0.097,15.0,-0.94,-0.9,-0.89,31.0,0.0,0.0,-18.925,127.968,0.097,15.0,1.0,9.441,1,9.441,3.0,0,0,0,0,1,0,1,0,1,0,0,0,0,0,0,1,0,2,2.0,1
teodomi01,Miloš Teodosić,train,-2.779607,2017,2,0,66.0,9.478,24.912,14.9,-0.1,0.7,3.2,0.104,19.0,0.559,1.722,3.879,0.354,0.721,1.148,0,0.0,9.05,23.27,0.0,0.0,0.0,0.0,30,77,196,0,1.0,0,0.25,0,1,4.42,4.5,4.29,51.0,1.0,0.0,-23.869,113.658,1.413,15.0,4.42,4.5,4.29,51.0,1.0,0.0,-23.869,113.658,1.413,15.0,1.0,12.901,1,12.901,2.0,0,0,1,0,0,0,0,1,1,0,0,0,0,0,0,0,1,2,2.0,1
theisda01,Daniel Theis,train,-4.505304,2017,2,0,66.0,9.478,24.912,14.9,-0.1,0.7,3.2,0.104,19.0,0.559,1.722,3.879,0.354,0.721,1.148,0,0.0,9.05,23.27,0.0,0.0,0.0,0.0,25,80,245,0,1.0,0,0.25,0,0,2.25,2.8,2.63,53.0,1.0,0.0,1.108,91.485,1.55,15.0,2.25,2.8,2.63,53.0,1.0,0.0,1.108,91.485,1.55,15.0,1.0,4.899,1,4.899,9.0,0,0,1,0,0,0,0,1,1,0,0,0,0,0,0,0,1,2,2.0,1
theisda01,Daniel Theis,train,-3.083194,2019,2,1,66.0,5.667,13.758,17.0,0.0,0.5,3.5,0.185,15.8,0.6245,1.03,3.409,0.636,0.318,0.5,2,129.0,5.47,14.29,1.0,7.0,1.0,7.0,27,80,245,2,1.0,0,0.25,0,0,3.9,4.4,4.44,49.0,1.0,0.0,-26.926,125.327,0.178,15.0,3.9,4.4,4.44,49.0,1.0,0.0,-26.926,125.327,0.178,15.0,1.0,4.899,1,4.899,9.0,0,0,1,0,0,1,0,0,1,0,0,1,0,0,0,0,0,2,2.0,1
theisda01,Daniel Theis,train,-2.524964,2021,4,1,65.0,9.646,24.631,15.0,0.0,0.8,4.3,0.129,15.6,0.6094,1.662,5.477,0.877,0.631,1.015,4,259.0,7.46,19.35,3.5,17.8,3.0,14.3,29,80,245,4,1.0,0,0.25,0,0,-0.94,-0.9,-0.89,31.0,0.0,0.0,-18.925,127.968,0.097,15.0,-0.94,-0.9,-0.89,31.0,0.0,0.0,-18.925,127.968,0.097,15.0,1.0,9.441,1,9.441,3.0,0,0,0,0,1,1,0,0,1,0,0,1,0,0,0,0,0,2,2.0,1
thomais02,Isaiah Thomas,train,-2.234623,2014,4,1,72.0,20.347,34.681,20.5,3.2,3.2,7.7,0.148,26.3,0.5745,6.306,2.917,0.111,1.292,2.958,3,216.0,15.34,29.05,5.7,17.0,5.7,17.0,25,69,185,3,1.0,0,0.25,0,0,0.28,0.3,0.28,42.0,1.0,0.0,-12.901,92.25,0.0,15.0,0.34,0.5,0.43,42.0,1.0,0.0,-12.901,92.929,0.0,15.0,0.0,2.453,0,2.453,20.0,0,0,0,0,1,1,0,0,0,0,1,0,0,1,0,0,0,0,0.0,0
thomala01,Lance Thomas,train,-2.616923,2016,4,1,59.0,8.203,22.254,10.4,-3.2,-0.4,1.7,0.062,16.9,0.5571,0.898,2.22,0.119,0.373,0.966,5,227.0,5.5,18.15,-2.4,3.6,-1.8,1.2,28,80,240,5,1.0,0,0.25,0,0,-2.74,-3.0,-2.73,32.0,0.0,0.0,10.188,59.283,0.529,12.0,-2.74,-3.0,-2.73,32.0,0.0,0.0,10.188,59.283,0.529,12.0,1.0,19.113,1,19.113,1.0,0,0,1,0,0,0,1,0,0,0,1,0,1,0,0,0,0,2,2.0,1
thomama02,Matt Thomas,train,-4.356159,2019,3,0,66.0,9.478,24.912,14.9,-0.1,0.7,3.2,0.104,19.0,0.559,1.722,3.879,0.354,0.721,1.148,0,0.0,9.05,23.27,0.0,0.0,0.0,0.0,25,75,190,0,1.0,0,0.25,0,0,5.49,6.0,6.09,58.0,1.0,1.0,-47.819,135.46,1.971,15.0,5.49,6.0,6.09,58.0,1.0,1.0,-47.819,135.46,1.971,15.0,1.0,6.202,1,6.202,9.0,0,0,1,0,0,0,0,1,1,0,0,0,0,0,0,0,1,2,2.0,1
thompkl01,Klay Thompson,train,-1.400683,2014,4,1,81.0,18.37,35.407,14.3,0.8,2.0,6.7,0.112,22.6,0.5551,2.235,3.074,0.457,0.914,1.667,3,229.0,16.04,32.37,3.5,12.7,3.5,12.7,24,77,220,3,1.0,0,0.25,0,0,0.28,0.3,0.28,42.0,1.0,0.0,-12.901,92.25,0.0,15.0,0.34,0.5,0.43,42.0,1.0,0.0,-12.901,92.929,0.0,15.0,1.0,4.749,1,4.749,10.0,0,1,0,0,0,0,0,1,0,0,1,0,0,0,0,1,0,2,2.0,0
thompkl01,Klay Thompson,train,-1.055572,2019,5,1,78.0,21.538,34.0,16.6,-0.3,1.2,5.3,0.096,25.6,0.5708,2.385,3.833,0.603,1.077,1.474,8,615.0,19.5,33.07,14.1,46.8,4.1,17.3,29,77,220,8,1.0,0,0.3,0,0,6.42,6.4,6.46,57.0,1.0,0.0,-52.719,144.355,0.945,15.0,6.42,6.4,6.46,57.0,1.0,0.0,-52.719,144.355,0.945,15.0,1.0,4.749,1,4.749,10.0,0,0,1,0,0,0,1,0,1,0,0,0,0,0,0,1,0,2,2.0,0
thompkl01,Klay Thompson,test,-2.132423,2024,3,1,77.0,17.857,29.662,13.9,-0.4,0.9,3.6,0.076,24.2,0.5761,2.286,3.299,0.455,0.649,1.519,11,793.0,19.58,32.59,16.7,55.3,2.6,8.5,34,77,220,13,1.0,0,0.35,0,0,2.77,2.6,2.61,46.0,0.0,0.0,-88.827,206.815,0.0,15.0,2.77,2.6,2.61,46.0,0.0,0.0,-88.827,206.815,0.0,15.0,1.0,4.749,1,4.749,10.0,0,0,0,0,1,0,1,0,0,1,0,0,0,0,1,0,0,2,2.0,0
thomptr01,Tristan Thompson,train,-1.451214,2015,5,1,82.0,8.451,26.756,15.6,-1.2,0.4,6.8,0.149,14.0,0.5803,0.476,8.012,0.744,0.415,1.012,4,306.0,10.15,28.68,-0.6,18.8,0.4,17.7,24,81,254,4,1.0,0,0.25,0,0,4.08,4.8,4.48,53.0,1.0,0.0,-18.313,80.812,0.566,15.0,4.08,4.8,4.48,53.0,1.0,0.0,-18.313,80.812,0.566,15.0,0.0,2.088,0,2.088,19.0,0,0,1,0,0,1,0,0,0,0,1,0,1,0,0,0,0,1,1.0,0
thomptr01,Tristan Thompson,train,-2.442393,2020,2,1,57.0,12.0,30.193,16.8,-1.5,0.2,3.1,0.086,18.3,0.5404,2.105,10.123,0.877,0.579,1.807,9,619.0,9.43,28.06,1.7,43.0,0.4,8.2,29,81,254,9,0.0,0,0.3,0,0,5.83,6.3,6.31,48.0,1.0,0.0,-10.007,117.6,1.547,15.0,-7.77,-7.9,-7.89,19.0,0.0,0.0,-26.136,129.174,2.865,15.0,0.0,2.088,1,4.899,9.0,1,0,1,0,0,0,1,0,1,0,0,1,0,0,0,0,0,2,1.0,0
thorjt01,JT Thor,train,-4.215371,2021,4,0,66.0,9.478,24.912,14.9,-0.1,0.7,3.2,0.104,19.0,0.559,1.722,3.879,0.354,0.721,1.148,0,0.0,9.05,23.27,0.0,0.0,0.0,0.0,19,81,203,0,1.0,0,0.25,0,1,-1.94,-1.9,-1.93,33.0,0.0,0.0,2.006,98.277,8.857,15.0,-1.94,-1.9,-1.93,33.0,0.0,0.0,2.006,98.277,8.857,15.0,0.0,2.66,0,2.66,21.0,0,0,1,0,0,0,0,1,1,0,0,0,0,0,0,0,1,0,0.0,0
thornsi01,Sindarius Thornwell,train,-4.35967,2017,3,0,66.0,9.478,24.912,14.9,-0.1,0.7,3.2,0.104,19.0,0.559,1.722,3.879,0.354,0.721,1.148,0,0.0,9.05,23.27,0.0,0.0,0.0,0.0,23,76,215,0,1.0,0,0.25,0,0,4.42,4.5,4.29,51.0,1.0,0.0,-23.869,113.658,1.413,15.0,4.42,4.5,4.29,51.0,1.0,0.0,-23.869,113.658,1.413,15.0,1.0,12.901,1,12.901,2.0,0,0,1,0,0,0,0,1,1,0,0,0,0,0,0,0,1,2,2.0,0
thybuma01,Matisse Thybulle,val,-2.512493,2023,3,1,71.0,4.127,16.901,10.5,-0.5,0.4,2.1,0.084,10.6,0.5522,0.746,1.972,0.451,1.169,0.338,4,267.0,4.61,20.49,3.8,10.9,3.0,8.6,26,77,202,4,1.0,1,0.25,0,1,-3.96,-4.0,-4.01,33.0,0.0,0.0,-27.826,136.161,8.372,15.0,-3.96,-4.0,-4.01,33.0,0.0,0.0,-27.826,136.161,8.372,15.0,0.0,2.511,0,2.511,23.0,0,0,0,1,0,1,0,0,0,1,0,0,0,0,0,1,0,0,0.0,0
tillmxa01,Xavier Tillman Sr.,train,-4.202519,2020,4,0,66.0,9.478,24.912,14.9,-0.1,0.7,3.2,0.104,19.0,0.559,1.722,3.879,0.354,0.721,1.148,0,0.0,9.05,23.27,0.0,0.0,0.0,0.0,21,80,245,0,1.0,0,0.25,0,1,-0.91,-1.1,-1.07,34.0,0.0,0.0,-23.705,97.227,32.254,15.0,-0.91,-1.1,-1.07,34.0,0.0,0.0,-23.705,97.227,32.254,15.0,0.0,1.358,0,1.358,51.0,1,0,1,0,0,0,0,1,1,0,0,0,0,0,0,0,1,0,0.0,0
tillmxa01,Xavier Tillman Sr.,test,-4.07454,2024,2,1,54.0,5.259,18.037,12.2,-1.2,0.2,1.4,0.069,14.8,0.4718,1.426,3.907,0.815,0.944,0.63,4,227.0,5.97,17.36,2.4,10.3,1.9,7.4,25,80,245,3,1.0,0,0.25,0,0,10.75,11.6,11.34,64.0,1.0,1.0,-52.738,184.845,0.093,15.0,10.75,11.6,11.34,64.0,1.0,1.0,-52.738,184.845,0.093,15.0,1.0,4.899,1,4.899,9.0,0,0,1,0,0,1,0,0,0,1,0,0,1,0,0,0,0,2,2.0,0
tollian01,Anthony Tolliver,train,-3.045554,2014,2,1,64.0,6.141,20.281,11.0,0.0,0.6,3.2,0.118,12.4,0.6045,0.656,2.625,0.234,0.297,0.359,6,307.0,6.12,20.0,0.8,11.1,0.1,5.3,29,80,240,6,1.0,0,0.25,0,0,0.28,0.3,0.28,42.0,1.0,0.0,-12.901,92.25,0.0,15.0,0.34,0.5,0.43,42.0,1.0,0.0,-12.901,92.929,0.0,15.0,0.0,5.059,0,5.059,12.0,0,0,1,0,0,0,1,0,0,0,1,0,1,0,0,0,0,2,2.0,1
tollian01,Anthony Tolliver,train,-2.465373,2016,2,1,72.0,5.319,18.625,10.2,0.4,0.8,2.8,0.1,12.4,0.543,0.722,3.181,0.222,0.361,0.389,8,455.0,6.03,19.59,1.8,16.6,1.6,8.7,31,80,240,8,0.0,0,0.3,0,0,-2.32,-2.4,-2.48,33.0,0.0,0.0,-2.671,71.734,0.938,15.0,0.43,0.6,0.61,44.0,1.0,0.0,-5.604,66.217,9.386,14.0,0.0,4.365,0,2.453,20.0,0,0,1,0,0,0,1,0,0,0,1,0,1,0,0,0,0,0,1.0,1
toppiob01,Obi Toppin,test,-2.271685,2024,4,1,82.0,10.28,21.098,16.5,1.5,1.5,4.8,0.133,16.8,0.6766,1.561,3.902,0.524,0.573,0.841,4,283.0,7.92,16.58,3.3,12.3,3.1,10.8,26,81,220,4,1.0,0,0.25,0,0,2.75,3.0,3.05,47.0,1.0,0.0,-10.658,127.077,17.801,15.0,2.75,3.0,3.05,47.0,1.0,0.0,-10.658,127.077,17.801,15.0,0.0,2.126,0,2.126,25.0,0,0,1,0,0,1,0,0,0,1,0,0,1,0,0,0,0,0,0.0,0
townska01,Karl-Anthony Towns,train,-2.485478,2015,2,0,66.0,9.478,24.912,14.9,-0.1,0.7,3.2,0.104,19.0,0.559,1.722,3.879,0.354,0.721,1.148,0,0.0,9.05,23.27,0.0,0.0,0.0,0.0,20,84,248,0,1.0,0,0.25,0,2,-8.0,-9.3,-8.79,16.0,0.0,0.0,-5.77,64.183,3.737,16.0,-8.0,-9.3,-8.79,16.0,0.0,0.0,-5.77,64.183,3.737,16.0,0.0,3.703,0,3.703,16.0,0,0,1,0,0,0,0,1,0,0,1,0,0,0,0,0,1,1,1.0,0
townska01,Karl-Anthony Towns,train,-1.237893,2018,5,1,82.0,21.256,35.585,24.9,5.1,5.2,14.0,0.23,22.9,0.6461,2.427,12.341,1.402,0.78,1.939,3,246.0,21.57,34.86,13.1,35.0,13.1,35.0,23,84,248,3,1.0,0,0.35,1,0,2.35,2.3,2.23,47.0,1.0,0.0,-6.087,102.581,2.599,15.0,2.35,2.3,2.23,47.0,1.0,0.0,-6.087,102.581,2.599,15.0,0.0,3.703,0,3.703,16.0,0,1,0,0,0,0,0,1,1,0,0,1,0,0,0,0,0,1,1.0,0
townska01,Karl-Anthony Towns,val,-0.903478,2022,4,1,74.0,24.568,33.459,24.1,5.0,4.4,10.3,0.2,27.8,0.6404,3.635,9.824,1.122,0.973,3.054,7,482.0,23.17,34.17,28.3,66.2,10.1,20.8,27,84,248,7,1.0,1,0.35,1,0,2.53,2.6,2.63,46.0,1.0,0.0,-53.32,136.155,0.0,15.0,2.53,2.6,2.63,46.0,1.0,0.0,-53.32,136.155,0.0,15.0,0.0,3.703,0,3.703,16.0,0,1,0,0,0,0,0,1,1,0,0,1,0,0,0,0,0,1,1.0,0
trentga02,Gary Trent Jr.,train,-4.361323,2018,3,0,66.0,9.478,24.912,14.9,-0.1,0.7,3.2,0.104,19.0,0.559,1.722,3.879,0.354,0.721,1.148,0,0.0,9.05,23.27,0.0,0.0,0.0,0.0,19,77,204,0,1.0,0,0.25,0,2,2.6,2.7,2.6,49.0,1.0,0.0,-20.172,114.017,5.248,15.0,2.6,2.7,2.6,49.0,1.0,0.0,-20.172,114.017,5.248,15.0,0.0,2.511,0,2.511,23.0,0,0,1,0,0,0,0,1,1,0,0,0,0,0,0,0,1,0,0.0,0
trentga02,Gary Trent Jr.,train,-1.872639,2021,3,1,58.0,15.31,31.069,12.1,-2.3,-0.1,1.7,0.045,20.9,0.5339,1.379,2.621,0.172,0.966,0.741,3,134.0,10.96,24.22,0.3,4.0,0.3,4.0,22,77,204,3,1.0,0,0.25,0,2,-0.54,-0.5,-0.47,27.0,0.0,0.0,-34.586,121.18,6.941,15.0,-0.54,-0.5,-0.47,27.0,0.0,0.0,-34.586,121.18,6.941,15.0,1.0,6.202,1,6.202,9.0,0,0,1,0,0,1,0,0,1,0,0,0,0,0,0,1,0,2,2.0,0
trentga02,Gary Trent Jr.,test,-2.363867,2026,4,1,65.0,8.138,21.185,8.0,-5.4,-1.2,-0.1,-0.003,17.2,0.5334,1.215,1.031,0.046,0.523,0.631,8,480.0,12.97,27.24,1.5,19.0,-1.3,4.9,27,77,204,8,1.0,0,0.3,0,0,-6.12,-6.4,-6.21,32.0,0.0,0.0,-26.608,151.772,29.483,15.0,-6.12,-6.4,-6.21,32.0,0.0,0.0,-26.608,151.772,29.483,15.0,0.0,1.586,0,1.586,38.0,0,0,1,0,0,0,1,0,0,1,0,0,0,0,0,1,0,0,0.0,0
tuckepj01,P.J. Tucker,train,-2.439418,2014,3,1,81.0,9.383,30.741,13.3,1.0,1.9,6.1,0.118,14.2,0.5402,1.741,6.531,0.284,1.358,1.259,3,177.0,7.32,25.33,2.1,9.1,2.1,9.0,29,77,245,8,1.0,0,0.3,0,3,0.28,0.3,0.28,42.0,1.0,0.0,-12.901,92.25,0.0,15.0,0.34,0.5,0.43,42.0,1.0,0.0,-12.901,92.929,0.0,15.0,0.0,5.059,0,5.059,12.0,0,0,1,0,0,0,1,0,0,0,1,0,0,0,1,0,0,2,2.0,0
tuckepj01,P.J. Tucker,train,-2.519747,2017,4,1,81.0,6.667,27.605,10.5,-0.3,1.0,3.6,0.077,11.2,0.5163,1.222,5.815,0.235,1.432,0.815,6,418.0,7.66,27.85,5.0,21.1,2.9,12.0,32,77,245,11,0.0,0,0.35,0,3,5.84,5.7,5.77,55.0,1.0,0.0,3.175,87.527,3.442,15.0,3.65,4.5,4.21,51.0,1.0,0.0,-17.634,108.689,0.206,16.0,1.0,6.202,1,7.206,6.0,0,0,1,0,0,0,1,0,1,0,0,0,0,0,1,0,0,2,2.0,0
tuckepj01,P.J. Tucker,train,-2.751586,2021,2,1,52.0,3.712,26.077,5.5,-4.1,-0.7,1.0,0.035,7.2,0.5097,1.173,3.923,0.385,0.75,0.769,10,706.0,7.08,29.1,5.9,35.0,0.4,10.0,36,77,245,15,0.0,1,0.35,0,3,-0.06,0.0,0.03,40.0,1.0,0.0,-26.432,126.767,5.565,15.0,5.57,5.8,5.89,46.0,1.0,1.0,-24.084,126.409,6.815,15.0,0.0,1.586,0,6.266,18.0,0,0,1,0,0,0,1,0,1,0,0,0,1,0,0,0,0,1,0.0,0
tuckepj01,P.J. Tucker,val,-2.4196,2022,3,1,71.0,7.592,27.901,11.3,0.6,1.3,5.0,0.121,11.7,0.5925,2.099,5.451,0.211,0.817,0.93,11,777.0,7.12,28.99,7.2,40.0,0.7,10.0,37,77,245,16,0.0,1,0.35,0,2,2.57,2.7,2.61,51.0,1.0,0.0,-44.015,145.134,0.116,15.0,4.23,4.6,4.45,53.0,1.0,0.0,-26.391,130.081,5.386,15.0,0.0,6.266,1,6.228,5.0,0,0,1,0,0,0,1,0,1,0,0,0,1,0,0,0,0,2,1.0,0
turneev01,Evan Turner,train,-2.935206,2014,2,1,81.0,13.963,30.333,12.4,-3.3,-0.8,1.4,0.027,23.2,0.4977,3.235,5.037,0.086,0.827,2.333,4,306.0,11.11,28.95,-0.9,8.2,-0.8,5.9,26,78,220,4,1.0,0,0.25,0,0,0.28,0.3,0.28,42.0,1.0,0.0,-12.901,92.25,0.0,15.0,0.34,0.5,0.43,42.0,1.0,0.0,-12.901,92.929,0.0,15.0,1.0,4.899,1,4.899,9.0,0,0,1,0,0,0,1,0,0,0,1,0,0,0,1,0,0,2,2.0,0
turneev01,Evan Turner,train,-1.682614,2016,4,1,81.0,10.543,28.037,13.6,0.0,1.1,4.0,0.085,18.8,0.5134,4.432,4.901,0.346,0.988,2.086,6,469.0,10.73,28.55,0.8,14.7,0.9,7.9,28,78,220,6,0.0,0,0.25,0,0,0.98,0.8,0.83,44.0,1.0,0.0,3.438,48.302,14.185,15.0,2.84,3.2,3.21,48.0,1.0,0.0,-9.442,58.25,18.916,15.0,1.0,4.899,0,2.511,23.0,0,0,1,0,0,0,1,0,0,0,1,0,0,0,0,1,0,0,2.0,0
turnemy01,Myles Turner,train,-3.368868,2015,2,0,66.0,9.478,24.912,14.9,-0.1,0.7,3.2,0.104,19.0,0.559,1.722,3.879,0.354,0.721,1.148,0,0.0,9.05,23.27,0.0,0.0,0.0,0.0,19,83,250,0,1.0,0,0.25,0,2,-0.23,0.3,0.28,38.0,0.0,0.0,-12.934,74.799,0.0,15.0,-0.23,0.3,0.28,38.0,0.0,0.0,-12.934,74.799,0.0,15.0,0.0,2.126,0,2.126,25.0,0,0,1,0,0,0,0,1,0,0,1,0,0,0,0,0,1,0,0.0,0
turnemy01,Myles Turner,train,-1.696899,2018,4,1,65.0,12.738,28.246,16.6,-0.2,0.8,4.7,0.123,20.0,0.5674,1.338,6.415,1.815,0.585,1.477,3,206.0,12.72,27.88,2.9,15.8,2.9,15.8,22,83,250,3,1.0,0,0.25,0,0,1.18,1.4,1.38,48.0,1.0,0.0,5.431,90.081,3.581,15.0,1.18,1.4,1.38,48.0,1.0,0.0,5.431,90.081,3.581,15.0,0.0,2.126,0,2.126,25.0,0,1,0,0,0,0,0,1,1,0,0,1,0,0,0,0,0,0,0.0,0
turnemy01,Myles Turner,test,-1.737377,2025,4,1,72.0,15.556,30.194,16.1,0.4,1.3,4.7,0.104,20.7,0.6115,1.542,6.542,2.0,0.75,1.708,10,642.0,14.07,28.74,13.0,48.6,4.7,15.9,29,83,250,10,0.0,1,0.35,0,0,2.12,2.5,2.48,48.0,1.0,0.0,-55.158,183.221,0.0,15.0,1.68,2.2,2.23,50.0,1.0,0.0,-30.645,166.84,2.531,15.0,0.0,2.126,0,1.586,38.0,0,0,1,0,0,0,1,0,0,1,0,1,0,0,0,0,0,0,0.0,0
tysonhu01,Hunter Tyson,val,-4.265706,2023,4,0,66.0,9.478,24.912,14.9,-0.1,0.7,3.2,0.104,19.0,0.559,1.722,3.879,0.354,0.721,1.148,0,0.0,9.05,23.27,0.0,0.0,0.0,0.0,23,80,215,0,1.0,0,0.25,0,0,3.04,3.4,3.33,53.0,1.0,1.0,-45.946,160.688,0.0,15.0,3.04,3.4,3.33,53.0,1.0,1.0,-45.946,160.688,0.0,15.0,0.0,3.038,0,3.038,17.0,0,0,1,0,0,0,0,1,0,1,0,0,0,0,0,0,1,1,1.0,0
udohek01,Ekpe Udoh,train,-3.417404,2017,2,0,66.0,9.478,24.912,14.9,-0.1,0.7,3.2,0.104,19.0,0.559,1.722,3.879,0.354,0.721,1.148,5,270.0,3.97,16.9,-0.8,5.8,0.0,0.3,30,82,245,7,0.0,0,0.3,0,0,4.0,4.3,3.94,51.0,1.0,0.0,13.645,80.223,0.275,15.0,4.0,4.3,3.94,51.0,1.0,0.0,13.645,80.223,0.275,15.0,0.0,1.266,0,1.266,28.0,0,0,1,0,0,0,1,0,1,0,0,1,0,0,0,0,0,0,0.0,0
udrihbe01,Beno Udrih,train,-3.390394,2014,2,1,41.0,4.878,15.683,12.7,-1.8,0.0,0.8,0.06,17.2,0.523,2.829,1.439,0.098,0.561,1.146,9,589.0,9.24,24.24,3.0,23.0,0.2,4.4,32,75,205,10,1.0,0,0.35,0,0,0.28,0.3,0.28,42.0,1.0,0.0,-12.901,92.25,0.0,15.0,0.34,0.5,0.43,42.0,1.0,0.0,-12.901,92.929,0.0,15.0,0.0,1.358,0,1.358,51.0,0,0,1,0,0,0,1,0,0,0,1,0,0,0,0,1,0,0,0.0,0
ulisty01,Tyler Ulis,train,-4.544815,2016,4,0,66.0,9.478,24.912,14.9,-0.1,0.7,3.2,0.104,19.0,0.559,1.722,3.879,0.354,0.721,1.148,0,0.0,9.05,23.27,0.0,0.0,0.0,0.0,20,70,160,0,1.0,0,0.25,0,0,-6.32,-6.8,-6.66,23.0,0.0,0.0,-3.444,63.389,10.054,14.0,-6.32,-6.8,-6.66,23.0,0.0,0.0,-3.444,63.389,10.054,14.0,0.0,5.059,0,5.059,12.0,0,0,1,0,0,0,0,1,0,0,1,0,0,0,0,0,1,2,2.0,0
valanjo01,Jonas Valančiūnas,train,-1.984581,2019,3,1,49.0,15.571,22.265,24.4,2.7,1.3,4.2,0.185,28.5,0.6159,1.429,8.551,1.082,0.388,1.837,7,489.0,12.07,25.16,7.8,45.4,4.4,19.7,27,83,265,7,1.0,0,0.3,0,0,-2.08,-2.7,-2.6,33.0,0.0,0.0,-22.346,119.619,2.419,16.0,-2.08,-2.7,-2.6,33.0,0.0,0.0,-22.346,119.619,2.419,16.0,0.0,1.358,0,1.358,51.0,0,0,1,0,0,0,1,0,1,0,0,1,0,0,0,0,0,0,0.0,0
valanjo01,Jonas Valančiūnas,train,-2.104789,2021,2,1,62.0,17.065,28.306,24.4,3.0,2.2,7.8,0.213,22.4,0.6356,1.806,12.516,0.919,0.565,1.613,9,621.0,12.89,25.61,12.0,60.2,5.5,19.0,29,83,265,9,0.0,0,0.35,0,0,-0.2,-0.3,-0.29,31.0,0.0,0.0,-23.476,131.562,1.054,15.0,1.07,1.0,1.03,38.0,1.0,0.0,-25.105,96.358,34.646,15.0,0.0,1.358,0,1.29,50.0,0,1,0,0,0,0,0,1,1,0,0,1,0,0,0,0,0,0,0.0,0
valanjo01,Jonas Valančiūnas,test,-2.633298,2024,3,1,82.0,12.22,23.476,19.8,1.2,1.6,7.1,0.177,20.8,0.6191,2.11,8.793,0.829,0.39,1.354,12,856.0,13.36,25.74,16.6,80.4,4.6,20.2,32,83,265,12,1.0,0,0.35,0,0,4.46,4.5,4.41,49.0,1.0,0.0,-40.949,164.657,0.245,15.0,4.46,4.5,4.41,49.0,1.0,0.0,-40.949,164.657,0.245,15.0,0.0,1.29,0,1.29,50.0,0,0,0,0,1,0,1,0,0,1,0,1,0,0,0,0,0,0,0.0,0
valende01,Denzel Valentine,train,-3.997058,2021,2,1,62.0,6.548,16.71,10.1,-2.7,-0.2,0.7,0.032,19.5,0.4794,1.694,3.177,0.113,0.484,0.677,4,232.0,7.44,19.81,0.2,4.3,0.0,1.2,28,76,220,5,0.0,0,0.25,0,0,-8.19,-8.6,-8.44,22.0,0.0,0.0,-17.387,95.789,30.739,15.0,-0.94,-0.9,-0.89,31.0,0.0,0.0,-18.925,127.968,0.097,15.0,1.0,9.441,0,2.088,19.0,0,0,1,0,0,0,1,0,1,0,0,0,0,0,0,1,0,1,2.0,0
vandeja01,Jarred Vanderbilt,train,-4.361323,2018,3,0,66.0,9.478,24.912,14.9,-0.1,0.7,3.2,0.104,19.0,0.559,1.722,3.879,0.354,0.721,1.148,0,0.0,9.05,23.27,0.0,0.0,0.0,0.0,19,80,214,0,1.0,0,0.25,0,0,1.57,1.5,1.48,46.0,0.0,0.0,-7.422,101.779,4.736,16.0,1.57,1.5,1.48,46.0,0.0,0.0,-7.422,101.779,4.736,16.0,0.0,3.038,0,3.038,17.0,0,0,1,0,0,0,0,1,1,0,0,0,0,0,0,0,1,1,1.0,0
vandeja01,Jarred Vanderbilt,train,-3.246663,2021,3,1,64.0,5.375,17.797,16.2,-0.1,0.5,3.1,0.131,12.3,0.6124,1.188,5.75,0.719,1.0,0.828,3,92.0,4.13,13.63,0.4,3.2,0.4,3.2,22,80,214,2,1.0,0,0.25,0,0,-5.25,-5.5,-5.56,23.0,0.0,0.0,-50.055,128.98,0.685,14.0,-5.25,-5.5,-5.56,23.0,0.0,0.0,-50.055,128.98,0.685,14.0,0.0,3.703,0,3.703,16.0,0,0,1,0,0,1,0,0,1,0,0,0,1,0,0,0,0,1,1.0,0
vandeja01,Jarred Vanderbilt,val,-2.460927,2023,4,1,78.0,7.936,24.09,15.1,1.1,1.5,5.2,0.133,13.6,0.6043,2.359,7.462,0.269,1.064,1.244,5,244.0,6.19,20.55,3.0,14.4,3.1,14.3,24,80,214,4,1.0,0,0.25,0,0,0.43,0.6,0.57,43.0,1.0,0.0,-56.412,164.963,2.45,15.0,0.43,0.6,0.57,43.0,1.0,0.0,-56.412,164.963,2.45,15.0,1.0,12.901,1,12.901,2.0,0,1,0,0,0,0,0,1,0,1,0,0,1,0,0,0,0,2,2.0,0
vanvlfr01,Fred VanVleet,train,-4.866399,2016,2,0,66.0,9.478,24.912,14.9,-0.1,0.7,3.2,0.104,19.0,0.559,1.722,3.879,0.354,0.721,1.148,0,0.0,9.05,23.27,0.0,0.0,0.0,0.0,22,72,197,0,1.0,0,0.25,0,4,4.08,4.8,4.5,56.0,1.0,0.0,-4.217,71.218,1.097,15.0,4.08,4.8,4.5,56.0,1.0,0.0,-4.217,71.218,1.097,15.0,1.0,6.202,1,6.202,9.0,0,0,1,0,0,0,0,1,0,0,1,0,0,0,0,0,1,2,2.0,1
vanvlfr01,Fred VanVleet,train,-2.426463,2018,2,1,76.0,8.632,20.0,15.9,2.4,1.7,4.7,0.148,19.1,0.5565,3.197,2.421,0.25,0.895,0.974,2,113.0,6.75,16.05,1.7,4.9,1.7,4.9,24,72,197,2,1.0,0,0.25,0,4,7.29,7.9,7.78,59.0,1.0,0.0,-20.863,115.391,1.192,15.0,7.29,7.9,7.78,59.0,1.0,0.0,-20.863,115.391,1.192,15.0,1.0,6.202,1,6.202,9.0,0,0,1,0,0,1,0,0,1,0,0,0,0,1,0,0,0,2,2.0,1
vanvlfr01,Fred VanVleet,train,-1.636275,2020,4,1,54.0,17.63,35.704,16.3,2.7,2.3,5.8,0.144,21.7,0.5534,6.611,3.759,0.315,1.852,2.241,4,231.0,10.46,23.82,5.1,15.0,5.1,14.8,26,72,197,4,1.0,0,0.25,0,4,5.97,6.1,6.24,53.0,1.0,0.0,-33.161,123.954,1.2,15.0,5.97,6.1,6.24,53.0,1.0,0.0,-33.161,123.954,1.2,15.0,1.0,6.202,1,6.202,9.0,1,0,1,0,0,1,0,0,1,0,0,0,0,0,0,1,0,2,2.0,1
vanvlfr01,Fred VanVleet,val,-1.155493,2023,3,1,69.0,19.348,36.739,17.0,2.5,2.9,6.5,0.123,23.2,0.5398,7.174,4.058,0.551,1.783,2.029,7,417.0,14.6,29.73,13.7,32.5,8.6,17.5,29,72,197,7,0.0,0,0.3,0,3,-7.62,-7.9,-7.85,22.0,0.0,0.0,-14.642,48.379,88.279,15.0,1.59,1.5,1.48,41.0,0.0,0.0,-25.605,144.097,5.164,15.0,1.0,6.202,1,7.206,6.0,0,0,1,0,0,0,1,0,0,1,0,0,0,1,0,0,0,2,2.0,1
vanvlfr01,Fred VanVleet,test,-1.822269,2025,2,1,60.0,14.067,35.183,12.8,0.9,1.5,5.2,0.118,17.7,0.5151,5.55,3.683,0.417,1.567,1.45,9,550.0,14.92,31.26,18.8,46.1,8.0,20.1,31,72,197,9,1.0,1,0.3,0,1,4.97,4.5,4.51,52.0,1.0,0.0,-32.908,161.553,7.768,15.0,4.97,4.5,4.51,52.0,1.0,0.0,-32.908,161.553,7.768,15.0,1.0,7.206,1,7.206,6.0,0,0,1,0,0,0,1,0,0,1,0,0,0,1,0,0,0,2,2.0,1
varejan01,Anderson Varejão,train,-1.94591,2014,3,1,65.0,8.4,27.692,17.0,1.4,1.6,5.4,0.144,14.6,0.5266,2.154,9.677,0.6,1.062,1.108,9,480.0,8.09,27.01,8.1,40.4,3.5,10.8,32,83,273,10,1.0,0,0.35,0,0,0.28,0.3,0.28,42.0,1.0,0.0,-12.901,92.25,0.0,15.0,0.34,0.5,0.43,42.0,1.0,0.0,-12.901,92.929,0.0,15.0,0.0,2.088,0,2.088,19.0,0,1,0,0,0,0,0,1,0,0,1,1,0,0,0,0,0,1,1.0,0
vassede01,Devin Vassell,val,-1.649997,2023,5,1,38.0,18.5,31.0,15.5,0.4,0.7,1.2,0.049,24.4,0.5501,3.579,3.895,0.447,1.132,1.5,3,171.0,11.2,24.39,1.5,6.0,1.5,6.0,23,77,200,3,1.0,0,0.25,0,0,-9.82,-9.8,-10.04,22.0,0.0,0.0,22.006,70.878,30.771,15.0,-9.82,-9.8,-10.04,22.0,0.0,0.0,22.006,70.878,30.771,15.0,0.0,2.602,0,2.602,31.0,0,1,0,0,0,0,0,1,0,1,0,0,0,0,0,1,0,0,0.0,0
vaughra01,Rashad Vaughn,train,-3.677516,2015,2,0,66.0,9.478,24.912,14.9,-0.1,0.7,3.2,0.104,19.0,0.559,1.722,3.879,0.354,0.721,1.148,0,0.0,9.05,23.27,0.0,0.0,0.0,0.0,19,78,210,0,1.0,0,0.25,0,3,-0.09,0.5,0.43,41.0,1.0,0.0,7.951,44.56,10.554,16.0,-0.09,0.5,0.43,41.0,1.0,0.0,7.951,44.56,10.554,16.0,0.0,1.586,0,1.586,38.0,0,0,1,0,0,0,0,1,0,0,1,0,0,0,0,0,1,0,0.0,0
vezenal01,Sasha Vezenkov,val,-3.01719,2023,3,0,66.0,9.478,24.912,14.9,-0.1,0.7,3.2,0.104,19.0,0.559,1.722,3.879,0.354,0.721,1.148,0,0.0,9.05,23.27,0.0,0.0,0.0,0.0,28,80,225,0,1.0,0,0.25,0,0,2.3,2.6,2.65,48.0,1.0,0.0,-31.16,134.31,2.919,15.0,2.3,2.6,2.65,48.0,1.0,0.0,-31.16,134.31,2.919,15.0,0.0,2.453,0,2.453,20.0,0,0,1,0,0,0,1,0,0,1,0,0,0,0,0,0,1,0,0.0,0
vincega01,Gabe Vincent,train,-4.168303,2021,2,1,50.0,4.84,13.1,7.6,-5.4,-0.6,0.2,0.015,19.1,0.4977,1.34,1.12,0.04,0.42,0.68,2,59.0,4.47,12.51,-0.8,0.0,-0.8,0.0,25,74,200,1,1.0,0,0.25,0,0,-0.06,0.0,0.03,40.0,1.0,0.0,-26.432,126.767,5.565,15.0,-0.06,0.0,0.03,40.0,1.0,0.0,-26.432,126.767,5.565,15.0,0.0,6.266,0,6.266,18.0,0,0,1,0,0,1,0,0,1,0,0,0,0,1,0,0,0,1,1.0,1
vincega01,Gabe Vincent,val,-2.514914,2023,3,1,68.0,9.426,25.868,9.0,-3.4,-0.6,1.4,0.038,17.5,0.533,2.456,2.132,0.074,0.912,1.353,4,195.0,7.67,20.95,-1.2,3.9,-1.0,4.1,27,74,200,3,0.0,0,0.25,0,0,0.43,0.6,0.57,43.0,1.0,0.0,-56.412,164.963,2.45,15.0,-0.13,-0.3,-0.32,44.0,1.0,0.0,-29.111,149.035,0.058,15.0,0.0,6.266,1,12.901,2.0,0,0,1,0,0,1,0,0,0,1,0,0,0,1,0,0,0,2,1.0,1
vonleno01,Noah Vonleh,train,-3.196377,2014,2,0,66.0,9.478,24.912,14.9,-0.1,0.7,3.2,0.104,19.0,0.559,1.722,3.879,0.354,0.721,1.148,0,0.0,9.05,23.27,0.0,0.0,0.0,0.0,19,82,257,0,1.0,0,0.25,0,2,0.28,0.3,0.28,42.0,1.0,0.0,-12.901,92.25,0.0,15.0,0.34,0.5,0.43,42.0,1.0,0.0,-12.901,92.929,0.0,15.0,0.0,2.66,0,2.66,21.0,0,0,1,0,0,0,0,1,0,0,1,0,0,0,0,0,1,0,0.0,0
vucevni01,Nikola Vučević,train,-1.664498,2014,4,1,57.0,14.228,31.789,18.8,0.1,1.0,4.4,0.117,21.8,0.5362,1.825,10.982,0.825,1.053,1.965,3,185.0,11.36,28.02,1.9,11.9,1.9,11.9,24,81,260,3,1.0,0,0.25,0,0,0.28,0.3,0.28,42.0,1.0,0.0,-12.901,92.25,0.0,15.0,0.34,0.5,0.43,42.0,1.0,0.0,-12.901,92.929,0.0,15.0,0.0,2.673,0,2.673,15.0,0,1,0,0,0,0,0,1,0,0,1,1,0,0,0,0,0,1,1.0,0
vucevni01,Nikola Vučević,train,-1.473756,2019,4,1,80.0,20.812,31.375,25.5,6.6,5.5,10.1,0.193,28.0,0.5726,3.837,12.0,1.113,1.012,1.988,8,536.0,15.69,30.05,15.1,41.8,9.4,17.7,29,81,260,8,1.0,0,0.3,0,0,0.28,0.8,0.71,42.0,1.0,0.0,-15.892,112.687,1.984,15.0,0.28,0.8,0.71,42.0,1.0,0.0,-15.892,112.687,1.984,15.0,0.0,2.673,0,2.673,15.0,0,0,1,0,0,0,1,0,1,0,0,1,0,0,0,0,0,1,1.0,0
wadede01,Dean Wade,val,-3.093651,2022,3,1,51.0,5.275,19.216,10.1,-0.6,0.4,2.3,0.113,11.1,0.5843,1.02,2.941,0.137,0.569,0.314,3,126.0,5.28,17.96,0.6,4.5,0.6,4.5,26,81,228,3,1.0,0,0.25,0,0,2.04,2.2,2.12,44.0,0.0,0.0,-20.724,129.666,3.472,15.0,2.04,2.2,2.12,44.0,0.0,0.0,-20.724,129.666,3.472,15.0,0.0,2.088,0,2.088,19.0,0,1,0,0,0,0,0,1,1,0,0,0,1,0,0,0,0,1,1.0,1
wadede01,Dean Wade,test,-2.86691,2026,4,1,59.0,5.797,22.339,10.9,0.2,0.7,3.1,0.113,9.9,0.5802,1.492,4.186,0.39,0.746,0.271,7,342.0,5.33,19.98,2.9,14.9,2.0,8.6,30,81,228,7,0.0,0,0.3,0,0,-0.27,-0.1,-0.18,45.0,1.0,0.0,-45.251,192.382,1.124,15.0,3.78,4.1,4.11,52.0,1.0,0.0,-71.535,211.98,0.425,15.0,0.0,2.088,1,6.228,5.0,0,0,1,0,0,0,1,0,0,1,0,0,1,0,0,0,0,2,1.0,1
wadedw01,Dwyane Wade,train,-1.399302,2014,2,1,54.0,19.037,32.87,22.0,2.9,2.2,5.5,0.149,27.9,0.5878,4.667,4.463,0.537,1.463,2.981,9,581.0,25.19,36.54,47.9,89.8,10.0,22.8,32,76,220,11,1.0,1,0.35,0,1,0.28,0.3,0.28,42.0,1.0,0.0,-12.901,92.25,0.0,15.0,0.34,0.5,0.43,42.0,1.0,0.0,-12.901,92.929,0.0,15.0,0.0,6.266,0,6.266,18.0,0,0,1,0,0,0,1,0,0,0,1,0,0,0,0,1,0,1,1.0,0
wadedw01,Dwyane Wade,train,-1.387814,2016,2,1,74.0,19.041,30.514,20.3,1.9,2.2,4.9,0.104,31.6,0.5174,4.649,4.081,0.568,1.068,2.743,11,717.0,24.23,35.51,52.2,98.2,6.5,13.9,34,76,220,13,0.0,0,0.35,0,1,-1.46,-1.5,-1.48,42.0,0.0,0.0,-32.184,101.851,0.333,18.0,1.5,1.7,1.65,48.0,1.0,0.0,-14.62,82.539,2.08,15.0,0.0,6.266,1,9.441,3.0,0,0,1,0,0,0,1,0,0,0,1,0,0,0,0,1,0,2,1.0,0
wagnemo01,Moritz Wagner,train,-4.134402,2021,2,1,45.0,6.889,16.044,12.5,-2.6,-0.1,1.2,0.08,18.1,0.5799,1.111,3.244,0.4,0.578,0.956,3,133.0,6.84,15.06,-0.5,3.1,-0.5,3.1,24,83,245,3,1.0,0,0.25,0,2,-9.02,-9.4,-9.31,21.0,0.0,0.0,-9.758,109.369,4.842,15.0,-9.02,-9.4,-9.31,21.0,0.0,0.0,-9.758,109.369,4.842,15.0,0.0,2.673,0,2.673,15.0,0,0,1,0,0,1,0,0,1,0,0,1,0,0,0,0,0,1,1.0,0
wagnemo01,Moritz Wagner,val,-2.833368,2023,2,1,57.0,10.526,19.456,17.4,0.6,0.7,3.4,0.147,21.1,0.6301,1.474,4.544,0.228,0.649,1.193,5,253.0,8.2,16.09,1.1,9.3,1.5,7.4,26,83,245,5,1.0,0,0.25,0,2,-2.39,-2.6,-2.56,34.0,0.0,0.0,-16.146,99.162,25.994,15.0,-2.39,-2.6,-2.56,34.0,0.0,0.0,-16.146,99.162,25.994,15.0,0.0,2.673,0,2.673,15.0,0,0,1,0,0,0,1,0,0,1,0,1,0,0,0,0,0,1,1.0,0
wagnemo01,Moritz Wagner,test,-2.547938,2024,2,1,80.0,10.85,17.688,20.6,2.0,1.4,5.6,0.19,22.8,0.6763,1.2,4.338,0.263,0.487,1.212,6,333.0,8.83,16.48,2.5,14.9,3.0,11.8,27,83,245,6,1.0,0,0.25,0,1,1.48,2.1,2.02,47.0,1.0,0.0,-3.335,130.964,0.0,15.0,1.48,2.1,2.02,47.0,1.0,0.0,-3.335,130.964,0.0,15.0,0.0,2.673,0,2.673,15.0,0,0,1,0,0,0,1,0,0,1,0,1,0,0,0,0,0,1,1.0,0
wagnemo01,Moritz Wagner,test,-2.914538,2026,2,1,36.0,6.861,11.861,15.3,-2.2,0.0,0.9,0.101,24.3,0.5448,0.75,3.194,0.056,0.417,0.528,8,399.0,8.96,16.24,3.4,17.8,2.3,8.5,29,83,245,8,0.0,0,0.3,0,0,-9.7,-10.3,-9.99,20.0,0.0,0.0,3.687,126.082,24.878,15.0,0.81,0.6,0.63,45.0,1.0,0.0,-39.417,187.67,0.0,15.0,0.0,2.673,1,19.113,1.0,0,0,1,0,0,0,1,0,0,1,0,1,0,0,0,0,0,2,1.0,0
wainris01,Ish Wainright,train,-4.503053,2021,2,0,66.0,9.478,24.912,14.9,-0.1,0.7,3.2,0.104,19.0,0.559,1.722,3.879,0.354,0.721,1.148,0,0.0,9.05,23.27,0.0,0.0,0.0,0.0,27,77,250,0,0.0,0,0.25,0,1,-0.54,-0.5,-0.47,27.0,0.0,0.0,-34.586,121.18,6.941,15.0,5.67,5.9,5.82,51.0,1.0,0.0,-21.146,126.33,0.785,15.0,0.0,5.059,1,6.202,9.0,0,0,1,0,0,0,0,1,1,0,0,0,0,0,0,0,1,2,2.0,1
waitedi01,Dion Waiters,train,-3.457938,2016,2,1,78.0,9.769,27.59,9.4,-2.8,-0.4,2.1,0.047,17.7,0.4916,1.974,2.59,0.192,1.038,1.538,4,289.0,12.83,28.33,-0.9,5.7,-0.8,4.8,25,75,215,4,0.0,0,0.25,0,1,1.5,1.7,1.65,48.0,1.0,0.0,-14.62,82.539,2.08,15.0,7.09,7.5,7.28,55.0,1.0,0.0,-24.713,93.765,0.0,15.0,0.0,1.435,0,6.266,18.0,0,0,1,0,0,0,1,0,0,0,1,0,0,0,0,1,0,1,0.0,0
waitedi01,Dion Waiters,train,-2.031109,2017,4,1,46.0,15.848,30.087,14.5,-0.1,0.7,1.6,0.055,26.3,0.507,4.348,3.326,0.435,0.913,2.239,5,335.0,13.25,28.57,-0.2,7.3,-0.4,4.8,26,75,215,5,1.0,0,0.25,0,0,0.77,1.1,1.06,41.0,0.0,0.0,-7.677,96.524,5.297,15.0,0.77,1.1,1.06,41.0,0.0,0.0,-7.677,96.524,5.297,15.0,0.0,6.266,0,6.266,18.0,0,0,1,0,0,0,1,0,1,0,0,0,0,0,0,1,0,1,1.0,0
walkeja01,Jabari Walker,val,-4.35586,2022,3,0,66.0,9.478,24.912,14.9,-0.1,0.7,3.2,0.104,19.0,0.559,1.722,3.879,0.354,0.721,1.148,0,0.0,9.05,23.27,0.0,0.0,0.0,0.0,20,79,237,0,1.0,0,0.25,0,0,-8.55,-9.1,-8.88,27.0,0.0,0.0,-17.113,115.071,7.135,15.0,-8.55,-9.1,-8.88,27.0,0.0,0.0,-17.113,115.071,7.135,15.0,0.0,2.511,0,2.511,23.0,0,0,1,0,0,0,0,1,1,0,0,0,0,0,0,0,1,0,0.0,0
walkeke02,Kemba Walker,train,-1.763589,2014,4,1,73.0,17.658,35.808,16.8,1.7,2.4,5.1,0.094,25.8,0.4991,6.123,4.192,0.438,1.178,2.315,3,221.0,16.03,32.87,5.4,10.2,5.4,10.2,24,72,184,3,1.0,0,0.25,0,0,0.28,0.3,0.28,42.0,1.0,0.0,-12.901,92.25,0.0,15.0,0.34,0.5,0.43,42.0,1.0,0.0,-12.901,92.929,0.0,15.0,0.0,2.66,0,2.66,21.0,0,1,0,0,0,0,0,1,0,0,1,0,0,1,0,0,0,0,0.0,0
walkeke02,Kemba Walker,train,-1.131656,2019,4,1,82.0,25.634,34.915,21.7,4.2,4.4,7.4,0.124,31.5,0.5584,5.902,4.402,0.415,1.244,2.573,8,605.0,19.85,34.06,24.8,48.7,12.8,24.1,29,72,184,8,1.0,1,0.3,0,0,-1.32,-1.1,-1.1,39.0,0.0,0.0,-22.803,121.81,0.0,15.0,-1.32,-1.1,-1.1,39.0,0.0,0.0,-22.803,121.81,0.0,15.0,0.0,2.66,0,2.66,21.0,0,0,0,0,1,0,1,0,1,0,0,0,0,1,0,0,0,0,0.0,0
walkeke02,Kemba Walker,train,-2.531094,2021,2,1,43.0,19.279,31.837,17.7,2.1,1.4,3.3,0.116,26.1,0.559,4.93,3.953,0.279,1.116,2.047,10,704.0,19.86,33.69,29.1,57.9,8.7,16.6,31,72,184,10,0.0,0,0.35,0,0,2.13,2.4,2.31,41.0,1.0,0.0,7.17,81.511,20.459,15.0,1.32,1.5,1.46,36.0,1.0,0.0,-21.628,127.474,3.294,15.0,1.0,4.899,1,19.113,1.0,0,0,1,0,0,0,1,0,1,0,0,0,0,1,0,0,0,2,2.0,0
wallaty01,Tyrone Wallace,train,-4.241832,2018,2,1,30.0,9.7,28.367,10.1,-3.5,-0.3,0.7,0.039,16.6,0.5172,2.367,3.5,0.433,0.9,1.533,1,30.0,9.7,28.37,-0.3,0.7,-0.3,0.7,24,77,198,0,1.0,0,0.25,0,0,0.15,0.1,0.04,42.0,0.0,0.0,-19.724,116.142,2.675,15.0,0.15,0.1,0.04,42.0,0.0,0.0,-19.724,116.142,2.675,15.0,1.0,12.901,1,12.901,2.0,0,0,0,1,0,1,0,0,1,0,0,0,0,1,0,0,0,2,2.0,0
walljo01,John Wall,train,-1.313426,2013,5,1,49.0,18.49,32.694,20.8,3.9,2.4,4.5,0.135,29.3,0.5209,7.612,4.0,0.755,1.327,3.204,3,184.0,16.92,35.84,4.8,10.2,4.8,10.2,23,75,210,3,1.0,0,0.25,0,1,0.28,0.3,0.28,42.0,1.0,0.0,-12.901,92.25,0.0,15.0,0.34,0.5,0.43,42.0,1.0,0.0,-12.901,92.929,0.0,15.0,1.0,6.385,1,6.385,8.0,0,1,0,0,0,0,0,1,0,0,1,0,0,1,0,0,0,2,2.0,0
walljo01,John Wall,train,-0.868318,2017,4,1,78.0,23.141,36.359,23.2,4.7,4.8,8.8,0.149,30.6,0.5414,10.654,4.179,0.628,2.013,4.128,7,500.0,18.84,36.06,21.1,40.4,12.7,22.3,27,75,210,7,1.0,0,0.35,1,1,1.36,1.9,1.8,49.0,1.0,0.0,-8.195,100.786,1.552,15.0,1.36,1.9,1.8,49.0,1.0,0.0,-8.195,100.786,1.552,15.0,1.0,6.385,1,6.385,8.0,0,1,0,0,0,0,0,1,1,0,0,0,0,1,0,0,0,2,2.0,0
walljo01,John Wall,val,-2.924383,2022,2,0,66.0,9.478,24.912,14.9,-0.1,0.7,3.2,0.104,19.0,0.559,1.722,3.879,0.354,0.721,1.148,10,613.0,19.09,35.62,24.1,44.1,0.4,-0.2,32,75,210,12,0.0,0,0.35,0,0,0.09,0.0,0.02,42.0,0.0,0.0,-53.748,164.493,1.669,15.0,-8.26,-8.3,-8.48,20.0,0.0,0.0,-19.652,112.769,17.808,15.0,1.0,7.206,1,12.901,2.0,0,0,1,0,0,0,1,0,1,0,0,0,0,1,0,0,0,2,2.0,0
walshjo01,Jordan Walsh,val,-4.265706,2023,4,0,66.0,9.478,24.912,14.9,-0.1,0.7,3.2,0.104,19.0,0.559,1.722,3.879,0.354,0.721,1.148,0,0.0,9.05,23.27,0.0,0.0,0.0,0.0,19,78,205,0,1.0,0,0.25,0,1,6.38,6.5,6.52,57.0,1.0,0.0,-53.141,176.703,0.093,15.0,6.38,6.5,6.52,57.0,1.0,0.0,-53.141,176.703,0.093,15.0,1.0,4.899,1,4.899,9.0,0,0,1,0,0,0,0,1,0,1,0,0,0,0,0,0,1,2,2.0,0
walshjo01,Jordan Walsh,test,-3.622328,2026,3,1,68.0,5.353,17.824,13.1,0.2,0.7,3.8,0.15,11.7,0.6231,0.794,4.0,0.456,0.721,0.515,3,129.0,3.57,13.16,0.5,4.4,0.5,4.4,22,78,205,2,1.0,0,0.25,0,0,7.37,8.1,7.7,56.0,1.0,0.0,-39.879,187.416,0.469,15.0,7.37,8.1,7.7,56.0,1.0,0.0,-39.879,187.416,0.469,15.0,1.0,4.899,1,4.899,9.0,0,1,0,0,0,0,0,1,0,1,0,0,1,0,0,0,0,2,2.0,0
warretj01,T.J. Warren,train,-3.453522,2014,2,0,66.0,9.478,24.912,14.9,-0.1,0.7,3.2,0.104,19.0,0.559,1.722,3.879,0.354,0.721,1.148,0,0.0,9.05,23.27,0.0,0.0,0.0,0.0,21,80,220,0,1.0,0,0.25,0,2,0.28,0.3,0.28,42.0,1.0,0.0,-12.901,92.25,0.0,15.0,0.34,0.5,0.43,42.0,1.0,0.0,-12.901,92.929,0.0,15.0,0.0,5.059,0,5.059,12.0,0,0,1,0,0,0,0,1,0,0,1,0,0,0,0,0,1,2,2.0,0
warretj01,T.J. Warren,train,-2.159834,2017,4,1,66.0,14.409,31.03,15.6,-0.6,0.7,4.1,0.096,19.2,0.5393,1.136,5.136,0.591,1.152,0.864,3,153.0,11.18,24.39,1.3,7.4,1.3,7.4,24,80,220,3,1.0,0,0.25,0,0,-5.14,-5.6,-5.63,24.0,0.0,0.0,9.088,72.522,12.534,15.0,-5.14,-5.6,-5.63,24.0,0.0,0.0,9.088,72.522,12.534,15.0,0.0,5.059,0,5.059,12.0,0,1,0,0,0,0,0,1,1,0,0,0,0,0,1,0,0,2,2.0,0
washipj01,P.J. Washington,val,-2.171969,2023,3,1,73.0,15.671,32.603,12.9,-1.3,0.4,2.6,0.052,20.6,0.5424,2.397,4.904,1.082,0.904,1.507,4,260.0,12.87,30.23,2.1,10.7,1.9,8.7,25,79,230,4,1.0,0,0.25,0,0,-5.89,-6.1,-6.24,27.0,0.0,0.0,-22.395,104.845,19.828,15.0,-5.89,-6.1,-6.24,27.0,0.0,0.0,-22.395,104.845,19.828,15.0,0.0,2.66,0,2.66,21.0,0,0,1,0,0,1,0,0,0,1,0,0,1,0,0,0,0,0,0.0,0
washipj01,P.J. Washington,test,-2.036814,2025,4,1,57.0,14.667,32.193,14.0,-0.9,0.5,2.4,0.063,20.4,0.5558,2.298,7.754,1.053,1.105,2.07,6,390.0,13.13,30.56,2.5,15.0,0.8,6.9,27,79,230,6,1.0,0,0.3,0,0,-0.74,-1.2,-1.2,39.0,0.0,0.0,-46.559,172.078,2.329,15.0,-0.74,-1.2,-1.2,39.0,0.0,0.0,-46.559,172.078,2.329,15.0,1.0,7.943,1,7.943,4.0,0,1,0,0,0,0,0,1,0,1,0,0,1,0,0,0,0,2,2.0,0
watanyu01,Yuta Watanabe,val,-3.996519,2023,2,1,58.0,5.552,16.0,12.1,-0.6,0.3,2.1,0.109,13.1,0.6372,0.828,2.431,0.293,0.431,0.379,5,179.0,4.35,13.27,0.2,4.2,0.5,4.3,29,81,215,5,0.0,1,0.25,0,1,2.08,2.1,2.07,45.0,1.0,0.0,-52.152,172.122,0.211,15.0,1.03,0.9,0.85,45.0,1.0,0.0,-41.12,155.025,4.242,15.0,1.0,19.113,0,5.059,12.0,0,0,1,0,0,0,1,0,0,1,0,0,0,0,1,0,0,2,2.0,1
watfotr01,Trendon Watford,test,-4.074161,2025,2,1,44.0,10.227,20.75,13.0,-3.1,-0.3,0.7,0.037,23.3,0.5574,2.614,3.636,0.273,0.614,1.886,4,217.0,7.86,17.6,0.2,6.5,0.1,4.6,25,80,237,4,0.0,0,0.25,0,1,-6.29,-6.3,-6.23,24.0,0.0,0.0,-29.753,169.549,0.792,15.0,-6.95,-7.3,-7.11,26.0,0.0,0.0,-38.248,112.077,58.409,15.0,1.0,19.113,1,6.228,5.0,0,0,1,0,0,1,0,0,0,1,0,0,1,0,0,0,0,2,2.0,1
watsocj01,C.J. Watson,train,-2.639057,2015,3,1,57.0,10.0,24.947,15.4,1.3,1.2,4.0,0.135,18.8,0.5811,3.649,2.86,0.158,1.0,1.754,8,505.0,7.76,20.64,5.6,22.5,3.3,11.0,31,74,175,7,1.0,0,0.3,0,0,-5.87,-6.1,-5.72,25.0,0.0,0.0,4.234,41.312,14.705,15.0,-5.87,-6.1,-5.72,25.0,0.0,0.0,4.234,41.312,14.705,15.0,0.0,2.673,0,2.673,15.0,0,0,1,0,0,0,1,0,0,0,1,0,0,1,0,0,0,1,1.0,1
weberbr01,Briante Weber,train,-5.001573,2016,3,1,7.0,4.429,24.143,8.9,-3.7,-0.1,0.0,0.0,13.2,0.3803,3.0,3.571,0.429,1.286,1.286,1,7.0,4.43,24.14,-0.1,0.0,-0.1,0.0,24,74,170,0,1.0,0,0.25,0,0,1.5,1.7,1.65,48.0,1.0,0.0,-14.62,82.539,2.08,15.0,1.5,1.7,1.65,48.0,1.0,0.0,-14.62,82.539,2.08,15.0,0.0,6.266,0,6.266,18.0,1,0,1,0,0,1,0,0,0,0,1,0,0,1,0,0,0,1,1.0,1
weberbr01,Briante Weber,train,-4.819202,2017,2,1,20.0,3.1,10.25,11.0,-3.7,-0.1,0.3,0.07,16.3,0.4624,1.05,1.3,0.05,0.6,0.4,2,27.0,3.44,13.85,-0.2,0.3,-0.2,0.3,25,74,170,1,0.0,0,0.25,0,0,-0.07,0.2,0.2,36.0,0.0,0.0,-7.893,100.201,1.835,15.0,11.35,11.6,11.63,67.0,1.0,1.0,-6.099,97.52,2.722,15.0,1.0,4.749,0,2.66,21.0,1,0,1,0,0,1,0,0,1,0,0,0,0,1,0,0,0,0,2.0,1
wellsja01,Jaylen Wells,test,-4.265265,2024,4,0,66.0,9.478,24.912,14.9,-0.1,0.7,3.2,0.104,19.0,0.559,1.722,3.879,0.354,0.721,1.148,0,0.0,9.05,23.27,0.0,0.0,0.0,0.0,21,79,206,0,1.0,0,0.25,0,0,-6.57,-7.1,-7.0,27.0,0.0,0.0,-26.976,135.441,25.754,15.0,-6.57,-7.1,-7.0,27.0,0.0,0.0,-26.976,135.441,25.754,15.0,0.0,1.358,0,1.358,51.0,0,0,1,0,0,0,0,1,0,1,0,0,0,0,0,0,1,0,0.0,0
westbru01,Russell Westbrook,train,-1.18908,2016,3,1,80.0,23.475,34.375,27.6,7.8,6.8,14.0,0.244,31.6,0.5536,10.425,7.825,0.25,2.038,4.275,8,587.0,21.46,34.04,30.3,66.7,15.3,29.8,28,76,200,8,1.0,0,0.3,0,3,7.09,7.5,7.28,55.0,1.0,0.0,-24.713,93.765,0.0,15.0,7.09,7.5,7.28,55.0,1.0,0.0,-24.713,93.765,0.0,15.0,0.0,1.435,0,1.435,47.0,0,0,1,0,0,0,1,0,0,0,1,0,0,1,0,0,0,0,0.0,0
westbru01,Russell Westbrook,train,-0.901373,2017,5,1,81.0,31.58,34.593,30.6,11.1,9.3,13.1,0.224,41.7,0.5535,10.37,10.667,0.383,1.63,5.407,9,668.0,22.69,34.11,39.6,79.8,21.9,37.7,29,76,200,9,1.0,0,0.35,1,3,1.14,0.8,0.76,47.0,1.0,0.0,1.823,86.981,4.359,15.0,1.14,0.8,0.76,47.0,1.0,0.0,1.823,86.981,4.359,15.0,0.0,1.435,0,1.435,47.0,0,1,0,0,0,0,0,1,1,0,0,0,0,1,0,0,0,0,0.0,0
westbru01,Russell Westbrook,val,-3.54417,2023,2,1,73.0,15.877,29.123,16.1,0.2,1.2,1.9,0.043,27.7,0.5132,7.548,5.795,0.452,1.041,3.493,15,1094.0,22.36,34.33,57.0,108.2,4.8,7.3,35,76,200,15,1.0,1,0.35,0,2,0.31,0.5,0.5,44.0,1.0,0.0,-69.37,191.189,0.0,15.0,0.31,0.5,0.5,44.0,1.0,0.0,-69.37,191.189,0.0,15.0,1.0,12.901,1,12.901,2.0,0,0,1,0,0,0,1,0,0,1,0,0,0,1,0,0,0,2,2.0,0
westbru01,Russell Westbrook,test,-3.72648,2024,2,1,68.0,11.088,22.485,16.2,0.5,1.0,2.1,0.066,25.2,0.514,4.5,5.044,0.338,1.088,2.118,16,1162.0,21.7,33.63,58.0,110.3,2.4,5.7,36,76,200,16,0.0,1,0.35,0,1,5.23,5.5,5.26,57.0,1.0,0.0,-48.73,176.89,0.0,15.0,3.41,3.4,3.28,51.0,1.0,0.0,-66.06,198.296,1.764,15.0,1.0,12.901,0,3.038,17.0,0,0,1,0,0,0,1,0,0,1,0,0,0,1,0,0,0,1,2.0,0
westda01,David West,train,-3.826501,2015,2,1,66.0,11.652,28.712,16.0,1.6,1.7,4.3,0.109,21.0,0.508,3.379,6.803,0.727,0.727,1.818,10,714.0,17.1,34.18,23.4,71.5,8.3,21.5,35,81,250,12,1.0,0,0.35,0,0,6.34,6.5,6.2,55.0,1.0,0.0,-9.123,69.028,1.351,15.0,6.34,6.5,6.2,55.0,1.0,0.0,-9.123,69.028,1.351,15.0,0.0,2.602,0,2.602,31.0,0,0,1,0,0,0,1,0,0,0,1,0,1,0,0,0,0,0,0.0,0
whiteco01,Coby White,val,-2.427903,2023,3,1,74.0,9.662,23.378,12.5,-0.8,0.5,3.1,0.086,17.9,0.5722,2.757,2.865,0.081,0.73,1.0,4,269.0,12.59,26.9,-0.1,8.8,0.3,7.9,23,76,195,4,1.0,0,0.25,0,0,1.37,1.3,1.29,40.0,0.0,0.0,-29.439,145.549,3.872,15.0,1.37,1.3,1.29,40.0,0.0,0.0,-29.439,145.549,3.872,15.0,1.0,9.441,1,9.441,3.0,0,0,1,0,0,1,0,0,0,1,0,0,0,0,0,1,0,2,2.0,0
whiteco01,Coby White,test,-1.931002,2026,3,1,50.0,17.36,24.98,16.1,-1.3,0.2,2.0,0.077,28.8,0.5953,4.0,3.4,0.1,0.5,2.56,7,472.0,15.41,29.27,1.7,20.0,1.8,11.2,26,76,195,7,1.0,0,0.3,0,0,4.48,5.0,4.83,44.0,0.0,0.0,-29.159,154.497,29.309,15.0,4.48,5.0,4.83,44.0,0.0,0.0,-29.159,154.497,29.309,15.0,0.0,2.66,0,2.66,21.0,0,0,1,0,0,0,1,0,0,1,0,0,0,0,0,1,0,0,0.0,0
whitede01,Derrick White,train,-1.859988,2020,4,1,68.0,11.25,24.662,16.4,1.3,1.4,4.2,0.12,18.9,0.5932,3.544,3.279,0.868,0.647,1.309,3,152.0,9.75,23.32,2.9,8.3,2.9,8.3,26,76,190,3,1.0,0,0.25,0,0,-0.65,-1.1,-1.11,32.0,0.0,0.0,-27.045,111.915,11.917,15.0,-0.65,-1.1,-1.11,32.0,0.0,0.0,-27.045,111.915,11.917,15.0,0.0,2.602,0,2.602,31.0,1,1,0,0,0,0,0,1,1,0,0,0,0,0,0,1,0,0,0.0,0
whitede01,Derrick White,test,-1.656331,2024,4,1,73.0,15.164,32.616,16.9,3.8,3.5,8.5,0.171,18.6,0.611,5.164,4.247,1.192,1.014,1.534,7,418.0,12.32,27.53,11.5,31.2,7.7,21.0,30,76,190,7,1.0,1,0.3,0,0,10.75,11.6,11.34,64.0,1.0,1.0,-52.738,184.845,0.093,15.0,10.75,11.6,11.34,64.0,1.0,1.0,-52.738,184.845,0.093,15.0,1.0,4.899,1,4.899,9.0,0,1,0,0,0,0,0,1,0,1,0,0,0,0,0,1,0,2,2.0,0
whiteha01,Hassan Whiteside,train,-4.277697,2014,2,0,66.0,9.478,24.912,14.9,-0.1,0.7,3.2,0.104,19.0,0.559,1.722,3.879,0.354,0.721,1.148,2,19.0,1.53,5.84,0.0,0.2,0.0,0.2,25,84,265,4,1.0,0,0.25,0,1,0.28,0.3,0.28,42.0,1.0,0.0,-12.901,92.25,0.0,15.0,0.34,0.5,0.43,42.0,1.0,0.0,-12.901,92.929,0.0,15.0,0.0,6.266,0,6.266,18.0,1,0,1,0,0,1,0,0,0,0,1,1,0,0,0,0,0,1,1.0,0
whiteha01,Hassan Whiteside,train,-1.342068,2016,4,1,73.0,14.247,29.11,25.6,4.1,3.3,10.3,0.233,20.7,0.629,0.411,11.849,3.685,0.603,1.877,4,140.0,11.66,24.13,5.1,15.8,5.1,15.6,27,84,265,6,1.0,1,0.25,0,1,1.5,1.7,1.65,48.0,1.0,0.0,-14.62,82.539,2.08,15.0,1.5,1.7,1.65,48.0,1.0,0.0,-14.62,82.539,2.08,15.0,0.0,6.266,0,6.266,18.0,0,0,1,0,0,0,1,0,0,0,1,1,0,0,0,0,0,1,1.0,0
whiteis01,Isaiah Whitehead,train,-4.407229,2016,4,0,66.0,9.478,24.912,14.9,-0.1,0.7,3.2,0.104,19.0,0.559,1.722,3.879,0.354,0.721,1.148,0,0.0,9.05,23.27,0.0,0.0,0.0,0.0,21,76,213,0,1.0,0,0.25,0,0,-7.12,-7.7,-7.35,21.0,0.0,0.0,-11.451,51.713,28.791,15.0,-7.12,-7.7,-7.35,21.0,0.0,0.0,-11.451,51.713,28.791,15.0,1.0,19.113,1,19.113,1.0,0,0,1,0,0,0,0,1,0,0,1,0,0,0,0,0,1,2,2.0,0
whiteok01,Okaro White,train,-4.866399,2016,2,0,66.0,9.478,24.912,14.9,-0.1,0.7,3.2,0.104,19.0,0.559,1.722,3.879,0.354,0.721,1.148,0,0.0,9.05,23.27,0.0,0.0,0.0,0.0,24,80,205,0,1.0,0,0.25,0,0,1.5,1.7,1.65,48.0,1.0,0.0,-14.62,82.539,2.08,15.0,1.5,1.7,1.65,48.0,1.0,0.0,-14.62,82.539,2.08,15.0,0.0,6.266,0,6.266,18.0,0,0,1,0,0,0,0,1,0,0,1,0,0,0,0,0,1,1,1.0,1
whiteok01,Okaro White,train,-4.870496,2017,2,1,35.0,2.8,13.457,7.5,-3.1,-0.1,0.6,0.061,10.8,0.5068,0.6,2.343,0.286,0.286,0.514,1,35.0,2.8,13.46,-0.1,0.6,-0.1,0.6,25,80,205,0,1.0,0,0.25,0,0,0.77,1.1,1.06,41.0,0.0,0.0,-7.677,96.524,5.297,15.0,0.77,1.1,1.06,41.0,0.0,0.0,-7.677,96.524,5.297,15.0,0.0,6.266,0,6.266,18.0,1,0,1,0,0,1,0,0,1,0,0,0,1,0,0,0,0,1,1.0,1
wiggiaa01,Aaron Wiggins,test,-2.748609,2024,5,1,78.0,6.949,15.744,15.6,0.7,0.8,3.7,0.145,16.4,0.6638,1.103,2.385,0.244,0.718,0.718,3,198.0,7.26,18.86,0.1,7.5,0.1,7.5,25,77,190,3,1.0,0,0.25,0,0,7.36,7.4,7.41,57.0,1.0,0.0,-24.482,127.645,32.857,15.0,7.36,7.4,7.41,57.0,1.0,0.0,-24.482,127.645,32.857,15.0,0.0,1.435,0,1.435,47.0,0,0,1,0,0,1,0,0,0,1,0,0,0,0,0,1,0,0,0.0,0
wiggian01,Andrew Wiggins,train,-2.415169,2014,2,0,66.0,9.478,24.912,14.9,-0.1,0.7,3.2,0.104,19.0,0.559,1.722,3.879,0.354,0.721,1.148,0,0.0,9.05,23.27,0.0,0.0,0.0,0.0,19,78,197,0,1.0,0,0.25,0,3,0.28,0.3,0.28,42.0,1.0,0.0,-12.901,92.25,0.0,15.0,0.34,0.5,0.43,42.0,1.0,0.0,-12.901,92.929,0.0,15.0,0.0,2.088,0,2.088,19.0,0,0,1,0,0,0,0,1,0,0,1,0,0,0,0,0,1,1,1.0,0
wiggian01,Andrew Wiggins,train,-1.237942,2017,5,1,82.0,23.573,37.171,16.5,-1.7,0.2,4.2,0.066,29.0,0.5344,2.305,4.0,0.366,1.0,2.28,3,245.0,20.39,36.17,0.4,10.4,0.4,10.4,22,78,197,3,1.0,0,0.25,0,1,-0.64,-1.2,-1.11,31.0,0.0,0.0,22.576,59.495,10.111,14.0,-0.64,-1.2,-1.11,31.0,0.0,0.0,22.576,59.495,10.111,14.0,0.0,3.703,0,3.703,16.0,0,1,0,0,0,0,0,1,1,0,0,0,0,0,1,0,0,1,1.0,0
wiggian01,Andrew Wiggins,val,-1.607756,2022,4,1,73.0,17.205,31.918,15.0,0.4,1.4,5.1,0.105,23.1,0.5595,2.205,4.452,0.699,1.041,1.521,8,598.0,19.26,35.01,2.7,24.0,3.2,10.9,27,78,197,8,1.0,1,0.3,0,1,5.52,5.6,5.54,53.0,1.0,1.0,-71.611,175.192,0.667,15.0,5.52,5.6,5.54,53.0,1.0,1.0,-71.611,175.192,0.667,15.0,1.0,4.749,1,4.749,10.0,0,1,0,0,0,0,0,1,1,0,0,0,0,0,1,0,0,2,2.0,0
wiggian01,Andrew Wiggins,test,-2.403565,2026,2,1,68.0,15.368,30.338,15.1,1.2,1.7,4.6,0.107,19.7,0.5856,2.676,4.838,1.015,1.118,1.515,12,834.0,18.24,33.51,6.0,37.7,2.8,11.4,31,78,197,12,1.0,1,0.35,0,0,2.35,2.2,2.33,43.0,0.0,0.0,-43.305,159.828,26.643,15.0,2.35,2.2,2.33,43.0,0.0,0.0,-43.305,159.828,26.643,15.0,0.0,6.266,0,6.266,18.0,0,1,0,0,0,0,0,1,0,1,0,0,0,0,1,0,0,1,1.0,0
willial03,Alan Williams,train,-5.289255,2016,2,1,10.0,2.9,6.8,21.1,-0.2,0.0,0.2,0.141,22.6,0.4808,0.5,3.8,0.5,0.4,0.6,1,10.0,2.9,6.8,0.0,0.2,0.0,0.2,23,80,265,0,1.0,0,0.25,0,0,-6.32,-6.8,-6.66,23.0,0.0,0.0,-3.444,63.389,10.054,14.0,-6.32,-6.8,-6.66,23.0,0.0,0.0,-3.444,63.389,10.054,14.0,0.0,5.059,0,5.059,12.0,1,0,1,0,0,1,0,0,0,0,1,0,1,0,0,0,0,2,2.0,1
willial03,Alan Williams,train,-2.861458,2017,3,1,47.0,7.362,15.064,19.5,-1.3,0.1,2.1,0.142,20.9,0.547,0.489,6.213,0.681,0.574,0.787,2,57.0,6.58,13.61,0.1,2.3,0.1,2.3,24,80,265,1,1.0,0,0.25,0,0,-5.14,-5.6,-5.63,24.0,0.0,0.0,9.088,72.522,12.534,15.0,-5.14,-5.6,-5.63,24.0,0.0,0.0,9.088,72.522,12.534,15.0,0.0,5.059,0,5.059,12.0,0,0,1,0,0,1,0,0,1,0,0,1,0,0,0,0,0,2,2.0,1
willide01,Deron Williams,train,-2.543747,2015,2,1,68.0,13.0,31.088,15.7,0.2,1.2,3.6,0.082,22.3,0.504,6.588,3.485,0.25,0.941,2.265,10,716.0,17.02,35.06,27.4,71.3,7.1,19.9,31,75,200,10,1.0,0,0.35,0,0,3.36,3.1,2.9,50.0,1.0,0.0,-11.95,72.184,2.831,16.0,3.36,3.1,2.9,50.0,1.0,0.0,-11.95,72.184,2.831,16.0,1.0,7.943,1,7.943,4.0,0,0,1,0,0,0,1,0,0,0,1,0,0,1,0,0,0,2,2.0,0
willide02,Derrick Williams,train,-2.74464,2015,2,1,74.0,8.338,19.757,12.8,-2.0,0.0,2.1,0.069,18.9,0.5401,0.676,2.73,0.054,0.459,0.757,4,296.0,9.31,22.35,0.2,9.5,0.2,7.7,24,80,240,4,1.0,0,0.25,0,0,-9.5,-10.1,-9.32,17.0,0.0,0.0,-21.133,54.41,26.22,15.0,-9.5,-10.1,-9.32,17.0,0.0,0.0,-21.133,54.41,26.22,15.0,1.0,19.113,1,19.113,1.0,0,0,1,0,0,1,0,0,0,0,1,0,1,0,0,0,0,2,2.0,0
willigr01,Grant Williams,val,-2.322417,2023,4,1,79.0,8.114,25.886,10.3,-1.1,0.5,4.4,0.103,13.1,0.6051,1.658,4.595,0.392,0.519,1.038,4,288.0,6.16,21.18,0.6,12.2,0.8,10.6,25,79,236,4,1.0,0,0.25,0,0,6.38,6.5,6.52,57.0,1.0,0.0,-53.141,176.703,0.093,15.0,6.38,6.5,6.52,57.0,1.0,0.0,-53.141,176.703,0.093,15.0,1.0,4.899,1,4.899,9.0,0,0,0,0,1,1,0,0,0,1,0,0,1,0,0,0,0,2,2.0,0
willija06,Jalen Williams,test,-1.268635,2025,5,1,69.0,21.594,32.42,20.3,4.0,3.4,7.8,0.167,27.5,0.5733,5.13,5.348,0.667,1.609,2.174,3,215.0,18.14,31.33,7.1,20.7,7.1,20.7,24,77,211,3,1.0,0,0.35,1,0,12.7,12.8,12.87,68.0,1.0,1.0,-25.414,162.209,3.792,15.0,12.7,12.8,12.87,68.0,1.0,1.0,-25.414,162.209,3.792,15.0,0.0,1.435,0,1.435,47.0,0,1,0,0,0,0,0,1,0,1,0,0,0,0,0,1,0,0,0.0,0
willija07,Jaylin Williams,val,-4.098437,2022,4,0,66.0,9.478,24.912,14.9,-0.1,0.7,3.2,0.104,19.0,0.559,1.722,3.879,0.354,0.721,1.148,0,0.0,9.05,23.27,0.0,0.0,0.0,0.0,20,81,240,0,1.0,0,0.25,0,1,-7.9,-8.2,-8.1,24.0,0.0,0.0,21.901,47.135,33.723,15.0,-7.9,-8.2,-8.1,24.0,0.0,0.0,21.901,47.135,33.723,15.0,0.0,1.435,0,1.435,47.0,0,0,1,0,0,0,0,1,1,0,0,0,0,0,0,0,1,0,0.0,0
willija07,Jaylin Williams,test,-3.057014,2025,3,1,47.0,5.915,16.681,16.4,4.3,1.2,3.3,0.202,14.6,0.5935,2.553,5.574,0.617,0.468,0.745,3,165.0,5.1,15.73,2.0,7.6,2.0,7.6,23,81,240,3,1.0,0,0.25,0,0,12.7,12.8,12.87,68.0,1.0,1.0,-25.414,162.209,3.792,15.0,12.7,12.8,12.87,68.0,1.0,1.0,-25.414,162.209,3.792,15.0,0.0,1.435,0,1.435,47.0,0,1,0,0,0,0,0,1,0,1,0,0,1,0,0,0,0,0,0.0,0
willike04,Kenrich Williams,train,-4.492659,2018,2,0,66.0,9.478,24.912,14.9,-0.1,0.7,3.2,0.104,19.0,0.559,1.722,3.879,0.354,0.721,1.148,0,0.0,9.05,23.27,0.0,0.0,0.0,0.0,24,79,210,0,1.0,0,0.25,0,1,1.48,1.3,1.3,48.0,1.0,0.0,-21.192,115.907,2.906,15.0,1.48,1.3,1.3,48.0,1.0,0.0,-21.192,115.907,2.906,15.0,0.0,1.29,0,1.29,50.0,0,0,1,0,0,0,0,1,1,0,0,0,0,0,0,0,1,0,0.0,1
willike04,Kenrich Williams,train,-3.999484,2020,3,1,39.0,3.487,21.333,7.5,-2.4,-0.1,0.9,0.052,8.9,0.4292,1.462,4.769,0.538,0.692,0.564,2,85.0,4.88,22.48,-0.1,2.1,-0.1,2.1,26,79,210,2,1.0,0,0.25,0,1,-0.55,-1.2,-1.29,30.0,0.0,0.0,-8.486,117.626,0.0,16.0,-0.55,-1.2,-1.29,30.0,0.0,0.0,-8.486,117.626,0.0,16.0,0.0,1.29,0,1.29,50.0,1,0,0,0,1,0,1,0,1,0,0,0,1,0,0,0,0,0,0.0,1
willike04,Kenrich Williams,val,-2.99699,2022,4,1,49.0,7.408,21.878,13.3,-0.3,0.5,1.8,0.081,15.6,0.5319,2.204,4.49,0.204,0.898,0.939,4,200.0,6.52,22.05,0.8,6.7,0.8,5.5,28,79,210,4,1.0,0,0.25,0,1,-7.9,-8.2,-8.1,24.0,0.0,0.0,21.901,47.135,33.723,15.0,-7.9,-8.2,-8.1,24.0,0.0,0.0,21.901,47.135,33.723,15.0,0.0,1.435,0,1.435,47.0,0,1,0,0,0,0,0,1,1,0,0,0,0,0,1,0,0,0,0.0,1
willilo02,Lou Williams,train,-2.302585,2015,3,1,80.0,15.525,25.2,19.9,2.6,2.3,6.6,0.157,27.0,0.5636,2.05,1.887,0.125,1.1,1.262,10,634.0,11.95,22.93,12.8,36.8,3.7,11.6,29,74,175,10,1.0,0,0.35,0,0,-6.17,-7.2,-6.84,21.0,0.0,0.0,-7.309,59.483,10.891,16.0,-6.17,-7.2,-6.84,21.0,0.0,0.0,-7.309,59.483,10.891,16.0,1.0,12.901,1,12.901,2.0,0,0,1,0,0,0,1,0,0,0,1,0,0,0,0,1,0,2,2.0,0
willima01,Mo Williams,train,-3.485356,2015,2,1,68.0,14.176,29.118,15.4,-0.8,0.6,2.1,0.051,25.2,0.5115,6.235,2.559,0.206,0.676,2.529,10,640.0,14.57,31.4,10.1,36.6,1.0,6.1,33,73,198,12,1.0,0,0.35,0,1,4.08,4.8,4.48,53.0,1.0,0.0,-18.313,80.812,0.566,15.0,4.08,4.8,4.48,53.0,1.0,0.0,-18.313,80.812,0.566,15.0,0.0,2.088,0,2.088,19.0,0,0,1,0,0,0,1,0,0,0,1,0,0,1,0,0,0,1,1.0,0
willima02,Marvin Williams,train,-2.198256,2014,2,1,66.0,9.136,25.364,14.0,0.0,0.9,2.9,0.083,16.7,0.5402,1.182,5.061,0.47,0.818,0.803,9,626.0,10.78,29.11,4.7,36.7,2.5,10.1,28,80,237,9,1.0,0,0.3,0,1,0.28,0.3,0.28,42.0,1.0,0.0,-12.901,92.25,0.0,15.0,0.34,0.5,0.43,42.0,1.0,0.0,-12.901,92.929,0.0,15.0,0.0,2.66,0,2.66,21.0,0,0,1,0,0,0,1,0,0,0,1,0,1,0,0,0,0,0,0.0,0
willima02,Marvin Williams,train,-1.932909,2016,4,1,81.0,11.704,28.864,16.9,2.7,2.7,7.8,0.16,16.8,0.5849,1.358,6.432,0.951,0.716,0.765,11,785.0,10.54,28.78,8.4,48.8,4.6,15.0,30,80,237,11,1.0,0,0.35,0,1,2.36,2.9,2.72,48.0,1.0,0.0,-10.427,78.341,0.191,15.0,2.36,2.9,2.72,48.0,1.0,0.0,-10.427,78.341,0.191,15.0,0.0,2.66,0,2.66,21.0,0,0,1,0,0,0,1,0,0,0,1,0,1,0,0,0,0,0,0.0,0
willima07,Mark Williams,test,-2.597481,2026,3,1,60.0,11.667,23.6,21.8,2.0,1.4,6.3,0.214,17.4,0.6796,0.967,7.95,0.917,0.917,1.083,4,166.0,12.05,23.63,3.7,15.9,3.3,13.1,25,85,240,4,1.0,0,0.25,0,0,1.75,1.5,1.46,45.0,1.0,0.0,-53.15,162.374,25.493,15.0,1.75,1.5,1.46,45.0,1.0,0.0,-53.15,162.374,25.493,15.0,0.0,5.059,0,5.059,12.0,0,0,1,0,0,1,0,0,0,1,0,1,0,0,0,0,0,2,2.0,0
willipa01,Patrick Williams,train,-2.61007,2020,4,0,66.0,9.478,24.912,14.9,-0.1,0.7,3.2,0.104,19.0,0.559,1.722,3.879,0.354,0.721,1.148,0,0.0,9.05,23.27,0.0,0.0,0.0,0.0,19,78,215,0,1.0,0,0.25,0,2,-4.0,-3.1,-3.08,22.0,0.0,0.0,-4.069,111.721,1.488,15.0,-4.0,-3.1,-3.08,22.0,0.0,0.0,-4.069,111.721,1.488,15.0,1.0,9.441,1,9.441,3.0,1,0,1,0,0,0,0,1,1,0,0,0,0,0,0,0,1,2,2.0,0
willipa01,Patrick Williams,test,-2.055462,2024,5,1,43.0,9.977,27.302,11.0,-2.3,-0.1,1.2,0.049,16.6,0.5528,1.535,3.86,0.767,0.93,1.326,4,213.0,9.72,27.71,0.1,8.1,0.3,5.6,23,78,215,4,1.0,1,0.25,0,0,-1.77,-1.4,-1.44,39.0,0.0,0.0,-30.328,162.193,2.136,15.0,-1.77,-1.4,-1.44,39.0,0.0,0.0,-30.328,162.193,2.136,15.0,1.0,9.441,1,9.441,3.0,0,0,1,0,0,1,0,0,0,1,0,0,1,0,0,0,0,2,2.0,0
williro04,Robert Williams,test,-2.557617,2026,3,1,59.0,6.729,17.085,22.1,4.5,1.7,4.5,0.214,13.1,0.7216,1.017,7.034,1.475,0.593,0.831,8,294.0,7.1,19.6,9.7,28.4,2.2,6.2,29,81,249,8,1.0,0,0.3,0,0,-0.29,-0.3,-0.29,42.0,1.0,0.0,-43.281,159.149,28.041,15.0,-0.29,-0.3,-0.29,42.0,1.0,0.0,-43.281,159.149,28.041,15.0,0.0,2.511,0,2.511,23.0,0,1,0,0,0,0,0,1,0,1,0,1,0,0,0,0,0,0,0.0,0
willitr02,Troy Williams,train,-4.866399,2016,2,0,66.0,9.478,24.912,14.9,-0.1,0.7,3.2,0.104,19.0,0.559,1.722,3.879,0.354,0.721,1.148,0,0.0,9.05,23.27,0.0,0.0,0.0,0.0,22,79,218,0,0.0,0,0.25,0,0,-2.14,-2.4,-2.24,42.0,1.0,0.0,-15.477,76.017,7.365,16.0,0.34,0.2,0.2,41.0,1.0,0.0,-18.387,75.205,13.182,15.0,1.0,7.206,0,1.358,51.0,0,0,1,0,0,0,0,1,0,0,1,0,0,0,0,0,1,0,2.0,1
willitr02,Troy Williams,train,-4.149239,2017,3,1,30.0,6.167,18.567,9.0,-3.8,-0.3,0.4,0.034,17.1,0.5108,0.833,2.3,0.333,0.9,1.067,1,30.0,6.17,18.57,-0.3,0.4,-0.3,0.4,23,79,218,1,1.0,0,0.25,0,0,5.84,5.7,5.77,55.0,1.0,0.0,3.175,87.527,3.442,15.0,5.84,5.7,5.77,55.0,1.0,0.0,3.175,87.527,3.442,15.0,1.0,7.206,1,7.206,6.0,0,0,1,0,0,1,0,0,1,0,0,0,0,0,1,0,0,2,2.0,1
willitr02,Troy Williams,train,-4.751521,2018,2,1,21.0,6.333,14.619,15.1,-0.5,0.1,0.5,0.078,20.1,0.5442,0.762,3.0,0.19,0.952,0.905,2,51.0,6.24,16.94,-0.2,0.9,-0.2,0.9,24,79,218,2,1.0,0,0.25,0,0,-3.53,-3.6,-3.56,29.0,0.0,0.0,-5.312,98.086,6.319,15.0,-3.53,-3.6,-3.56,29.0,0.0,0.0,-5.312,98.086,6.319,15.0,1.0,19.113,1,19.113,1.0,1,0,1,0,0,1,0,0,1,0,0,0,0,0,1,0,0,2,2.0,1
willizi02,Ziaire Williams,test,-3.208564,2025,2,1,63.0,10.032,24.46,11.9,-2.3,-0.1,2.1,0.065,18.2,0.5504,1.333,4.556,0.444,0.984,1.063,4,213.0,8.28,21.06,-1.5,4.6,-1.2,2.4,24,81,185,4,1.0,0,0.25,0,1,-6.95,-7.3,-7.11,26.0,0.0,0.0,-38.248,112.077,58.409,15.0,-6.95,-7.3,-7.11,26.0,0.0,0.0,-38.248,112.077,58.409,15.0,1.0,19.113,1,19.113,1.0,0,0,1,0,0,0,1,0,0,1,0,0,0,0,1,0,0,2,2.0,0
wilsodj01,D.J. Wilson,val,-3.995515,2022,2,1,4.0,7.5,13.5,27.9,5.0,0.1,0.4,0.356,17.0,0.7732,1.25,4.0,0.25,1.25,0.5,5,146.0,4.43,12.35,-0.2,2.8,-0.2,1.0,26,82,231,5,1.0,0,0.25,0,0,2.38,2.4,2.29,48.0,1.0,0.0,-37.026,130.912,2.776,15.0,2.38,2.4,2.29,48.0,1.0,0.0,-37.026,130.912,2.776,15.0,1.0,6.202,1,6.202,9.0,0,0,1,0,0,0,1,0,1,0,0,0,1,0,0,0,0,2,2.0,0
winslju01,Justise Winslow,train,-3.316331,2015,2,0,66.0,9.478,24.912,14.9,-0.1,0.7,3.2,0.104,19.0,0.559,1.722,3.879,0.354,0.721,1.148,0,0.0,9.05,23.27,0.0,0.0,0.0,0.0,19,78,222,0,1.0,0,0.25,0,3,-2.92,-2.8,-2.6,37.0,0.0,0.0,-12.901,75.085,0.882,16.0,-2.92,-2.8,-2.6,37.0,0.0,0.0,-12.901,75.085,0.882,16.0,0.0,6.266,0,6.266,18.0,0,0,1,0,0,0,0,1,0,0,1,0,0,0,0,0,1,1,1.0,0
winslju01,Justise Winslow,train,-2.127682,2018,2,1,68.0,7.779,24.706,11.5,-1.1,0.4,2.6,0.074,16.3,0.4955,2.176,5.441,0.485,0.794,1.132,3,164.0,7.48,27.66,-0.2,5.0,-0.2,5.0,22,78,222,3,1.0,0,0.25,0,1,0.15,0.5,0.48,44.0,1.0,0.0,-5.973,103.753,1.313,16.0,0.15,0.5,0.48,44.0,1.0,0.0,-5.973,103.753,1.313,16.0,0.0,6.266,0,6.266,18.0,0,1,0,0,0,0,0,1,1,0,0,0,1,0,0,0,0,1,1.0,0
wisemja01,James Wiseman,test,-4.07454,2024,2,1,63.0,7.079,17.317,14.8,-3.5,-0.4,2.1,0.092,16.3,0.6374,0.857,5.333,0.619,0.19,1.048,3,147.0,9.14,19.01,-1.3,4.2,-0.7,3.5,23,83,240,4,0.0,0,0.25,0,0,2.75,3.0,3.05,47.0,1.0,0.0,-10.658,127.077,17.801,15.0,-9.06,-9.1,-9.11,14.0,0.0,0.0,-0.398,84.251,52.168,15.0,0.0,4.365,0,2.126,25.0,0,0,1,0,0,0,1,0,0,1,0,1,0,0,0,0,0,0,1.0,0
wisemja01,James Wiseman,test,-3.995582,2025,2,1,1.0,6.0,5.0,31.2,1.6,0.0,0.0,0.0,42.2,0.6148,0.0,1.0,0.0,0.0,0.0,4,148.0,9.12,18.91,-1.3,4.2,-0.7,3.5,24,83,240,5,0.0,0,0.25,0,0,1.68,2.2,2.23,50.0,1.0,0.0,-30.645,166.84,2.531,15.0,-4.4,-4.3,-4.29,30.0,0.0,0.0,-37.908,154.303,16.406,15.0,1.0,6.202,0,2.126,25.0,0,0,1,0,0,0,1,0,0,1,0,1,0,0,0,0,0,0,2.0,0
witheje01,Jeff Withey,train,-4.268698,2015,2,1,37.0,2.649,7.0,17.6,-0.5,0.1,0.8,0.148,17.3,0.5698,0.297,1.73,0.486,0.108,0.324,2,95.0,3.03,9.93,0.5,2.6,0.5,2.6,25,84,230,2,0.0,0,0.25,0,0,0.71,0.2,0.22,38.0,0.0,0.0,4.159,47.94,10.965,15.0,0.71,0.2,0.22,38.0,0.0,0.0,4.159,47.94,10.965,15.0,0.0,1.266,0,1.266,28.0,0,0,1,0,0,0,1,0,0,0,1,1,0,0,0,0,0,0,0.0,0
witheje01,Jeff Withey,train,-4.074293,2017,2,1,51.0,2.863,8.471,18.8,1.4,0.4,1.8,0.2,14.9,0.5881,0.137,2.373,0.627,0.314,0.275,4,197.0,3.3,10.32,1.4,6.7,1.0,4.9,27,84,230,4,0.0,0,0.25,0,0,-2.53,-3.2,-2.93,33.0,0.0,0.0,-9.941,92.128,11.956,15.0,4.0,4.3,3.94,51.0,1.0,0.0,13.645,80.223,0.275,15.0,0.0,1.266,1,7.943,4.0,0,0,1,0,0,1,0,0,1,0,0,1,0,0,0,0,0,2,0.0,0
woodch01,Christian Wood,train,-4.471639,2015,3,0,66.0,9.478,24.912,14.9,-0.1,0.7,3.2,0.104,19.0,0.559,1.722,3.879,0.354,0.721,1.148,0,0.0,9.05,23.27,0.0,0.0,0.0,0.0,20,80,214,0,1.0,0,0.25,0,1,-9.04,-9.3,-8.98,18.0,0.0,0.0,2.599,34.387,22.445,16.0,-9.04,-9.3,-8.98,18.0,0.0,0.0,2.599,34.387,22.445,16.0,1.0,6.228,1,6.228,5.0,0,0,1,0,0,0,0,1,0,0,1,0,0,0,0,0,1,2,2.0,1
woodch01,Christian Wood,train,-4.601385,2016,2,1,17.0,3.588,8.529,16.4,-0.2,0.1,0.3,0.099,19.4,0.49,0.176,2.235,0.412,0.294,0.118,1,17.0,3.59,8.53,0.1,0.3,0.1,0.3,21,80,214,1,0.0,0,0.25,0,1,2.36,2.9,2.72,48.0,1.0,0.0,-10.427,78.341,0.191,15.0,-9.92,-10.4,-10.23,10.0,0.0,0.0,4.499,31.052,31.373,15.0,1.0,6.228,0,2.66,21.0,0,0,1,0,0,1,0,0,0,0,1,0,1,0,0,0,0,0,2.0,1
woodch01,Christian Wood,train,-2.077672,2020,3,1,62.0,13.065,21.371,23.2,3.1,1.7,5.1,0.185,23.0,0.6591,0.968,6.29,0.871,0.548,1.355,4,113.0,9.54,16.18,1.9,6.5,1.8,5.9,25,80,214,5,1.0,0,0.25,0,1,-4.38,-3.7,-3.56,20.0,0.0,0.0,-26.875,104.276,26.884,15.0,-4.38,-3.7,-3.56,20.0,0.0,0.0,-26.875,104.276,26.884,15.0,0.0,4.365,0,4.365,14.0,1,0,0,0,1,0,1,0,1,0,0,0,1,0,0,0,0,1,1.0,1
woodch01,Christian Wood,val,-3.856757,2023,2,1,67.0,16.627,25.94,20.6,1.7,1.6,4.8,0.133,26.4,0.624,1.806,7.328,1.075,0.448,1.806,7,289.0,14.78,24.17,6.5,19.0,4.6,12.5,28,80,214,8,0.0,1,0.3,0,1,0.43,0.6,0.57,43.0,1.0,0.0,-56.412,164.963,2.45,15.0,-0.14,0.1,0.07,38.0,0.0,0.0,-56.435,172.026,1.36,15.0,1.0,7.943,1,12.901,2.0,0,0,1,0,0,0,1,0,0,1,0,1,0,0,0,0,0,2,2.0,1
wrighbr03,Brandan Wright,train,-2.508029,2015,3,1,75.0,7.253,19.32,20.4,3.7,2.1,6.1,0.202,13.6,0.6597,0.547,4.28,1.253,0.667,0.453,7,360.0,7.13,16.41,6.7,22.6,4.9,15.3,28,82,235,8,1.0,0,0.3,0,0,3.62,3.5,3.24,55.0,1.0,0.0,-12.611,73.989,0.771,15.0,3.62,3.5,3.24,55.0,1.0,0.0,-12.611,73.989,0.771,15.0,0.0,1.358,0,1.358,51.0,0,0,1,0,0,0,1,0,0,0,1,0,1,0,0,0,0,0,0.0,0
wrighde01,Delon Wright,train,-3.813471,2015,2,0,66.0,9.478,24.912,14.9,-0.1,0.7,3.2,0.104,19.0,0.559,1.722,3.879,0.354,0.721,1.148,0,0.0,9.05,23.27,0.0,0.0,0.0,0.0,23,76,185,0,1.0,0,0.25,0,2,2.45,3.3,3.07,49.0,1.0,0.0,-13.947,75.425,0.672,15.0,2.45,3.3,3.07,49.0,1.0,0.0,-13.947,75.425,0.672,15.0,1.0,6.202,1,6.202,9.0,0,0,1,0,0,0,0,1,0,0,1,0,0,0,0,0,1,2,2.0,0
wrighde01,Delon Wright,train,-2.457255,2019,3,1,75.0,8.707,22.653,15.5,1.5,1.5,4.3,0.121,18.1,0.5232,3.307,3.547,0.4,1.173,1.027,4,198.0,7.38,19.23,4.1,10.5,3.9,9.9,27,76,185,4,1.0,0,0.25,0,0,-2.08,-2.7,-2.6,33.0,0.0,0.0,-22.346,119.619,2.419,16.0,-2.08,-2.7,-2.6,33.0,0.0,0.0,-22.346,119.619,2.419,16.0,0.0,1.358,0,1.358,51.0,0,0,0,0,1,1,0,0,1,0,0,0,0,1,0,0,0,0,0.0,0
wrighde01,Delon Wright,val,-2.738054,2022,2,1,77.0,4.442,18.857,13.8,2.2,1.6,3.6,0.119,10.3,0.5763,2.442,2.857,0.247,1.208,0.584,7,411.0,7.18,20.87,9.0,22.8,4.9,12.3,30,76,185,7,0.0,0,0.3,0,0,-3.23,-3.4,-3.38,35.0,0.0,0.0,-43.221,125.964,0.0,15.0,1.55,1.6,1.56,43.0,1.0,0.0,-20.359,132.773,0.0,15.0,1.0,6.144,1,6.385,8.0,0,0,1,0,0,0,1,0,1,0,0,0,0,0,0,1,0,2,2.0,0
youngni01,Nick Young,train,-2.471753,2014,4,1,64.0,17.875,28.281,16.0,-0.5,0.7,2.5,0.066,26.8,0.5639,1.484,2.594,0.188,0.719,1.484,7,480.0,12.2,23.75,-0.6,12.5,1.0,6.7,29,79,210,7,1.0,0,0.3,0,1,0.28,0.3,0.28,42.0,1.0,0.0,-12.901,92.25,0.0,15.0,0.34,0.5,0.43,42.0,1.0,0.0,-12.901,92.929,0.0,15.0,1.0,12.901,1,12.901,2.0,0,0,1,0,0,0,1,0,0,0,1,0,0,0,0,1,0,2,2.0,0
youngth01,Thaddeus Young,train,-1.645806,2015,4,1,76.0,14.092,32.026,15.7,-0.1,1.1,3.1,0.061,21.5,0.5071,2.276,5.408,0.329,1.632,1.539,8,592.0,13.77,30.32,10.2,38.6,4.5,14.0,27,80,225,8,1.0,0,0.3,0,1,-3.13,-3.0,-2.88,38.0,1.0,0.0,-28.983,88.025,0.404,15.0,-3.13,-3.0,-2.88,38.0,1.0,0.0,-28.983,88.025,0.404,15.0,1.0,19.113,1,19.113,1.0,0,0,1,0,0,0,1,0,0,0,1,0,1,0,0,0,0,2,2.0,0
youngth01,Thaddeus Young,train,-2.077672,2019,3,1,81.0,12.642,30.728,16.2,1.5,2.2,6.9,0.133,18.0,0.5686,2.519,6.457,0.444,1.519,1.519,12,901.0,13.37,30.73,16.4,59.7,5.0,17.0,31,80,225,12,0.0,0,0.35,0,0,-8.32,-8.4,-8.41,22.0,0.0,0.0,-10.145,93.01,19.004,15.0,2.76,3.4,3.33,48.0,1.0,0.0,-8.71,99.582,10.997,15.0,0.0,2.126,1,9.441,3.0,0,0,1,0,0,0,1,0,1,0,0,0,1,0,0,0,0,2,0.0,0
youngth01,Thaddeus Young,val,-2.738054,2022,2,1,52.0,6.192,16.25,17.0,2.2,0.9,2.2,0.125,17.4,0.5484,2.0,4.0,0.346,1.038,1.0,15,1085.0,12.76,29.29,19.8,68.9,3.4,9.2,34,80,225,15,1.0,0,0.35,0,0,2.38,2.4,2.29,48.0,1.0,0.0,-37.026,130.912,2.776,15.0,2.38,2.4,2.29,48.0,1.0,0.0,-37.026,130.912,2.776,15.0,1.0,6.202,1,6.202,9.0,0,0,1,0,0,0,1,0,1,0,0,0,1,0,0,0,0,2,2.0,0
youngtr01,Trae Young,train,-1.055551,2021,5,1,63.0,25.302,33.73,23.0,3.7,3.0,7.2,0.163,33.0,0.5894,9.429,3.889,0.19,0.841,4.143,3,204.0,24.12,33.08,7.0,16.4,7.0,16.4,23,74,164,3,1.0,1,0.25,0,1,2.14,2.4,2.32,41.0,1.0,0.0,-7.555,115.95,0.745,15.0,2.14,2.4,2.32,41.0,1.0,0.0,-7.555,115.95,0.745,15.0,1.0,6.144,1,6.144,7.0,0,1,0,0,0,0,0,1,1,0,0,0,0,1,0,0,0,2,2.0,0
youngtr01,Trae Young,test,-1.162397,2026,4,1,15.0,17.933,25.6,21.1,2.8,0.5,1.4,0.175,28.1,0.6123,8.0,2.0,0.133,0.867,2.6,8,498.0,25.08,34.15,19.6,44.8,4.4,11.7,28,74,164,8,1.0,1,0.3,0,0,-11.62,-11.7,-11.98,17.0,0.0,0.0,-77.386,162.859,23.844,15.0,-11.62,-11.7,-11.98,17.0,0.0,0.0,-77.386,162.859,23.844,15.0,1.0,6.385,1,6.385,8.0,0,0,1,0,0,0,1,0,0,1,0,0,0,1,0,0,0,2,2.0,0
yurtsom01,Omer Yurtseven,train,-4.239762,2021,2,0,66.0,9.478,24.912,14.9,-0.1,0.7,3.2,0.104,19.0,0.559,1.722,3.879,0.354,0.721,1.148,0,0.0,9.05,23.27,0.0,0.0,0.0,0.0,23,83,275,0,1.0,0,0.25,0,0,-0.06,0.0,0.03,40.0,1.0,0.0,-26.432,126.767,5.565,15.0,-0.06,0.0,0.03,40.0,1.0,0.0,-26.432,126.767,5.565,15.0,0.0,6.266,0,6.266,18.0,0,0,1,0,0,0,0,1,1,0,0,0,0,0,0,0,1,1,1.0,1
yurtsom01,Omer Yurtseven,val,-3.908508,2023,2,1,9.0,4.444,9.222,16.7,-3.9,0.0,0.3,0.173,18.0,0.6748,0.222,2.556,0.222,0.222,0.444,2,65.0,5.22,12.14,0.2,2.4,0.2,2.4,25,83,275,2,0.0,0,0.25,0,0,-1.03,-0.9,-0.94,37.0,0.0,0.0,-23.508,92.963,54.2,15.0,-0.13,-0.3,-0.32,44.0,1.0,0.0,-29.111,149.035,0.058,15.0,0.0,6.266,0,1.266,28.0,0,0,1,0,0,0,1,0,0,1,0,1,0,0,0,0,0,0,1.0,1
zelleco01,Cody Zeller,train,-1.957001,2016,4,1,73.0,8.74,24.301,16.1,-0.1,0.9,6.3,0.17,15.4,0.5917,0.973,6.233,0.863,0.781,0.932,3,217.0,7.37,21.55,1.4,12.7,1.4,12.7,24,83,240,3,1.0,0,0.25,0,0,2.36,2.9,2.72,48.0,1.0,0.0,-10.427,78.341,0.191,15.0,2.36,2.9,2.72,48.0,1.0,0.0,-10.427,78.341,0.191,15.0,0.0,2.66,0,2.66,21.0,0,1,0,0,0,0,0,1,0,0,1,1,0,0,0,0,0,0,0.0,0
zelleco01,Cody Zeller,test,-3.643827,2024,3,1,43.0,1.767,7.442,12.8,-2.6,0.0,0.8,0.12,12.9,0.4827,0.907,2.605,0.116,0.209,0.372,11,552.0,7.93,20.85,4.1,33.6,0.0,2.6,32,83,240,11,1.0,0,0.35,0,0,4.46,4.5,4.41,49.0,1.0,0.0,-40.949,164.657,0.245,15.0,4.46,4.5,4.41,49.0,1.0,0.0,-40.949,164.657,0.245,15.0,0.0,1.29,0,1.29,50.0,0,0,0,0,1,0,1,0,0,1,0,1,0,0,0,0,0,0,0.0,0
zellety01,Tyler Zeller,train,-2.34759,2016,2,1,60.0,6.067,11.833,15.4,-3.3,-0.2,1.7,0.115,23.0,0.5392,0.483,2.967,0.367,0.167,0.767,4,289.0,7.63,19.11,-0.0,12.8,1.0,10.8,26,84,253,4,1.0,0,0.25,0,0,2.84,3.2,3.21,48.0,1.0,0.0,-9.442,58.25,18.916,15.0,2.84,3.2,3.21,48.0,1.0,0.0,-9.442,58.25,18.916,15.0,1.0,4.899,1,4.899,9.0,0,0,1,0,0,1,0,0,0,0,1,1,0,0,0,0,0,2,2.0,0
zellety01,Tyler Zeller,train,-3.997222,2017,2,1,51.0,3.49,10.294,13.0,-2.4,0.0,1.0,0.091,16.5,0.5081,0.824,2.431,0.412,0.137,0.392,5,340.0,7.01,17.79,-0.0,13.8,1.1,9.2,27,84,253,5,0.0,0,0.25,0,0,-6.74,-6.6,-6.73,20.0,0.0,0.0,10.413,65.406,18.324,15.0,2.25,2.8,2.63,53.0,1.0,0.0,1.108,91.485,1.55,15.0,1.0,4.899,1,19.113,1.0,0,0,1,0,0,0,1,0,1,0,0,1,0,0,0,0,0,2,2.0,0
zipsepa01,Paul Zipser,train,-4.596108,2016,4,0,66.0,9.478,24.912,14.9,-0.1,0.7,3.2,0.104,19.0,0.559,1.722,3.879,0.354,0.721,1.148,0,0.0,9.05,23.27,0.0,0.0,0.0,0.0,22,80,226,0,1.0,0,0.25,0,0,-1.46,-1.5,-1.48,42.0,0.0,0.0,-32.184,101.851,0.333,18.0,-1.46,-1.5,-1.48,42.0,0.0,0.0,-32.184,101.851,0.333,18.0,1.0,9.441,1,9.441,3.0,0,0,1,0,0,0,0,1,0,0,1,0,0,0,0,0,1,2,2.0,0
zubaciv01,Ivica Zubac,train,-4.480276,2016,3,0,66.0,9.478,24.912,14.9,-0.1,0.7,3.2,0.104,19.0,0.559,1.722,3.879,0.354,0.721,1.148,0,0.0,9.05,23.27,0.0,0.0,0.0,0.0,19,84,240,0,1.0,0,0.25,0,1,-8.92,-10.0,-9.56,17.0,0.0,0.0,-3.113,71.77,0.195,15.0,-8.92,-10.0,-9.56,17.0,0.0,0.0,-3.113,71.77,0.195,15.0,1.0,12.901,1,12.901,2.0,0,0,1,0,0,0,0,1,0,0,1,0,0,0,0,0,1,2,2.0,0
zubaciv01,Ivica Zubac,train,-2.746721,2019,3,1,59.0,8.898,17.627,18.9,-0.5,0.4,3.2,0.148,20.3,0.6042,1.068,6.136,0.864,0.237,1.186,3,140.0,6.93,14.71,0.4,5.3,0.4,5.3,22,84,240,3,1.0,0,0.25,0,1,1.09,0.9,0.85,48.0,1.0,0.0,-16.702,83.225,35.346,14.0,1.09,0.9,0.85,48.0,1.0,0.0,-16.702,83.225,35.346,14.0,1.0,12.901,1,12.901,2.0,0,0,1,0,0,1,0,0,1,0,0,1,0,0,0,0,0,2,2.0,0
zubaciv01,Ivica Zubac,val,-2.520993,2022,3,1,76.0,10.329,24.368,19.2,0.7,1.3,7.2,0.187,16.8,0.6598,1.579,8.474,1.013,0.474,1.5,6,360.0,8.34,19.02,4.5,26.0,4.1,20.7,25,84,240,6,1.0,0,0.3,0,0,0.09,0.0,0.02,42.0,0.0,0.0,-53.748,164.493,1.669,15.0,0.09,0.0,0.02,42.0,0.0,0.0,-53.748,164.493,1.669,15.0,1.0,12.901,1,12.901,2.0,0,1,0,0,0,0,0,1,1,0,0,1,0,0,0,0,0,2,2.0,0
zubaciv01,Ivica Zubac,test,-2.069023,2024,3,1,68.0,11.676,26.382,19.3,0.8,1.3,6.8,0.182,16.4,0.6706,1.368,9.206,1.221,0.324,1.162,8,504.0,9.15,21.45,6.4,39.5,3.2,20.7,27,84,240,8,1.0,0,0.3,0,0,3.41,3.4,3.28,51.0,1.0,0.0,-66.06,198.296,1.764,15.0,3.41,3.4,3.28,51.0,1.0,0.0,-66.06,198.296,1.764,15.0,1.0,12.901,1,12.901,2.0,0,1,0,0,0,0,0,1,0,1,0,1,0,0,0,0,0,2,2.0,0
